attendance_id,employee_id,date,status,check_in_time,check_out_time
ATD000001,EMP01217,2025-10-03,Present,09:17,18:19
ATD000002,EMP00879,2025-12-04,Present,09:30,18:10
ATD000003,EMP00560,2026-01-07,Absent,NULL,NULL
ATD000004,EMP00696,2025-03-30,Present,08:31,16:59
ATD000005,EMP01063,2026-03-23,"Half Day",09:15,13:42
ATD000006,EMP00353,2025-03-26,Present,09:02,18:13
ATD000007,EMP00350,2025-10-22,Present,09:40,17:40
ATD000008,EMP00497,2024-09-04,Present,09:25,18:05
ATD000009,EMP00043,2026-07-12,Present,08:52,17:23
ATD000010,EMP01044,2024-08-24,"Work From Home",09:22,18:04
ATD000011,EMP00375,2024-12-06,Present,08:43,17:13
ATD000012,EMP00639,2026-02-17,"Work From Home",09:40,18:28
ATD000013,EMP01039,2025-01-02,"Work From Home",09:07,17:26
ATD000014,EMP00678,2025-11-25,Present,08:34,17:50
ATD000015,EMP00470,2025-03-02,Present,09:43,18:24
ATD000016,EMP00546,2024-10-12,Present,09:08,17:20
ATD000017,EMP00900,2026-02-24,Present,09:34,18:30
ATD000018,EMP00285,2024-12-28,"Work From Home",09:48,17:55
ATD000019,EMP00234,2025-08-09,Present,08:39,17:15
ATD000020,EMP00600,2025-06-22,Present,08:42,17:54
ATD000021,EMP01215,2024-08-28,Present,08:55,18:15
ATD000022,EMP00126,2024-08-03,Absent,NULL,NULL
ATD000023,EMP00310,2026-04-06,Present,09:18,17:19
ATD000024,EMP00003,2026-04-16,Present,09:28,17:40
ATD000025,EMP01206,2025-02-02,Absent,NULL,NULL
ATD000026,EMP00273,2025-07-07,Present,08:48,18:07
ATD000027,EMP00876,2025-06-10,Present,08:54,17:26
ATD000028,EMP00328,2024-10-07,Absent,NULL,NULL
ATD000029,EMP01146,2025-08-19,Absent,NULL,NULL
ATD000030,EMP00378,2026-06-24,Present,08:59,17:00
ATD000031,EMP00248,2025-09-21,"Half Day",08:46,12:22
ATD000032,EMP00623,2024-08-15,Present,08:35,16:39
ATD000033,EMP00635,2025-08-20,Present,08:48,16:59
ATD000034,EMP01199,2025-01-14,Present,09:07,17:56
ATD000035,EMP00319,2025-09-22,"Work From Home",09:03,17:17
ATD000036,EMP00423,2024-09-23,"Work From Home",09:16,17:54
ATD000037,EMP00770,2024-09-05,Absent,NULL,NULL
ATD000038,EMP00382,2025-09-08,Present,08:47,17:25
ATD000039,EMP00805,2026-05-23,"Half Day",08:52,13:18
ATD000040,EMP00012,2024-09-20,Present,09:02,18:02
ATD000041,EMP00925,2025-12-04,Present,08:48,17:23
ATD000042,EMP00034,2025-01-05,Present,09:24,17:57
ATD000043,EMP00091,2025-12-10,Absent,NULL,NULL
ATD000044,EMP01057,2025-06-12,Present,09:29,18:16
ATD000045,EMP00831,2025-05-10,Present,09:28,17:36
ATD000046,EMP00857,2025-08-27,Present,09:28,18:28
ATD000047,EMP00618,2025-04-28,Present,08:57,17:51
ATD000048,EMP00828,2026-03-22,Present,09:30,18:49
ATD000049,EMP00694,2024-12-20,"Work From Home",09:13,17:15
ATD000050,EMP00884,2025-09-11,Absent,NULL,NULL
ATD000051,EMP00782,2026-05-20,Present,09:00,18:26
ATD000052,EMP00848,2024-10-13,Present,08:35,17:37
ATD000053,EMP00879,2024-12-08,"Work From Home",09:15,17:25
ATD000054,EMP00737,2025-09-10,Present,09:45,18:48
ATD000055,EMP00065,2026-04-29,Present,09:28,17:50
ATD000056,EMP00621,2025-08-22,"Half Day",08:40,12:30
ATD000057,EMP00364,2024-09-17,Present,08:56,17:17
ATD000058,EMP01056,2024-09-28,Present,08:31,16:59
ATD000059,EMP00274,2024-10-05,Present,09:22,18:07
ATD000060,EMP00278,2025-01-27,Present,09:12,17:22
ATD000061,EMP01145,2024-09-12,Absent,NULL,NULL
ATD000062,EMP01029,2025-06-13,Present,09:26,17:37
ATD000063,EMP00845,2026-02-14,Present,08:57,17:59
ATD000064,EMP00543,2026-02-10,"Half Day",08:39,13:03
ATD000065,EMP00435,2026-04-02,"Half Day",08:30,12:23
ATD000066,EMP00216,2025-05-26,Absent,NULL,NULL
ATD000067,EMP00925,2026-02-26,Absent,NULL,NULL
ATD000068,EMP00330,2025-02-23,"Work From Home",09:33,18:26
ATD000069,EMP01008,2026-06-05,Absent,NULL,NULL
ATD000070,EMP00864,2026-05-30,Present,09:37,18:49
ATD000071,EMP00659,2025-12-31,Present,09:20,18:14
ATD000072,EMP00276,2025-11-26,"Work From Home",09:24,17:55
ATD000073,EMP00425,2025-09-16,Present,08:35,17:10
ATD000074,EMP00782,2024-09-19,"Work From Home",09:21,17:41
ATD000075,EMP00350,2025-04-10,Present,08:51,18:13
ATD000076,EMP01177,2025-09-19,Present,09:44,19:01
ATD000077,EMP00856,2025-09-13,Present,08:33,17:29
ATD000078,EMP00814,2025-03-22,Present,09:15,18:34
ATD000079,EMP00986,2024-09-08,"Work From Home",09:58,18:50
ATD000080,EMP00022,2025-08-17,Present,09:07,17:12
ATD000081,EMP00337,2025-11-04,Present,09:26,17:45
ATD000082,EMP00597,2025-04-09,Present,09:20,17:41
ATD000083,EMP00937,2025-08-31,Present,08:51,17:27
ATD000084,EMP00025,2026-01-19,"Work From Home",09:59,18:24
ATD000085,EMP00054,2025-02-23,Present,08:38,18:08
ATD000086,EMP01125,2026-08-04,Present,09:01,17:24
ATD000087,EMP00648,2025-01-27,"Work From Home",09:56,18:36
ATD000088,EMP00400,2026-04-27,Present,09:27,18:24
ATD000089,EMP00075,2024-11-19,Present,09:11,18:32
ATD000090,EMP00346,2025-02-27,Present,08:30,17:40
ATD000091,EMP01114,2026-05-19,Present,09:19,18:26
ATD000092,EMP00215,2025-04-25,Present,08:41,17:16
ATD000093,EMP00885,2026-01-10,Absent,NULL,NULL
ATD000094,EMP00529,2026-06-29,Absent,NULL,NULL
ATD000095,EMP00756,2026-04-05,"Work From Home",09:04,17:20
ATD000096,EMP00585,2025-01-08,Present,09:23,18:53
ATD000097,EMP00452,2025-10-22,"Work From Home",09:45,17:57
ATD000098,EMP00295,2026-06-17,Present,08:49,17:17
ATD000099,EMP01086,2026-04-29,"Work From Home",09:47,18:41
ATD000100,EMP00615,2025-03-09,"Work From Home",09:22,18:03
ATD000101,EMP00048,2024-08-20,Absent,NULL,NULL
ATD000102,EMP01026,2024-09-10,"Work From Home",09:17,18:14
ATD000103,EMP00168,2026-07-19,Present,09:17,18:26
ATD000104,EMP00540,2026-02-09,"Work From Home",09:58,18:10
ATD000105,EMP00391,2025-02-11,"Half Day",08:46,13:08
ATD000106,EMP00813,2025-08-14,Present,09:16,17:38
ATD000107,EMP01212,2025-10-17,"Work From Home",09:52,18:11
ATD000108,EMP00750,2025-06-13,"Half Day",09:09,13:19
ATD000109,EMP00405,2026-02-17,Present,08:38,17:11
ATD000110,EMP00184,2026-03-22,Present,08:51,17:32
ATD000111,EMP00145,2026-06-06,"Half Day",09:25,13:09
ATD000112,EMP00331,2025-10-21,Present,09:16,17:33
ATD000113,EMP00564,2024-10-01,"Half Day",09:30,13:14
ATD000114,EMP01136,2026-04-14,Present,09:31,18:38
ATD000115,EMP00581,2025-11-26,Present,08:53,17:16
ATD000116,EMP00805,2025-01-04,Present,09:24,18:25
ATD000117,EMP00948,2025-05-22,Absent,NULL,NULL
ATD000118,EMP00530,2024-10-12,"Work From Home",09:44,18:32
ATD000119,EMP00981,2026-01-07,Present,08:48,18:00
ATD000120,EMP00547,2025-08-04,Present,08:41,17:07
ATD000121,EMP00647,2025-01-13,Present,09:02,17:45
ATD000122,EMP01085,2025-05-09,Present,09:44,18:29
ATD000123,EMP00802,2025-01-09,Present,09:38,18:57
ATD000124,EMP00627,2025-08-03,Present,09:43,18:42
ATD000125,EMP00834,2025-02-20,Absent,NULL,NULL
ATD000126,EMP00395,2025-10-08,Present,08:52,17:26
ATD000127,EMP00686,2025-03-07,Present,09:06,17:30
ATD000128,EMP01224,2026-04-14,Present,08:42,17:28
ATD000129,EMP00575,2024-08-22,Absent,NULL,NULL
ATD000130,EMP00749,2025-12-03,Present,09:35,18:46
ATD000131,EMP00497,2024-08-20,"Half Day",09:03,13:30
ATD000132,EMP00356,2025-03-11,"Work From Home",09:21,17:30
ATD000133,EMP00765,2026-04-11,"Half Day",09:10,13:21
ATD000134,EMP00308,2025-03-04,Present,08:46,18:07
ATD000135,EMP00383,2024-08-12,Present,08:47,18:13
ATD000136,EMP00762,2026-04-14,Present,09:25,18:46
ATD000137,EMP01112,2026-05-25,Absent,NULL,NULL
ATD000138,EMP01130,2025-12-26,"Work From Home",09:36,18:29
ATD000139,EMP00212,2026-01-10,Present,08:42,17:02
ATD000140,EMP01061,2025-08-07,Present,09:39,18:56
ATD000141,EMP00694,2026-04-06,"Work From Home",09:08,18:06
ATD000142,EMP01087,2026-06-19,"Work From Home",09:30,18:23
ATD000143,EMP00377,2024-08-28,Present,08:59,18:28
ATD000144,EMP00898,2026-06-13,"Half Day",09:21,13:24
ATD000145,EMP01214,2025-03-06,Present,08:56,17:34
ATD000146,EMP00154,2026-01-09,Present,09:42,18:52
ATD000147,EMP00639,2025-04-03,Present,08:44,17:11
ATD000148,EMP00792,2025-12-20,"Work From Home",09:38,17:40
ATD000149,EMP00017,2025-04-17,Present,08:38,17:07
ATD000150,EMP01141,2025-03-16,Present,09:38,18:40
ATD000151,EMP00762,2024-09-11,Present,09:23,17:33
ATD000152,EMP00514,2025-02-27,Absent,NULL,NULL
ATD000153,EMP00757,2026-03-24,Absent,NULL,NULL
ATD000154,EMP00372,2024-12-21,Present,08:46,17:47
ATD000155,EMP00333,2024-12-24,Present,09:42,18:11
ATD000156,EMP00852,2026-06-12,Present,09:36,18:30
ATD000157,EMP00913,2025-11-12,Present,08:56,18:13
ATD000158,EMP00125,2026-02-18,Present,09:04,17:52
ATD000159,EMP00957,2024-08-28,"Half Day",08:34,12:59
ATD000160,EMP00668,2025-12-25,Present,09:41,17:51
ATD000161,EMP00725,2025-09-03,Present,09:26,17:50
ATD000162,EMP00659,2026-04-05,Present,08:49,17:02
ATD000163,EMP00690,2024-11-16,Present,08:41,17:46
ATD000164,EMP00112,2025-11-13,Present,08:50,17:15
ATD000165,EMP00200,2026-04-02,Present,09:07,18:34
ATD000166,EMP00074,2025-06-12,Present,09:15,17:32
ATD000167,EMP00858,2024-12-28,Present,09:04,18:25
ATD000168,EMP00781,2026-05-24,"Half Day",08:45,12:33
ATD000169,EMP00561,2024-12-16,Present,08:51,16:59
ATD000170,EMP00827,2025-03-12,Present,08:37,16:37
ATD000171,EMP01043,2026-05-27,Absent,NULL,NULL
ATD000172,EMP00530,2025-02-14,Absent,NULL,NULL
ATD000173,EMP00086,2025-04-26,Present,09:03,17:04
ATD000174,EMP00204,2024-10-01,Present,09:25,18:38
ATD000175,EMP00326,2024-08-22,Present,08:57,17:50
ATD000176,EMP00715,2025-12-13,Present,09:15,17:32
ATD000177,EMP00777,2025-08-18,"Half Day",09:25,13:16
ATD000178,EMP00550,2026-05-13,"Work From Home",09:33,18:00
ATD000179,EMP01066,2025-09-16,Absent,NULL,NULL
ATD000180,EMP00822,2026-08-07,Present,08:35,16:43
ATD000181,EMP01032,2025-10-24,Present,08:31,17:01
ATD000182,EMP00141,2025-03-15,Present,09:30,17:35
ATD000183,EMP00705,2024-10-28,Present,08:50,18:14
ATD000184,EMP01113,2025-01-17,Present,09:00,17:28
ATD000185,EMP00730,2025-07-01,Present,09:31,17:31
ATD000186,EMP00535,2025-03-09,"Work From Home",09:39,18:23
ATD000187,EMP01021,2025-02-23,Absent,NULL,NULL
ATD000188,EMP00071,2025-01-04,Present,08:50,17:31
ATD000189,EMP00194,2025-01-18,"Work From Home",09:19,18:02
ATD000190,EMP00344,2026-05-06,"Work From Home",09:08,18:06
ATD000191,EMP00976,2025-02-25,Present,08:33,17:00
ATD000192,EMP01014,2026-02-03,Present,08:38,17:54
ATD000193,EMP00230,2025-03-13,Present,08:54,17:39
ATD000194,EMP01019,2025-04-08,"Work From Home",09:58,18:10
ATD000195,EMP00849,2026-01-15,"Work From Home",09:13,18:03
ATD000196,EMP00530,2025-09-14,Present,09:33,18:26
ATD000197,EMP00080,2025-10-02,Present,08:43,18:10
ATD000198,EMP00890,2024-09-17,Absent,NULL,NULL
ATD000199,EMP01026,2025-12-07,Absent,NULL,NULL
ATD000200,EMP00138,2025-04-21,Present,08:37,17:59
ATD000201,EMP00597,2026-01-26,Present,08:44,17:18
ATD000202,EMP00285,2025-08-15,Absent,NULL,NULL
ATD000203,EMP00793,2025-09-03,Present,08:41,17:30
ATD000204,EMP00344,2025-05-22,Absent,NULL,NULL
ATD000205,EMP00814,2025-06-29,Present,08:35,16:52
ATD000206,EMP00674,2025-06-16,Present,08:39,17:20
ATD000207,EMP00066,2025-05-04,"Work From Home",09:52,18:22
ATD000208,EMP00276,2025-03-26,Present,09:27,18:51
ATD000209,EMP00773,2026-01-07,"Half Day",08:32,12:17
ATD000210,EMP00076,2025-03-12,Present,09:20,18:38
ATD000211,EMP00654,2025-02-20,"Work From Home",09:38,18:25
ATD000212,EMP00038,2026-04-15,Present,08:32,17:07
ATD000213,EMP01021,2024-08-20,Present,08:33,16:44
ATD000214,EMP01105,2025-01-14,Absent,NULL,NULL
ATD000215,EMP00149,2025-01-17,Present,09:21,17:49
ATD000216,EMP00006,2026-05-29,Absent,NULL,NULL
ATD000217,EMP00533,2026-01-24,Present,08:35,17:19
ATD000218,EMP00262,2026-07-19,Present,09:07,17:32
ATD000219,EMP01084,2026-07-10,Present,09:12,17:34
ATD000220,EMP00358,2025-07-03,Present,08:32,17:09
ATD000221,EMP00860,2025-05-22,Present,09:27,17:30
ATD000222,EMP00500,2024-09-29,Present,09:35,18:59
ATD000223,EMP00751,2025-07-02,Present,09:15,17:15
ATD000224,EMP00978,2025-09-09,Present,08:46,18:00
ATD000225,EMP00732,2025-05-07,"Half Day",09:18,13:19
ATD000226,EMP00006,2024-12-03,Present,09:00,18:18
ATD000227,EMP00785,2025-08-22,Present,08:51,17:51
ATD000228,EMP00733,2025-03-05,Present,09:17,17:47
ATD000229,EMP01042,2025-08-25,Present,09:15,17:33
ATD000230,EMP00847,2024-12-11,"Half Day",08:44,12:52
ATD000231,EMP00202,2024-12-19,Present,08:54,18:17
ATD000232,EMP00441,2025-01-17,Present,09:25,18:14
ATD000233,EMP00076,2024-09-19,Present,08:33,16:56
ATD000234,EMP00580,2024-11-22,"Work From Home",09:09,17:37
ATD000235,EMP01002,2025-05-30,Present,08:51,17:33
ATD000236,EMP00292,2025-09-28,Present,09:19,17:56
ATD000237,EMP01004,2024-11-27,"Work From Home",09:14,17:39
ATD000238,EMP00954,2026-07-20,Present,08:51,18:20
ATD000239,EMP00069,2025-11-18,"Half Day",08:36,12:18
ATD000240,EMP00054,2026-07-20,Present,08:34,17:47
ATD000241,EMP00868,2024-12-17,Present,08:51,17:43
ATD000242,EMP01224,2025-02-26,Present,08:34,16:45
ATD000243,EMP01100,2025-05-13,Present,08:41,17:03
ATD000244,EMP00709,2024-09-14,Present,08:30,17:45
ATD000245,EMP00307,2026-07-11,Absent,NULL,NULL
ATD000246,EMP00782,2024-09-13,Absent,NULL,NULL
ATD000247,EMP00928,2026-03-10,"Work From Home",09:41,17:55
ATD000248,EMP00047,2024-12-10,Absent,NULL,NULL
ATD000249,EMP00328,2026-04-14,Present,08:36,17:11
ATD000250,EMP01091,2025-06-12,"Half Day",08:55,13:22
ATD000251,EMP00513,2025-03-10,Absent,NULL,NULL
ATD000252,EMP00665,2024-09-12,"Work From Home",09:04,17:04
ATD000253,EMP00044,2025-03-22,Absent,NULL,NULL
ATD000254,EMP00346,2025-02-10,Absent,NULL,NULL
ATD000255,EMP00274,2025-11-15,Present,09:38,18:43
ATD000256,EMP00068,2025-02-08,Present,08:47,16:52
ATD000257,EMP00902,2025-08-25,Present,08:48,17:37
ATD000258,EMP00063,2025-12-12,Present,09:19,18:07
ATD000259,EMP00777,2024-12-02,Present,08:38,16:44
ATD000260,EMP00530,2024-09-01,Present,08:45,17:14
ATD000261,EMP01068,2026-05-13,Absent,NULL,NULL
ATD000262,EMP00930,2025-10-26,"Work From Home",09:02,17:38
ATD000263,EMP00460,2025-08-08,Present,08:50,18:20
ATD000264,EMP00157,2025-10-26,Absent,NULL,NULL
ATD000265,EMP00762,2025-02-07,Present,09:22,17:37
ATD000266,EMP00764,2025-06-06,Present,09:07,17:33
ATD000267,EMP00607,2025-01-11,Absent,NULL,NULL
ATD000268,EMP01145,2026-02-23,"Half Day",08:43,13:02
ATD000269,EMP01224,2025-09-06,Present,09:37,17:38
ATD000270,EMP00931,2025-08-13,Absent,NULL,NULL
ATD000271,EMP00422,2024-10-20,Present,08:34,17:23
ATD000272,EMP00734,2025-11-15,Present,09:35,17:43
ATD000273,EMP00292,2026-01-10,Present,08:50,17:00
ATD000274,EMP00829,2025-11-28,Present,09:09,18:26
ATD000275,EMP00717,2026-07-04,Present,09:04,18:05
ATD000276,EMP00231,2026-04-23,Absent,NULL,NULL
ATD000277,EMP00984,2026-01-30,Present,09:28,18:16
ATD000278,EMP01071,2026-05-10,"Work From Home",09:41,17:55
ATD000279,EMP00506,2026-02-05,"Work From Home",09:32,17:34
ATD000280,EMP01122,2024-11-05,"Work From Home",09:30,18:02
ATD000281,EMP00539,2025-10-08,"Work From Home",09:32,17:59
ATD000282,EMP00716,2025-04-12,Present,09:39,19:05
ATD000283,EMP00116,2026-04-12,"Work From Home",09:48,18:00
ATD000284,EMP00931,2025-05-28,"Work From Home",09:37,17:37
ATD000285,EMP01036,2026-02-02,Present,09:33,18:16
ATD000286,EMP00683,2026-01-05,"Work From Home",09:41,17:48
ATD000287,EMP01053,2026-05-18,"Work From Home",09:18,17:22
ATD000288,EMP00010,2026-07-02,Absent,NULL,NULL
ATD000289,EMP01195,2026-04-25,Present,09:35,18:14
ATD000290,EMP00403,2025-02-13,"Work From Home",09:52,17:55
ATD000291,EMP00234,2025-08-21,Present,08:34,18:04
ATD000292,EMP00636,2026-05-07,Present,09:00,17:41
ATD000293,EMP00413,2025-12-17,Absent,NULL,NULL
ATD000294,EMP00586,2024-10-01,"Half Day",09:08,13:33
ATD000295,EMP00571,2025-08-19,"Work From Home",09:03,17:49
ATD000296,EMP01211,2026-01-08,Absent,NULL,NULL
ATD000297,EMP00129,2025-03-28,"Work From Home",09:06,17:56
ATD000298,EMP00418,2026-06-02,Present,08:51,16:57
ATD000299,EMP00166,2025-01-24,Present,08:59,18:08
ATD000300,EMP01136,2026-06-22,"Half Day",08:43,12:40
ATD000301,EMP01095,2024-09-22,Present,09:09,17:30
ATD000302,EMP00485,2026-04-08,Present,09:15,17:45
ATD000303,EMP00905,2025-08-21,Present,09:04,17:20
ATD000304,EMP00795,2025-01-17,Present,09:04,17:46
ATD000305,EMP00177,2025-08-25,Present,08:41,17:40
ATD000306,EMP00659,2025-01-16,"Half Day",09:09,13:38
ATD000307,EMP00557,2025-07-18,Present,09:25,17:42
ATD000308,EMP01163,2026-05-22,Present,09:07,18:05
ATD000309,EMP00506,2024-11-10,Present,08:50,17:58
ATD000310,EMP01184,2024-11-26,"Half Day",09:01,13:23
ATD000311,EMP00830,2026-02-14,Present,09:12,17:57
ATD000312,EMP00336,2025-05-07,"Half Day",09:12,13:29
ATD000313,EMP01166,2024-09-25,Absent,NULL,NULL
ATD000314,EMP00112,2024-12-29,Present,09:27,18:07
ATD000315,EMP00937,2024-10-30,"Work From Home",09:31,17:47
ATD000316,EMP00874,2025-11-11,"Half Day",08:35,12:08
ATD000317,EMP00306,2025-12-04,Present,09:43,17:47
ATD000318,EMP00541,2025-09-26,Absent,NULL,NULL
ATD000319,EMP00698,2026-07-26,"Half Day",08:34,12:59
ATD000320,EMP00248,2025-11-27,Absent,NULL,NULL
ATD000321,EMP00142,2026-02-24,Present,09:42,17:57
ATD000322,EMP00335,2025-08-25,Present,09:26,17:55
ATD000323,EMP00547,2025-06-17,"Work From Home",09:00,17:56
ATD000324,EMP00280,2025-05-17,"Work From Home",09:31,17:51
ATD000325,EMP00898,2026-05-08,Present,09:36,19:04
ATD000326,EMP01096,2026-06-12,Present,08:33,17:49
ATD000327,EMP00517,2026-06-01,Present,09:25,18:26
ATD000328,EMP00385,2025-07-04,Present,08:42,16:55
ATD000329,EMP00013,2025-04-23,Present,09:38,18:35
ATD000330,EMP00205,2025-01-29,Present,09:20,17:49
ATD000331,EMP00074,2025-02-22,"Half Day",08:46,13:06
ATD000332,EMP01097,2026-01-25,Present,08:52,17:04
ATD000333,EMP00802,2025-12-16,Present,08:51,17:11
ATD000334,EMP00946,2024-12-27,Present,09:38,17:57
ATD000335,EMP00016,2026-08-03,Present,09:29,18:45
ATD000336,EMP00468,2025-03-21,Absent,NULL,NULL
ATD000337,EMP00710,2024-08-20,"Work From Home",09:20,17:40
ATD000338,EMP00488,2024-09-22,Present,08:51,17:33
ATD000339,EMP00413,2026-04-05,Absent,NULL,NULL
ATD000340,EMP00470,2026-03-05,Present,09:43,18:29
ATD000341,EMP00452,2025-05-16,Present,09:27,17:41
ATD000342,EMP01002,2025-05-03,Present,09:43,18:15
ATD000343,EMP01192,2025-12-10,Present,09:17,18:13
ATD000344,EMP00880,2024-10-03,Present,09:39,18:30
ATD000345,EMP00649,2024-08-26,Present,08:37,17:13
ATD000346,EMP00163,2024-09-03,"Work From Home",09:07,17:41
ATD000347,EMP00508,2025-09-01,Present,08:41,17:20
ATD000348,EMP00274,2026-07-29,"Half Day",08:31,12:14
ATD000349,EMP00611,2026-05-06,"Half Day",09:10,13:02
ATD000350,EMP00597,2025-06-22,Present,08:53,17:56
ATD000351,EMP00795,2024-12-14,Present,08:47,17:07
ATD000352,EMP00783,2026-03-06,Present,09:31,18:18
ATD000353,EMP00793,2026-01-06,Present,09:02,17:58
ATD000354,EMP00221,2025-03-19,"Work From Home",09:06,18:05
ATD000355,EMP01169,2025-10-17,Present,08:57,18:25
ATD000356,EMP00116,2026-01-19,Absent,NULL,NULL
ATD000357,EMP00249,2025-11-30,"Half Day",09:29,13:04
ATD000358,EMP00578,2026-05-11,Present,09:12,17:17
ATD000359,EMP00018,2026-06-13,Absent,NULL,NULL
ATD000360,EMP00851,2025-01-08,Present,08:30,16:48
ATD000361,EMP00067,2026-03-18,"Half Day",09:10,13:02
ATD000362,EMP00965,2024-08-16,"Half Day",08:39,12:57
ATD000363,EMP00867,2024-12-26,Absent,NULL,NULL
ATD000364,EMP00161,2024-12-21,"Half Day",09:21,13:32
ATD000365,EMP01193,2025-03-18,"Half Day",09:18,13:24
ATD000366,EMP00449,2025-02-24,Absent,NULL,NULL
ATD000367,EMP00984,2025-06-18,"Half Day",09:25,13:16
ATD000368,EMP00109,2024-12-12,Absent,NULL,NULL
ATD000369,EMP00160,2025-10-03,Absent,NULL,NULL
ATD000370,EMP01069,2025-08-04,Present,08:51,18:20
ATD000371,EMP00430,2026-04-07,Present,09:03,17:07
ATD000372,EMP00285,2026-02-15,Present,09:16,18:45
ATD000373,EMP00056,2025-04-09,"Work From Home",09:54,18:15
ATD000374,EMP00861,2026-03-15,Present,09:37,18:14
ATD000375,EMP01022,2025-06-19,Present,08:54,17:23
ATD000376,EMP00796,2024-08-10,"Half Day",08:42,13:05
ATD000377,EMP00142,2024-09-07,Present,09:35,17:51
ATD000378,EMP01228,2026-06-21,"Work From Home",09:02,17:22
ATD000379,EMP00368,2025-01-06,Absent,NULL,NULL
ATD000380,EMP01170,2026-07-03,Present,09:39,18:44
ATD000381,EMP00479,2026-01-26,Present,09:25,18:38
ATD000382,EMP00350,2025-07-16,Present,08:35,16:35
ATD000383,EMP00739,2025-12-29,Present,08:44,18:04
ATD000384,EMP00762,2025-10-11,Present,08:36,16:59
ATD000385,EMP00145,2025-04-26,Present,08:34,17:31
ATD000386,EMP01155,2026-06-21,Absent,NULL,NULL
ATD000387,EMP00676,2025-07-09,Present,09:38,18:16
ATD000388,EMP00871,2025-10-28,Present,09:29,18:54
ATD000389,EMP00354,2025-08-02,"Work From Home",09:51,18:38
ATD000390,EMP01220,2025-03-16,Present,08:32,17:28
ATD000391,EMP00950,2026-04-10,Present,09:25,18:42
ATD000392,EMP01219,2026-04-17,"Work From Home",09:58,18:41
ATD000393,EMP00699,2024-10-18,Present,09:00,17:21
ATD000394,EMP00094,2025-10-31,"Half Day",08:41,12:43
ATD000395,EMP00886,2026-02-16,Present,08:55,18:06
ATD000396,EMP00152,2024-10-22,Absent,NULL,NULL
ATD000397,EMP00216,2026-03-08,Absent,NULL,NULL
ATD000398,EMP00743,2026-01-16,Present,09:01,17:27
ATD000399,EMP00788,2025-08-18,Present,08:50,16:51
ATD000400,EMP00552,2025-06-27,Present,09:43,18:24
ATD000401,EMP00651,2025-01-25,Absent,NULL,NULL
ATD000402,EMP00457,2025-09-02,Present,08:47,18:03
ATD000403,EMP01198,2025-01-20,Present,08:35,18:05
ATD000404,EMP00786,2024-09-01,"Half Day",09:19,12:52
ATD000405,EMP01042,2024-10-13,Present,09:42,18:55
ATD000406,EMP00413,2025-01-10,Present,08:40,17:17
ATD000407,EMP00074,2025-10-28,"Half Day",08:32,12:26
ATD000408,EMP00990,2026-06-27,"Work From Home",09:45,18:02
ATD000409,EMP00624,2024-12-15,Absent,NULL,NULL
ATD000410,EMP01042,2026-03-28,Present,08:45,17:48
ATD000411,EMP00528,2024-09-29,Present,09:00,18:25
ATD000412,EMP00880,2024-12-10,Present,08:31,16:52
ATD000413,EMP00554,2024-11-07,Present,09:19,18:23
ATD000414,EMP00662,2025-08-01,Present,08:58,17:07
ATD000415,EMP00859,2025-04-23,"Work From Home",09:54,18:05
ATD000416,EMP00877,2025-10-06,Present,08:30,17:14
ATD000417,EMP00939,2025-10-19,Present,08:48,17:28
ATD000418,EMP00170,2025-06-09,Absent,NULL,NULL
ATD000419,EMP00692,2024-10-19,"Work From Home",09:15,17:58
ATD000420,EMP01102,2025-07-25,Present,08:38,17:15
ATD000421,EMP00014,2024-11-01,Present,08:37,17:50
ATD000422,EMP00378,2025-06-16,"Work From Home",09:26,17:29
ATD000423,EMP01115,2025-10-09,Absent,NULL,NULL
ATD000424,EMP00026,2024-08-10,Present,09:25,18:10
ATD000425,EMP00829,2025-10-17,Absent,NULL,NULL
ATD000426,EMP00607,2025-06-16,Present,08:40,16:54
ATD000427,EMP00516,2025-09-06,Present,08:34,17:23
ATD000428,EMP01123,2024-10-01,Present,09:21,17:21
ATD000429,EMP00210,2024-12-11,Present,09:08,18:17
ATD000430,EMP00953,2025-10-31,Present,09:02,17:57
ATD000431,EMP00616,2025-11-01,Present,08:38,17:14
ATD000432,EMP00661,2024-12-26,Present,08:33,17:36
ATD000433,EMP00021,2024-10-16,"Half Day",09:02,12:59
ATD000434,EMP01197,2025-08-18,"Half Day",09:10,12:43
ATD000435,EMP00867,2025-03-08,Present,08:36,17:05
ATD000436,EMP00876,2025-12-26,"Half Day",09:26,13:14
ATD000437,EMP00737,2025-02-01,Present,08:53,18:10
ATD000438,EMP00930,2025-06-11,"Half Day",09:13,13:05
ATD000439,EMP00225,2025-10-15,Present,08:41,17:23
ATD000440,EMP00670,2026-06-01,"Half Day",08:56,13:13
ATD000441,EMP00364,2025-05-03,Present,08:31,17:04
ATD000442,EMP01086,2026-02-04,Present,08:34,17:55
ATD000443,EMP00559,2026-05-07,Present,08:39,16:46
ATD000444,EMP01140,2025-11-05,Present,08:56,17:53
ATD000445,EMP00141,2024-12-06,Present,08:30,17:29
ATD000446,EMP00402,2026-04-28,Present,08:37,17:51
ATD000447,EMP00820,2025-02-15,"Half Day",08:37,12:10
ATD000448,EMP01221,2024-10-07,Absent,NULL,NULL
ATD000449,EMP00290,2024-09-12,Present,08:31,17:31
ATD000450,EMP00538,2026-02-16,Present,09:42,18:54
ATD000451,EMP00404,2026-04-19,Present,08:37,17:28
ATD000452,EMP00510,2025-03-09,"Work From Home",09:16,17:49
ATD000453,EMP00241,2024-08-04,"Work From Home",09:57,18:17
ATD000454,EMP00123,2024-12-13,Present,08:45,16:59
ATD000455,EMP00958,2026-01-10,Present,08:54,17:29
ATD000456,EMP00051,2025-02-17,"Half Day",08:39,12:28
ATD000457,EMP00797,2025-05-09,Present,09:35,17:43
ATD000458,EMP00499,2025-04-10,Absent,NULL,NULL
ATD000459,EMP01069,2025-08-16,Present,09:11,17:27
ATD000460,EMP01106,2026-01-01,Present,08:50,17:16
ATD000461,EMP00417,2026-02-23,Present,08:41,17:35
ATD000462,EMP00421,2025-09-25,"Work From Home",09:45,18:37
ATD000463,EMP00634,2025-11-01,Present,08:36,17:38
ATD000464,EMP00906,2025-08-03,Present,08:54,17:54
ATD000465,EMP00622,2026-03-21,Present,08:54,17:54
ATD000466,EMP00995,2025-01-31,Present,08:59,17:35
ATD000467,EMP00558,2026-03-18,Present,08:43,17:38
ATD000468,EMP00058,2026-01-25,Present,09:11,17:35
ATD000469,EMP00146,2025-05-24,Present,09:36,17:48
ATD000470,EMP00920,2025-07-06,Present,09:41,17:50
ATD000471,EMP00353,2026-07-19,Present,08:33,16:39
ATD000472,EMP01087,2025-05-11,Present,09:21,18:15
ATD000473,EMP00308,2026-01-18,"Work From Home",09:22,17:33
ATD000474,EMP01079,2026-04-10,Present,08:43,16:43
ATD000475,EMP01190,2025-11-22,"Work From Home",09:10,17:47
ATD000476,EMP00235,2025-05-30,Present,09:18,17:25
ATD000477,EMP01092,2024-09-06,Present,08:31,17:04
ATD000478,EMP01179,2026-07-23,Present,08:47,16:50
ATD000479,EMP00193,2024-10-21,Present,09:24,17:38
ATD000480,EMP00264,2024-08-11,Present,08:32,17:42
ATD000481,EMP00786,2024-09-03,"Work From Home",09:23,17:52
ATD000482,EMP00123,2026-06-02,Present,08:46,18:15
ATD000483,EMP00016,2025-10-01,Present,09:20,18:12
ATD000484,EMP00403,2026-06-16,"Work From Home",09:42,18:09
ATD000485,EMP01214,2026-03-04,"Work From Home",09:10,17:46
ATD000486,EMP00873,2024-11-01,Present,08:53,17:53
ATD000487,EMP00517,2025-07-29,Present,08:41,18:09
ATD000488,EMP00784,2024-09-04,"Half Day",08:54,13:18
ATD000489,EMP00843,2025-08-20,"Work From Home",09:32,18:21
ATD000490,EMP01192,2025-06-29,Present,09:15,18:04
ATD000491,EMP00277,2024-12-12,Present,08:47,17:13
ATD000492,EMP01096,2025-11-08,Present,08:45,17:27
ATD000493,EMP00627,2024-08-11,Absent,NULL,NULL
ATD000494,EMP00780,2024-11-26,Absent,NULL,NULL
ATD000495,EMP00659,2024-11-01,"Half Day",09:20,13:01
ATD000496,EMP00758,2024-09-18,Present,08:44,18:05
ATD000497,EMP01160,2025-01-22,Present,09:12,18:21
ATD000498,EMP01128,2024-11-11,Present,08:54,16:59
ATD000499,EMP00462,2025-06-07,"Work From Home",09:24,17:26
ATD000500,EMP01136,2025-11-25,"Work From Home",09:01,17:48
ATD000501,EMP01168,2024-08-07,"Half Day",09:19,13:11
ATD000502,EMP00354,2025-05-16,"Work From Home",09:56,18:33
ATD000503,EMP00249,2025-11-13,"Half Day",09:13,13:26
ATD000504,EMP00003,2026-03-27,"Work From Home",09:47,18:03
ATD000505,EMP01110,2025-05-03,Present,08:48,17:38
ATD000506,EMP00327,2026-05-10,"Half Day",09:18,12:59
ATD000507,EMP01228,2024-09-12,"Half Day",09:07,13:00
ATD000508,EMP00663,2025-07-10,Present,08:49,18:06
ATD000509,EMP01043,2025-06-11,Present,08:57,16:59
ATD000510,EMP01052,2026-01-15,Present,09:02,18:15
ATD000511,EMP00887,2026-02-24,Present,09:14,18:12
ATD000512,EMP01074,2026-05-14,Present,08:36,17:07
ATD000513,EMP00111,2025-08-18,Present,08:30,16:34
ATD000514,EMP00520,2024-08-21,Present,08:42,16:50
ATD000515,EMP00981,2025-08-24,"Half Day",08:48,12:38
ATD000516,EMP00308,2025-02-07,"Half Day",08:58,13:08
ATD000517,EMP00209,2025-07-19,Present,08:30,17:41
ATD000518,EMP00309,2025-09-29,Present,09:17,18:09
ATD000519,EMP00910,2024-12-06,"Half Day",08:58,13:27
ATD000520,EMP00038,2024-11-01,Present,09:28,17:55
ATD000521,EMP00113,2025-07-19,Present,09:28,18:32
ATD000522,EMP00650,2025-04-05,"Work From Home",09:05,17:28
ATD000523,EMP00068,2024-09-25,Present,09:28,18:08
ATD000524,EMP00111,2026-04-24,"Half Day",08:59,13:09
ATD000525,EMP00270,2025-04-16,Present,09:34,17:39
ATD000526,EMP00992,2024-10-17,Present,09:19,17:38
ATD000527,EMP01122,2026-02-21,Present,08:57,17:41
ATD000528,EMP00460,2025-02-01,Present,09:31,18:22
ATD000529,EMP00207,2025-11-26,Present,08:57,16:58
ATD000530,EMP00877,2024-09-16,Present,08:55,17:55
ATD000531,EMP00672,2025-05-20,Present,08:48,17:36
ATD000532,EMP00541,2025-12-23,"Work From Home",09:27,17:39
ATD000533,EMP00303,2025-01-08,"Work From Home",09:27,17:51
ATD000534,EMP00219,2026-04-28,Present,08:52,18:13
ATD000535,EMP00489,2025-07-02,Absent,NULL,NULL
ATD000536,EMP00585,2025-05-01,"Half Day",08:35,12:50
ATD000537,EMP00910,2024-10-05,Present,09:21,18:37
ATD000538,EMP00515,2024-09-23,Present,09:11,18:34
ATD000539,EMP01205,2026-02-14,Present,09:11,17:24
ATD000540,EMP01113,2024-08-13,Present,09:41,17:45
ATD000541,EMP00013,2025-11-23,Present,08:59,17:28
ATD000542,EMP00080,2025-12-30,Present,09:31,18:21
ATD000543,EMP00127,2024-12-28,"Work From Home",09:48,18:24
ATD000544,EMP01179,2026-05-05,Present,09:25,18:47
ATD000545,EMP00980,2024-09-23,Present,08:57,17:34
ATD000546,EMP00556,2024-10-31,Present,09:40,19:03
ATD000547,EMP00448,2024-10-01,Absent,NULL,NULL
ATD000548,EMP00993,2025-08-25,Present,09:15,17:20
ATD000549,EMP00682,2024-12-07,Absent,NULL,NULL
ATD000550,EMP00871,2025-01-23,"Work From Home",09:37,17:39
ATD000551,EMP00474,2024-11-08,Present,09:00,18:29
ATD000552,EMP00661,2026-05-15,Present,09:20,17:59
ATD000553,EMP00810,2024-09-22,Present,09:02,18:24
ATD000554,EMP00082,2026-07-04,Present,08:52,18:00
ATD000555,EMP01018,2026-04-12,Present,09:38,19:00
ATD000556,EMP00826,2025-10-09,"Work From Home",09:30,18:17
ATD000557,EMP00095,2025-04-16,Present,08:31,17:17
ATD000558,EMP00947,2026-03-09,Absent,NULL,NULL
ATD000559,EMP01142,2026-08-06,Present,08:41,17:26
ATD000560,EMP01187,2025-07-03,"Half Day",08:47,13:11
ATD000561,EMP00360,2025-10-29,"Work From Home",09:51,18:00
ATD000562,EMP01222,2025-09-09,"Half Day",09:09,12:45
ATD000563,EMP00952,2025-08-18,"Half Day",08:35,12:51
ATD000564,EMP00740,2026-04-27,"Half Day",08:34,12:32
ATD000565,EMP00660,2024-11-06,Present,09:04,18:07
ATD000566,EMP00583,2026-03-18,Present,09:33,18:18
ATD000567,EMP00306,2025-07-16,Absent,NULL,NULL
ATD000568,EMP00373,2026-04-04,Present,09:42,19:12
ATD000569,EMP00501,2025-03-31,"Work From Home",09:33,17:38
ATD000570,EMP01161,2025-12-06,Present,09:29,18:58
ATD000571,EMP01105,2025-03-25,Present,09:16,17:25
ATD000572,EMP00381,2026-03-30,Present,09:15,18:11
ATD000573,EMP00096,2024-08-28,Present,09:40,18:34
ATD000574,EMP01061,2025-01-13,Present,08:46,16:57
ATD000575,EMP00839,2025-10-06,"Half Day",08:30,12:22
ATD000576,EMP00956,2025-09-11,Present,09:03,17:49
ATD000577,EMP00187,2026-02-19,Present,09:41,19:07
ATD000578,EMP00284,2026-06-08,Absent,NULL,NULL
ATD000579,EMP00744,2026-03-28,Absent,NULL,NULL
ATD000580,EMP00770,2026-07-06,"Half Day",08:42,13:07
ATD000581,EMP00332,2024-11-22,"Half Day",08:56,12:53
ATD000582,EMP00901,2025-06-29,"Work From Home",09:00,17:42
ATD000583,EMP00077,2025-09-23,"Half Day",08:41,12:46
ATD000584,EMP01015,2026-01-31,Present,08:46,17:56
ATD000585,EMP00648,2025-04-14,Present,09:01,17:48
ATD000586,EMP01194,2026-03-14,Present,09:01,17:14
ATD000587,EMP01136,2025-07-06,Present,08:35,17:05
ATD000588,EMP00235,2026-03-13,Present,08:32,17:03
ATD000589,EMP00688,2025-04-02,Absent,NULL,NULL
ATD000590,EMP00847,2025-04-24,Present,09:44,18:57
ATD000591,EMP00043,2024-10-01,Present,09:25,18:02
ATD000592,EMP00750,2024-10-27,Present,09:28,18:56
ATD000593,EMP00772,2026-03-01,Present,09:20,18:17
ATD000594,EMP00335,2025-01-12,"Half Day",08:58,12:34
ATD000595,EMP00762,2024-09-24,Present,08:30,17:35
ATD000596,EMP00866,2026-02-14,"Half Day",09:04,12:58
ATD000597,EMP00195,2024-10-27,Present,09:07,17:46
ATD000598,EMP00818,2025-11-02,Absent,NULL,NULL
ATD000599,EMP01176,2026-03-24,Present,08:40,17:08
ATD000600,EMP00804,2024-11-22,"Half Day",09:28,13:22
ATD000601,EMP00447,2025-04-07,Absent,NULL,NULL
ATD000602,EMP00790,2025-08-09,Present,09:15,18:37
ATD000603,EMP01048,2025-07-12,Present,09:33,18:42
ATD000604,EMP00333,2026-07-07,"Work From Home",09:10,17:40
ATD000605,EMP00848,2026-07-13,"Work From Home",09:44,18:10
ATD000606,EMP00116,2026-02-02,Present,09:22,17:37
ATD000607,EMP00012,2026-01-16,Present,09:09,17:51
ATD000608,EMP00783,2025-01-01,Present,09:45,17:46
ATD000609,EMP00297,2025-06-16,"Work From Home",09:35,17:45
ATD000610,EMP00998,2025-06-28,"Work From Home",09:02,17:10
ATD000611,EMP00899,2025-07-07,Present,09:24,18:18
ATD000612,EMP00673,2026-03-24,Absent,NULL,NULL
ATD000613,EMP00607,2025-05-06,Present,09:45,17:58
ATD000614,EMP00393,2025-12-03,Absent,NULL,NULL
ATD000615,EMP00355,2026-02-20,Absent,NULL,NULL
ATD000616,EMP00488,2025-06-09,Present,09:13,18:31
ATD000617,EMP00963,2025-11-22,Present,08:39,17:51
ATD000618,EMP01040,2026-04-26,Present,08:56,17:01
ATD000619,EMP00949,2025-11-10,Present,09:35,18:23
ATD000620,EMP00717,2026-01-22,"Work From Home",09:47,18:46
ATD000621,EMP00475,2025-03-12,Present,09:42,18:06
ATD000622,EMP00456,2025-08-18,Present,08:55,17:41
ATD000623,EMP00107,2026-05-11,"Work From Home",09:38,17:50
ATD000624,EMP00746,2025-04-09,"Half Day",08:50,12:58
ATD000625,EMP00953,2024-12-01,Present,08:49,16:58
ATD000626,EMP01148,2025-03-01,"Work From Home",09:25,18:13
ATD000627,EMP01094,2025-02-01,Present,09:41,17:45
ATD000628,EMP00270,2025-08-05,Present,08:53,18:00
ATD000629,EMP00997,2025-04-13,Present,08:45,16:55
ATD000630,EMP00168,2025-05-03,"Work From Home",09:40,17:48
ATD000631,EMP00943,2026-06-09,Absent,NULL,NULL
ATD000632,EMP00836,2025-06-26,Present,09:33,18:26
ATD000633,EMP00977,2026-04-04,"Half Day",09:17,13:40
ATD000634,EMP00140,2026-05-16,Absent,NULL,NULL
ATD000635,EMP00034,2025-03-25,Present,08:30,16:52
ATD000636,EMP00206,2024-12-17,Absent,NULL,NULL
ATD000637,EMP00308,2024-10-26,Present,09:26,17:44
ATD000638,EMP00288,2025-09-17,Present,08:44,17:38
ATD000639,EMP00916,2026-01-03,"Work From Home",09:36,18:20
ATD000640,EMP00211,2024-08-08,"Work From Home",09:15,17:21
ATD000641,EMP00831,2026-01-20,Present,09:31,18:46
ATD000642,EMP00462,2024-10-28,"Work From Home",09:47,18:07
ATD000643,EMP00642,2025-07-02,Present,09:18,17:20
ATD000644,EMP00315,2024-09-15,Present,08:51,17:26
ATD000645,EMP01185,2025-05-08,Present,09:05,17:53
ATD000646,EMP00012,2025-05-26,Present,09:26,17:39
ATD000647,EMP00845,2026-02-08,"Half Day",08:33,12:22
ATD000648,EMP00409,2026-05-25,Present,08:30,17:09
ATD000649,EMP01018,2026-04-01,"Half Day",09:29,13:20
ATD000650,EMP01125,2025-05-20,"Half Day",09:06,12:44
ATD000651,EMP00678,2025-02-11,Present,09:22,18:34
ATD000652,EMP01032,2026-06-11,Absent,NULL,NULL
ATD000653,EMP00034,2025-05-16,"Work From Home",09:41,18:18
ATD000654,EMP01089,2025-08-09,Absent,NULL,NULL
ATD000655,EMP00544,2026-07-14,Present,08:57,17:47
ATD000656,EMP00711,2025-05-16,"Half Day",08:39,12:54
ATD000657,EMP01170,2025-09-26,Present,08:49,17:23
ATD000658,EMP00981,2024-10-15,Present,09:25,17:28
ATD000659,EMP01155,2026-06-17,Present,09:44,18:11
ATD000660,EMP01002,2024-11-01,Present,09:17,18:25
ATD000661,EMP00729,2025-06-27,Present,08:58,17:46
ATD000662,EMP01140,2026-02-21,Present,08:35,17:30
ATD000663,EMP00451,2024-09-06,"Work From Home",09:08,17:48
ATD000664,EMP00037,2026-06-29,Present,08:38,17:21
ATD000665,EMP00994,2025-12-08,Present,08:36,17:35
ATD000666,EMP00344,2025-03-27,Present,09:25,17:35
ATD000667,EMP00701,2025-05-07,"Work From Home",09:41,18:36
ATD000668,EMP00115,2025-08-27,Present,09:24,18:40
ATD000669,EMP00572,2025-05-08,Present,08:54,17:19
ATD000670,EMP00238,2026-02-27,Present,08:38,17:34
ATD000671,EMP00559,2026-03-14,Present,09:04,17:49
ATD000672,EMP00959,2026-03-23,"Work From Home",09:50,18:41
ATD000673,EMP00340,2025-04-25,Present,09:19,18:33
ATD000674,EMP00720,2024-08-28,Present,08:48,17:10
ATD000675,EMP00361,2024-09-13,Absent,NULL,NULL
ATD000676,EMP00651,2025-11-17,Present,08:33,17:41
ATD000677,EMP00512,2026-03-18,Absent,NULL,NULL
ATD000678,EMP01180,2026-06-27,Present,08:47,17:24
ATD000679,EMP00092,2025-04-14,Present,08:49,17:31
ATD000680,EMP00714,2025-10-28,Present,09:00,17:16
ATD000681,EMP00945,2025-02-05,Present,09:06,18:08
ATD000682,EMP00318,2024-11-23,Present,08:32,16:34
ATD000683,EMP01195,2025-03-21,Present,08:59,18:07
ATD000684,EMP00125,2024-10-18,Present,08:42,17:33
ATD000685,EMP00804,2025-12-15,Absent,NULL,NULL
ATD000686,EMP00836,2024-08-17,"Half Day",09:11,13:34
ATD000687,EMP00167,2025-05-20,"Work From Home",09:54,18:43
ATD000688,EMP00856,2025-08-13,Present,08:51,18:02
ATD000689,EMP00969,2026-02-17,"Work From Home",09:48,18:47
ATD000690,EMP00766,2026-04-12,Present,08:47,17:48
ATD000691,EMP00221,2025-09-08,Present,09:31,17:48
ATD000692,EMP00366,2024-08-13,"Work From Home",09:54,18:36
ATD000693,EMP00368,2026-02-23,Present,09:20,17:39
ATD000694,EMP00690,2026-02-28,Absent,NULL,NULL
ATD000695,EMP00126,2025-12-05,"Work From Home",09:26,18:05
ATD000696,EMP01060,2024-10-13,Absent,NULL,NULL
ATD000697,EMP01193,2025-02-06,Present,09:17,18:45
ATD000698,EMP00682,2026-02-03,"Half Day",09:01,13:04
ATD000699,EMP00291,2025-03-17,Present,08:44,17:00
ATD000700,EMP00439,2026-02-14,Present,09:06,18:04
ATD000701,EMP00953,2026-01-05,Present,09:19,18:02
ATD000702,EMP01174,2026-05-02,Present,09:25,17:38
ATD000703,EMP00817,2024-09-13,"Work From Home",09:21,17:31
ATD000704,EMP00258,2025-10-01,Present,08:43,18:10
ATD000705,EMP00345,2024-09-20,Present,09:00,17:49
ATD000706,EMP00989,2024-12-12,Present,08:39,18:04
ATD000707,EMP01049,2024-11-13,Present,08:43,17:43
ATD000708,EMP00648,2025-08-05,"Work From Home",09:42,18:25
ATD000709,EMP00081,2025-12-21,"Half Day",08:58,13:27
ATD000710,EMP00496,2025-01-06,Present,08:58,17:51
ATD000711,EMP00920,2025-03-26,"Work From Home",09:21,17:54
ATD000712,EMP00822,2024-12-19,Absent,NULL,NULL
ATD000713,EMP00081,2025-08-10,Absent,NULL,NULL
ATD000714,EMP00613,2025-09-04,Present,08:41,17:42
ATD000715,EMP00093,2026-05-09,Present,08:39,17:50
ATD000716,EMP00289,2026-07-12,Absent,NULL,NULL
ATD000717,EMP00357,2025-03-13,Present,09:22,18:38
ATD000718,EMP00753,2025-09-04,Present,08:52,17:24
ATD000719,EMP00488,2025-02-21,"Half Day",09:18,13:01
ATD000720,EMP01097,2025-10-25,Present,08:44,17:37
ATD000721,EMP00477,2024-08-22,Absent,NULL,NULL
ATD000722,EMP00752,2025-04-01,Present,09:29,18:53
ATD000723,EMP00389,2026-07-27,Present,08:58,17:23
ATD000724,EMP00304,2025-11-17,Present,09:29,18:52
ATD000725,EMP00282,2025-07-13,"Work From Home",09:20,17:53
ATD000726,EMP00802,2026-02-23,Present,09:41,18:03
ATD000727,EMP00495,2024-08-15,Present,08:48,17:16
ATD000728,EMP00274,2025-05-13,Absent,NULL,NULL
ATD000729,EMP00719,2025-06-14,Present,08:32,17:15
ATD000730,EMP00542,2026-02-12,Present,09:34,19:01
ATD000731,EMP00094,2025-11-10,"Half Day",08:47,12:21
ATD000732,EMP00726,2025-08-02,Present,09:33,18:45
ATD000733,EMP00603,2025-05-01,Present,09:39,19:01
ATD000734,EMP00370,2026-05-03,Absent,NULL,NULL
ATD000735,EMP00646,2026-03-01,Present,08:45,17:47
ATD000736,EMP00788,2024-11-17,Present,08:49,17:13
ATD000737,EMP00711,2024-12-15,Absent,NULL,NULL
ATD000738,EMP00514,2025-06-24,"Half Day",09:06,13:09
ATD000739,EMP01220,2025-06-11,Present,08:40,17:24
ATD000740,EMP00376,2024-08-21,"Half Day",09:06,12:47
ATD000741,EMP00395,2026-03-29,Present,09:18,17:38
ATD000742,EMP00259,2025-03-24,"Work From Home",09:24,18:18
ATD000743,EMP01177,2025-12-30,Present,09:20,17:40
ATD000744,EMP00845,2025-05-15,Present,08:41,17:48
ATD000745,EMP00937,2024-10-30,"Work From Home",09:46,18:05
ATD000746,EMP00147,2024-12-05,Absent,NULL,NULL
ATD000747,EMP00508,2026-02-04,Absent,NULL,NULL
ATD000748,EMP00810,2025-03-07,"Work From Home",09:35,18:32
ATD000749,EMP00039,2026-02-04,Present,08:51,17:04
ATD000750,EMP00412,2025-06-06,Present,08:57,17:03
ATD000751,EMP00548,2025-02-01,Absent,NULL,NULL
ATD000752,EMP01013,2024-09-12,Present,09:41,18:56
ATD000753,EMP00158,2024-10-07,"Half Day",08:43,13:09
ATD000754,EMP00779,2025-02-25,"Work From Home",09:37,18:26
ATD000755,EMP00477,2026-02-21,Present,08:35,17:29
ATD000756,EMP00898,2026-01-22,Present,08:34,17:11
ATD000757,EMP00877,2026-07-30,Present,09:12,17:37
ATD000758,EMP00391,2026-07-30,Present,08:46,18:02
ATD000759,EMP00256,2026-07-29,Present,09:24,17:55
ATD000760,EMP01063,2024-11-24,Present,09:23,18:30
ATD000761,EMP00258,2026-07-31,Present,08:36,17:33
ATD000762,EMP00916,2024-09-01,Absent,NULL,NULL
ATD000763,EMP00919,2026-05-04,Present,08:50,18:18
ATD000764,EMP00187,2025-02-10,Present,08:48,17:05
ATD000765,EMP00465,2026-06-13,Present,09:01,18:03
ATD000766,EMP00092,2024-12-14,Absent,NULL,NULL
ATD000767,EMP00607,2025-06-06,"Half Day",09:18,13:44
ATD000768,EMP00847,2025-08-19,"Half Day",09:06,12:52
ATD000769,EMP00283,2025-05-13,"Work From Home",09:00,17:44
ATD000770,EMP00151,2025-07-24,Present,09:18,17:23
ATD000771,EMP00019,2024-09-29,Absent,NULL,NULL
ATD000772,EMP00884,2024-12-25,Present,09:41,17:53
ATD000773,EMP00851,2025-11-24,"Work From Home",09:37,18:20
ATD000774,EMP00223,2025-03-13,Absent,NULL,NULL
ATD000775,EMP00306,2025-10-03,Present,08:39,17:46
ATD000776,EMP00935,2024-12-27,"Work From Home",09:04,17:49
ATD000777,EMP01168,2026-01-17,"Work From Home",09:43,17:53
ATD000778,EMP00704,2025-08-17,"Work From Home",09:44,17:52
ATD000779,EMP00119,2026-03-06,"Work From Home",09:07,17:57
ATD000780,EMP00217,2026-05-17,Present,09:21,18:08
ATD000781,EMP00382,2025-01-12,Present,09:09,18:22
ATD000782,EMP00345,2025-05-25,"Half Day",09:01,13:13
ATD000783,EMP00316,2024-08-04,Present,08:48,17:29
ATD000784,EMP00415,2024-11-27,"Half Day",08:44,13:14
ATD000785,EMP00565,2025-07-27,Present,08:36,16:36
ATD000786,EMP00029,2025-08-17,Present,08:35,17:28
ATD000787,EMP00825,2024-10-20,Present,09:20,17:29
ATD000788,EMP00043,2025-01-30,Present,08:49,17:50
ATD000789,EMP00668,2025-06-09,Absent,NULL,NULL
ATD000790,EMP00019,2025-11-30,Present,08:37,17:14
ATD000791,EMP00097,2025-08-26,"Half Day",09:02,13:17
ATD000792,EMP00410,2025-08-30,"Half Day",09:26,13:00
ATD000793,EMP01215,2026-01-03,Present,09:20,18:15
ATD000794,EMP01023,2024-09-27,Absent,NULL,NULL
ATD000795,EMP00911,2026-07-31,"Work From Home",09:51,18:40
ATD000796,EMP00965,2024-12-18,"Work From Home",09:06,17:15
ATD000797,EMP00589,2025-09-23,Present,08:49,17:24
ATD000798,EMP00432,2026-03-29,Present,08:58,17:37
ATD000799,EMP00003,2026-02-22,Present,08:45,18:02
ATD000800,EMP00724,2026-07-15,Present,09:08,18:18
ATD000801,EMP00838,2025-12-17,"Half Day",08:45,12:28
ATD000802,EMP00540,2025-08-11,Present,09:36,18:43
ATD000803,EMP00244,2024-09-10,Present,08:59,18:16
ATD000804,EMP00061,2026-06-21,Absent,NULL,NULL
ATD000805,EMP00678,2025-09-29,"Work From Home",09:49,18:37
ATD000806,EMP00887,2026-02-23,"Work From Home",09:00,17:25
ATD000807,EMP00743,2025-03-29,Absent,NULL,NULL
ATD000808,EMP00603,2026-07-08,Present,08:50,17:35
ATD000809,EMP00505,2025-01-09,Present,09:23,17:38
ATD000810,EMP00925,2026-05-11,"Work From Home",09:44,18:06
ATD000811,EMP00013,2025-10-17,Present,09:31,18:45
ATD000812,EMP01046,2026-02-20,Present,08:50,17:20
ATD000813,EMP00223,2026-03-10,Present,09:15,17:21
ATD000814,EMP00978,2026-03-06,Present,08:40,17:21
ATD000815,EMP00978,2026-07-14,Present,08:38,17:37
ATD000816,EMP00644,2026-07-02,Absent,NULL,NULL
ATD000817,EMP01230,2025-02-21,Present,09:34,18:46
ATD000818,EMP00164,2025-05-04,Present,08:46,17:28
ATD000819,EMP00734,2025-02-08,Present,09:16,18:08
ATD000820,EMP01001,2026-06-14,Present,09:22,18:04
ATD000821,EMP00494,2025-09-22,Present,09:45,18:38
ATD000822,EMP01179,2024-09-21,Present,08:35,17:46
ATD000823,EMP00628,2025-10-22,Present,09:23,18:12
ATD000824,EMP00618,2025-02-24,Present,09:26,18:22
ATD000825,EMP00150,2026-04-01,Present,09:21,18:27
ATD000826,EMP00367,2024-10-09,"Half Day",08:50,12:45
ATD000827,EMP00485,2024-10-30,Present,09:29,18:17
ATD000828,EMP01191,2026-04-12,Present,09:28,17:50
ATD000829,EMP00027,2025-09-28,Present,08:48,17:21
ATD000830,EMP00692,2025-09-04,"Work From Home",09:03,17:20
ATD000831,EMP00691,2026-05-12,Present,09:28,18:57
ATD000832,EMP00877,2025-01-05,Present,08:52,17:25
ATD000833,EMP00523,2026-06-09,"Work From Home",09:54,17:55
ATD000834,EMP01057,2025-04-20,"Half Day",08:56,12:58
ATD000835,EMP00534,2025-05-03,Present,08:46,17:18
ATD000836,EMP00412,2026-07-11,"Half Day",09:19,13:12
ATD000837,EMP00183,2025-07-31,Present,08:49,17:04
ATD000838,EMP00947,2024-08-25,Present,08:42,17:54
ATD000839,EMP01130,2025-05-29,Absent,NULL,NULL
ATD000840,EMP00928,2025-03-04,Present,08:43,16:50
ATD000841,EMP00268,2025-08-23,Present,09:41,18:50
ATD000842,EMP00835,2024-12-22,Absent,NULL,NULL
ATD000843,EMP00978,2026-07-09,Absent,NULL,NULL
ATD000844,EMP00550,2025-03-22,Present,09:37,19:04
ATD000845,EMP00876,2026-05-17,"Work From Home",09:21,18:11
ATD000846,EMP00386,2026-07-22,Present,08:41,18:06
ATD000847,EMP00655,2024-10-22,Present,08:58,17:33
ATD000848,EMP00491,2025-09-19,Absent,NULL,NULL
ATD000849,EMP00889,2025-07-10,Present,09:04,18:10
ATD000850,EMP00571,2024-12-01,Present,09:18,17:45
ATD000851,EMP00442,2024-08-13,"Work From Home",09:34,17:54
ATD000852,EMP00318,2025-12-22,"Work From Home",09:38,18:29
ATD000853,EMP01041,2026-05-04,Present,08:59,17:22
ATD000854,EMP01163,2025-04-15,Present,08:48,17:59
ATD000855,EMP00634,2024-08-18,Present,09:36,17:43
ATD000856,EMP00692,2026-02-06,Present,09:07,18:27
ATD000857,EMP00506,2025-08-29,"Work From Home",09:50,18:14
ATD000858,EMP00306,2026-02-17,"Work From Home",09:52,18:52
ATD000859,EMP00284,2025-03-17,Absent,NULL,NULL
ATD000860,EMP00525,2025-12-21,"Half Day",08:59,13:08
ATD000861,EMP00592,2024-08-30,Present,08:52,18:12
ATD000862,EMP00620,2025-03-27,Present,09:02,17:44
ATD000863,EMP00571,2025-04-09,Present,08:59,17:39
ATD000864,EMP00382,2025-01-14,Present,08:58,18:07
ATD000865,EMP00872,2025-08-05,Absent,NULL,NULL
ATD000866,EMP00857,2025-09-16,Present,09:41,19:00
ATD000867,EMP00431,2026-05-03,Present,08:32,17:22
ATD000868,EMP00642,2026-05-09,Present,09:29,18:43
ATD000869,EMP00849,2025-07-04,"Work From Home",09:52,18:38
ATD000870,EMP00874,2025-07-05,"Work From Home",09:41,17:54
ATD000871,EMP00041,2026-04-27,Present,09:03,18:07
ATD000872,EMP00885,2025-09-18,Present,08:35,16:54
ATD000873,EMP00654,2026-03-15,Absent,NULL,NULL
ATD000874,EMP01095,2024-10-03,"Work From Home",09:40,18:25
ATD000875,EMP00119,2024-10-01,Present,08:53,17:42
ATD000876,EMP00060,2026-01-04,Present,08:47,18:17
ATD000877,EMP01056,2025-06-19,Present,08:50,18:03
ATD000878,EMP00421,2025-09-27,"Half Day",09:14,13:24
ATD000879,EMP00828,2024-08-23,Present,08:32,17:10
ATD000880,EMP00413,2025-05-11,Absent,NULL,NULL
ATD000881,EMP00805,2024-10-15,Present,09:02,17:08
ATD000882,EMP00398,2025-12-12,Absent,NULL,NULL
ATD000883,EMP00317,2026-01-29,Present,08:41,17:23
ATD000884,EMP00483,2025-01-08,Absent,NULL,NULL
ATD000885,EMP00825,2025-10-23,Present,08:55,17:38
ATD000886,EMP01125,2025-03-15,"Work From Home",09:02,17:35
ATD000887,EMP00727,2024-10-02,Present,09:39,18:47
ATD000888,EMP00333,2025-02-12,Present,08:46,17:19
ATD000889,EMP00041,2024-08-08,Present,08:37,17:52
ATD000890,EMP01179,2026-07-15,Present,09:43,18:22
ATD000891,EMP00660,2026-01-10,"Half Day",09:08,12:57
ATD000892,EMP00058,2024-09-12,"Work From Home",09:36,18:09
ATD000893,EMP01102,2025-10-10,"Half Day",08:53,12:42
ATD000894,EMP00703,2025-05-12,Present,09:44,18:06
ATD000895,EMP00185,2025-11-03,Present,08:43,17:23
ATD000896,EMP00157,2026-04-07,Present,08:51,17:34
ATD000897,EMP01094,2025-07-05,Present,09:13,17:32
ATD000898,EMP00649,2024-11-20,Present,08:55,17:21
ATD000899,EMP01114,2025-10-11,Present,08:39,16:59
ATD000900,EMP00935,2024-12-07,"Work From Home",09:08,17:55
ATD000901,EMP00515,2026-07-16,Present,09:45,18:33
ATD000902,EMP00234,2025-07-21,"Work From Home",09:43,17:58
ATD000903,EMP00573,2026-05-14,Present,08:45,16:53
ATD000904,EMP00452,2025-09-26,Present,08:50,17:29
ATD000905,EMP00552,2026-07-09,Absent,NULL,NULL
ATD000906,EMP00272,2025-07-12,Absent,NULL,NULL
ATD000907,EMP00969,2026-03-26,Present,09:19,17:23
ATD000908,EMP01050,2024-11-11,Present,09:17,17:26
ATD000909,EMP00427,2025-05-02,Present,08:56,17:01
ATD000910,EMP00439,2026-07-10,Present,08:47,17:19
ATD000911,EMP00096,2025-09-14,Present,09:10,17:11
ATD000912,EMP00131,2024-08-22,Present,08:59,17:44
ATD000913,EMP00752,2025-02-15,"Half Day",09:24,13:22
ATD000914,EMP00719,2026-04-06,"Half Day",09:22,13:20
ATD000915,EMP00088,2026-05-24,Present,08:31,17:17
ATD000916,EMP00499,2024-08-29,Present,08:31,17:54
ATD000917,EMP00653,2026-04-25,Present,08:47,17:51
ATD000918,EMP00685,2025-02-18,Present,08:47,18:12
ATD000919,EMP00446,2025-05-25,Absent,NULL,NULL
ATD000920,EMP00886,2026-01-05,Present,09:28,17:30
ATD000921,EMP00708,2025-06-26,"Work From Home",09:23,18:00
ATD000922,EMP00650,2025-12-30,Absent,NULL,NULL
ATD000923,EMP00320,2025-10-29,Present,08:44,18:07
ATD000924,EMP00965,2026-05-11,"Half Day",09:07,13:24
ATD000925,EMP00953,2025-10-05,Present,08:38,17:58
ATD000926,EMP01117,2025-10-30,Present,09:00,18:09
ATD000927,EMP00870,2025-12-10,"Work From Home",09:30,17:54
ATD000928,EMP00920,2025-04-05,Present,09:09,17:31
ATD000929,EMP00124,2026-06-27,Absent,NULL,NULL
ATD000930,EMP01209,2026-04-29,Present,08:48,17:18
ATD000931,EMP01012,2024-09-04,Present,09:26,18:40
ATD000932,EMP00335,2025-11-03,"Work From Home",09:44,17:55
ATD000933,EMP00063,2026-07-13,"Half Day",09:15,13:27
ATD000934,EMP00742,2024-10-31,Present,09:29,18:56
ATD000935,EMP00181,2025-01-08,"Half Day",09:08,12:52
ATD000936,EMP00813,2025-09-26,Present,08:37,17:05
ATD000937,EMP00071,2026-05-04,Present,09:33,18:59
ATD000938,EMP00463,2025-09-05,Present,09:26,18:06
ATD000939,EMP00068,2024-08-16,Absent,NULL,NULL
ATD000940,EMP01215,2025-03-14,Present,08:40,17:13
ATD000941,EMP00418,2025-08-28,Present,09:15,17:37
ATD000942,EMP00567,2026-05-11,"Work From Home",09:51,17:52
ATD000943,EMP00132,2024-09-05,Present,08:35,17:58
ATD000944,EMP00303,2024-10-29,Present,08:58,17:52
ATD000945,EMP00477,2024-09-08,Present,09:18,18:43
ATD000946,EMP00588,2026-01-17,Present,09:20,17:35
ATD000947,EMP00668,2025-10-02,Present,08:52,17:06
ATD000948,EMP00059,2024-12-14,Present,09:45,17:57
ATD000949,EMP00722,2025-01-04,Present,09:04,18:14
ATD000950,EMP00116,2026-01-07,Present,08:45,17:10
ATD000951,EMP00119,2026-03-28,"Half Day",09:00,12:38
ATD000952,EMP00781,2025-06-18,Absent,NULL,NULL
ATD000953,EMP00966,2025-03-03,Present,09:12,17:50
ATD000954,EMP00529,2024-09-11,"Half Day",08:44,13:00
ATD000955,EMP00185,2024-08-15,Present,09:32,18:18
ATD000956,EMP01046,2025-05-22,Present,09:32,18:37
ATD000957,EMP01195,2025-04-28,Absent,NULL,NULL
ATD000958,EMP00645,2026-03-25,Present,08:34,17:01
ATD000959,EMP01142,2025-07-06,"Work From Home",09:49,17:58
ATD000960,EMP00481,2025-12-07,Present,09:15,18:35
ATD000961,EMP00051,2025-11-09,Present,08:42,17:40
ATD000962,EMP00358,2026-02-22,Present,09:00,17:59
ATD000963,EMP01055,2025-12-23,Absent,NULL,NULL
ATD000964,EMP00860,2026-06-17,"Work From Home",09:53,18:07
ATD000965,EMP00564,2025-02-27,Present,08:39,17:41
ATD000966,EMP00397,2026-05-05,Absent,NULL,NULL
ATD000967,EMP00312,2025-03-15,Present,08:33,17:20
ATD000968,EMP00378,2025-03-13,Present,09:38,18:21
ATD000969,EMP00993,2026-04-10,Present,08:47,17:11
ATD000970,EMP01045,2025-08-18,Present,08:40,18:05
ATD000971,EMP01170,2025-08-25,Present,09:28,17:56
ATD000972,EMP00177,2026-02-18,"Half Day",08:54,13:11
ATD000973,EMP00814,2026-07-28,Present,08:54,17:52
ATD000974,EMP00440,2026-03-26,Present,08:54,17:28
ATD000975,EMP00856,2025-03-09,"Half Day",09:03,12:36
ATD000976,EMP00440,2025-03-16,Absent,NULL,NULL
ATD000977,EMP00317,2025-05-16,Absent,NULL,NULL
ATD000978,EMP00745,2025-05-04,Absent,NULL,NULL
ATD000979,EMP00690,2025-10-26,"Half Day",08:36,12:41
ATD000980,EMP00034,2025-02-28,Absent,NULL,NULL
ATD000981,EMP00312,2024-11-25,Present,09:41,17:43
ATD000982,EMP00444,2025-04-01,Present,09:44,18:21
ATD000983,EMP00537,2026-06-08,Present,09:11,17:16
ATD000984,EMP00913,2026-03-21,Absent,NULL,NULL
ATD000985,EMP00800,2025-01-24,Present,09:37,18:21
ATD000986,EMP00140,2025-02-03,Present,09:24,18:33
ATD000987,EMP00885,2024-08-31,"Work From Home",09:11,17:36
ATD000988,EMP00167,2024-11-19,Present,09:34,18:09
ATD000989,EMP00802,2025-08-30,Present,08:57,17:28
ATD000990,EMP00845,2025-06-03,Absent,NULL,NULL
ATD000991,EMP00518,2025-04-21,Present,08:51,18:05
ATD000992,EMP01054,2025-03-29,Present,08:56,17:01
ATD000993,EMP00887,2025-11-21,"Half Day",09:24,13:20
ATD000994,EMP00592,2026-03-26,"Work From Home",09:38,18:02
ATD000995,EMP00689,2025-06-18,Present,08:52,17:35
ATD000996,EMP00769,2026-02-20,Present,09:18,17:32
ATD000997,EMP00539,2025-03-04,Present,08:55,17:57
ATD000998,EMP00588,2026-03-04,"Half Day",08:36,12:35
ATD000999,EMP00442,2025-03-20,Absent,NULL,NULL
ATD001000,EMP00350,2024-08-01,Absent,NULL,NULL
ATD001001,EMP01127,2026-04-24,Present,08:37,16:50
ATD001002,EMP01098,2026-02-21,Present,09:43,18:29
ATD001003,EMP00288,2024-10-06,Present,09:12,18:00
ATD001004,EMP00040,2025-02-15,Present,09:22,17:59
ATD001005,EMP00576,2024-12-05,Present,09:41,17:59
ATD001006,EMP00206,2026-07-20,Present,08:32,17:37
ATD001007,EMP01175,2025-12-03,"Work From Home",09:12,17:33
ATD001008,EMP00057,2024-10-06,"Half Day",09:02,12:32
ATD001009,EMP00983,2025-07-10,Absent,NULL,NULL
ATD001010,EMP00055,2025-01-06,"Half Day",09:27,13:57
ATD001011,EMP00349,2024-10-21,"Work From Home",09:13,18:08
ATD001012,EMP01040,2025-09-13,Present,09:40,18:23
ATD001013,EMP00818,2025-05-20,Present,09:40,18:20
ATD001014,EMP00872,2024-12-06,"Half Day",08:42,12:47
ATD001015,EMP00115,2026-08-06,Present,09:15,18:20
ATD001016,EMP00220,2025-04-11,Present,08:37,17:48
ATD001017,EMP00164,2025-11-27,"Half Day",09:30,13:27
ATD001018,EMP00353,2024-12-22,Present,08:56,17:38
ATD001019,EMP00519,2025-10-25,Absent,NULL,NULL
ATD001020,EMP00187,2026-01-01,Present,09:09,18:05
ATD001021,EMP00078,2024-09-19,"Work From Home",09:36,17:53
ATD001022,EMP00888,2024-09-27,Present,09:39,17:44
ATD001023,EMP00116,2025-03-12,Present,08:48,17:09
ATD001024,EMP00761,2026-05-12,Present,08:37,17:25
ATD001025,EMP00604,2026-02-15,Absent,NULL,NULL
ATD001026,EMP01153,2026-01-27,Present,08:55,17:47
ATD001027,EMP01041,2026-04-22,Absent,NULL,NULL
ATD001028,EMP01189,2026-02-12,Present,09:25,18:21
ATD001029,EMP00084,2026-04-11,Present,09:14,18:19
ATD001030,EMP00458,2025-12-31,Present,08:48,17:27
ATD001031,EMP00537,2026-01-11,Present,09:43,19:08
ATD001032,EMP00208,2025-07-05,Absent,NULL,NULL
ATD001033,EMP00930,2024-12-19,Present,08:52,16:58
ATD001034,EMP00010,2026-07-17,Present,08:49,16:57
ATD001035,EMP00594,2025-03-07,Present,09:07,18:12
ATD001036,EMP00406,2025-04-28,"Half Day",08:53,12:56
ATD001037,EMP00829,2025-04-19,Present,08:54,17:21
ATD001038,EMP00236,2025-06-13,Present,08:47,17:39
ATD001039,EMP00648,2025-09-25,Present,09:32,18:34
ATD001040,EMP00423,2024-09-27,"Work From Home",09:19,17:25
ATD001041,EMP00762,2025-08-02,"Work From Home",09:48,18:07
ATD001042,EMP00319,2025-10-21,Present,08:43,16:45
ATD001043,EMP00390,2025-08-01,"Half Day",08:51,12:59
ATD001044,EMP01160,2025-02-09,Present,08:51,17:25
ATD001045,EMP00686,2025-11-04,Absent,NULL,NULL
ATD001046,EMP00998,2025-05-29,Present,08:56,17:31
ATD001047,EMP00868,2024-10-24,Present,08:56,18:21
ATD001048,EMP00088,2026-07-06,Absent,NULL,NULL
ATD001049,EMP00341,2025-07-19,Present,08:49,17:23
ATD001050,EMP01001,2024-11-17,Absent,NULL,NULL
ATD001051,EMP00490,2026-04-25,"Work From Home",09:20,17:38
ATD001052,EMP00464,2026-07-11,Present,08:57,17:16
ATD001053,EMP00555,2025-09-25,Present,09:34,18:15
ATD001054,EMP00440,2026-05-14,Present,09:12,17:14
ATD001055,EMP00056,2024-09-20,Present,08:33,16:43
ATD001056,EMP00913,2024-11-18,Absent,NULL,NULL
ATD001057,EMP00780,2026-05-23,Present,08:54,17:18
ATD001058,EMP01173,2025-07-30,Present,09:24,18:12
ATD001059,EMP01132,2025-03-10,Present,08:49,17:34
ATD001060,EMP00602,2025-01-15,"Half Day",08:33,12:46
ATD001061,EMP00351,2025-08-19,Present,08:31,17:25
ATD001062,EMP00920,2024-11-28,Absent,NULL,NULL
ATD001063,EMP00744,2024-09-09,Present,09:35,17:40
ATD001064,EMP00813,2024-09-10,Present,09:23,18:34
ATD001065,EMP00881,2025-01-18,Present,08:55,17:24
ATD001066,EMP01028,2026-05-20,"Work From Home",09:36,18:31
ATD001067,EMP00422,2025-06-21,Present,08:47,17:40
ATD001068,EMP00466,2026-02-15,"Half Day",09:05,12:53
ATD001069,EMP00958,2025-11-09,"Half Day",09:23,13:06
ATD001070,EMP00937,2025-03-16,Present,09:00,18:04
ATD001071,EMP00080,2025-10-05,Present,09:12,17:59
ATD001072,EMP00193,2026-03-18,"Half Day",09:23,13:10
ATD001073,EMP00212,2024-10-31,Present,08:41,17:15
ATD001074,EMP00807,2024-11-02,Present,09:31,18:49
ATD001075,EMP00533,2025-06-10,Present,08:50,16:54
ATD001076,EMP00529,2025-02-06,Present,08:30,17:21
ATD001077,EMP00636,2025-05-22,Present,09:33,18:20
ATD001078,EMP01190,2024-08-21,Present,08:48,17:21
ATD001079,EMP00899,2024-11-29,Present,08:41,17:18
ATD001080,EMP01182,2025-09-19,Present,08:30,17:04
ATD001081,EMP00291,2026-06-11,Present,09:21,18:39
ATD001082,EMP00268,2024-12-05,Absent,NULL,NULL
ATD001083,EMP01127,2025-01-16,Present,08:44,17:47
ATD001084,EMP00742,2026-05-13,"Work From Home",09:54,18:06
ATD001085,EMP00837,2025-03-19,Present,08:53,16:58
ATD001086,EMP00720,2025-06-18,Present,08:45,17:56
ATD001087,EMP01031,2025-10-05,Present,08:32,17:54
ATD001088,EMP00632,2025-10-29,Present,08:51,16:51
ATD001089,EMP01196,2026-03-25,Present,09:39,19:08
ATD001090,EMP00400,2026-01-09,"Work From Home",09:06,17:09
ATD001091,EMP01230,2026-07-18,Absent,NULL,NULL
ATD001092,EMP00993,2026-02-20,"Work From Home",09:56,18:54
ATD001093,EMP00399,2025-04-27,Present,08:53,17:58
ATD001094,EMP00770,2026-03-06,Present,09:00,17:15
ATD001095,EMP00721,2025-03-04,Present,09:43,18:43
ATD001096,EMP00019,2025-11-08,"Half Day",08:38,12:29
ATD001097,EMP00452,2026-04-02,Absent,NULL,NULL
ATD001098,EMP00089,2025-06-20,Present,08:48,17:03
ATD001099,EMP00152,2025-06-21,"Half Day",08:54,13:21
ATD001100,EMP00847,2025-02-16,Absent,NULL,NULL
ATD001101,EMP00482,2025-11-23,Present,08:47,17:27
ATD001102,EMP00498,2025-05-03,Present,09:18,17:34
ATD001103,EMP00189,2025-05-23,Present,08:50,16:58
ATD001104,EMP00254,2024-12-16,Absent,NULL,NULL
ATD001105,EMP01174,2026-05-30,Present,09:28,18:04
ATD001106,EMP01074,2026-05-06,Present,08:33,18:01
ATD001107,EMP00795,2025-10-26,Present,09:28,18:54
ATD001108,EMP00461,2024-10-18,Present,08:39,17:19
ATD001109,EMP00585,2025-10-16,Present,09:22,18:52
ATD001110,EMP00286,2026-01-08,Absent,NULL,NULL
ATD001111,EMP00321,2025-12-13,Present,09:28,17:59
ATD001112,EMP00836,2025-04-27,Present,08:39,17:31
ATD001113,EMP00352,2025-07-12,Present,08:30,18:00
ATD001114,EMP00892,2024-09-30,Absent,NULL,NULL
ATD001115,EMP00398,2025-11-26,Absent,NULL,NULL
ATD001116,EMP01067,2025-09-20,Present,08:40,16:59
ATD001117,EMP00779,2026-05-08,Present,09:02,17:38
ATD001118,EMP00626,2025-05-18,Present,09:27,18:31
ATD001119,EMP00744,2025-02-13,Present,08:31,16:50
ATD001120,EMP00229,2025-08-26,Present,08:34,16:51
ATD001121,EMP00628,2026-05-11,Present,09:19,17:58
ATD001122,EMP00582,2025-11-10,Present,08:32,16:39
ATD001123,EMP00393,2025-08-30,Absent,NULL,NULL
ATD001124,EMP00758,2026-06-23,Present,09:16,17:29
ATD001125,EMP01015,2025-10-10,Present,08:43,17:29
ATD001126,EMP00674,2026-07-13,"Half Day",08:32,12:41
ATD001127,EMP00828,2025-11-13,Present,09:07,17:37
ATD001128,EMP00171,2025-11-06,Present,08:38,17:13
ATD001129,EMP00858,2024-09-26,Absent,NULL,NULL
ATD001130,EMP00926,2025-05-31,Absent,NULL,NULL
ATD001131,EMP00346,2025-03-24,Present,08:54,18:05
ATD001132,EMP00876,2026-01-16,Present,08:31,17:20
ATD001133,EMP00986,2025-07-18,Absent,NULL,NULL
ATD001134,EMP00037,2024-09-21,"Half Day",09:07,13:37
ATD001135,EMP00138,2026-07-17,Present,09:21,18:25
ATD001136,EMP00451,2024-08-14,Present,09:02,17:58
ATD001137,EMP00782,2025-08-13,Present,08:51,17:53
ATD001138,EMP01096,2024-12-16,"Work From Home",09:47,18:36
ATD001139,EMP00413,2024-11-22,Present,09:33,18:28
ATD001140,EMP00384,2025-12-09,Absent,NULL,NULL
ATD001141,EMP00100,2026-04-27,"Work From Home",09:02,17:56
ATD001142,EMP00687,2025-10-29,"Work From Home",09:48,18:19
ATD001143,EMP01126,2025-04-11,Present,09:02,18:11
ATD001144,EMP01080,2026-07-05,"Work From Home",09:42,18:32
ATD001145,EMP00580,2025-01-07,Present,09:10,17:14
ATD001146,EMP00292,2025-01-26,"Half Day",09:01,12:52
ATD001147,EMP00829,2025-08-19,Present,08:46,18:16
ATD001148,EMP01051,2025-04-03,Absent,NULL,NULL
ATD001149,EMP01225,2025-01-09,Absent,NULL,NULL
ATD001150,EMP00111,2025-10-11,Present,09:19,17:26
ATD001151,EMP00245,2025-12-11,Present,09:44,18:45
ATD001152,EMP00613,2026-05-31,"Work From Home",09:50,18:02
ATD001153,EMP00658,2026-02-13,Present,09:35,19:05
ATD001154,EMP00141,2025-04-11,Absent,NULL,NULL
ATD001155,EMP01156,2025-05-02,"Half Day",08:43,12:41
ATD001156,EMP00439,2024-10-31,Present,08:34,17:22
ATD001157,EMP01205,2024-08-21,"Half Day",08:55,12:29
ATD001158,EMP00585,2025-01-27,Present,09:04,18:05
ATD001159,EMP00630,2025-06-22,Present,09:17,17:46
ATD001160,EMP00155,2025-11-14,Present,08:38,16:38
ATD001161,EMP00227,2026-03-21,"Work From Home",09:51,18:49
ATD001162,EMP00443,2025-10-13,Present,08:38,16:58
ATD001163,EMP00067,2025-09-23,Present,09:19,17:42
ATD001164,EMP00836,2026-06-17,"Half Day",08:32,12:43
ATD001165,EMP00345,2025-08-06,Present,08:47,17:00
ATD001166,EMP01056,2026-04-19,Present,08:43,16:51
ATD001167,EMP00556,2025-10-23,"Work From Home",09:36,18:35
ATD001168,EMP00263,2024-11-12,Absent,NULL,NULL
ATD001169,EMP00638,2025-04-27,Present,09:23,17:48
ATD001170,EMP00722,2025-02-13,Present,09:29,18:38
ATD001171,EMP01181,2026-01-12,"Work From Home",09:56,18:32
ATD001172,EMP00397,2025-06-27,Present,09:41,18:39
ATD001173,EMP00006,2025-04-02,"Half Day",09:12,12:52
ATD001174,EMP00689,2024-08-06,Absent,NULL,NULL
ATD001175,EMP00808,2024-08-06,Present,08:43,17:54
ATD001176,EMP00208,2026-07-25,Present,08:42,17:32
ATD001177,EMP00942,2024-09-14,Present,09:05,18:22
ATD001178,EMP00303,2025-12-26,Present,08:35,17:53
ATD001179,EMP00531,2025-04-03,Present,09:32,17:47
ATD001180,EMP00236,2026-01-03,Present,08:58,17:39
ATD001181,EMP00554,2025-10-19,"Half Day",09:25,13:28
ATD001182,EMP00383,2026-06-09,Present,08:51,17:44
ATD001183,EMP00213,2026-05-06,"Work From Home",09:00,17:51
ATD001184,EMP00839,2025-05-24,Present,09:40,18:09
ATD001185,EMP00332,2024-12-20,Absent,NULL,NULL
ATD001186,EMP00348,2024-08-19,Present,08:39,16:50
ATD001187,EMP01209,2025-04-28,Present,09:11,18:04
ATD001188,EMP00149,2026-01-29,"Work From Home",09:16,17:55
ATD001189,EMP00492,2026-04-21,Absent,NULL,NULL
ATD001190,EMP00655,2026-07-29,Present,09:16,18:05
ATD001191,EMP00489,2024-09-08,Present,09:23,17:48
ATD001192,EMP00813,2025-11-17,"Work From Home",09:09,17:37
ATD001193,EMP00579,2025-03-07,"Work From Home",09:49,18:21
ATD001194,EMP00542,2025-12-25,Present,09:15,18:13
ATD001195,EMP00709,2026-03-19,Present,09:03,17:48
ATD001196,EMP01148,2025-08-26,"Half Day",09:23,13:51
ATD001197,EMP01218,2026-07-12,Present,08:58,17:52
ATD001198,EMP00451,2025-08-02,Present,08:46,17:47
ATD001199,EMP00309,2026-08-03,Present,08:45,17:13
ATD001200,EMP00669,2026-07-29,Present,08:41,17:55
ATD001201,EMP01223,2024-09-16,Present,09:14,18:25
ATD001202,EMP00911,2026-06-19,Present,08:33,17:23
ATD001203,EMP00349,2025-11-27,"Work From Home",09:45,18:29
ATD001204,EMP00034,2024-09-17,Present,09:00,17:08
ATD001205,EMP00232,2024-11-04,"Half Day",09:15,13:38
ATD001206,EMP01012,2025-11-03,"Work From Home",09:01,17:14
ATD001207,EMP00319,2024-12-01,Present,08:49,17:20
ATD001208,EMP00671,2025-05-15,Present,08:51,17:13
ATD001209,EMP00993,2025-05-26,Absent,NULL,NULL
ATD001210,EMP01165,2025-08-18,Present,09:20,17:28
ATD001211,EMP00608,2026-08-03,Absent,NULL,NULL
ATD001212,EMP00809,2025-09-02,"Work From Home",09:23,18:08
ATD001213,EMP00868,2025-08-30,Present,09:36,18:54
ATD001214,EMP00883,2025-09-13,Present,09:26,18:43
ATD001215,EMP00174,2024-11-24,"Half Day",09:07,12:51
ATD001216,EMP00893,2025-05-21,"Work From Home",09:18,17:27
ATD001217,EMP00293,2025-12-09,Absent,NULL,NULL
ATD001218,EMP00738,2024-12-30,Present,09:07,17:25
ATD001219,EMP01073,2026-01-02,"Work From Home",09:31,18:31
ATD001220,EMP00626,2025-10-14,Present,09:38,18:30
ATD001221,EMP00343,2025-05-11,Absent,NULL,NULL
ATD001222,EMP00468,2024-12-13,Present,09:43,18:24
ATD001223,EMP00008,2025-09-16,"Half Day",08:31,12:33
ATD001224,EMP00807,2025-03-20,Present,09:44,17:55
ATD001225,EMP00670,2026-05-11,Present,09:15,17:36
ATD001226,EMP00790,2025-05-14,"Half Day",08:40,12:21
ATD001227,EMP00323,2025-04-05,Present,09:20,17:48
ATD001228,EMP01115,2026-03-16,"Work From Home",09:08,17:55
ATD001229,EMP00934,2025-03-29,"Work From Home",09:12,18:06
ATD001230,EMP00280,2026-07-09,Present,08:39,17:30
ATD001231,EMP00747,2025-09-05,Present,08:49,17:24
ATD001232,EMP00321,2025-03-31,Absent,NULL,NULL
ATD001233,EMP00330,2024-11-06,Present,08:51,17:31
ATD001234,EMP00970,2024-08-23,Present,09:34,18:45
ATD001235,EMP00642,2025-04-19,Absent,NULL,NULL
ATD001236,EMP00686,2025-11-16,Present,08:47,17:25
ATD001237,EMP00502,2025-08-16,Present,08:50,17:56
ATD001238,EMP00448,2026-06-27,"Work From Home",09:44,18:42
ATD001239,EMP01175,2025-03-25,"Work From Home",09:48,17:48
ATD001240,EMP00959,2026-05-17,Present,08:54,17:04
ATD001241,EMP00516,2025-06-03,Present,09:14,18:30
ATD001242,EMP01203,2026-06-10,"Work From Home",09:05,17:17
ATD001243,EMP00084,2025-02-02,Present,08:33,18:01
ATD001244,EMP00248,2025-01-27,Present,08:49,18:15
ATD001245,EMP00842,2024-12-27,"Half Day",08:47,12:29
ATD001246,EMP00624,2024-10-27,"Half Day",08:31,12:51
ATD001247,EMP00120,2026-03-21,"Half Day",08:54,13:19
ATD001248,EMP00914,2025-04-03,Present,08:51,18:20
ATD001249,EMP01052,2024-08-28,Present,08:48,17:18
ATD001250,EMP00744,2025-03-13,"Work From Home",09:42,17:50
ATD001251,EMP00163,2025-01-01,Present,09:08,17:44
ATD001252,EMP00072,2025-06-11,Present,09:42,18:47
ATD001253,EMP00660,2025-07-13,"Work From Home",09:30,18:11
ATD001254,EMP01118,2026-07-26,Present,09:04,17:37
ATD001255,EMP00893,2026-04-26,Absent,NULL,NULL
ATD001256,EMP00363,2025-04-12,Present,09:03,17:19
ATD001257,EMP00261,2024-08-30,"Work From Home",09:09,17:20
ATD001258,EMP00344,2026-03-15,Absent,NULL,NULL
ATD001259,EMP00562,2026-05-14,"Work From Home",09:30,17:35
ATD001260,EMP01152,2024-12-18,"Work From Home",09:48,17:55
ATD001261,EMP01024,2025-10-14,"Half Day",09:26,13:01
ATD001262,EMP00243,2025-09-23,Present,08:31,17:31
ATD001263,EMP01018,2025-10-07,"Half Day",08:44,13:01
ATD001264,EMP00985,2025-09-25,Present,08:46,17:55
ATD001265,EMP00862,2025-08-23,Absent,NULL,NULL
ATD001266,EMP00859,2025-10-13,Present,09:17,17:21
ATD001267,EMP00308,2025-09-11,Absent,NULL,NULL
ATD001268,EMP00958,2025-08-02,"Half Day",08:50,13:15
ATD001269,EMP00681,2025-06-17,Present,08:48,17:46
ATD001270,EMP01043,2025-10-04,Present,09:32,18:57
ATD001271,EMP00742,2026-01-08,"Half Day",09:23,13:04
ATD001272,EMP00618,2025-12-09,Absent,NULL,NULL
ATD001273,EMP00809,2024-11-10,Present,09:41,18:39
ATD001274,EMP00860,2026-07-14,Present,09:13,17:58
ATD001275,EMP01019,2025-04-11,Present,09:30,18:33
ATD001276,EMP00490,2026-02-14,Present,09:37,18:29
ATD001277,EMP00927,2024-10-24,Absent,NULL,NULL
ATD001278,EMP00295,2024-10-09,Present,08:34,17:29
ATD001279,EMP01184,2024-11-10,Present,08:44,17:55
ATD001280,EMP00835,2025-07-12,Present,09:14,17:55
ATD001281,EMP01156,2026-05-23,Present,08:38,16:41
ATD001282,EMP00676,2024-08-31,"Half Day",09:16,13:19
ATD001283,EMP00984,2026-04-08,"Half Day",08:56,13:22
ATD001284,EMP00264,2025-06-20,Present,08:40,17:50
ATD001285,EMP00506,2025-12-16,Absent,NULL,NULL
ATD001286,EMP00560,2025-11-29,"Half Day",08:37,12:35
ATD001287,EMP00724,2025-09-25,"Half Day",08:37,12:39
ATD001288,EMP00286,2025-12-05,Present,08:59,18:24
ATD001289,EMP00578,2026-05-13,"Work From Home",09:42,18:38
ATD001290,EMP00388,2025-02-10,Present,09:21,18:13
ATD001291,EMP00368,2025-07-31,"Work From Home",09:27,17:51
ATD001292,EMP00586,2026-04-03,Absent,NULL,NULL
ATD001293,EMP00587,2025-02-28,Present,09:10,17:57
ATD001294,EMP00649,2025-08-07,Present,09:36,19:03
ATD001295,EMP01071,2025-03-15,"Half Day",09:29,13:22
ATD001296,EMP00109,2025-11-22,Present,08:32,17:07
ATD001297,EMP00278,2025-10-03,Present,08:47,16:55
ATD001298,EMP00757,2024-08-06,Present,09:00,17:25
ATD001299,EMP00625,2025-02-20,Present,09:17,17:23
ATD001300,EMP00598,2026-07-30,"Work From Home",09:35,17:47
ATD001301,EMP00550,2025-08-08,Present,08:47,16:57
ATD001302,EMP01138,2025-08-16,"Work From Home",09:17,17:50
ATD001303,EMP01194,2025-06-17,Present,09:26,18:54
ATD001304,EMP00894,2024-08-25,Present,08:38,17:00
ATD001305,EMP00530,2025-12-21,"Half Day",08:53,12:42
ATD001306,EMP00682,2026-07-12,Present,08:30,17:24
ATD001307,EMP00597,2025-12-04,Present,09:39,18:21
ATD001308,EMP00845,2026-04-07,Present,09:41,18:06
ATD001309,EMP00989,2025-05-20,Present,08:40,16:51
ATD001310,EMP01177,2026-06-11,Present,09:18,17:37
ATD001311,EMP00020,2025-08-25,"Half Day",08:45,12:50
ATD001312,EMP00442,2025-07-21,Present,09:30,18:08
ATD001313,EMP00699,2025-09-07,Present,08:45,16:45
ATD001314,EMP01178,2024-08-27,Absent,NULL,NULL
ATD001315,EMP00240,2025-10-07,"Work From Home",09:03,17:08
ATD001316,EMP01045,2026-04-27,Present,09:17,18:02
ATD001317,EMP00250,2024-12-16,Present,09:04,18:29
ATD001318,EMP01120,2025-08-24,"Work From Home",09:22,18:08
ATD001319,EMP00809,2024-09-10,"Work From Home",09:52,18:08
ATD001320,EMP00076,2024-10-26,Absent,NULL,NULL
ATD001321,EMP00740,2024-11-30,"Half Day",09:14,13:13
ATD001322,EMP01103,2026-07-27,"Half Day",08:31,12:16
ATD001323,EMP01213,2025-07-24,Present,08:44,18:10
ATD001324,EMP00059,2026-03-13,Present,09:09,18:15
ATD001325,EMP00674,2025-10-13,Present,08:41,17:46
ATD001326,EMP00293,2024-08-26,"Half Day",08:50,13:02
ATD001327,EMP00144,2025-06-11,Present,08:38,17:02
ATD001328,EMP00963,2024-12-04,"Work From Home",09:19,18:12
ATD001329,EMP00179,2026-01-27,"Work From Home",09:25,18:19
ATD001330,EMP00913,2025-04-09,Present,08:44,18:09
ATD001331,EMP00054,2025-10-22,Present,09:44,19:03
ATD001332,EMP00675,2026-05-06,Present,09:39,19:00
ATD001333,EMP00455,2025-12-15,Present,08:49,17:08
ATD001334,EMP00253,2024-10-04,Present,08:40,17:13
ATD001335,EMP01167,2024-11-18,Present,08:58,16:58
ATD001336,EMP00247,2026-04-11,Present,08:59,17:29
ATD001337,EMP00992,2025-11-13,Present,09:24,18:54
ATD001338,EMP00495,2024-09-30,Present,09:04,17:59
ATD001339,EMP00843,2024-11-10,Present,08:44,16:51
ATD001340,EMP00938,2025-08-11,"Work From Home",09:02,17:38
ATD001341,EMP00584,2026-05-04,Present,08:43,17:52
ATD001342,EMP00415,2025-05-14,"Half Day",08:46,12:26
ATD001343,EMP01057,2024-09-12,"Half Day",09:30,13:51
ATD001344,EMP00116,2025-08-08,Present,08:51,17:18
ATD001345,EMP00631,2026-05-29,Present,08:48,18:14
ATD001346,EMP00023,2025-12-12,Present,08:59,17:24
ATD001347,EMP00328,2025-12-08,Present,09:03,18:06
ATD001348,EMP00485,2025-03-04,Present,09:11,17:30
ATD001349,EMP00133,2024-12-26,Present,09:17,17:48
ATD001350,EMP00159,2025-09-20,"Half Day",09:24,13:09
ATD001351,EMP00710,2025-05-27,"Half Day",08:46,12:58
ATD001352,EMP00991,2026-03-13,Present,09:12,17:28
ATD001353,EMP00557,2025-09-10,"Half Day",08:49,13:12
ATD001354,EMP00670,2024-12-20,"Work From Home",09:13,17:27
ATD001355,EMP01164,2026-03-27,Present,08:35,17:29
ATD001356,EMP00629,2025-01-01,Present,08:45,18:13
ATD001357,EMP00065,2024-09-04,Present,08:46,17:16
ATD001358,EMP00610,2024-12-19,Present,09:29,17:30
ATD001359,EMP01201,2026-03-09,Present,09:27,17:57
ATD001360,EMP01226,2025-03-11,Present,09:12,18:26
ATD001361,EMP00810,2025-06-01,Present,09:31,17:58
ATD001362,EMP01021,2026-03-16,"Half Day",08:54,12:30
ATD001363,EMP01072,2025-05-06,Present,09:23,17:49
ATD001364,EMP00124,2025-06-30,"Work From Home",09:32,17:50
ATD001365,EMP00745,2026-03-31,Present,09:03,17:11
ATD001366,EMP00811,2024-10-29,Absent,NULL,NULL
ATD001367,EMP00598,2026-01-17,Present,09:44,18:28
ATD001368,EMP01077,2024-08-01,Present,09:19,18:30
ATD001369,EMP00030,2025-05-27,Present,08:54,17:39
ATD001370,EMP00464,2025-02-06,Absent,NULL,NULL
ATD001371,EMP00426,2025-09-20,Present,08:53,17:37
ATD001372,EMP01009,2025-09-25,Present,09:10,17:19
ATD001373,EMP01204,2024-11-18,Absent,NULL,NULL
ATD001374,EMP01032,2024-08-23,Absent,NULL,NULL
ATD001375,EMP00730,2024-08-14,"Work From Home",09:53,18:26
ATD001376,EMP00539,2025-11-29,"Work From Home",09:37,17:38
ATD001377,EMP00381,2026-06-13,Present,08:46,17:39
ATD001378,EMP01177,2025-10-30,Present,09:45,18:52
ATD001379,EMP00822,2025-10-11,Present,09:10,17:18
ATD001380,EMP00414,2026-07-16,"Work From Home",09:27,17:57
ATD001381,EMP00677,2026-07-07,"Work From Home",09:40,17:47
ATD001382,EMP01026,2025-10-25,Present,09:21,17:28
ATD001383,EMP01148,2026-05-27,Present,08:30,17:20
ATD001384,EMP00917,2025-04-11,Present,09:44,18:48
ATD001385,EMP00612,2025-07-04,Present,08:57,17:11
ATD001386,EMP00618,2025-09-09,Present,08:44,18:08
ATD001387,EMP01132,2025-05-11,Present,09:37,18:00
ATD001388,EMP01012,2025-10-02,"Half Day",08:52,13:14
ATD001389,EMP01063,2026-08-04,Present,08:35,17:58
ATD001390,EMP00598,2026-01-26,Present,09:00,17:20
ATD001391,EMP00349,2025-01-19,Absent,NULL,NULL
ATD001392,EMP00619,2024-09-30,Present,08:36,17:08
ATD001393,EMP00806,2024-11-02,"Half Day",09:25,13:42
ATD001394,EMP00242,2024-09-04,Present,09:40,18:32
ATD001395,EMP00547,2025-07-06,Present,09:24,18:12
ATD001396,EMP00665,2026-01-18,Present,09:27,17:43
ATD001397,EMP00063,2024-09-25,"Half Day",08:32,12:58
ATD001398,EMP00925,2025-06-10,Present,08:45,17:28
ATD001399,EMP00452,2025-05-19,Absent,NULL,NULL
ATD001400,EMP00220,2026-01-12,Absent,NULL,NULL
ATD001401,EMP00700,2025-06-16,Absent,NULL,NULL
ATD001402,EMP00567,2026-02-23,"Work From Home",09:14,17:32
ATD001403,EMP00942,2024-10-14,Present,08:34,17:33
ATD001404,EMP00450,2024-12-29,Present,08:44,16:51
ATD001405,EMP01171,2026-03-20,Present,08:58,17:16
ATD001406,EMP01125,2025-10-31,Present,08:40,17:33
ATD001407,EMP00779,2024-11-13,Present,08:32,17:02
ATD001408,EMP00303,2026-01-12,"Work From Home",09:24,17:46
ATD001409,EMP00160,2024-12-19,"Work From Home",09:50,18:06
ATD001410,EMP00374,2024-08-28,Present,08:37,17:22
ATD001411,EMP00234,2025-01-01,Present,09:37,17:37
ATD001412,EMP01122,2025-10-28,Absent,NULL,NULL
ATD001413,EMP01121,2025-04-29,Absent,NULL,NULL
ATD001414,EMP00031,2024-09-05,Absent,NULL,NULL
ATD001415,EMP00903,2025-09-26,Present,08:31,17:06
ATD001416,EMP00961,2024-10-04,Present,08:43,17:24
ATD001417,EMP00384,2025-11-03,Present,08:55,18:19
ATD001418,EMP00933,2025-02-21,Present,08:56,17:48
ATD001419,EMP01036,2025-03-13,Present,08:47,17:28
ATD001420,EMP00437,2025-08-21,Present,08:44,18:08
ATD001421,EMP01204,2024-08-20,Present,08:41,17:06
ATD001422,EMP00450,2025-10-18,Absent,NULL,NULL
ATD001423,EMP00081,2025-08-19,Present,08:43,17:15
ATD001424,EMP00830,2024-12-05,Absent,NULL,NULL
ATD001425,EMP00821,2026-05-22,Present,08:59,17:04
ATD001426,EMP00463,2024-10-10,Present,09:00,18:06
ATD001427,EMP00343,2026-06-11,"Half Day",09:30,13:08
ATD001428,EMP00465,2025-01-28,Present,08:34,17:48
ATD001429,EMP01125,2026-07-08,Present,08:46,17:55
ATD001430,EMP00649,2025-10-22,Present,08:45,17:29
ATD001431,EMP00757,2026-08-01,"Half Day",09:21,12:56
ATD001432,EMP00737,2025-05-13,Present,08:59,18:22
ATD001433,EMP01057,2025-09-11,"Work From Home",09:08,17:46
ATD001434,EMP00553,2024-09-15,"Half Day",09:08,13:38
ATD001435,EMP00284,2025-01-04,Present,08:55,17:30
ATD001436,EMP01171,2026-01-18,Present,09:04,17:38
ATD001437,EMP00781,2026-02-03,Present,08:40,17:01
ATD001438,EMP01177,2025-04-06,Present,08:39,17:36
ATD001439,EMP00218,2025-09-19,Present,08:41,17:05
ATD001440,EMP01001,2026-04-28,Present,08:41,17:04
ATD001441,EMP00783,2026-03-16,"Work From Home",09:52,18:00
ATD001442,EMP00421,2026-08-04,Present,08:53,18:20
ATD001443,EMP01151,2024-10-20,Present,08:43,17:30
ATD001444,EMP00877,2025-08-13,Present,08:40,16:51
ATD001445,EMP01192,2024-11-11,Present,08:47,17:21
ATD001446,EMP00567,2024-08-14,"Work From Home",09:09,17:21
ATD001447,EMP00363,2025-11-03,Absent,NULL,NULL
ATD001448,EMP00628,2025-11-27,Present,08:34,17:48
ATD001449,EMP00685,2024-09-19,Present,09:12,17:30
ATD001450,EMP00941,2025-05-19,Present,08:38,17:53
ATD001451,EMP00854,2026-04-16,"Half Day",08:40,12:38
ATD001452,EMP01128,2025-10-18,Present,09:17,18:30
ATD001453,EMP00203,2025-06-21,"Work From Home",09:47,18:12
ATD001454,EMP00818,2025-11-13,"Work From Home",09:00,17:09
ATD001455,EMP00996,2025-01-08,"Work From Home",09:05,17:38
ATD001456,EMP00020,2026-02-15,Present,08:45,17:31
ATD001457,EMP00424,2025-05-20,"Work From Home",09:07,17:33
ATD001458,EMP00860,2024-11-12,Present,08:46,16:46
ATD001459,EMP00367,2025-05-15,"Work From Home",09:20,17:47
ATD001460,EMP00294,2025-05-11,Absent,NULL,NULL
ATD001461,EMP00426,2026-02-04,Present,09:45,18:29
ATD001462,EMP00386,2026-07-11,Present,08:57,17:11
ATD001463,EMP00023,2024-12-19,"Half Day",08:47,12:32
ATD001464,EMP00193,2025-12-16,Present,08:57,17:41
ATD001465,EMP00566,2024-10-10,Absent,NULL,NULL
ATD001466,EMP00346,2026-04-08,"Work From Home",09:19,18:02
ATD001467,EMP00799,2024-11-19,Present,09:10,18:19
ATD001468,EMP00313,2026-06-13,Present,08:44,18:06
ATD001469,EMP00202,2025-09-20,Present,08:58,17:04
ATD001470,EMP00450,2025-08-16,Present,08:58,17:07
ATD001471,EMP00572,2026-05-05,Present,08:40,16:41
ATD001472,EMP00229,2025-08-10,Present,09:17,18:37
ATD001473,EMP01194,2025-11-08,Present,09:26,18:42
ATD001474,EMP00352,2026-04-15,Present,08:38,17:54
ATD001475,EMP00310,2025-02-09,"Half Day",09:18,13:37
ATD001476,EMP00059,2026-03-05,Absent,NULL,NULL
ATD001477,EMP00194,2025-02-27,Present,09:19,17:27
ATD001478,EMP01225,2024-09-08,Present,08:54,17:47
ATD001479,EMP00219,2025-03-05,Present,09:11,18:10
ATD001480,EMP00615,2024-10-21,"Work From Home",09:06,18:00
ATD001481,EMP00329,2026-04-26,Present,08:32,16:44
ATD001482,EMP00182,2024-11-12,"Work From Home",09:19,18:11
ATD001483,EMP00330,2025-06-18,Absent,NULL,NULL
ATD001484,EMP00960,2025-05-26,Absent,NULL,NULL
ATD001485,EMP00137,2024-08-07,Present,09:40,18:15
ATD001486,EMP00752,2024-12-03,"Work From Home",09:03,17:35
ATD001487,EMP00399,2026-07-04,Present,08:40,16:44
ATD001488,EMP01072,2026-06-28,Present,09:36,18:04
ATD001489,EMP00412,2025-10-18,Present,08:33,16:46
ATD001490,EMP00572,2025-11-13,Present,08:40,17:18
ATD001491,EMP00928,2026-01-06,"Work From Home",09:13,17:22
ATD001492,EMP00681,2024-09-17,Present,09:00,18:14
ATD001493,EMP00783,2026-07-29,Absent,NULL,NULL
ATD001494,EMP00387,2025-11-02,Present,09:43,18:18
ATD001495,EMP00510,2025-06-27,Absent,NULL,NULL
ATD001496,EMP01220,2025-05-05,Absent,NULL,NULL
ATD001497,EMP00998,2025-03-20,Present,09:29,18:10
ATD001498,EMP00365,2025-04-29,"Work From Home",09:37,17:55
ATD001499,EMP00457,2025-06-24,Present,08:34,17:00
ATD001500,EMP00272,2025-03-15,Present,09:23,18:39
ATD001501,EMP00954,2025-03-24,Present,09:02,18:07
ATD001502,EMP00014,2026-03-03,Present,08:33,17:25
ATD001503,EMP01043,2024-08-31,Present,09:07,17:53
ATD001504,EMP00619,2024-09-25,Present,08:59,17:49
ATD001505,EMP00176,2024-11-30,Absent,NULL,NULL
ATD001506,EMP01157,2025-07-09,"Half Day",09:16,12:51
ATD001507,EMP00622,2026-06-20,Present,09:10,17:21
ATD001508,EMP00896,2025-02-04,Present,09:19,17:31
ATD001509,EMP00301,2025-06-09,Present,08:54,17:22
ATD001510,EMP00556,2025-05-15,"Work From Home",09:08,17:15
ATD001511,EMP00705,2024-09-01,Present,08:33,17:17
ATD001512,EMP00418,2025-09-18,Present,09:13,17:25
ATD001513,EMP00087,2025-09-27,"Work From Home",09:22,17:26
ATD001514,EMP00854,2026-03-08,"Work From Home",09:11,17:42
ATD001515,EMP01088,2025-05-09,"Work From Home",09:05,17:29
ATD001516,EMP00913,2025-05-11,Present,09:14,18:22
ATD001517,EMP00863,2025-11-16,Present,08:45,17:48
ATD001518,EMP00939,2026-07-27,Absent,NULL,NULL
ATD001519,EMP00949,2025-02-10,Present,08:39,18:01
ATD001520,EMP00416,2026-06-01,Absent,NULL,NULL
ATD001521,EMP00651,2026-04-30,Absent,NULL,NULL
ATD001522,EMP00385,2025-08-26,Present,08:38,17:01
ATD001523,EMP00567,2026-05-20,"Work From Home",09:42,18:32
ATD001524,EMP00841,2026-03-02,Present,08:32,17:12
ATD001525,EMP00315,2025-09-13,"Half Day",08:57,13:11
ATD001526,EMP00805,2026-05-29,Absent,NULL,NULL
ATD001527,EMP00482,2024-10-13,Present,08:55,18:05
ATD001528,EMP00808,2025-05-07,Present,08:55,17:38
ATD001529,EMP00709,2024-10-14,Absent,NULL,NULL
ATD001530,EMP01063,2024-10-27,Present,08:47,17:22
ATD001531,EMP00361,2025-10-04,Present,08:48,17:47
ATD001532,EMP00288,2025-11-01,Present,08:49,17:41
ATD001533,EMP01169,2026-04-25,Absent,NULL,NULL
ATD001534,EMP00493,2026-06-30,Present,08:54,17:46
ATD001535,EMP00304,2025-10-27,Present,08:57,18:24
ATD001536,EMP00330,2026-02-05,"Work From Home",09:24,17:57
ATD001537,EMP01215,2024-09-13,Present,08:41,16:54
ATD001538,EMP00116,2025-09-28,"Work From Home",09:35,17:51
ATD001539,EMP01030,2024-10-14,Present,08:45,17:33
ATD001540,EMP00147,2026-03-04,Present,09:44,18:59
ATD001541,EMP00016,2026-07-14,"Work From Home",09:12,17:51
ATD001542,EMP00569,2024-11-12,Present,08:41,16:46
ATD001543,EMP00041,2025-04-18,Present,08:48,17:42
ATD001544,EMP01144,2024-08-30,"Half Day",08:35,12:39
ATD001545,EMP00212,2024-09-02,"Work From Home",09:47,17:54
ATD001546,EMP00402,2025-05-19,Present,09:05,18:17
ATD001547,EMP01079,2024-10-13,Present,08:39,17:45
ATD001548,EMP01059,2025-05-11,Present,09:05,17:14
ATD001549,EMP01088,2026-04-05,Present,08:50,18:05
ATD001550,EMP00069,2024-08-03,Present,08:38,17:25
ATD001551,EMP00470,2026-05-15,Absent,NULL,NULL
ATD001552,EMP00493,2024-12-29,"Half Day",09:12,13:35
ATD001553,EMP01147,2026-07-19,Present,09:38,18:51
ATD001554,EMP00858,2026-06-10,"Work From Home",09:18,17:49
ATD001555,EMP01045,2026-07-17,Present,08:48,18:00
ATD001556,EMP00712,2025-04-30,Present,08:44,17:31
ATD001557,EMP00050,2025-11-26,Present,09:06,18:07
ATD001558,EMP00140,2025-03-16,Present,08:46,17:16
ATD001559,EMP01032,2025-03-01,Present,08:44,17:09
ATD001560,EMP00337,2026-05-24,Present,08:32,17:55
ATD001561,EMP01228,2025-10-11,"Work From Home",09:11,17:23
ATD001562,EMP00188,2025-03-02,"Half Day",09:26,13:03
ATD001563,EMP00640,2026-02-23,Absent,NULL,NULL
ATD001564,EMP00682,2024-10-11,Present,08:54,17:02
ATD001565,EMP00930,2026-05-02,Present,09:15,17:24
ATD001566,EMP01073,2026-07-23,"Work From Home",09:27,17:39
ATD001567,EMP01109,2025-08-03,"Half Day",08:55,12:26
ATD001568,EMP01122,2025-11-21,Present,09:01,17:35
ATD001569,EMP00887,2024-12-01,Present,09:42,18:34
ATD001570,EMP00312,2025-10-12,Present,09:37,18:40
ATD001571,EMP00900,2025-02-28,Present,09:10,17:39
ATD001572,EMP00029,2025-03-17,Present,08:37,17:59
ATD001573,EMP00952,2024-09-19,Absent,NULL,NULL
ATD001574,EMP01020,2026-04-13,"Half Day",08:36,12:37
ATD001575,EMP00077,2025-10-18,"Half Day",09:21,12:52
ATD001576,EMP00032,2025-01-07,"Half Day",09:25,13:47
ATD001577,EMP01042,2025-07-27,Present,08:38,17:26
ATD001578,EMP00063,2026-07-15,"Work From Home",09:31,18:28
ATD001579,EMP00964,2026-01-21,Present,09:21,17:24
ATD001580,EMP00847,2025-08-19,Present,09:22,18:37
ATD001581,EMP00724,2026-03-07,"Work From Home",09:27,18:27
ATD001582,EMP00355,2026-06-06,Present,09:28,17:55
ATD001583,EMP00087,2025-05-07,Present,09:20,17:47
ATD001584,EMP00245,2025-05-26,Present,08:41,17:52
ATD001585,EMP00711,2025-01-08,Present,09:30,18:15
ATD001586,EMP00104,2025-08-20,Present,08:43,16:50
ATD001587,EMP00816,2026-04-15,Present,08:45,17:46
ATD001588,EMP00996,2025-11-21,Present,08:50,17:26
ATD001589,EMP00667,2026-04-10,Present,08:57,17:51
ATD001590,EMP00765,2025-11-22,Present,09:00,18:28
ATD001591,EMP00607,2025-11-11,"Half Day",08:40,12:23
ATD001592,EMP00290,2025-07-30,"Half Day",09:23,13:32
ATD001593,EMP01006,2026-02-01,"Work From Home",09:08,17:55
ATD001594,EMP00029,2024-10-25,Present,08:38,17:16
ATD001595,EMP01071,2025-02-27,Present,09:18,17:47
ATD001596,EMP00936,2025-12-06,"Half Day",09:29,13:06
ATD001597,EMP00855,2026-02-22,"Half Day",09:17,13:38
ATD001598,EMP01106,2025-11-09,Present,08:34,16:37
ATD001599,EMP00396,2026-07-21,Present,09:30,18:02
ATD001600,EMP01161,2025-02-08,Present,09:09,17:29
ATD001601,EMP00250,2025-08-23,Present,08:49,17:58
ATD001602,EMP01069,2024-11-14,Present,08:35,17:38
ATD001603,EMP01177,2025-04-24,Present,09:11,18:41
ATD001604,EMP00446,2024-12-04,Present,09:12,17:24
ATD001605,EMP00139,2025-09-13,Present,09:26,18:08
ATD001606,EMP00197,2025-03-04,"Half Day",09:03,13:14
ATD001607,EMP00090,2026-03-19,Present,09:04,17:50
ATD001608,EMP00226,2026-07-27,Present,09:05,17:07
ATD001609,EMP00662,2025-08-05,Present,09:16,18:46
ATD001610,EMP00122,2026-07-04,"Half Day",09:16,13:15
ATD001611,EMP00261,2026-03-10,Present,09:34,17:47
ATD001612,EMP00444,2025-04-04,Present,08:34,16:55
ATD001613,EMP01033,2025-09-03,Present,08:41,17:54
ATD001614,EMP00473,2025-04-24,Present,08:51,17:43
ATD001615,EMP00109,2026-05-06,Present,09:34,17:52
ATD001616,EMP00419,2025-11-05,Present,08:51,18:13
ATD001617,EMP00164,2025-07-04,"Work From Home",09:12,17:25
ATD001618,EMP00843,2025-04-01,Present,09:17,18:17
ATD001619,EMP01097,2025-05-12,Present,08:55,17:52
ATD001620,EMP00977,2026-02-05,"Work From Home",09:24,17:41
ATD001621,EMP00904,2025-10-29,Present,09:16,17:56
ATD001622,EMP00417,2026-04-30,Present,09:32,18:00
ATD001623,EMP00330,2024-10-10,Present,09:43,18:36
ATD001624,EMP00997,2026-01-12,"Work From Home",09:20,17:25
ATD001625,EMP00651,2025-09-25,Present,08:56,17:22
ATD001626,EMP00608,2025-06-06,"Half Day",08:52,12:58
ATD001627,EMP00293,2026-01-21,"Work From Home",09:28,17:59
ATD001628,EMP00494,2026-01-28,"Work From Home",09:10,17:57
ATD001629,EMP00203,2026-05-12,Present,09:43,18:45
ATD001630,EMP00094,2026-01-12,Present,09:44,17:44
ATD001631,EMP00118,2026-01-21,"Half Day",09:03,12:40
ATD001632,EMP00597,2026-04-10,"Work From Home",09:28,17:57
ATD001633,EMP00674,2025-11-19,Present,08:45,17:58
ATD001634,EMP01119,2025-05-05,Present,09:30,18:08
ATD001635,EMP00852,2024-11-19,Present,08:57,17:12
ATD001636,EMP00580,2025-04-14,"Work From Home",09:27,18:01
ATD001637,EMP00143,2024-11-21,Present,09:01,17:07
ATD001638,EMP00109,2025-11-22,Absent,NULL,NULL
ATD001639,EMP00010,2024-10-10,"Half Day",08:45,12:36
ATD001640,EMP00525,2025-05-29,Present,08:40,17:45
ATD001641,EMP00222,2024-12-19,"Work From Home",09:45,18:32
ATD001642,EMP01000,2025-01-09,Present,08:33,17:46
ATD001643,EMP00142,2026-08-04,Present,09:00,18:02
ATD001644,EMP00394,2025-10-25,Present,08:50,18:09
ATD001645,EMP00394,2026-04-11,"Work From Home",09:31,18:18
ATD001646,EMP00553,2024-08-12,"Half Day",08:52,13:08
ATD001647,EMP01203,2025-01-17,Present,08:57,18:25
ATD001648,EMP01196,2025-09-16,Present,08:50,17:26
ATD001649,EMP00647,2025-01-26,"Work From Home",09:27,17:52
ATD001650,EMP00330,2026-05-17,Present,08:59,18:23
ATD001651,EMP00997,2026-01-29,"Work From Home",09:52,18:06
ATD001652,EMP00880,2025-07-01,Present,09:03,18:14
ATD001653,EMP00504,2025-02-13,Present,09:19,18:30
ATD001654,EMP00431,2025-07-03,Absent,NULL,NULL
ATD001655,EMP00595,2025-03-01,"Half Day",09:24,13:49
ATD001656,EMP00709,2024-11-18,Present,09:31,18:06
ATD001657,EMP00565,2026-07-16,Present,09:05,17:13
ATD001658,EMP00221,2026-04-05,"Work From Home",09:14,17:43
ATD001659,EMP01127,2025-12-19,"Work From Home",09:01,17:11
ATD001660,EMP00943,2026-04-07,"Work From Home",09:10,18:03
ATD001661,EMP00916,2025-10-16,Present,09:45,18:47
ATD001662,EMP00510,2025-02-24,Present,08:58,18:19
ATD001663,EMP00077,2024-09-29,Present,09:20,18:00
ATD001664,EMP00341,2024-08-01,Present,09:32,17:38
ATD001665,EMP00038,2024-08-27,"Work From Home",09:31,18:08
ATD001666,EMP00032,2024-09-15,"Work From Home",09:04,17:50
ATD001667,EMP00388,2025-12-29,Present,08:39,17:12
ATD001668,EMP00878,2026-02-23,Present,09:31,18:34
ATD001669,EMP00012,2024-12-27,Present,08:35,17:38
ATD001670,EMP00804,2025-10-19,Present,08:39,16:44
ATD001671,EMP00675,2024-10-17,Present,09:02,18:22
ATD001672,EMP00508,2026-05-13,Present,08:39,17:40
ATD001673,EMP00681,2025-05-17,Present,09:45,18:24
ATD001674,EMP00583,2024-10-15,Present,09:22,17:50
ATD001675,EMP01176,2024-12-14,Present,09:18,17:21
ATD001676,EMP00447,2024-08-09,Present,09:31,17:39
ATD001677,EMP00333,2025-06-02,Present,09:15,17:30
ATD001678,EMP00852,2025-11-26,"Half Day",08:45,12:57
ATD001679,EMP01128,2026-03-04,Present,08:42,17:05
ATD001680,EMP01025,2025-10-15,Present,08:41,17:16
ATD001681,EMP00743,2025-04-05,Present,08:34,16:59
ATD001682,EMP00995,2026-04-02,Present,08:45,17:04
ATD001683,EMP00613,2025-08-14,Present,09:25,18:13
ATD001684,EMP01184,2026-02-14,Absent,NULL,NULL
ATD001685,EMP01175,2025-11-17,"Half Day",08:44,12:34
ATD001686,EMP00809,2024-12-17,Present,09:21,18:12
ATD001687,EMP00007,2025-12-20,Present,08:59,17:03
ATD001688,EMP00964,2024-08-13,Present,09:29,17:59
ATD001689,EMP00333,2026-02-21,Absent,NULL,NULL
ATD001690,EMP00018,2025-12-31,Present,08:59,18:27
ATD001691,EMP00203,2025-03-17,Present,09:04,17:11
ATD001692,EMP01024,2025-04-27,Absent,NULL,NULL
ATD001693,EMP00543,2026-06-20,Present,09:20,17:55
ATD001694,EMP00555,2026-06-30,Present,09:03,18:25
ATD001695,EMP00130,2026-02-02,"Half Day",08:38,12:41
ATD001696,EMP01055,2025-01-19,"Work From Home",09:09,17:49
ATD001697,EMP00351,2025-11-16,Present,09:00,18:11
ATD001698,EMP00952,2025-01-08,"Half Day",09:20,12:57
ATD001699,EMP00872,2026-07-29,Present,08:39,18:06
ATD001700,EMP00125,2025-09-22,Absent,NULL,NULL
ATD001701,EMP00733,2025-05-03,"Half Day",09:12,13:29
ATD001702,EMP00556,2024-11-23,"Work From Home",09:45,18:32
ATD001703,EMP00341,2025-10-21,"Half Day",08:57,12:50
ATD001704,EMP00913,2024-10-19,Present,08:44,17:49
ATD001705,EMP00122,2025-05-21,Present,08:50,17:43
ATD001706,EMP00602,2024-08-22,Present,08:54,18:01
ATD001707,EMP01068,2026-02-21,Present,08:33,17:14
ATD001708,EMP00819,2024-12-28,Present,09:16,17:35
ATD001709,EMP00151,2025-04-28,Present,08:58,17:19
ATD001710,EMP00039,2024-09-24,Present,09:09,18:32
ATD001711,EMP00198,2024-09-27,Absent,NULL,NULL
ATD001712,EMP00300,2025-04-24,"Work From Home",09:54,18:27
ATD001713,EMP01057,2025-02-12,Present,09:10,17:18
ATD001714,EMP01054,2025-06-06,"Work From Home",09:34,17:37
ATD001715,EMP00032,2025-12-14,Present,08:53,16:54
ATD001716,EMP00264,2025-07-26,Present,09:21,18:01
ATD001717,EMP00695,2025-04-30,Present,08:57,18:21
ATD001718,EMP00526,2025-11-20,Present,09:39,17:41
ATD001719,EMP00395,2025-05-13,Present,08:30,17:12
ATD001720,EMP00521,2026-05-16,Present,08:54,17:43
ATD001721,EMP00750,2026-02-11,Present,08:34,18:01
ATD001722,EMP01116,2025-06-22,"Work From Home",09:19,17:35
ATD001723,EMP00228,2025-12-31,"Half Day",09:14,13:38
ATD001724,EMP01129,2025-01-01,Present,09:28,18:41
ATD001725,EMP00096,2025-07-17,"Work From Home",09:34,17:52
ATD001726,EMP00722,2025-05-14,Present,09:20,18:28
ATD001727,EMP01226,2026-04-04,Present,09:08,17:39
ATD001728,EMP00133,2025-01-10,Present,08:39,17:55
ATD001729,EMP00797,2026-03-01,Present,09:26,18:28
ATD001730,EMP00159,2026-06-15,"Half Day",09:10,13:40
ATD001731,EMP00814,2026-07-09,"Work From Home",09:36,18:21
ATD001732,EMP00228,2025-09-02,Present,08:40,17:08
ATD001733,EMP00054,2025-12-01,"Work From Home",09:50,18:48
ATD001734,EMP01141,2026-04-23,"Half Day",09:03,12:35
ATD001735,EMP00345,2025-02-01,Present,09:03,17:50
ATD001736,EMP00575,2025-03-08,Present,08:36,17:05
ATD001737,EMP01163,2025-06-22,"Half Day",08:50,13:02
ATD001738,EMP00722,2025-09-24,Absent,NULL,NULL
ATD001739,EMP00759,2025-02-02,Present,08:35,17:50
ATD001740,EMP00489,2026-03-07,Present,09:08,17:21
ATD001741,EMP00233,2025-11-30,Present,08:35,17:05
ATD001742,EMP00312,2025-03-14,Present,09:26,18:41
ATD001743,EMP00557,2025-01-12,Present,09:38,18:50
ATD001744,EMP01210,2026-05-19,Absent,NULL,NULL
ATD001745,EMP01002,2024-12-23,Present,08:54,17:23
ATD001746,EMP00254,2025-07-28,Absent,NULL,NULL
ATD001747,EMP01193,2025-04-23,Absent,NULL,NULL
ATD001748,EMP00634,2025-10-13,Absent,NULL,NULL
ATD001749,EMP01223,2025-07-24,Present,09:36,17:46
ATD001750,EMP01198,2024-11-07,Present,09:05,18:09
ATD001751,EMP01134,2024-09-07,Present,09:39,18:14
ATD001752,EMP00462,2025-05-16,Present,08:43,17:41
ATD001753,EMP00402,2025-01-22,Absent,NULL,NULL
ATD001754,EMP00332,2026-03-02,"Half Day",09:23,13:03
ATD001755,EMP00005,2025-01-10,Present,08:55,18:00
ATD001756,EMP01223,2025-01-15,Present,09:34,18:53
ATD001757,EMP00140,2024-08-13,"Half Day",08:46,13:02
ATD001758,EMP00517,2026-01-29,Absent,NULL,NULL
ATD001759,EMP00407,2025-03-18,Present,08:46,17:28
ATD001760,EMP00429,2024-12-16,Present,09:33,17:34
ATD001761,EMP00388,2025-04-27,"Half Day",09:07,12:56
ATD001762,EMP01046,2026-02-21,Present,08:36,17:14
ATD001763,EMP00991,2024-09-08,Present,09:22,17:38
ATD001764,EMP00099,2026-03-18,Present,09:24,17:41
ATD001765,EMP00423,2025-11-25,Present,09:41,18:53
ATD001766,EMP00855,2025-08-06,"Work From Home",09:23,17:56
ATD001767,EMP00887,2026-05-24,Present,08:51,17:09
ATD001768,EMP01192,2025-10-14,"Half Day",08:37,12:41
ATD001769,EMP00535,2024-11-06,"Work From Home",09:20,17:55
ATD001770,EMP00675,2024-08-25,Present,08:33,17:06
ATD001771,EMP00099,2026-01-06,"Half Day",08:53,13:13
ATD001772,EMP00191,2024-12-08,Present,09:37,18:05
ATD001773,EMP00072,2026-06-24,Present,09:00,18:28
ATD001774,EMP01220,2024-11-24,Present,08:44,17:23
ATD001775,EMP01192,2025-01-06,Absent,NULL,NULL
ATD001776,EMP01096,2026-03-27,Present,09:37,18:00
ATD001777,EMP01019,2025-03-11,"Work From Home",09:04,17:34
ATD001778,EMP00351,2025-07-19,Present,08:31,17:47
ATD001779,EMP01207,2025-10-14,Present,09:35,17:40
ATD001780,EMP00183,2025-11-27,Absent,NULL,NULL
ATD001781,EMP00309,2025-01-30,"Half Day",09:22,13:30
ATD001782,EMP01203,2025-04-30,Present,08:58,18:06
ATD001783,EMP00054,2026-04-19,Present,09:06,17:13
ATD001784,EMP00040,2025-08-02,"Work From Home",09:47,18:07
ATD001785,EMP00302,2026-02-13,Absent,NULL,NULL
ATD001786,EMP00105,2024-09-08,"Half Day",09:02,12:41
ATD001787,EMP00182,2025-08-22,Absent,NULL,NULL
ATD001788,EMP00636,2025-10-04,Present,09:19,18:32
ATD001789,EMP00683,2025-05-21,Present,08:52,18:17
ATD001790,EMP01030,2024-11-03,Absent,NULL,NULL
ATD001791,EMP00753,2025-12-13,Present,09:22,17:45
ATD001792,EMP00423,2026-01-29,Present,09:15,17:17
ATD001793,EMP01172,2025-07-11,Absent,NULL,NULL
ATD001794,EMP00206,2025-07-13,"Half Day",09:11,12:44
ATD001795,EMP00781,2025-09-25,"Half Day",08:32,12:03
ATD001796,EMP00023,2024-12-30,Absent,NULL,NULL
ATD001797,EMP00963,2025-08-16,"Work From Home",09:16,17:27
ATD001798,EMP00985,2025-05-11,Present,08:50,17:53
ATD001799,EMP00107,2025-07-08,Present,08:51,17:13
ATD001800,EMP00357,2026-03-30,Present,09:41,18:15
ATD001801,EMP00446,2025-12-05,Present,08:37,16:56
ATD001802,EMP01014,2025-12-07,Present,09:35,17:44
ATD001803,EMP01208,2025-02-21,Absent,NULL,NULL
ATD001804,EMP00820,2026-01-30,Present,09:45,17:50
ATD001805,EMP00032,2024-10-30,Present,09:07,17:50
ATD001806,EMP01107,2025-02-26,Absent,NULL,NULL
ATD001807,EMP00494,2026-01-14,"Work From Home",09:30,17:37
ATD001808,EMP00638,2026-02-07,Present,08:44,17:48
ATD001809,EMP00190,2025-06-04,Absent,NULL,NULL
ATD001810,EMP01016,2025-05-22,"Work From Home",09:53,18:52
ATD001811,EMP00935,2025-01-10,"Work From Home",09:33,17:58
ATD001812,EMP01230,2024-08-12,Present,09:26,18:38
ATD001813,EMP01014,2025-03-27,Present,09:39,18:07
ATD001814,EMP00183,2026-04-29,Present,09:17,18:01
ATD001815,EMP00645,2025-01-11,"Half Day",08:46,12:21
ATD001816,EMP01024,2025-07-16,Present,08:34,16:49
ATD001817,EMP01192,2025-06-28,Present,09:17,17:35
ATD001818,EMP00191,2025-09-03,Present,09:26,18:24
ATD001819,EMP01224,2024-12-09,Present,09:04,17:47
ATD001820,EMP00330,2025-08-16,Present,09:27,18:20
ATD001821,EMP00922,2026-04-01,Present,08:40,17:25
ATD001822,EMP01169,2025-01-23,Present,09:01,18:26
ATD001823,EMP00078,2026-04-26,"Half Day",09:04,12:34
ATD001824,EMP00057,2024-08-03,Absent,NULL,NULL
ATD001825,EMP00449,2026-05-08,Present,09:42,18:36
ATD001826,EMP00277,2025-09-11,Present,08:44,18:05
ATD001827,EMP00964,2024-08-11,Present,09:37,18:52
ATD001828,EMP00907,2024-12-13,"Half Day",09:01,12:54
ATD001829,EMP00911,2024-11-22,Absent,NULL,NULL
ATD001830,EMP00776,2026-05-23,"Work From Home",09:10,17:14
ATD001831,EMP00671,2026-06-12,Present,09:29,17:30
ATD001832,EMP00767,2025-06-01,Present,08:58,17:11
ATD001833,EMP00400,2026-02-25,Absent,NULL,NULL
ATD001834,EMP00233,2024-12-29,"Half Day",09:11,12:44
ATD001835,EMP00335,2025-09-04,"Work From Home",09:25,17:55
ATD001836,EMP01048,2025-01-05,Present,08:34,16:53
ATD001837,EMP00972,2024-08-13,"Work From Home",09:53,18:51
ATD001838,EMP00602,2024-10-09,Present,08:50,16:50
ATD001839,EMP00016,2025-10-02,Present,09:45,19:07
ATD001840,EMP00585,2025-08-15,Present,09:18,18:23
ATD001841,EMP00654,2024-09-11,Present,08:53,17:25
ATD001842,EMP00263,2025-08-27,Present,08:50,17:51
ATD001843,EMP00282,2025-05-03,Absent,NULL,NULL
ATD001844,EMP01008,2025-07-27,Present,09:09,18:33
ATD001845,EMP01111,2026-02-03,Present,08:53,18:11
ATD001846,EMP01011,2026-08-04,Present,09:06,17:42
ATD001847,EMP00560,2026-07-18,Present,08:56,17:08
ATD001848,EMP00245,2025-04-16,Present,09:30,17:45
ATD001849,EMP00962,2025-09-19,Present,08:51,17:48
ATD001850,EMP00488,2026-01-16,"Work From Home",09:43,18:17
ATD001851,EMP00050,2024-10-26,Present,09:27,17:40
ATD001852,EMP01134,2025-09-09,Present,08:34,16:35
ATD001853,EMP00694,2024-12-16,Absent,NULL,NULL
ATD001854,EMP00320,2025-11-13,Absent,NULL,NULL
ATD001855,EMP01167,2024-10-14,"Half Day",09:29,13:14
ATD001856,EMP00346,2025-07-12,Present,09:02,17:05
ATD001857,EMP00481,2026-07-03,Present,08:41,18:00
ATD001858,EMP00666,2026-01-06,Present,09:08,18:27
ATD001859,EMP00061,2026-04-27,Present,08:34,16:54
ATD001860,EMP00863,2024-11-18,Present,08:44,18:03
ATD001861,EMP00102,2025-09-12,Present,09:25,18:37
ATD001862,EMP00811,2026-01-11,Present,09:14,17:56
ATD001863,EMP00986,2025-03-20,Present,08:40,17:37
ATD001864,EMP01069,2024-08-10,Present,08:48,17:22
ATD001865,EMP00978,2026-07-12,Present,09:22,17:53
ATD001866,EMP00918,2025-07-22,Present,09:09,17:43
ATD001867,EMP00078,2025-12-27,Present,09:22,18:08
ATD001868,EMP00279,2025-09-22,Absent,NULL,NULL
ATD001869,EMP00114,2025-01-25,Present,08:32,16:46
ATD001870,EMP01200,2026-04-09,Present,09:36,18:21
ATD001871,EMP01172,2026-06-22,Present,08:42,17:48
ATD001872,EMP00137,2024-08-21,"Half Day",09:26,13:05
ATD001873,EMP00217,2026-03-18,"Work From Home",09:30,18:01
ATD001874,EMP00205,2025-01-06,Present,09:11,17:55
ATD001875,EMP01165,2026-05-22,"Work From Home",09:13,17:33
ATD001876,EMP00919,2026-03-07,Present,08:36,16:36
ATD001877,EMP00006,2025-08-26,Present,09:41,17:43
ATD001878,EMP00948,2024-12-11,Present,09:38,19:03
ATD001879,EMP00768,2025-05-13,"Work From Home",09:38,18:24
ATD001880,EMP00216,2024-12-21,"Work From Home",09:16,17:58
ATD001881,EMP00972,2024-10-01,Present,08:48,17:49
ATD001882,EMP00709,2025-03-03,Present,08:35,17:07
ATD001883,EMP00810,2024-12-16,Present,08:48,17:12
ATD001884,EMP00857,2024-11-10,Present,08:38,17:04
ATD001885,EMP00450,2025-02-12,Present,08:49,17:01
ATD001886,EMP00912,2026-03-23,Present,09:23,18:15
ATD001887,EMP00577,2025-06-12,Present,09:29,17:33
ATD001888,EMP01081,2025-08-14,Present,08:45,17:53
ATD001889,EMP00931,2026-02-22,Present,08:46,18:15
ATD001890,EMP00499,2025-05-04,"Half Day",09:30,13:14
ATD001891,EMP00607,2025-07-22,Present,09:07,17:39
ATD001892,EMP00373,2026-01-13,Present,08:52,17:38
ATD001893,EMP00205,2026-04-30,Present,08:31,17:14
ATD001894,EMP00653,2025-03-25,Present,09:35,18:26
ATD001895,EMP00052,2024-08-04,Present,08:54,17:16
ATD001896,EMP01072,2025-10-12,"Work From Home",09:41,17:54
ATD001897,EMP00132,2025-07-31,"Work From Home",09:55,18:16
ATD001898,EMP00897,2026-07-13,Present,09:22,17:34
ATD001899,EMP00480,2024-08-07,Present,08:45,16:52
ATD001900,EMP00425,2025-10-26,Present,08:59,17:05
ATD001901,EMP00121,2025-02-17,Present,08:45,17:54
ATD001902,EMP00787,2026-06-25,Present,08:40,17:42
ATD001903,EMP00297,2026-06-20,Present,08:51,17:36
ATD001904,EMP00886,2026-06-30,Present,08:45,16:54
ATD001905,EMP00495,2025-12-06,Present,08:53,17:05
ATD001906,EMP00454,2025-10-09,Present,09:05,17:31
ATD001907,EMP00846,2025-08-18,Absent,NULL,NULL
ATD001908,EMP00689,2025-02-11,Present,09:05,17:55
ATD001909,EMP00706,2025-08-06,Present,09:16,18:26
ATD001910,EMP00696,2025-09-09,"Half Day",09:25,13:45
ATD001911,EMP00025,2025-02-27,Present,09:25,17:29
ATD001912,EMP00731,2025-01-09,Present,09:20,17:45
ATD001913,EMP00359,2025-09-16,"Half Day",08:44,12:50
ATD001914,EMP00961,2025-07-21,Present,08:55,18:13
ATD001915,EMP00495,2024-11-25,"Work From Home",09:15,17:16
ATD001916,EMP00873,2026-07-01,Present,08:45,17:41
ATD001917,EMP00256,2026-02-24,Present,08:45,16:54
ATD001918,EMP01135,2025-07-27,Present,08:43,17:59
ATD001919,EMP00333,2025-08-25,"Half Day",09:05,12:49
ATD001920,EMP01139,2025-01-23,Present,08:33,17:47
ATD001921,EMP00027,2025-09-03,"Work From Home",09:35,18:34
ATD001922,EMP00477,2025-06-08,Present,09:06,17:53
ATD001923,EMP00798,2025-10-26,"Half Day",08:49,12:31
ATD001924,EMP00055,2024-11-24,Present,08:47,17:59
ATD001925,EMP00160,2025-12-20,"Half Day",08:49,13:17
ATD001926,EMP00450,2026-04-25,Present,09:16,18:33
ATD001927,EMP00943,2025-10-11,Present,08:47,17:13
ATD001928,EMP00577,2025-08-23,Present,09:37,19:03
ATD001929,EMP00308,2026-05-03,Present,09:38,18:40
ATD001930,EMP00428,2025-07-28,Present,08:34,17:01
ATD001931,EMP00071,2025-03-29,Absent,NULL,NULL
ATD001932,EMP01136,2025-09-07,Present,09:04,18:18
ATD001933,EMP00983,2024-10-10,Present,08:41,17:24
ATD001934,EMP00176,2026-03-09,"Work From Home",09:10,17:43
ATD001935,EMP00524,2025-11-02,Present,08:30,16:40
ATD001936,EMP00440,2025-12-28,"Half Day",08:44,13:07
ATD001937,EMP01206,2025-06-18,Present,08:54,17:51
ATD001938,EMP00834,2025-03-27,Present,08:57,18:08
ATD001939,EMP00539,2025-03-23,Present,09:40,17:48
ATD001940,EMP01113,2024-10-06,Present,08:51,16:59
ATD001941,EMP00214,2025-08-19,"Half Day",09:10,12:52
ATD001942,EMP00166,2025-02-24,"Half Day",08:43,12:34
ATD001943,EMP00756,2026-02-25,Absent,NULL,NULL
ATD001944,EMP01020,2025-11-14,Present,09:40,17:50
ATD001945,EMP00133,2024-12-07,Present,08:34,17:32
ATD001946,EMP00980,2024-09-26,Present,09:28,17:31
ATD001947,EMP00429,2024-10-20,Present,08:45,17:39
ATD001948,EMP00463,2025-04-07,"Half Day",09:12,13:19
ATD001949,EMP01013,2026-04-23,"Half Day",08:31,12:59
ATD001950,EMP00547,2025-05-24,Present,08:36,17:28
ATD001951,EMP00659,2025-05-04,Present,09:21,18:20
ATD001952,EMP00241,2025-12-16,Present,09:32,18:48
ATD001953,EMP00111,2025-05-25,Absent,NULL,NULL
ATD001954,EMP00210,2025-02-27,Present,09:19,18:11
ATD001955,EMP00744,2025-05-15,"Work From Home",09:42,18:29
ATD001956,EMP01213,2024-11-14,Present,09:09,18:05
ATD001957,EMP01005,2025-12-02,"Work From Home",09:26,17:59
ATD001958,EMP00020,2026-04-25,"Work From Home",09:51,18:21
ATD001959,EMP00143,2025-05-14,"Half Day",08:53,12:38
ATD001960,EMP00017,2025-06-13,"Work From Home",09:26,18:05
ATD001961,EMP00928,2025-05-05,Present,09:29,17:55
ATD001962,EMP00349,2024-09-15,Present,09:15,18:38
ATD001963,EMP01131,2026-07-12,Present,09:02,17:33
ATD001964,EMP00749,2026-04-30,"Half Day",08:31,12:08
ATD001965,EMP00985,2025-06-01,Present,09:00,17:41
ATD001966,EMP00168,2024-09-20,Present,09:06,18:35
ATD001967,EMP01006,2025-01-26,Present,09:31,18:31
ATD001968,EMP00287,2024-10-05,Absent,NULL,NULL
ATD001969,EMP00984,2025-02-05,"Half Day",09:05,12:54
ATD001970,EMP01097,2024-08-16,"Half Day",09:06,13:29
ATD001971,EMP00659,2025-12-01,Present,08:57,18:14
ATD001972,EMP00954,2025-11-22,Present,09:14,18:29
ATD001973,EMP01104,2026-01-23,Present,08:53,17:00
ATD001974,EMP01147,2024-08-30,Present,08:44,17:00
ATD001975,EMP00082,2026-06-05,Present,09:32,17:45
ATD001976,EMP00636,2026-01-13,"Work From Home",09:04,17:17
ATD001977,EMP00885,2026-01-24,"Work From Home",09:59,18:09
ATD001978,EMP00625,2026-04-11,Present,08:34,17:49
ATD001979,EMP00020,2026-06-30,Present,09:37,19:06
ATD001980,EMP00267,2026-05-16,Present,09:29,18:11
ATD001981,EMP00187,2025-04-22,Present,09:04,17:26
ATD001982,EMP00053,2025-10-22,Present,08:33,17:38
ATD001983,EMP00701,2024-11-05,Present,08:43,17:15
ATD001984,EMP00154,2025-06-10,Present,08:48,16:53
ATD001985,EMP00140,2026-04-01,Present,09:20,18:01
ATD001986,EMP00214,2026-07-19,Present,09:05,18:13
ATD001987,EMP00550,2025-06-24,Present,08:48,18:01
ATD001988,EMP00048,2026-01-13,Present,09:13,17:17
ATD001989,EMP00421,2026-06-30,Present,08:44,17:28
ATD001990,EMP00687,2025-10-01,Absent,NULL,NULL
ATD001991,EMP00531,2025-11-10,Present,09:44,18:03
ATD001992,EMP01013,2025-04-18,"Work From Home",09:30,18:21
ATD001993,EMP00830,2025-12-10,Present,09:10,17:59
ATD001994,EMP00555,2025-07-02,"Work From Home",09:35,17:47
ATD001995,EMP01011,2024-10-21,"Work From Home",09:10,18:08
ATD001996,EMP00666,2025-12-04,Present,08:40,17:03
ATD001997,EMP00457,2024-08-26,Absent,NULL,NULL
ATD001998,EMP00921,2025-08-30,"Work From Home",09:40,18:03
ATD001999,EMP00231,2025-11-30,Present,08:32,16:50
ATD002000,EMP01050,2026-04-24,Present,08:44,17:07
ATD002001,EMP01087,2025-08-15,Present,08:44,18:13
ATD002002,EMP01012,2026-05-18,"Work From Home",09:32,18:08
ATD002003,EMP00676,2024-12-26,Present,08:50,18:08
ATD002004,EMP00850,2025-03-13,Present,08:34,17:51
ATD002005,EMP00907,2025-08-17,Present,09:40,18:44
ATD002006,EMP00554,2025-04-07,Present,08:36,16:37
ATD002007,EMP00844,2025-10-12,Present,09:09,18:01
ATD002008,EMP01096,2026-02-03,Present,09:35,18:20
ATD002009,EMP00475,2026-03-04,Present,08:45,17:23
ATD002010,EMP00595,2025-08-19,Present,09:37,18:03
ATD002011,EMP00683,2024-09-19,"Work From Home",09:22,17:53
ATD002012,EMP00853,2024-11-21,"Work From Home",09:00,17:59
ATD002013,EMP01106,2024-08-12,Absent,NULL,NULL
ATD002014,EMP00029,2024-11-24,"Work From Home",09:02,17:04
ATD002015,EMP00153,2025-05-14,"Half Day",09:29,13:24
ATD002016,EMP00038,2024-09-23,Absent,NULL,NULL
ATD002017,EMP00141,2026-02-13,"Work From Home",09:51,17:57
ATD002018,EMP01012,2025-04-11,Present,09:06,18:28
ATD002019,EMP00710,2026-04-23,Present,08:53,17:09
ATD002020,EMP00754,2024-11-22,Present,09:36,18:25
ATD002021,EMP00810,2026-06-18,Present,08:50,17:55
ATD002022,EMP00097,2026-05-03,"Work From Home",09:54,18:30
ATD002023,EMP00987,2026-05-07,Present,09:41,19:06
ATD002024,EMP00969,2025-08-12,Present,08:30,16:41
ATD002025,EMP00317,2026-07-23,"Half Day",08:34,12:07
ATD002026,EMP00336,2025-02-21,Present,09:24,18:17
ATD002027,EMP00059,2025-10-04,"Work From Home",09:55,18:03
ATD002028,EMP00268,2025-12-29,Present,09:16,17:29
ATD002029,EMP00637,2026-02-12,Present,09:38,18:47
ATD002030,EMP00657,2024-08-18,"Half Day",08:58,12:36
ATD002031,EMP00086,2026-07-15,Present,09:22,18:28
ATD002032,EMP01135,2025-09-17,Present,08:35,17:57
ATD002033,EMP00721,2025-09-26,Absent,NULL,NULL
ATD002034,EMP01196,2025-10-08,Present,09:23,18:50
ATD002035,EMP01139,2025-11-14,Present,08:37,17:47
ATD002036,EMP00632,2025-05-17,Present,09:01,17:33
ATD002037,EMP00818,2025-09-18,"Work From Home",09:22,18:01
ATD002038,EMP01022,2025-06-29,"Work From Home",09:22,18:13
ATD002039,EMP00896,2024-08-16,Absent,NULL,NULL
ATD002040,EMP00464,2025-04-12,Present,08:44,17:37
ATD002041,EMP00116,2025-08-29,Absent,NULL,NULL
ATD002042,EMP01041,2024-10-16,Present,09:37,19:06
ATD002043,EMP00257,2024-10-28,"Work From Home",09:37,17:50
ATD002044,EMP00577,2025-07-22,Present,08:35,16:48
ATD002045,EMP00495,2025-06-17,Present,09:10,18:11
ATD002046,EMP00710,2024-08-08,"Half Day",08:45,12:18
ATD002047,EMP00568,2025-12-19,Present,08:57,17:07
ATD002048,EMP00458,2024-09-05,Absent,NULL,NULL
ATD002049,EMP01057,2025-12-02,"Work From Home",09:22,18:07
ATD002050,EMP00227,2025-01-06,Present,08:34,17:55
ATD002051,EMP00221,2026-07-05,Present,09:27,18:17
ATD002052,EMP00237,2025-01-24,Present,08:30,17:40
ATD002053,EMP00718,2026-03-15,"Half Day",09:21,13:17
ATD002054,EMP00879,2026-03-17,Absent,NULL,NULL
ATD002055,EMP01043,2025-04-25,Absent,NULL,NULL
ATD002056,EMP00269,2025-06-30,Absent,NULL,NULL
ATD002057,EMP00838,2025-03-26,Present,09:13,17:43
ATD002058,EMP00457,2025-01-23,Present,09:13,18:35
ATD002059,EMP00141,2024-08-20,Present,08:48,17:19
ATD002060,EMP00522,2025-08-27,Present,09:03,17:59
ATD002061,EMP00319,2025-08-31,"Work From Home",09:34,17:47
ATD002062,EMP00160,2025-06-13,"Work From Home",09:21,17:23
ATD002063,EMP00834,2025-10-15,Present,08:59,18:25
ATD002064,EMP00088,2025-08-13,Present,08:39,16:59
ATD002065,EMP00585,2026-06-07,Present,08:40,17:21
ATD002066,EMP00146,2025-08-28,Present,08:39,16:53
ATD002067,EMP00541,2025-08-14,Present,08:34,17:27
ATD002068,EMP00409,2026-04-20,"Work From Home",09:11,17:23
ATD002069,EMP00163,2025-01-26,Present,08:49,17:17
ATD002070,EMP00171,2025-05-05,Present,08:43,17:38
ATD002071,EMP00568,2024-09-28,Absent,NULL,NULL
ATD002072,EMP01128,2025-10-11,Present,08:31,17:46
ATD002073,EMP00691,2024-09-09,Present,09:29,18:30
ATD002074,EMP01222,2026-03-26,Present,08:48,17:59
ATD002075,EMP00113,2024-10-10,Present,09:17,18:46
ATD002076,EMP00999,2025-05-22,Present,09:22,17:46
ATD002077,EMP00988,2025-03-12,Present,08:42,17:42
ATD002078,EMP00910,2025-06-23,Present,08:42,16:57
ATD002079,EMP01148,2025-08-12,Present,09:28,17:44
ATD002080,EMP00506,2024-10-25,Present,09:28,17:29
ATD002081,EMP00595,2025-06-19,Present,08:39,16:55
ATD002082,EMP00116,2026-02-27,Present,08:37,17:55
ATD002083,EMP00431,2024-12-26,"Work From Home",09:00,17:53
ATD002084,EMP00626,2025-08-15,Absent,NULL,NULL
ATD002085,EMP00108,2026-03-26,Absent,NULL,NULL
ATD002086,EMP01075,2025-04-11,Present,08:36,17:28
ATD002087,EMP00647,2025-05-27,"Half Day",08:39,12:26
ATD002088,EMP00537,2026-04-24,"Work From Home",09:35,18:16
ATD002089,EMP00386,2026-03-15,Present,08:47,18:13
ATD002090,EMP00504,2025-10-20,Present,08:48,16:58
ATD002091,EMP00420,2025-12-07,Present,09:17,18:11
ATD002092,EMP00108,2024-09-10,Present,08:36,17:35
ATD002093,EMP00426,2026-02-20,Present,09:34,18:26
ATD002094,EMP00751,2024-09-15,"Half Day",09:27,13:07
ATD002095,EMP00325,2025-04-14,Present,09:18,17:35
ATD002096,EMP00973,2026-08-05,Present,08:39,17:10
ATD002097,EMP00170,2025-10-01,"Half Day",08:35,12:12
ATD002098,EMP00704,2025-06-12,Present,08:43,17:44
ATD002099,EMP00606,2025-08-07,"Work From Home",09:35,18:05
ATD002100,EMP00431,2024-12-14,Present,09:05,17:47
ATD002101,EMP01102,2025-10-24,"Work From Home",09:43,18:12
ATD002102,EMP00339,2025-05-21,"Work From Home",09:26,18:23
ATD002103,EMP00278,2024-10-25,Present,09:12,18:24
ATD002104,EMP00396,2025-05-19,"Half Day",08:48,12:23
ATD002105,EMP01201,2025-12-24,Present,09:23,17:52
ATD002106,EMP00543,2024-11-25,"Work From Home",09:20,17:40
ATD002107,EMP00176,2025-04-15,Present,08:56,18:23
ATD002108,EMP00240,2024-08-12,Present,09:13,18:01
ATD002109,EMP00368,2024-11-06,Present,08:34,17:43
ATD002110,EMP00222,2025-01-21,Absent,NULL,NULL
ATD002111,EMP00358,2026-03-07,Present,08:58,18:24
ATD002112,EMP00005,2025-08-28,Present,08:51,17:15
ATD002113,EMP00238,2026-04-07,Absent,NULL,NULL
ATD002114,EMP01069,2024-08-02,Present,09:42,18:36
ATD002115,EMP00731,2024-09-03,Present,09:02,17:08
ATD002116,EMP01196,2025-05-09,Present,09:03,17:32
ATD002117,EMP00253,2025-08-23,Absent,NULL,NULL
ATD002118,EMP00531,2025-10-27,Present,08:48,17:13
ATD002119,EMP00877,2025-11-27,Present,08:31,17:04
ATD002120,EMP00461,2026-01-06,Present,09:07,18:03
ATD002121,EMP01216,2026-05-02,Present,08:51,17:25
ATD002122,EMP00497,2024-08-08,Present,08:48,16:51
ATD002123,EMP00472,2025-12-10,"Work From Home",09:26,18:11
ATD002124,EMP00987,2026-07-31,Absent,NULL,NULL
ATD002125,EMP00022,2025-11-01,Present,09:33,18:31
ATD002126,EMP00833,2025-07-01,Present,09:43,17:48
ATD002127,EMP00131,2025-04-01,Present,09:40,19:09
ATD002128,EMP00042,2026-06-24,"Work From Home",09:28,18:01
ATD002129,EMP00505,2025-08-03,Present,09:24,18:11
ATD002130,EMP00682,2025-05-30,Present,09:41,17:53
ATD002131,EMP00860,2025-12-14,Present,08:55,17:55
ATD002132,EMP00864,2024-08-24,"Half Day",09:25,13:19
ATD002133,EMP01094,2026-03-22,Present,08:52,17:12
ATD002134,EMP00777,2025-08-11,Present,09:31,18:50
ATD002135,EMP00872,2025-12-17,"Work From Home",09:32,17:54
ATD002136,EMP00407,2025-07-09,Present,09:37,17:54
ATD002137,EMP01020,2025-10-15,Present,09:02,18:29
ATD002138,EMP00828,2024-11-22,Present,09:16,17:28
ATD002139,EMP00922,2025-04-01,"Work From Home",09:25,18:14
ATD002140,EMP00497,2024-12-03,Present,08:51,17:47
ATD002141,EMP00269,2025-01-06,Present,08:57,18:26
ATD002142,EMP00131,2025-01-10,Present,08:55,17:01
ATD002143,EMP00067,2026-01-20,"Work From Home",09:11,17:48
ATD002144,EMP00856,2025-04-28,"Work From Home",09:34,18:30
ATD002145,EMP01153,2025-02-02,Present,08:46,18:02
ATD002146,EMP00024,2025-11-05,Present,09:18,18:35
ATD002147,EMP00881,2026-05-11,Present,09:42,17:47
ATD002148,EMP00796,2026-04-11,Present,09:33,18:43
ATD002149,EMP00323,2026-01-26,Absent,NULL,NULL
ATD002150,EMP00544,2024-10-04,Present,08:57,17:26
ATD002151,EMP00347,2025-08-17,Absent,NULL,NULL
ATD002152,EMP00035,2025-04-04,Present,08:44,17:55
ATD002153,EMP00492,2026-05-27,Present,09:35,18:50
ATD002154,EMP00868,2025-05-14,"Half Day",08:45,12:24
ATD002155,EMP00563,2025-03-08,Absent,NULL,NULL
ATD002156,EMP00773,2025-04-22,Present,08:50,17:01
ATD002157,EMP00057,2025-05-16,Present,08:44,17:20
ATD002158,EMP01177,2026-07-12,Absent,NULL,NULL
ATD002159,EMP00762,2026-05-05,"Work From Home",09:27,17:47
ATD002160,EMP00885,2025-05-25,Present,08:35,17:10
ATD002161,EMP00444,2025-04-15,Present,08:34,16:55
ATD002162,EMP00549,2025-11-15,"Half Day",08:31,13:01
ATD002163,EMP00395,2024-12-03,Absent,NULL,NULL
ATD002164,EMP00706,2025-08-22,"Work From Home",09:03,17:26
ATD002165,EMP00270,2026-03-12,Present,09:09,18:36
ATD002166,EMP00734,2025-08-13,Present,09:14,17:34
ATD002167,EMP00891,2025-07-14,Present,09:36,18:19
ATD002168,EMP00343,2026-03-14,Present,08:39,16:44
ATD002169,EMP00335,2026-04-14,Present,08:39,17:30
ATD002170,EMP00612,2025-02-22,"Work From Home",09:52,18:09
ATD002171,EMP00245,2024-11-19,Present,09:44,18:51
ATD002172,EMP00364,2026-03-26,Present,09:06,18:22
ATD002173,EMP00034,2026-07-11,"Work From Home",09:43,17:50
ATD002174,EMP01220,2026-02-22,Absent,NULL,NULL
ATD002175,EMP00250,2025-07-10,"Half Day",09:25,13:18
ATD002176,EMP00833,2025-07-07,Present,08:45,17:44
ATD002177,EMP00932,2025-12-30,Present,09:15,17:20
ATD002178,EMP00310,2026-06-21,"Work From Home",09:57,18:37
ATD002179,EMP00685,2026-07-09,Present,09:02,17:15
ATD002180,EMP00088,2025-08-31,"Half Day",08:51,12:49
ATD002181,EMP00494,2025-11-28,"Half Day",09:25,13:24
ATD002182,EMP01066,2026-06-13,"Half Day",08:34,12:19
ATD002183,EMP00392,2025-06-06,"Work From Home",09:04,17:06
ATD002184,EMP00829,2025-01-04,"Work From Home",09:55,18:31
ATD002185,EMP00891,2025-02-23,Present,09:34,18:26
ATD002186,EMP00276,2026-04-02,"Half Day",09:22,13:09
ATD002187,EMP00570,2024-10-23,Present,09:10,17:43
ATD002188,EMP00713,2026-01-22,Present,09:00,17:56
ATD002189,EMP00586,2025-11-22,"Half Day",09:11,12:52
ATD002190,EMP00555,2026-04-09,Present,08:57,17:29
ATD002191,EMP00930,2025-08-21,Present,09:25,18:21
ATD002192,EMP00673,2026-06-02,"Half Day",09:06,13:34
ATD002193,EMP00468,2025-02-14,"Work From Home",09:19,18:09
ATD002194,EMP01065,2024-12-03,"Work From Home",09:30,18:21
ATD002195,EMP00785,2026-05-19,"Work From Home",09:43,18:13
ATD002196,EMP00571,2024-11-29,Present,09:12,18:00
ATD002197,EMP00171,2024-12-16,Absent,NULL,NULL
ATD002198,EMP01038,2026-05-18,Present,08:59,18:20
ATD002199,EMP00522,2025-12-24,Present,08:54,17:05
ATD002200,EMP01168,2024-10-23,"Work From Home",09:53,18:11
ATD002201,EMP00852,2026-04-25,Present,09:28,18:22
ATD002202,EMP00689,2026-01-05,"Work From Home",09:54,18:48
ATD002203,EMP00849,2026-07-09,Present,08:54,17:18
ATD002204,EMP00362,2025-06-08,Present,08:44,17:59
ATD002205,EMP00013,2025-06-24,Present,09:20,18:49
ATD002206,EMP00139,2026-05-27,Present,08:49,17:49
ATD002207,EMP00893,2025-04-01,Present,08:40,18:04
ATD002208,EMP00903,2025-11-29,Present,09:20,17:40
ATD002209,EMP01175,2026-06-01,"Work From Home",09:00,17:23
ATD002210,EMP01109,2024-08-16,"Work From Home",09:11,17:44
ATD002211,EMP00220,2024-08-02,Present,08:54,17:20
ATD002212,EMP00797,2026-05-23,Present,08:53,18:07
ATD002213,EMP01171,2025-01-11,"Work From Home",09:18,17:45
ATD002214,EMP00246,2026-05-20,Present,09:16,18:00
ATD002215,EMP00953,2026-02-25,Absent,NULL,NULL
ATD002216,EMP00343,2025-02-24,Present,08:48,17:26
ATD002217,EMP00695,2026-01-21,"Half Day",09:16,12:59
ATD002218,EMP00105,2026-07-01,Present,08:43,17:08
ATD002219,EMP00079,2026-05-23,"Work From Home",09:29,18:02
ATD002220,EMP00716,2026-04-28,Present,09:03,17:10
ATD002221,EMP00226,2026-03-21,Present,09:31,17:57
ATD002222,EMP00371,2024-12-16,"Half Day",09:02,13:21
ATD002223,EMP00186,2025-11-25,"Work From Home",09:42,18:35
ATD002224,EMP00454,2025-10-07,Present,08:37,18:06
ATD002225,EMP00325,2024-10-25,Present,08:47,18:16
ATD002226,EMP00231,2026-04-17,Present,09:22,18:45
ATD002227,EMP00358,2024-10-25,Present,09:36,18:45
ATD002228,EMP00672,2024-11-02,Present,08:51,17:40
ATD002229,EMP00513,2025-07-04,Present,08:39,17:32
ATD002230,EMP01024,2024-08-08,Absent,NULL,NULL
ATD002231,EMP00738,2024-12-01,Present,08:48,18:13
ATD002232,EMP00807,2025-02-17,Present,09:11,17:36
ATD002233,EMP00893,2024-10-11,Present,08:32,17:59
ATD002234,EMP01211,2024-08-29,"Half Day",08:34,12:44
ATD002235,EMP00692,2025-04-01,Present,09:40,18:23
ATD002236,EMP01088,2026-01-12,Present,08:47,17:52
ATD002237,EMP00384,2025-12-12,"Half Day",08:39,12:16
ATD002238,EMP00390,2026-04-21,Present,08:39,18:04
ATD002239,EMP00209,2025-12-13,"Work From Home",09:09,17:52
ATD002240,EMP00160,2025-04-11,Present,09:09,17:37
ATD002241,EMP01032,2025-11-07,Present,08:35,17:25
ATD002242,EMP00577,2025-10-08,Present,09:40,18:21
ATD002243,EMP00171,2024-11-16,Present,08:42,16:51
ATD002244,EMP00726,2025-03-10,Present,08:36,17:31
ATD002245,EMP00482,2025-06-08,Present,09:10,17:55
ATD002246,EMP00802,2026-06-27,"Work From Home",09:07,17:23
ATD002247,EMP01072,2025-02-28,Present,08:47,17:36
ATD002248,EMP00459,2024-12-13,Present,08:37,18:06
ATD002249,EMP00242,2025-02-18,Present,09:01,18:06
ATD002250,EMP00116,2026-02-21,Present,09:17,18:06
ATD002251,EMP01083,2025-01-02,Present,09:33,18:11
ATD002252,EMP00411,2024-11-09,Present,09:21,18:48
ATD002253,EMP00587,2025-01-23,Absent,NULL,NULL
ATD002254,EMP00815,2026-04-04,Present,08:47,17:02
ATD002255,EMP01128,2026-02-23,Present,09:02,18:14
ATD002256,EMP00427,2025-03-28,Present,08:47,17:40
ATD002257,EMP01106,2026-06-27,Present,08:57,18:07
ATD002258,EMP00372,2025-08-25,Present,09:12,18:24
ATD002259,EMP00567,2024-09-24,Present,09:12,18:14
ATD002260,EMP00370,2025-03-28,Present,09:15,18:14
ATD002261,EMP00541,2026-05-23,Present,09:19,17:54
ATD002262,EMP00943,2025-08-01,"Half Day",09:22,13:08
ATD002263,EMP00005,2025-02-27,Present,09:03,17:31
ATD002264,EMP00631,2026-03-30,Present,08:53,17:38
ATD002265,EMP01119,2024-12-08,Present,08:30,17:03
ATD002266,EMP00794,2026-02-26,Present,08:37,17:49
ATD002267,EMP01184,2026-05-23,Present,09:29,17:35
ATD002268,EMP00809,2025-01-07,Absent,NULL,NULL
ATD002269,EMP00096,2025-12-07,Absent,NULL,NULL
ATD002270,EMP00665,2025-11-06,Present,09:26,17:35
ATD002271,EMP00549,2025-12-28,Present,08:32,16:51
ATD002272,EMP00635,2026-01-05,Present,09:13,18:27
ATD002273,EMP00779,2026-04-20,Present,08:32,16:54
ATD002274,EMP01133,2026-03-21,Absent,NULL,NULL
ATD002275,EMP00901,2025-07-11,Present,09:19,17:54
ATD002276,EMP00237,2024-10-17,"Work From Home",09:15,17:38
ATD002277,EMP00139,2026-02-21,Present,09:27,18:54
ATD002278,EMP00698,2025-01-17,Present,09:09,17:41
ATD002279,EMP00083,2024-08-11,Present,08:46,16:55
ATD002280,EMP00103,2024-09-25,Present,09:32,17:38
ATD002281,EMP00440,2026-07-04,Present,09:26,18:23
ATD002282,EMP00764,2026-02-11,Present,08:59,17:25
ATD002283,EMP00281,2025-04-25,Absent,NULL,NULL
ATD002284,EMP00802,2025-03-30,Present,08:49,16:54
ATD002285,EMP00845,2025-06-11,Present,09:09,17:24
ATD002286,EMP00998,2024-10-14,"Half Day",08:34,12:43
ATD002287,EMP00459,2025-07-26,Present,09:31,17:39
ATD002288,EMP00252,2026-07-14,Absent,NULL,NULL
ATD002289,EMP01171,2026-04-03,"Half Day",08:34,12:30
ATD002290,EMP00772,2024-09-20,Present,09:16,18:14
ATD002291,EMP01130,2025-11-15,Present,09:00,17:34
ATD002292,EMP00773,2025-02-12,Present,08:33,17:52
ATD002293,EMP00831,2025-11-04,"Work From Home",09:10,17:51
ATD002294,EMP00398,2025-10-18,Present,09:45,18:03
ATD002295,EMP00069,2024-09-23,Present,08:52,17:13
ATD002296,EMP01228,2026-06-26,Present,08:47,16:50
ATD002297,EMP00813,2024-12-28,Absent,NULL,NULL
ATD002298,EMP01112,2026-06-17,Present,09:37,18:01
ATD002299,EMP00405,2025-10-05,"Work From Home",09:25,18:25
ATD002300,EMP00758,2025-06-28,Present,09:06,17:35
ATD002301,EMP00769,2024-11-27,Present,08:46,17:21
ATD002302,EMP00226,2025-09-19,Absent,NULL,NULL
ATD002303,EMP00028,2025-09-05,Present,08:39,17:14
ATD002304,EMP00251,2026-04-12,Present,09:14,18:21
ATD002305,EMP00526,2025-03-22,Present,09:38,19:02
ATD002306,EMP00066,2026-07-21,Present,08:31,17:09
ATD002307,EMP00472,2025-10-13,"Half Day",08:42,12:55
ATD002308,EMP01030,2025-11-09,"Half Day",08:30,12:50
ATD002309,EMP00258,2026-08-07,"Work From Home",09:55,18:05
ATD002310,EMP00961,2026-06-02,Absent,NULL,NULL
ATD002311,EMP00568,2026-01-19,Present,09:26,17:51
ATD002312,EMP01094,2024-11-25,Present,09:20,17:56
ATD002313,EMP00592,2026-05-13,"Work From Home",09:45,17:46
ATD002314,EMP01202,2025-09-11,Present,09:38,18:30
ATD002315,EMP00304,2025-03-30,Present,09:21,18:08
ATD002316,EMP01102,2026-06-08,Present,09:22,17:39
ATD002317,EMP00633,2025-04-09,Present,08:37,17:49
ATD002318,EMP00135,2025-07-11,Present,08:44,17:28
ATD002319,EMP01012,2025-12-24,"Work From Home",09:42,17:57
ATD002320,EMP00071,2026-01-18,Present,09:13,17:25
ATD002321,EMP00937,2025-08-12,Present,08:49,18:04
ATD002322,EMP01203,2025-10-25,Present,08:56,16:56
ATD002323,EMP00184,2025-01-06,Present,09:15,17:41
ATD002324,EMP01151,2025-09-19,Present,09:39,18:36
ATD002325,EMP00949,2024-08-05,"Work From Home",09:19,18:04
ATD002326,EMP00285,2025-07-31,Present,09:21,18:44
ATD002327,EMP00664,2025-05-13,Present,09:17,18:44
ATD002328,EMP00341,2026-03-23,Absent,NULL,NULL
ATD002329,EMP00588,2025-07-13,Absent,NULL,NULL
ATD002330,EMP01123,2024-09-30,"Half Day",09:15,13:10
ATD002331,EMP00597,2026-07-20,Present,08:48,18:14
ATD002332,EMP00663,2025-05-30,Present,09:44,18:59
ATD002333,EMP00298,2026-05-20,Present,08:53,17:38
ATD002334,EMP00235,2026-07-18,Present,08:43,17:07
ATD002335,EMP00369,2024-12-07,Absent,NULL,NULL
ATD002336,EMP00366,2026-04-29,"Work From Home",09:48,18:02
ATD002337,EMP00393,2025-09-15,Present,08:55,17:55
ATD002338,EMP00438,2024-08-04,Absent,NULL,NULL
ATD002339,EMP00387,2025-02-24,Present,09:03,17:43
ATD002340,EMP00499,2025-11-05,Absent,NULL,NULL
ATD002341,EMP00370,2026-04-16,Present,08:57,18:02
ATD002342,EMP00834,2025-11-14,"Work From Home",09:58,18:50
ATD002343,EMP00488,2024-10-26,Present,09:32,18:29
ATD002344,EMP00157,2026-04-09,Present,09:39,18:37
ATD002345,EMP00857,2025-01-19,"Half Day",09:07,13:06
ATD002346,EMP00568,2026-01-05,Present,08:44,17:04
ATD002347,EMP00077,2025-05-31,Present,09:05,18:24
ATD002348,EMP00933,2026-05-05,"Half Day",09:27,13:13
ATD002349,EMP00143,2024-08-29,"Half Day",09:28,13:56
ATD002350,EMP00953,2025-02-10,Present,09:22,18:48
ATD002351,EMP00952,2026-04-26,"Half Day",09:23,13:04
ATD002352,EMP00404,2025-06-05,"Work From Home",09:25,17:50
ATD002353,EMP00142,2024-08-20,Present,09:10,17:29
ATD002354,EMP00489,2024-10-13,"Half Day",08:38,12:47
ATD002355,EMP00106,2024-11-13,Present,09:24,18:41
ATD002356,EMP00237,2024-08-13,Present,08:57,18:24
ATD002357,EMP00910,2025-01-22,Present,09:04,17:13
ATD002358,EMP00400,2025-12-26,Present,09:37,17:43
ATD002359,EMP00786,2025-01-28,Present,08:34,16:41
ATD002360,EMP00653,2025-04-12,Present,08:33,17:35
ATD002361,EMP00856,2026-07-04,Absent,NULL,NULL
ATD002362,EMP00807,2025-05-28,"Half Day",08:45,13:12
ATD002363,EMP00037,2025-09-21,Present,08:51,17:01
ATD002364,EMP01195,2025-09-17,Present,08:40,17:46
ATD002365,EMP00337,2025-07-11,Absent,NULL,NULL
ATD002366,EMP00687,2025-09-02,Present,08:47,17:54
ATD002367,EMP00745,2025-07-06,"Half Day",09:04,13:09
ATD002368,EMP00308,2024-12-22,"Work From Home",09:12,17:56
ATD002369,EMP00804,2025-10-17,Absent,NULL,NULL
ATD002370,EMP00636,2025-05-22,Present,09:37,18:51
ATD002371,EMP00826,2025-12-19,Absent,NULL,NULL
ATD002372,EMP00089,2025-06-21,Present,08:40,17:57
ATD002373,EMP00954,2025-03-03,Present,09:42,19:07
ATD002374,EMP00879,2024-12-20,Absent,NULL,NULL
ATD002375,EMP00407,2025-10-13,Present,08:53,17:29
ATD002376,EMP00053,2024-09-06,Present,08:56,17:55
ATD002377,EMP00718,2024-12-29,Present,09:29,18:45
ATD002378,EMP00253,2026-01-24,Present,08:37,17:45
ATD002379,EMP00908,2024-11-09,Present,09:37,18:42
ATD002380,EMP00267,2025-10-31,Present,09:35,18:38
ATD002381,EMP00466,2024-08-06,Absent,NULL,NULL
ATD002382,EMP00878,2026-03-22,Present,09:42,18:26
ATD002383,EMP00910,2024-12-23,Present,09:34,18:55
ATD002384,EMP01169,2026-06-16,"Work From Home",09:34,18:05
ATD002385,EMP00212,2025-09-16,Present,09:07,17:39
ATD002386,EMP00231,2025-01-03,Present,09:12,17:12
ATD002387,EMP01015,2025-05-15,"Half Day",08:54,13:13
ATD002388,EMP00038,2025-06-10,"Work From Home",09:40,18:18
ATD002389,EMP00702,2025-01-25,Present,09:10,18:18
ATD002390,EMP01001,2026-06-02,Present,08:55,17:35
ATD002391,EMP00348,2025-07-20,"Half Day",09:29,13:02
ATD002392,EMP00004,2025-02-23,Present,09:13,18:25
ATD002393,EMP00686,2026-08-03,Present,08:59,18:03
ATD002394,EMP00962,2026-05-05,Absent,NULL,NULL
ATD002395,EMP01040,2026-08-05,Present,08:49,16:52
ATD002396,EMP00736,2025-11-28,Present,09:04,17:49
ATD002397,EMP00928,2026-03-06,"Work From Home",09:06,17:28
ATD002398,EMP00381,2024-10-15,"Half Day",09:27,13:32
ATD002399,EMP00640,2025-07-04,Present,08:42,17:37
ATD002400,EMP00180,2025-02-15,"Half Day",09:21,12:55
ATD002401,EMP00472,2026-03-21,"Half Day",08:38,12:40
ATD002402,EMP00104,2024-08-10,Present,08:54,17:13
ATD002403,EMP00963,2026-02-01,Present,09:28,18:54
ATD002404,EMP00810,2025-09-03,Present,09:27,17:48
ATD002405,EMP00528,2024-11-04,"Work From Home",09:49,18:10
ATD002406,EMP00792,2024-10-30,Absent,NULL,NULL
ATD002407,EMP00188,2025-06-23,Present,08:32,17:46
ATD002408,EMP00089,2025-01-09,Present,08:47,17:39
ATD002409,EMP00464,2024-09-08,Present,09:00,18:11
ATD002410,EMP00244,2025-12-29,Present,09:23,18:12
ATD002411,EMP00600,2024-11-09,"Work From Home",09:03,17:07
ATD002412,EMP00430,2024-08-18,Present,08:45,17:41
ATD002413,EMP00745,2026-05-29,Absent,NULL,NULL
ATD002414,EMP00042,2025-11-20,Absent,NULL,NULL
ATD002415,EMP00769,2026-02-08,Absent,NULL,NULL
ATD002416,EMP01229,2025-09-02,Present,08:44,18:04
ATD002417,EMP00143,2026-04-07,Absent,NULL,NULL
ATD002418,EMP00118,2025-11-18,Absent,NULL,NULL
ATD002419,EMP00253,2025-01-08,Present,09:17,18:19
ATD002420,EMP00443,2025-06-14,Present,09:17,18:45
ATD002421,EMP00995,2025-03-16,Present,08:31,16:44
ATD002422,EMP01021,2024-08-22,Present,09:20,17:35
ATD002423,EMP00707,2026-03-15,Present,08:40,18:04
ATD002424,EMP00692,2026-07-27,Present,09:14,18:43
ATD002425,EMP01121,2024-08-03,Present,09:14,17:31
ATD002426,EMP00904,2024-08-17,Present,08:52,17:38
ATD002427,EMP01218,2025-08-24,Present,09:30,17:34
ATD002428,EMP00686,2026-03-18,"Half Day",09:20,12:59
ATD002429,EMP00324,2026-05-14,Present,09:32,17:55
ATD002430,EMP00053,2026-07-19,Present,08:35,17:14
ATD002431,EMP00204,2026-04-12,Present,09:07,17:15
ATD002432,EMP00366,2025-10-31,Present,09:03,18:08
ATD002433,EMP00332,2025-12-27,Present,08:37,17:46
ATD002434,EMP00749,2025-11-02,Present,08:50,17:06
ATD002435,EMP00448,2026-05-05,Present,09:40,18:50
ATD002436,EMP00151,2025-08-17,"Work From Home",09:19,18:19
ATD002437,EMP00960,2025-07-23,Present,08:41,17:21
ATD002438,EMP01219,2025-09-18,"Half Day",08:56,13:15
ATD002439,EMP00683,2026-03-24,Present,08:40,17:38
ATD002440,EMP00076,2025-03-07,Present,08:44,17:57
ATD002441,EMP01191,2025-02-17,"Work From Home",09:16,18:00
ATD002442,EMP00178,2026-07-18,Present,08:38,17:13
ATD002443,EMP01060,2026-07-27,Present,09:16,18:36
ATD002444,EMP00649,2025-01-28,Present,09:20,17:42
ATD002445,EMP00994,2025-02-08,Present,08:30,17:27
ATD002446,EMP00354,2026-05-27,Absent,NULL,NULL
ATD002447,EMP01012,2025-12-11,"Work From Home",09:00,17:37
ATD002448,EMP00485,2025-09-19,Present,09:12,17:54
ATD002449,EMP00603,2025-05-31,"Work From Home",09:03,17:29
ATD002450,EMP01170,2026-05-18,Present,08:36,16:37
ATD002451,EMP00556,2025-03-30,Present,08:33,17:33
ATD002452,EMP01095,2025-11-01,Present,09:43,18:43
ATD002453,EMP00730,2025-06-27,Present,08:58,17:36
ATD002454,EMP00229,2024-09-08,"Work From Home",09:50,18:31
ATD002455,EMP00342,2025-05-31,Absent,NULL,NULL
ATD002456,EMP00376,2024-11-07,"Work From Home",09:25,17:32
ATD002457,EMP00550,2025-07-23,Present,09:11,18:21
ATD002458,EMP00233,2026-02-21,Present,09:16,17:52
ATD002459,EMP00548,2025-06-16,Present,08:40,16:47
ATD002460,EMP00210,2025-02-11,Present,09:36,17:55
ATD002461,EMP01005,2024-10-15,Present,09:24,17:33
ATD002462,EMP00234,2026-01-16,Present,08:49,16:50
ATD002463,EMP00696,2024-10-27,Present,08:59,17:48
ATD002464,EMP01077,2025-04-23,"Half Day",09:00,12:30
ATD002465,EMP00038,2025-03-29,Present,08:36,16:44
ATD002466,EMP00911,2026-05-03,"Half Day",08:33,13:02
ATD002467,EMP00608,2024-10-30,Present,09:14,18:27
ATD002468,EMP00540,2025-08-03,Present,09:42,18:57
ATD002469,EMP00568,2025-04-21,Present,08:37,17:43
ATD002470,EMP00686,2025-09-03,Absent,NULL,NULL
ATD002471,EMP00800,2024-08-11,Absent,NULL,NULL
ATD002472,EMP01226,2026-02-23,Absent,NULL,NULL
ATD002473,EMP00442,2025-11-09,Present,08:40,16:45
ATD002474,EMP00015,2024-08-26,"Work From Home",09:55,18:02
ATD002475,EMP01147,2025-04-02,"Work From Home",09:25,17:33
ATD002476,EMP01067,2025-05-05,"Half Day",08:52,12:54
ATD002477,EMP00774,2025-09-14,"Half Day",08:39,13:06
ATD002478,EMP00026,2025-11-04,Present,08:31,17:50
ATD002479,EMP00474,2026-08-05,Present,09:39,18:43
ATD002480,EMP00387,2024-08-19,Present,08:53,17:31
ATD002481,EMP00276,2024-12-31,Present,08:49,17:17
ATD002482,EMP00862,2024-12-01,Present,08:37,17:20
ATD002483,EMP00752,2025-07-07,Present,09:36,18:59
ATD002484,EMP00938,2025-08-29,"Half Day",09:12,13:17
ATD002485,EMP00640,2026-01-23,Present,08:42,17:20
ATD002486,EMP00518,2026-07-12,Present,09:08,17:23
ATD002487,EMP01224,2024-12-04,Present,09:01,17:27
ATD002488,EMP00917,2026-03-15,Present,08:35,16:38
ATD002489,EMP00857,2026-02-20,Present,09:42,18:08
ATD002490,EMP00329,2025-11-04,Present,08:51,17:24
ATD002491,EMP00255,2026-07-24,Present,09:37,18:32
ATD002492,EMP00478,2026-04-21,Present,08:51,17:53
ATD002493,EMP00031,2025-05-22,"Work From Home",09:06,17:14
ATD002494,EMP00073,2025-05-05,"Half Day",09:06,12:53
ATD002495,EMP00326,2026-04-18,Present,09:12,18:28
ATD002496,EMP00547,2026-02-22,Absent,NULL,NULL
ATD002497,EMP00021,2026-04-10,Present,09:26,18:38
ATD002498,EMP00304,2026-05-27,"Half Day",09:23,13:12
ATD002499,EMP01029,2026-05-02,Present,09:37,18:37
ATD002500,EMP00044,2026-05-31,Present,08:51,17:50
ATD002501,EMP00064,2024-11-10,Present,08:57,17:53
ATD002502,EMP00724,2025-09-11,"Work From Home",09:56,18:36
ATD002503,EMP00320,2026-02-22,"Half Day",08:33,13:00
ATD002504,EMP01167,2024-08-06,Present,09:19,18:47
ATD002505,EMP00854,2025-09-29,Present,08:37,17:14
ATD002506,EMP01202,2025-10-14,Absent,NULL,NULL
ATD002507,EMP01199,2024-11-17,Absent,NULL,NULL
ATD002508,EMP00261,2025-12-13,Absent,NULL,NULL
ATD002509,EMP00143,2025-09-20,Present,08:41,18:04
ATD002510,EMP00027,2024-10-20,"Work From Home",09:28,18:25
ATD002511,EMP00245,2024-10-29,Present,09:17,18:44
ATD002512,EMP00837,2025-09-09,Present,08:46,17:51
ATD002513,EMP00278,2024-11-26,Present,09:38,18:10
ATD002514,EMP00732,2026-03-19,"Work From Home",09:05,17:32
ATD002515,EMP00590,2026-07-29,"Work From Home",09:26,17:44
ATD002516,EMP00830,2026-01-30,Present,08:32,16:54
ATD002517,EMP00668,2026-07-24,Present,09:44,18:27
ATD002518,EMP00892,2026-03-03,Present,08:57,17:42
ATD002519,EMP00002,2025-09-11,Absent,NULL,NULL
ATD002520,EMP00684,2026-04-12,"Work From Home",09:50,17:50
ATD002521,EMP01176,2024-08-25,Present,09:14,17:53
ATD002522,EMP00428,2026-03-07,Absent,NULL,NULL
ATD002523,EMP00490,2026-03-24,Present,08:41,16:43
ATD002524,EMP01102,2026-05-05,"Half Day",09:19,13:22
ATD002525,EMP00025,2024-12-10,Present,09:10,18:13
ATD002526,EMP01171,2026-05-06,"Work From Home",09:14,17:37
ATD002527,EMP00956,2026-07-13,"Work From Home",09:48,18:05
ATD002528,EMP00075,2026-04-27,Present,09:06,17:24
ATD002529,EMP00784,2026-05-25,"Work From Home",09:51,18:23
ATD002530,EMP00969,2026-06-03,Present,08:36,18:01
ATD002531,EMP00046,2026-07-03,Absent,NULL,NULL
ATD002532,EMP00319,2025-12-13,Absent,NULL,NULL
ATD002533,EMP00792,2025-06-15,Present,08:38,17:27
ATD002534,EMP01091,2026-03-28,Present,08:43,16:43
ATD002535,EMP00980,2026-01-30,Present,08:48,16:56
ATD002536,EMP00886,2026-06-17,"Work From Home",09:57,18:15
ATD002537,EMP01117,2025-06-25,Present,08:32,17:24
ATD002538,EMP00256,2025-10-16,Present,08:42,17:49
ATD002539,EMP01079,2024-10-18,"Work From Home",09:23,18:07
ATD002540,EMP00113,2026-02-02,Absent,NULL,NULL
ATD002541,EMP00266,2026-06-10,Present,08:58,17:27
ATD002542,EMP01018,2024-09-10,Present,09:37,18:01
ATD002543,EMP00769,2026-02-19,Present,09:13,18:13
ATD002544,EMP00203,2025-12-20,Absent,NULL,NULL
ATD002545,EMP00879,2025-06-28,"Work From Home",09:05,17:15
ATD002546,EMP00335,2025-05-07,Absent,NULL,NULL
ATD002547,EMP00422,2026-01-19,"Work From Home",09:25,17:35
ATD002548,EMP00841,2024-12-14,Absent,NULL,NULL
ATD002549,EMP01088,2025-11-11,"Work From Home",09:34,17:59
ATD002550,EMP01069,2025-07-12,"Half Day",08:31,12:37
ATD002551,EMP00524,2025-07-13,Present,09:05,17:35
ATD002552,EMP00677,2026-07-01,Present,09:07,17:58
ATD002553,EMP00308,2024-11-15,"Half Day",08:40,12:22
ATD002554,EMP00235,2025-04-05,Absent,NULL,NULL
ATD002555,EMP00127,2026-08-07,Absent,NULL,NULL
ATD002556,EMP00774,2025-07-17,"Half Day",09:16,13:24
ATD002557,EMP00763,2025-12-09,Absent,NULL,NULL
ATD002558,EMP00875,2026-02-27,Present,08:57,17:19
ATD002559,EMP00653,2026-04-06,Present,08:55,16:55
ATD002560,EMP00974,2025-09-27,Present,08:40,16:45
ATD002561,EMP00926,2025-10-29,Present,09:24,17:37
ATD002562,EMP00261,2025-11-09,"Work From Home",09:22,18:15
ATD002563,EMP00470,2025-05-19,Present,08:56,17:14
ATD002564,EMP00044,2026-01-22,"Work From Home",09:00,17:24
ATD002565,EMP00371,2024-12-19,Present,09:29,18:01
ATD002566,EMP00832,2024-10-17,Present,08:30,17:34
ATD002567,EMP00201,2026-07-04,Present,09:38,18:55
ATD002568,EMP00146,2026-02-20,Absent,NULL,NULL
ATD002569,EMP00310,2025-05-31,Absent,NULL,NULL
ATD002570,EMP01174,2025-06-19,Absent,NULL,NULL
ATD002571,EMP00959,2025-12-25,Absent,NULL,NULL
ATD002572,EMP00378,2026-04-13,Present,08:59,18:00
ATD002573,EMP00400,2025-03-12,Absent,NULL,NULL
ATD002574,EMP00788,2025-07-23,"Work From Home",09:39,17:52
ATD002575,EMP00195,2026-07-30,"Work From Home",09:51,18:06
ATD002576,EMP00661,2025-08-29,Present,09:20,17:30
ATD002577,EMP00854,2025-06-29,Present,08:35,18:00
ATD002578,EMP00523,2025-08-08,Present,09:04,18:25
ATD002579,EMP00391,2026-02-27,Present,08:59,17:58
ATD002580,EMP00387,2024-09-12,Present,08:38,17:10
ATD002581,EMP01196,2025-10-16,Present,08:39,17:53
ATD002582,EMP00520,2024-09-24,Present,08:47,17:34
ATD002583,EMP00414,2024-10-24,Absent,NULL,NULL
ATD002584,EMP01015,2024-12-12,Present,09:29,17:37
ATD002585,EMP00547,2025-02-19,"Half Day",09:16,13:03
ATD002586,EMP00660,2026-08-04,"Work From Home",09:23,18:20
ATD002587,EMP00665,2025-09-03,"Work From Home",09:22,18:20
ATD002588,EMP00050,2026-01-25,Present,08:48,18:18
ATD002589,EMP00659,2026-01-30,Present,09:10,18:37
ATD002590,EMP01198,2026-05-12,Present,09:30,18:34
ATD002591,EMP01045,2024-12-21,Present,08:57,17:27
ATD002592,EMP00669,2025-12-11,Absent,NULL,NULL
ATD002593,EMP01017,2025-05-14,Present,09:12,17:20
ATD002594,EMP00530,2026-07-18,Absent,NULL,NULL
ATD002595,EMP00804,2025-11-26,"Work From Home",09:03,17:55
ATD002596,EMP00166,2026-06-26,Present,09:02,18:31
ATD002597,EMP01136,2024-10-19,Absent,NULL,NULL
ATD002598,EMP01147,2026-07-06,Absent,NULL,NULL
ATD002599,EMP00444,2025-07-16,Absent,NULL,NULL
ATD002600,EMP00225,2026-03-11,Present,08:48,17:35
ATD002601,EMP01174,2025-12-18,"Work From Home",09:53,18:32
ATD002602,EMP00040,2026-02-28,"Work From Home",09:00,17:03
ATD002603,EMP00102,2025-11-07,Present,08:47,17:38
ATD002604,EMP00813,2025-02-06,Present,09:32,19:02
ATD002605,EMP00224,2025-06-21,Present,09:29,18:15
ATD002606,EMP00738,2024-08-29,Present,08:34,16:38
ATD002607,EMP00467,2025-11-12,Present,09:30,17:37
ATD002608,EMP01145,2024-10-19,Present,09:45,18:14
ATD002609,EMP00311,2024-11-07,Present,09:44,19:09
ATD002610,EMP00058,2026-04-12,Present,08:39,16:58
ATD002611,EMP00323,2026-02-23,Present,09:44,19:05
ATD002612,EMP01039,2026-04-16,"Work From Home",09:12,17:59
ATD002613,EMP00499,2026-02-19,Present,09:39,17:54
ATD002614,EMP01163,2026-03-24,"Work From Home",09:09,17:42
ATD002615,EMP00425,2026-03-06,Present,09:07,18:35
ATD002616,EMP00812,2026-04-13,Present,09:16,18:42
ATD002617,EMP01229,2026-05-04,Present,09:41,17:42
ATD002618,EMP00502,2024-12-04,Absent,NULL,NULL
ATD002619,EMP00943,2025-12-17,Present,08:48,16:53
ATD002620,EMP01074,2026-06-16,Absent,NULL,NULL
ATD002621,EMP01200,2024-09-18,Absent,NULL,NULL
ATD002622,EMP00788,2024-12-16,"Work From Home",09:06,17:56
ATD002623,EMP00051,2025-11-16,Present,08:34,17:00
ATD002624,EMP00180,2025-12-30,Absent,NULL,NULL
ATD002625,EMP00694,2025-04-22,Present,08:52,17:11
ATD002626,EMP00953,2025-07-24,Present,08:46,16:50
ATD002627,EMP00676,2025-07-13,"Work From Home",09:35,17:41
ATD002628,EMP00753,2026-02-25,"Half Day",09:22,13:00
ATD002629,EMP00026,2025-08-28,"Work From Home",09:10,17:14
ATD002630,EMP00715,2025-06-03,"Half Day",09:14,12:52
ATD002631,EMP00878,2026-05-18,Present,09:39,19:01
ATD002632,EMP01189,2025-11-23,"Work From Home",09:41,17:57
ATD002633,EMP00168,2025-01-29,Absent,NULL,NULL
ATD002634,EMP01115,2024-09-29,Present,08:58,18:02
ATD002635,EMP00254,2025-11-03,Present,09:03,17:36
ATD002636,EMP00672,2026-08-01,Present,08:34,17:47
ATD002637,EMP00669,2024-12-04,"Work From Home",09:23,18:08
ATD002638,EMP00558,2026-01-06,Present,08:47,17:51
ATD002639,EMP00830,2026-04-28,Present,09:15,17:30
ATD002640,EMP01135,2026-04-07,"Half Day",09:04,12:46
ATD002641,EMP00240,2025-08-25,Present,09:41,18:19
ATD002642,EMP00204,2024-09-28,Present,09:45,18:07
ATD002643,EMP00201,2026-05-21,Present,09:30,18:58
ATD002644,EMP00809,2026-07-23,Present,09:06,18:13
ATD002645,EMP00110,2025-05-14,Absent,NULL,NULL
ATD002646,EMP00221,2026-05-17,Absent,NULL,NULL
ATD002647,EMP00832,2026-01-27,Present,09:39,18:31
ATD002648,EMP00125,2025-02-02,Present,08:38,17:45
ATD002649,EMP01047,2025-04-16,Present,09:08,18:36
ATD002650,EMP00407,2024-11-27,Present,09:02,18:08
ATD002651,EMP01108,2026-02-18,"Work From Home",09:26,18:07
ATD002652,EMP00965,2025-03-30,"Work From Home",09:35,18:17
ATD002653,EMP00751,2024-09-15,Present,08:54,17:14
ATD002654,EMP00232,2024-08-15,Present,08:52,18:20
ATD002655,EMP00152,2026-05-22,Present,09:01,17:22
ATD002656,EMP00116,2025-09-07,Present,08:36,17:48
ATD002657,EMP00863,2026-05-28,"Work From Home",09:21,17:58
ATD002658,EMP00750,2025-12-30,Absent,NULL,NULL
ATD002659,EMP00113,2025-01-11,Present,08:50,17:49
ATD002660,EMP00212,2025-09-04,Absent,NULL,NULL
ATD002661,EMP01148,2026-07-24,Present,09:22,18:50
ATD002662,EMP00912,2026-05-06,Present,08:46,17:07
ATD002663,EMP00051,2026-05-05,Present,09:35,18:20
ATD002664,EMP01077,2026-06-03,"Work From Home",09:20,17:30
ATD002665,EMP00698,2026-06-19,"Work From Home",09:21,18:15
ATD002666,EMP01117,2024-10-10,Present,09:31,18:39
ATD002667,EMP00776,2026-07-02,Present,08:45,18:08
ATD002668,EMP00373,2025-02-11,Present,09:12,18:36
ATD002669,EMP00655,2025-03-24,Present,09:19,17:53
ATD002670,EMP00342,2025-05-26,Present,08:55,17:03
ATD002671,EMP00656,2025-04-20,Present,08:34,16:47
ATD002672,EMP00913,2026-01-21,Present,08:39,18:02
ATD002673,EMP00057,2026-03-30,Absent,NULL,NULL
ATD002674,EMP00831,2025-09-27,Absent,NULL,NULL
ATD002675,EMP00210,2025-10-15,Present,09:00,18:16
ATD002676,EMP00561,2026-06-24,"Half Day",09:09,12:59
ATD002677,EMP01014,2025-01-02,Present,09:36,18:31
ATD002678,EMP00458,2025-03-02,"Half Day",08:53,13:07
ATD002679,EMP00769,2025-05-28,Present,08:41,16:51
ATD002680,EMP00798,2026-07-24,Absent,NULL,NULL
ATD002681,EMP00756,2025-01-31,Absent,NULL,NULL
ATD002682,EMP01201,2026-07-30,Present,09:10,17:47
ATD002683,EMP01082,2025-05-30,"Work From Home",09:21,18:17
ATD002684,EMP00994,2025-05-04,Present,08:34,17:44
ATD002685,EMP00614,2024-09-16,"Work From Home",09:01,17:58
ATD002686,EMP00571,2026-01-11,Present,08:58,17:32
ATD002687,EMP00063,2025-09-24,Present,08:37,17:42
ATD002688,EMP00313,2025-07-29,Absent,NULL,NULL
ATD002689,EMP00532,2025-10-02,"Work From Home",09:20,18:02
ATD002690,EMP00755,2024-08-22,Present,09:43,18:13
ATD002691,EMP00926,2024-09-28,Present,08:55,18:01
ATD002692,EMP00033,2025-12-31,Present,09:15,17:56
ATD002693,EMP00971,2026-03-26,"Work From Home",09:26,18:19
ATD002694,EMP00550,2025-08-15,Present,08:40,17:31
ATD002695,EMP01061,2026-06-01,Present,08:52,17:47
ATD002696,EMP00634,2025-04-22,Absent,NULL,NULL
ATD002697,EMP00315,2026-02-08,Present,08:33,16:43
ATD002698,EMP01031,2024-12-28,"Half Day",09:28,13:31
ATD002699,EMP00351,2026-03-27,Present,09:22,17:59
ATD002700,EMP00774,2026-03-20,Present,08:36,17:15
ATD002701,EMP01081,2025-12-21,Present,09:02,17:19
ATD002702,EMP00111,2026-07-03,Present,09:15,17:56
ATD002703,EMP01071,2025-02-26,Present,08:36,17:42
ATD002704,EMP00597,2026-01-12,Absent,NULL,NULL
ATD002705,EMP00988,2025-10-06,"Work From Home",09:28,17:36
ATD002706,EMP00225,2025-07-01,Present,09:05,18:32
ATD002707,EMP00817,2025-01-28,"Work From Home",09:43,18:08
ATD002708,EMP00190,2025-01-31,Present,08:57,17:55
ATD002709,EMP00281,2025-05-15,"Work From Home",09:16,17:17
ATD002710,EMP00022,2025-06-19,Present,08:43,17:52
ATD002711,EMP00661,2026-08-02,Absent,NULL,NULL
ATD002712,EMP00211,2025-12-18,Present,08:44,17:25
ATD002713,EMP00193,2025-11-28,"Work From Home",09:15,17:45
ATD002714,EMP00199,2024-12-10,Present,08:31,16:34
ATD002715,EMP01007,2024-12-03,Present,09:21,18:22
ATD002716,EMP00266,2026-01-08,Present,09:38,18:20
ATD002717,EMP00475,2026-01-04,"Work From Home",09:46,18:40
ATD002718,EMP00086,2024-12-11,Present,08:34,16:50
ATD002719,EMP00094,2025-11-20,Present,08:59,17:15
ATD002720,EMP00870,2025-08-24,Present,08:50,17:56
ATD002721,EMP00457,2025-11-19,"Work From Home",09:03,18:02
ATD002722,EMP00973,2025-05-18,"Work From Home",09:24,18:05
ATD002723,EMP00524,2025-08-16,Present,09:23,18:17
ATD002724,EMP00731,2026-04-10,Absent,NULL,NULL
ATD002725,EMP00552,2025-02-15,Present,09:10,18:33
ATD002726,EMP00122,2025-06-30,Absent,NULL,NULL
ATD002727,EMP00982,2025-11-02,Absent,NULL,NULL
ATD002728,EMP00586,2026-01-07,Present,09:03,17:42
ATD002729,EMP00495,2026-03-24,Present,08:39,16:47
ATD002730,EMP01089,2024-09-05,Present,08:44,17:11
ATD002731,EMP00664,2024-11-09,Present,08:43,17:22
ATD002732,EMP01041,2025-03-05,Present,08:59,17:06
ATD002733,EMP00738,2026-05-29,"Half Day",09:13,13:42
ATD002734,EMP00781,2026-04-08,Present,08:51,16:53
ATD002735,EMP01021,2024-09-16,Present,09:22,18:18
ATD002736,EMP00853,2025-07-02,Absent,NULL,NULL
ATD002737,EMP01083,2025-09-11,Present,08:33,17:16
ATD002738,EMP00625,2026-03-13,Present,09:04,17:47
ATD002739,EMP00958,2026-01-17,"Half Day",08:45,12:57
ATD002740,EMP00764,2026-06-04,Present,08:35,16:48
ATD002741,EMP00601,2024-09-17,Present,08:30,16:57
ATD002742,EMP00362,2026-04-10,"Work From Home",09:23,17:57
ATD002743,EMP00272,2025-12-24,Present,08:32,17:28
ATD002744,EMP00598,2024-10-05,Present,08:43,17:01
ATD002745,EMP00428,2025-11-17,Present,08:58,18:22
ATD002746,EMP00942,2026-04-18,"Half Day",08:58,13:02
ATD002747,EMP00050,2025-08-08,Present,09:24,17:54
ATD002748,EMP00090,2025-08-01,Present,08:54,17:22
ATD002749,EMP00521,2026-01-09,Present,09:06,18:34
ATD002750,EMP00522,2026-04-29,Present,09:33,17:52
ATD002751,EMP00435,2025-02-24,Present,08:48,17:30
ATD002752,EMP00169,2024-08-13,Present,08:33,17:17
ATD002753,EMP01006,2025-08-09,Present,08:31,16:34
ATD002754,EMP01070,2026-05-03,Present,09:39,18:43
ATD002755,EMP01023,2025-09-03,Present,09:41,18:35
ATD002756,EMP01074,2026-01-05,Present,09:29,17:32
ATD002757,EMP00063,2026-07-29,Present,08:34,17:48
ATD002758,EMP00260,2025-01-23,Present,09:08,17:34
ATD002759,EMP01113,2025-10-24,Present,08:35,17:12
ATD002760,EMP00636,2026-04-19,"Half Day",09:10,13:17
ATD002761,EMP00183,2025-01-16,Absent,NULL,NULL
ATD002762,EMP00359,2025-08-22,Absent,NULL,NULL
ATD002763,EMP01070,2026-02-02,Absent,NULL,NULL
ATD002764,EMP00287,2025-10-30,Present,09:17,18:09
ATD002765,EMP00293,2026-07-12,Present,08:32,17:57
ATD002766,EMP01193,2025-06-11,Absent,NULL,NULL
ATD002767,EMP00300,2024-12-16,Absent,NULL,NULL
ATD002768,EMP00878,2026-04-22,Present,09:32,18:15
ATD002769,EMP00870,2026-01-07,Absent,NULL,NULL
ATD002770,EMP00235,2025-04-01,"Work From Home",09:18,18:01
ATD002771,EMP00711,2026-02-14,Present,09:09,17:16
ATD002772,EMP01162,2025-12-12,"Half Day",09:18,13:42
ATD002773,EMP00216,2024-08-18,Present,09:19,18:05
ATD002774,EMP00032,2026-06-19,Absent,NULL,NULL
ATD002775,EMP00730,2024-08-09,Present,08:34,17:34
ATD002776,EMP01201,2026-03-23,Present,08:48,17:13
ATD002777,EMP00485,2025-01-30,"Work From Home",09:29,18:05
ATD002778,EMP00846,2025-06-28,"Work From Home",09:23,17:59
ATD002779,EMP00693,2026-04-26,"Work From Home",09:56,18:55
ATD002780,EMP00983,2026-07-02,Present,09:18,17:34
ATD002781,EMP00550,2026-04-20,"Half Day",09:01,13:24
ATD002782,EMP00617,2026-06-14,Present,08:43,17:19
ATD002783,EMP00360,2025-11-09,Present,08:44,16:53
ATD002784,EMP01112,2026-06-03,Present,09:36,18:57
ATD002785,EMP00892,2024-10-31,Present,09:07,17:17
ATD002786,EMP00217,2024-09-20,Absent,NULL,NULL
ATD002787,EMP00545,2024-09-14,Absent,NULL,NULL
ATD002788,EMP00243,2025-04-05,"Work From Home",09:39,18:28
ATD002789,EMP01124,2026-02-06,Present,08:57,18:05
ATD002790,EMP00402,2025-01-20,Present,09:02,17:38
ATD002791,EMP00749,2025-03-06,Absent,NULL,NULL
ATD002792,EMP00622,2025-08-08,Present,09:25,18:31
ATD002793,EMP00502,2025-10-17,Present,09:34,19:02
ATD002794,EMP01044,2025-05-04,Present,08:48,18:18
ATD002795,EMP00092,2026-05-22,Present,09:10,17:44
ATD002796,EMP00528,2025-09-20,Present,09:14,17:44
ATD002797,EMP00696,2025-08-15,Present,08:51,17:22
ATD002798,EMP00582,2024-12-12,Present,09:24,18:33
ATD002799,EMP00046,2024-08-11,Present,08:41,18:04
ATD002800,EMP00273,2025-07-06,Present,09:14,18:42
ATD002801,EMP01205,2025-12-19,Present,09:01,18:02
ATD002802,EMP00351,2024-09-10,Present,09:31,18:00
ATD002803,EMP00243,2025-02-09,"Work From Home",09:04,17:23
ATD002804,EMP00574,2026-06-18,"Work From Home",09:52,17:52
ATD002805,EMP00833,2026-04-17,Present,08:54,17:16
ATD002806,EMP01101,2026-01-22,"Work From Home",09:23,18:22
ATD002807,EMP00439,2025-04-26,"Half Day",09:21,12:57
ATD002808,EMP01144,2025-05-08,Present,09:40,18:35
ATD002809,EMP00293,2024-09-29,"Work From Home",09:14,17:14
ATD002810,EMP00921,2026-03-12,"Work From Home",09:52,18:33
ATD002811,EMP00479,2024-09-05,"Work From Home",09:23,17:51
ATD002812,EMP00431,2025-05-21,Present,09:35,18:31
ATD002813,EMP00901,2024-08-07,Present,09:31,18:26
ATD002814,EMP00947,2025-10-31,Present,08:52,18:01
ATD002815,EMP00166,2025-01-21,Absent,NULL,NULL
ATD002816,EMP00596,2025-10-24,Present,08:51,18:20
ATD002817,EMP00954,2025-05-27,Present,08:55,17:04
ATD002818,EMP00565,2025-11-26,Present,08:43,16:48
ATD002819,EMP00587,2025-10-31,Present,09:39,18:47
ATD002820,EMP00015,2025-09-28,Present,09:20,18:47
ATD002821,EMP00950,2025-06-22,Present,08:41,18:08
ATD002822,EMP00291,2025-05-20,Present,08:51,18:07
ATD002823,EMP01056,2024-11-18,"Half Day",08:50,12:32
ATD002824,EMP00289,2024-12-08,Present,09:07,18:19
ATD002825,EMP00736,2025-06-06,Present,08:40,17:11
ATD002826,EMP00550,2024-10-29,Present,08:38,17:22
ATD002827,EMP00974,2024-11-18,Present,08:50,18:15
ATD002828,EMP00383,2026-07-11,Present,09:08,18:33
ATD002829,EMP00114,2024-09-11,Absent,NULL,NULL
ATD002830,EMP00044,2024-12-03,"Work From Home",09:08,18:04
ATD002831,EMP00295,2025-05-14,Present,08:43,18:06
ATD002832,EMP00369,2026-06-19,Present,08:58,17:47
ATD002833,EMP00425,2026-01-27,Present,08:46,17:01
ATD002834,EMP00865,2026-05-16,Absent,NULL,NULL
ATD002835,EMP00635,2025-07-27,Absent,NULL,NULL
ATD002836,EMP00446,2026-07-01,Present,09:12,18:06
ATD002837,EMP00834,2026-01-23,"Work From Home",09:04,18:02
ATD002838,EMP00224,2025-04-26,Present,08:48,16:54
ATD002839,EMP00409,2026-06-15,Present,08:57,17:06
ATD002840,EMP01122,2024-09-06,Absent,NULL,NULL
ATD002841,EMP00647,2025-07-10,Present,09:08,17:58
ATD002842,EMP00482,2025-06-01,Present,08:34,17:45
ATD002843,EMP00423,2026-07-17,Present,09:29,17:56
ATD002844,EMP00869,2025-10-27,Present,08:41,17:35
ATD002845,EMP00084,2025-10-07,Absent,NULL,NULL
ATD002846,EMP00340,2025-08-21,Present,09:32,17:54
ATD002847,EMP00949,2025-10-23,Present,09:23,17:24
ATD002848,EMP00134,2026-07-01,Present,09:17,18:44
ATD002849,EMP00187,2024-09-24,Present,09:01,17:12
ATD002850,EMP00566,2024-09-01,Present,08:31,16:49
ATD002851,EMP01180,2026-01-13,"Half Day",08:46,13:09
ATD002852,EMP00462,2025-02-06,Present,08:40,17:36
ATD002853,EMP00524,2026-02-23,"Work From Home",09:03,17:44
ATD002854,EMP00281,2024-10-04,Present,08:52,17:00
ATD002855,EMP00623,2025-09-23,Present,08:54,17:03
ATD002856,EMP00349,2025-10-31,Present,08:42,16:43
ATD002857,EMP00729,2025-12-17,"Work From Home",09:23,18:02
ATD002858,EMP00544,2025-09-09,Present,08:39,17:17
ATD002859,EMP00800,2026-02-26,Present,08:53,17:15
ATD002860,EMP01189,2026-01-12,Absent,NULL,NULL
ATD002861,EMP00892,2024-10-21,Present,09:39,18:15
ATD002862,EMP00195,2026-04-21,"Work From Home",09:45,17:54
ATD002863,EMP01041,2026-05-31,Present,09:27,18:21
ATD002864,EMP00186,2026-07-09,Present,08:37,17:59
ATD002865,EMP01059,2026-01-17,Present,09:05,18:15
ATD002866,EMP00774,2024-08-02,Absent,NULL,NULL
ATD002867,EMP01071,2026-06-21,Present,09:15,17:57
ATD002868,EMP00887,2025-10-18,"Work From Home",09:18,17:48
ATD002869,EMP01150,2026-04-30,Present,08:46,17:29
ATD002870,EMP00600,2026-01-07,"Work From Home",09:22,17:35
ATD002871,EMP00087,2024-12-31,Absent,NULL,NULL
ATD002872,EMP01210,2026-06-07,Present,08:51,18:08
ATD002873,EMP00388,2025-11-11,Present,09:15,18:32
ATD002874,EMP00191,2025-07-30,Present,08:45,17:14
ATD002875,EMP00384,2025-06-28,Present,08:58,17:08
ATD002876,EMP01146,2026-02-15,"Half Day",09:15,13:41
ATD002877,EMP00738,2025-02-15,Present,08:52,17:25
ATD002878,EMP00878,2026-03-22,Present,08:41,16:43
ATD002879,EMP00997,2025-09-27,Present,09:31,18:20
ATD002880,EMP01213,2024-11-12,"Half Day",09:29,13:00
ATD002881,EMP00516,2024-08-07,Absent,NULL,NULL
ATD002882,EMP01016,2025-12-12,Absent,NULL,NULL
ATD002883,EMP00979,2026-04-11,Present,09:06,18:05
ATD002884,EMP01126,2025-05-26,Present,09:37,18:37
ATD002885,EMP00531,2026-07-28,Present,08:59,17:26
ATD002886,EMP00758,2026-03-09,Present,09:11,17:29
ATD002887,EMP00316,2026-04-13,Present,08:49,17:56
ATD002888,EMP00775,2025-05-29,Present,09:21,18:09
ATD002889,EMP00016,2024-11-30,Present,08:57,17:19
ATD002890,EMP00638,2026-04-04,Present,08:39,17:01
ATD002891,EMP00885,2025-03-17,Present,09:22,18:41
ATD002892,EMP00536,2026-07-07,"Work From Home",09:32,17:51
ATD002893,EMP00823,2025-01-21,Present,08:32,16:34
ATD002894,EMP01021,2025-05-03,Present,08:32,16:45
ATD002895,EMP01023,2025-02-22,Absent,NULL,NULL
ATD002896,EMP01134,2026-04-05,"Work From Home",09:56,17:57
ATD002897,EMP00544,2026-01-23,Present,08:30,16:57
ATD002898,EMP00258,2025-06-04,"Half Day",08:47,12:27
ATD002899,EMP01041,2026-02-22,Present,09:06,18:12
ATD002900,EMP00214,2026-07-11,"Work From Home",09:10,17:28
ATD002901,EMP01107,2025-05-29,Present,09:20,17:48
ATD002902,EMP00953,2024-10-23,Present,08:58,17:30
ATD002903,EMP00959,2026-07-13,Present,08:41,16:58
ATD002904,EMP00506,2026-02-11,"Work From Home",09:16,17:29
ATD002905,EMP00558,2026-03-26,Present,09:22,17:47
ATD002906,EMP00552,2026-02-16,"Work From Home",09:19,18:10
ATD002907,EMP00919,2026-03-19,Present,09:23,18:22
ATD002908,EMP00951,2026-03-15,Present,09:34,19:01
ATD002909,EMP00423,2026-08-06,Present,08:51,17:57
ATD002910,EMP00398,2026-06-08,Present,08:35,16:36
ATD002911,EMP00762,2024-10-14,Present,08:53,17:29
ATD002912,EMP00429,2024-12-08,Absent,NULL,NULL
ATD002913,EMP00076,2024-10-23,Present,08:37,18:00
ATD002914,EMP00050,2024-10-30,Present,08:43,18:02
ATD002915,EMP00583,2026-05-03,Present,09:00,17:08
ATD002916,EMP00129,2025-12-30,Present,09:02,18:20
ATD002917,EMP00944,2025-04-30,Absent,NULL,NULL
ATD002918,EMP00670,2026-06-02,Present,08:49,18:13
ATD002919,EMP01194,2025-11-10,Present,09:12,18:12
ATD002920,EMP00380,2025-10-25,"Work From Home",09:28,17:53
ATD002921,EMP00595,2025-10-23,Absent,NULL,NULL
ATD002922,EMP00123,2025-11-29,"Half Day",09:14,12:49
ATD002923,EMP00859,2025-09-22,"Work From Home",09:43,18:26
ATD002924,EMP01170,2024-12-24,"Work From Home",09:05,17:29
ATD002925,EMP01047,2025-08-08,Present,09:29,18:43
ATD002926,EMP00554,2025-01-14,Present,09:38,17:42
ATD002927,EMP00675,2025-10-20,"Half Day",09:09,13:17
ATD002928,EMP00360,2026-02-18,Present,08:49,17:43
ATD002929,EMP00101,2024-10-25,"Half Day",09:17,12:57
ATD002930,EMP00864,2025-03-26,Present,09:11,17:39
ATD002931,EMP00906,2026-06-18,Present,08:35,17:30
ATD002932,EMP01158,2025-08-14,Present,09:31,17:57
ATD002933,EMP00800,2025-09-02,Present,08:44,16:52
ATD002934,EMP00661,2025-08-14,"Half Day",09:21,13:08
ATD002935,EMP00626,2026-07-03,Present,09:43,17:54
ATD002936,EMP00168,2025-08-15,Present,08:31,17:56
ATD002937,EMP00375,2025-05-13,Absent,NULL,NULL
ATD002938,EMP01223,2025-06-19,Present,08:32,17:17
ATD002939,EMP01046,2025-05-12,"Work From Home",09:35,17:57
ATD002940,EMP00470,2024-09-05,Present,08:57,17:26
ATD002941,EMP00056,2026-01-22,Present,09:22,17:32
ATD002942,EMP00410,2025-09-28,Present,09:40,18:00
ATD002943,EMP00210,2025-04-16,Present,09:23,18:14
ATD002944,EMP00207,2025-06-12,Present,09:22,17:59
ATD002945,EMP00277,2026-07-19,Present,09:40,17:54
ATD002946,EMP00847,2026-04-23,Present,09:40,17:44
ATD002947,EMP00889,2026-06-01,Absent,NULL,NULL
ATD002948,EMP00956,2024-11-04,Present,08:59,18:27
ATD002949,EMP00094,2026-02-07,Present,09:42,18:39
ATD002950,EMP00012,2026-02-13,Present,08:30,17:28
ATD002951,EMP00535,2024-11-17,Present,09:27,18:08
ATD002952,EMP00750,2024-11-02,Present,09:03,18:15
ATD002953,EMP01005,2026-03-16,Present,09:15,17:42
ATD002954,EMP01000,2024-10-15,Present,09:23,18:12
ATD002955,EMP01195,2025-05-16,Present,09:42,18:44
ATD002956,EMP00235,2025-03-30,Present,09:20,17:53
ATD002957,EMP01105,2025-11-23,"Work From Home",09:29,18:12
ATD002958,EMP00655,2026-01-11,"Work From Home",09:42,18:34
ATD002959,EMP01121,2025-03-10,"Work From Home",09:52,18:20
ATD002960,EMP00797,2025-04-24,Present,08:36,17:14
ATD002961,EMP00816,2024-08-28,Present,08:47,16:54
ATD002962,EMP00992,2026-07-07,Absent,NULL,NULL
ATD002963,EMP00012,2026-04-27,"Half Day",09:10,13:02
ATD002964,EMP00795,2026-04-01,Present,08:45,17:14
ATD002965,EMP00389,2025-04-28,Present,09:19,17:28
ATD002966,EMP00851,2025-02-06,Absent,NULL,NULL
ATD002967,EMP00019,2026-07-25,Present,08:59,17:18
ATD002968,EMP00465,2025-10-22,Present,09:06,17:37
ATD002969,EMP00899,2024-09-17,Present,09:26,18:23
ATD002970,EMP00139,2026-02-05,Absent,NULL,NULL
ATD002971,EMP00699,2025-11-23,Present,09:22,18:50
ATD002972,EMP00432,2026-05-21,Present,08:53,18:16
ATD002973,EMP00183,2026-06-21,Absent,NULL,NULL
ATD002974,EMP00087,2025-08-13,"Work From Home",09:51,18:27
ATD002975,EMP00467,2025-01-31,"Work From Home",09:42,18:38
ATD002976,EMP00993,2025-04-13,"Work From Home",09:26,18:16
ATD002977,EMP00171,2025-04-11,Present,09:28,18:28
ATD002978,EMP01046,2025-02-14,Present,09:37,17:46
ATD002979,EMP00547,2026-04-19,"Half Day",08:47,12:29
ATD002980,EMP00682,2025-01-27,Present,08:36,16:48
ATD002981,EMP00749,2026-07-06,"Work From Home",09:34,18:16
ATD002982,EMP01009,2025-05-05,Present,08:39,17:36
ATD002983,EMP00058,2026-07-21,"Work From Home",09:44,18:28
ATD002984,EMP01219,2025-10-17,"Work From Home",09:07,17:43
ATD002985,EMP00449,2026-03-22,Present,09:11,18:23
ATD002986,EMP00428,2024-12-29,Absent,NULL,NULL
ATD002987,EMP00048,2025-02-25,Present,08:36,17:06
ATD002988,EMP00118,2025-07-30,Present,08:53,17:12
ATD002989,EMP01062,2026-07-12,"Work From Home",09:10,18:07
ATD002990,EMP00252,2026-02-26,"Work From Home",09:10,17:14
ATD002991,EMP00415,2025-01-18,"Work From Home",09:39,18:25
ATD002992,EMP00882,2025-01-11,Present,08:47,18:03
ATD002993,EMP01024,2026-03-24,Present,08:46,17:22
ATD002994,EMP00321,2025-10-01,Present,09:27,18:16
ATD002995,EMP00965,2025-09-16,"Work From Home",09:04,17:27
ATD002996,EMP00089,2025-11-30,Present,09:09,17:37
ATD002997,EMP00890,2025-07-03,Present,08:35,17:42
ATD002998,EMP00058,2025-09-08,"Work From Home",09:20,17:20
ATD002999,EMP00475,2024-08-27,Absent,NULL,NULL
ATD003000,EMP00717,2025-10-25,Present,09:26,18:39
ATD003001,EMP00185,2025-02-08,Absent,NULL,NULL
ATD003002,EMP00843,2025-02-06,"Work From Home",09:12,17:22
ATD003003,EMP00813,2025-01-13,Present,08:44,18:13
ATD003004,EMP00388,2025-03-11,Present,09:24,17:28
ATD003005,EMP00284,2026-05-17,"Work From Home",09:41,18:20
ATD003006,EMP00681,2025-08-22,"Work From Home",09:09,17:23
ATD003007,EMP00761,2025-02-09,Present,09:30,18:59
ATD003008,EMP01218,2025-12-13,Present,09:27,18:18
ATD003009,EMP00393,2025-03-30,Present,09:13,17:37
ATD003010,EMP00404,2024-12-29,Present,08:41,17:47
ATD003011,EMP00899,2024-09-10,"Work From Home",09:59,18:25
ATD003012,EMP01110,2025-10-04,Present,09:01,17:28
ATD003013,EMP00388,2025-08-29,"Half Day",09:15,13:10
ATD003014,EMP00762,2026-07-06,Present,09:40,18:41
ATD003015,EMP00505,2026-07-28,Present,09:29,18:15
ATD003016,EMP01139,2026-03-27,Present,09:20,18:05
ATD003017,EMP00230,2024-09-05,"Work From Home",09:22,17:34
ATD003018,EMP00403,2025-07-02,"Work From Home",09:19,17:41
ATD003019,EMP00819,2025-09-27,Present,09:02,17:40
ATD003020,EMP00788,2025-01-09,Present,09:28,18:32
ATD003021,EMP00037,2026-02-24,"Work From Home",09:02,17:45
ATD003022,EMP00087,2025-03-05,"Work From Home",09:21,18:04
ATD003023,EMP00668,2024-09-16,Present,09:22,18:49
ATD003024,EMP00427,2025-05-22,"Half Day",09:08,13:00
ATD003025,EMP00337,2024-12-25,"Work From Home",09:56,18:51
ATD003026,EMP01089,2026-02-05,"Half Day",08:31,12:41
ATD003027,EMP00814,2025-07-21,"Work From Home",09:02,17:19
ATD003028,EMP00028,2026-07-18,Present,08:46,17:14
ATD003029,EMP00951,2026-04-05,Absent,NULL,NULL
ATD003030,EMP00852,2025-05-15,Present,09:12,17:52
ATD003031,EMP00649,2024-12-16,Absent,NULL,NULL
ATD003032,EMP00151,2025-05-18,Present,08:58,17:21
ATD003033,EMP00533,2025-02-16,Absent,NULL,NULL
ATD003034,EMP00136,2025-02-05,Absent,NULL,NULL
ATD003035,EMP01034,2024-12-15,Present,09:38,18:22
ATD003036,EMP00300,2025-02-07,Absent,NULL,NULL
ATD003037,EMP00810,2024-12-25,Present,08:49,17:09
ATD003038,EMP01023,2026-02-14,"Work From Home",09:52,18:49
ATD003039,EMP01133,2024-11-12,Present,09:28,18:08
ATD003040,EMP00534,2025-02-14,"Work From Home",09:30,18:30
ATD003041,EMP01150,2026-03-24,Present,08:46,17:14
ATD003042,EMP01046,2025-10-25,"Work From Home",09:02,17:49
ATD003043,EMP00498,2025-09-13,"Half Day",09:04,13:13
ATD003044,EMP00092,2026-01-14,Present,09:08,17:52
ATD003045,EMP00482,2024-11-23,Present,08:46,17:15
ATD003046,EMP00214,2024-08-06,Present,08:54,17:45
ATD003047,EMP00160,2026-08-01,Present,09:13,17:37
ATD003048,EMP00388,2024-11-28,Present,09:17,17:30
ATD003049,EMP00819,2024-09-10,"Work From Home",09:43,17:59
ATD003050,EMP00798,2025-01-08,"Half Day",08:32,12:31
ATD003051,EMP01096,2025-11-21,"Work From Home",09:23,17:40
ATD003052,EMP00714,2024-09-19,Present,09:29,17:43
ATD003053,EMP01159,2025-02-24,Present,08:47,17:59
ATD003054,EMP01157,2025-11-05,Present,09:04,18:18
ATD003055,EMP00616,2025-10-02,"Work From Home",09:04,18:01
ATD003056,EMP00033,2024-10-06,Present,08:50,18:18
ATD003057,EMP00197,2026-03-29,Present,09:43,18:28
ATD003058,EMP00400,2024-10-07,Present,09:35,17:59
ATD003059,EMP00468,2026-07-22,Present,08:46,17:45
ATD003060,EMP00794,2024-11-13,Present,09:24,17:54
ATD003061,EMP00108,2024-11-02,Present,09:28,17:51
ATD003062,EMP00922,2026-05-18,Present,09:35,18:14
ATD003063,EMP00768,2024-12-09,Present,09:41,18:01
ATD003064,EMP00862,2026-03-04,"Half Day",08:38,12:13
ATD003065,EMP00826,2024-11-18,Present,09:43,18:31
ATD003066,EMP00936,2025-06-08,Present,09:15,18:05
ATD003067,EMP00534,2024-08-11,Present,09:27,18:02
ATD003068,EMP00778,2026-06-11,Absent,NULL,NULL
ATD003069,EMP00772,2025-06-29,Absent,NULL,NULL
ATD003070,EMP00831,2024-11-05,Present,09:35,19:02
ATD003071,EMP01146,2025-08-12,Absent,NULL,NULL
ATD003072,EMP00505,2024-09-02,Present,08:54,17:08
ATD003073,EMP00990,2024-11-12,Absent,NULL,NULL
ATD003074,EMP00604,2025-08-04,Present,08:53,17:00
ATD003075,EMP00981,2025-09-06,Present,08:41,16:45
ATD003076,EMP00617,2025-06-18,Present,08:33,16:50
ATD003077,EMP00186,2025-06-09,Absent,NULL,NULL
ATD003078,EMP00629,2024-12-11,Present,09:16,17:50
ATD003079,EMP01124,2025-07-26,Present,09:28,17:37
ATD003080,EMP00132,2025-07-31,Present,09:43,18:06
ATD003081,EMP00758,2024-10-30,"Half Day",08:48,12:48
ATD003082,EMP01195,2025-03-17,Absent,NULL,NULL
ATD003083,EMP00708,2025-12-24,Present,08:40,16:56
ATD003084,EMP01214,2025-04-15,Present,08:48,17:11
ATD003085,EMP00693,2024-11-04,Present,08:53,18:21
ATD003086,EMP00981,2026-02-17,Absent,NULL,NULL
ATD003087,EMP00396,2025-03-13,Absent,NULL,NULL
ATD003088,EMP00949,2026-03-11,"Work From Home",09:20,18:02
ATD003089,EMP00876,2025-09-25,Present,09:43,18:34
ATD003090,EMP00834,2024-12-11,Present,09:19,17:52
ATD003091,EMP00866,2024-12-14,Present,08:45,17:06
ATD003092,EMP00063,2025-04-28,"Work From Home",09:32,17:45
ATD003093,EMP00282,2025-08-25,Present,09:15,18:24
ATD003094,EMP00380,2025-02-15,Present,09:04,18:33
ATD003095,EMP01028,2024-09-17,Present,08:57,17:59
ATD003096,EMP00461,2026-04-02,Present,09:04,17:12
ATD003097,EMP00639,2026-02-08,"Half Day",08:56,12:54
ATD003098,EMP00801,2026-03-02,Present,09:33,18:19
ATD003099,EMP00901,2025-09-20,Present,09:43,18:28
ATD003100,EMP00096,2025-03-04,Present,09:32,18:53
ATD003101,EMP01017,2024-09-29,Present,09:22,18:05
ATD003102,EMP00983,2025-08-28,Present,09:09,17:53
ATD003103,EMP00512,2025-05-19,Absent,NULL,NULL
ATD003104,EMP01026,2026-03-02,Present,09:41,18:36
ATD003105,EMP00168,2025-08-16,"Half Day",08:55,12:52
ATD003106,EMP00463,2026-04-30,"Work From Home",09:11,17:25
ATD003107,EMP00283,2025-03-29,"Work From Home",09:43,18:13
ATD003108,EMP00667,2025-02-18,Absent,NULL,NULL
ATD003109,EMP01126,2025-02-20,Present,08:59,18:28
ATD003110,EMP00980,2026-05-22,Absent,NULL,NULL
ATD003111,EMP00553,2025-11-12,Present,08:58,17:31
ATD003112,EMP01170,2025-02-14,Present,09:43,18:27
ATD003113,EMP00184,2025-01-01,Present,09:43,18:26
ATD003114,EMP00519,2024-08-26,Present,08:46,16:57
ATD003115,EMP00630,2026-03-03,"Half Day",09:24,13:37
ATD003116,EMP00406,2025-11-26,"Half Day",08:58,13:11
ATD003117,EMP00359,2026-07-18,"Half Day",09:28,13:57
ATD003118,EMP00711,2025-03-07,Present,09:13,18:14
ATD003119,EMP00402,2026-06-07,Absent,NULL,NULL
ATD003120,EMP01160,2024-11-20,Present,08:48,17:22
ATD003121,EMP00043,2025-11-13,"Half Day",08:59,12:29
ATD003122,EMP01015,2025-06-23,Present,09:05,18:29
ATD003123,EMP00766,2026-01-01,Present,09:43,19:06
ATD003124,EMP00478,2025-06-08,Absent,NULL,NULL
ATD003125,EMP01142,2026-02-19,"Work From Home",09:22,18:19
ATD003126,EMP01027,2026-07-31,Present,08:43,17:29
ATD003127,EMP01224,2024-11-26,Present,08:34,17:20
ATD003128,EMP00711,2025-12-09,Present,09:31,17:43
ATD003129,EMP01147,2026-05-16,"Half Day",09:30,13:09
ATD003130,EMP01146,2025-05-13,Present,09:22,18:13
ATD003131,EMP00401,2025-07-11,Present,09:42,18:04
ATD003132,EMP00746,2024-09-29,"Work From Home",09:15,17:49
ATD003133,EMP01016,2025-05-26,Absent,NULL,NULL
ATD003134,EMP00081,2025-08-13,"Half Day",09:12,12:51
ATD003135,EMP00257,2024-08-20,"Work From Home",09:06,17:58
ATD003136,EMP00844,2025-12-02,Present,09:44,18:45
ATD003137,EMP00437,2026-05-29,Present,08:36,17:55
ATD003138,EMP01141,2024-12-24,Present,09:20,17:34
ATD003139,EMP00201,2024-09-06,Present,09:25,17:56
ATD003140,EMP00235,2025-08-01,Present,09:44,18:35
ATD003141,EMP00877,2025-02-10,Present,08:50,18:10
ATD003142,EMP00662,2025-07-09,Present,09:03,18:17
ATD003143,EMP00269,2024-10-10,Present,08:37,16:48
ATD003144,EMP00784,2024-08-17,Present,09:36,17:59
ATD003145,EMP00263,2025-12-29,Present,08:39,17:19
ATD003146,EMP00901,2025-06-24,Present,09:03,17:07
ATD003147,EMP00990,2025-01-06,Present,08:41,16:59
ATD003148,EMP00505,2026-03-10,"Work From Home",09:25,18:16
ATD003149,EMP00431,2025-05-22,"Work From Home",09:59,18:36
ATD003150,EMP00991,2026-06-26,Present,09:05,17:22
ATD003151,EMP00839,2026-03-11,Present,08:52,18:04
ATD003152,EMP00947,2025-11-26,Present,09:28,18:20
ATD003153,EMP00811,2025-08-30,Present,09:19,18:38
ATD003154,EMP00945,2025-06-24,Present,09:03,17:12
ATD003155,EMP00577,2025-03-19,Present,09:31,18:41
ATD003156,EMP00352,2026-06-26,Present,09:07,17:19
ATD003157,EMP00294,2024-12-19,Present,09:17,18:06
ATD003158,EMP00003,2025-10-25,Absent,NULL,NULL
ATD003159,EMP00056,2026-07-04,Present,09:41,18:38
ATD003160,EMP00024,2026-07-15,Present,08:38,17:59
ATD003161,EMP00870,2024-12-05,Absent,NULL,NULL
ATD003162,EMP01001,2025-12-10,"Half Day",08:38,12:18
ATD003163,EMP00320,2025-11-27,Absent,NULL,NULL
ATD003164,EMP01041,2025-10-12,"Work From Home",09:47,18:25
ATD003165,EMP00670,2024-09-21,"Half Day",08:53,13:23
ATD003166,EMP00581,2025-07-14,"Work From Home",09:29,18:07
ATD003167,EMP01121,2026-07-23,Present,08:31,17:01
ATD003168,EMP00184,2025-12-22,"Work From Home",09:32,17:48
ATD003169,EMP00812,2026-05-14,Present,09:45,18:16
ATD003170,EMP01095,2026-08-03,Present,08:41,17:12
ATD003171,EMP00432,2026-05-23,Present,08:50,18:05
ATD003172,EMP00706,2025-04-09,"Work From Home",09:12,18:02
ATD003173,EMP00878,2025-11-01,Present,09:41,18:15
ATD003174,EMP00560,2025-06-07,Present,08:37,17:08
ATD003175,EMP00334,2025-12-15,Present,09:39,18:04
ATD003176,EMP00991,2024-10-09,Present,08:30,17:05
ATD003177,EMP00675,2025-01-21,Absent,NULL,NULL
ATD003178,EMP00126,2026-08-03,Absent,NULL,NULL
ATD003179,EMP00235,2024-08-26,Present,08:40,16:43
ATD003180,EMP00251,2025-06-24,Present,08:43,17:27
ATD003181,EMP00635,2024-09-21,"Work From Home",09:03,17:21
ATD003182,EMP01096,2024-11-28,Present,08:45,17:40
ATD003183,EMP00762,2025-06-13,Present,09:11,17:54
ATD003184,EMP00890,2025-02-14,Present,08:47,17:30
ATD003185,EMP00555,2025-05-29,"Work From Home",09:02,17:44
ATD003186,EMP00378,2026-05-07,Present,08:46,17:08
ATD003187,EMP01220,2026-01-01,"Half Day",08:48,12:29
ATD003188,EMP00924,2026-08-01,Present,09:29,17:58
ATD003189,EMP00374,2025-07-26,Present,09:41,18:11
ATD003190,EMP00985,2024-09-01,Present,09:42,18:40
ATD003191,EMP00966,2025-10-05,Present,08:34,17:45
ATD003192,EMP00129,2025-12-10,"Half Day",09:20,12:51
ATD003193,EMP00771,2025-02-08,"Work From Home",09:26,18:24
ATD003194,EMP00625,2024-12-11,"Work From Home",09:54,18:19
ATD003195,EMP00916,2024-10-14,"Half Day",08:48,13:03
ATD003196,EMP00175,2025-09-17,Absent,NULL,NULL
ATD003197,EMP00977,2025-07-01,"Work From Home",09:33,17:42
ATD003198,EMP00418,2025-09-16,Present,08:50,18:14
ATD003199,EMP01095,2026-05-15,Absent,NULL,NULL
ATD003200,EMP00141,2025-03-31,Present,09:00,17:26
ATD003201,EMP00026,2024-10-19,Present,08:43,17:32
ATD003202,EMP00245,2025-06-27,"Work From Home",09:20,18:20
ATD003203,EMP00301,2024-10-02,Absent,NULL,NULL
ATD003204,EMP00128,2026-01-21,"Work From Home",09:08,18:08
ATD003205,EMP00374,2024-08-03,Present,09:06,18:21
ATD003206,EMP00870,2025-03-13,"Work From Home",09:26,17:53
ATD003207,EMP00051,2025-09-08,Absent,NULL,NULL
ATD003208,EMP01127,2025-08-08,"Work From Home",09:35,18:12
ATD003209,EMP00300,2026-02-09,Present,08:46,17:35
ATD003210,EMP00316,2025-01-23,Absent,NULL,NULL
ATD003211,EMP00851,2024-12-05,Present,08:51,16:53
ATD003212,EMP00080,2025-04-22,Absent,NULL,NULL
ATD003213,EMP00399,2024-11-02,"Work From Home",09:49,18:45
ATD003214,EMP01113,2026-05-31,Present,09:36,17:44
ATD003215,EMP00872,2025-01-23,"Work From Home",09:45,18:07
ATD003216,EMP01064,2024-11-06,Present,08:44,17:10
ATD003217,EMP00656,2025-07-09,Present,08:35,16:50
ATD003218,EMP00525,2026-06-13,"Work From Home",09:14,17:38
ATD003219,EMP01201,2024-11-04,"Half Day",08:36,12:23
ATD003220,EMP00669,2025-03-16,"Work From Home",09:27,17:32
ATD003221,EMP00742,2025-08-30,"Work From Home",09:48,18:29
ATD003222,EMP00633,2025-04-26,Present,08:49,17:24
ATD003223,EMP01190,2025-10-27,Absent,NULL,NULL
ATD003224,EMP00410,2026-05-20,Present,08:52,17:29
ATD003225,EMP00208,2025-09-30,Present,09:30,18:12
ATD003226,EMP01003,2025-05-16,Present,09:34,18:41
ATD003227,EMP00633,2025-10-05,Present,09:20,18:14
ATD003228,EMP00830,2026-03-15,Present,08:58,17:23
ATD003229,EMP00501,2025-03-17,"Work From Home",09:16,17:32
ATD003230,EMP00158,2025-05-03,"Half Day",08:47,13:07
ATD003231,EMP00212,2025-03-05,"Work From Home",09:23,18:05
ATD003232,EMP01054,2025-01-29,"Half Day",09:26,13:52
ATD003233,EMP00951,2024-11-16,Present,09:19,17:19
ATD003234,EMP00313,2025-08-15,Present,09:19,17:28
ATD003235,EMP00632,2026-04-08,"Half Day",08:46,12:53
ATD003236,EMP00999,2025-03-24,"Work From Home",09:24,18:23
ATD003237,EMP00986,2025-08-08,"Work From Home",09:08,17:39
ATD003238,EMP00403,2026-05-01,Absent,NULL,NULL
ATD003239,EMP00652,2025-11-08,Present,09:07,18:31
ATD003240,EMP00389,2025-01-21,Absent,NULL,NULL
ATD003241,EMP00435,2025-05-14,Present,08:46,17:03
ATD003242,EMP00032,2026-01-07,Present,08:59,17:09
ATD003243,EMP01043,2025-05-08,Present,09:07,17:32
ATD003244,EMP00592,2025-03-24,Present,08:45,18:01
ATD003245,EMP00916,2025-06-07,Present,09:19,17:54
ATD003246,EMP00551,2026-02-11,Present,08:41,17:36
ATD003247,EMP00952,2024-12-18,"Work From Home",09:41,18:32
ATD003248,EMP00504,2025-08-18,Present,08:54,17:02
ATD003249,EMP01100,2026-06-23,Present,08:59,18:14
ATD003250,EMP00121,2024-10-24,Present,09:15,18:23
ATD003251,EMP00474,2026-02-27,Absent,NULL,NULL
ATD003252,EMP01175,2025-04-24,"Work From Home",09:17,18:12
ATD003253,EMP00373,2026-03-12,"Work From Home",09:58,18:20
ATD003254,EMP01196,2025-03-16,Present,08:54,18:09
ATD003255,EMP00134,2026-04-22,"Half Day",09:00,12:32
ATD003256,EMP00360,2025-11-09,Present,08:44,16:46
ATD003257,EMP00114,2025-02-05,"Work From Home",09:26,18:22
ATD003258,EMP00102,2024-09-30,Present,09:15,18:23
ATD003259,EMP01047,2024-09-14,"Half Day",09:17,13:26
ATD003260,EMP01089,2024-08-25,Present,08:45,18:09
ATD003261,EMP01191,2024-11-16,Absent,NULL,NULL
ATD003262,EMP00580,2025-05-18,Present,09:01,17:41
ATD003263,EMP01114,2025-06-01,Present,08:57,17:58
ATD003264,EMP01211,2025-07-29,Absent,NULL,NULL
ATD003265,EMP00819,2024-08-21,Present,08:37,17:50
ATD003266,EMP01165,2025-03-15,Present,09:08,17:30
ATD003267,EMP00712,2025-02-07,Present,08:50,17:22
ATD003268,EMP01085,2026-06-04,Absent,NULL,NULL
ATD003269,EMP00122,2026-06-16,Present,09:32,17:45
ATD003270,EMP00516,2026-05-20,"Work From Home",09:25,17:47
ATD003271,EMP00187,2025-01-02,Present,09:37,17:45
ATD003272,EMP00228,2025-12-30,Present,08:59,17:36
ATD003273,EMP01218,2026-03-09,"Half Day",08:36,12:57
ATD003274,EMP00959,2025-07-13,Absent,NULL,NULL
ATD003275,EMP00904,2025-10-23,Present,09:30,18:28
ATD003276,EMP01143,2025-09-19,Absent,NULL,NULL
ATD003277,EMP01058,2026-03-25,Absent,NULL,NULL
ATD003278,EMP00743,2025-05-30,Present,08:47,16:54
ATD003279,EMP01201,2025-02-01,Present,09:34,17:53
ATD003280,EMP00821,2024-12-10,Present,09:13,18:12
ATD003281,EMP01216,2025-05-13,Present,09:05,18:23
ATD003282,EMP00988,2025-11-14,Present,09:07,17:56
ATD003283,EMP00280,2024-10-18,Present,09:16,17:18
ATD003284,EMP00301,2025-10-01,Present,09:35,17:59
ATD003285,EMP00842,2025-08-05,"Half Day",09:28,13:52
ATD003286,EMP00159,2024-12-23,Present,09:25,17:58
ATD003287,EMP00461,2025-03-26,"Work From Home",09:54,18:21
ATD003288,EMP00403,2026-03-28,Present,08:49,17:54
ATD003289,EMP00158,2025-08-13,Present,09:18,18:36
ATD003290,EMP01031,2025-11-18,Absent,NULL,NULL
ATD003291,EMP00713,2024-11-20,Present,08:30,17:28
ATD003292,EMP00104,2025-09-15,Present,08:54,16:55
ATD003293,EMP00801,2024-12-25,Absent,NULL,NULL
ATD003294,EMP00704,2026-05-21,Present,09:01,17:04
ATD003295,EMP00025,2026-07-26,"Half Day",09:11,12:59
ATD003296,EMP00423,2026-01-06,"Work From Home",09:50,17:51
ATD003297,EMP00850,2024-12-14,Present,08:58,18:19
ATD003298,EMP00290,2025-01-02,Present,08:49,16:56
ATD003299,EMP00168,2024-11-17,Present,08:42,17:23
ATD003300,EMP00635,2026-03-04,Present,08:38,17:48
ATD003301,EMP01024,2024-12-16,Present,09:35,18:46
ATD003302,EMP00840,2025-07-12,Present,08:30,17:10
ATD003303,EMP00052,2025-02-26,Present,09:03,18:14
ATD003304,EMP00765,2026-02-05,Present,09:18,18:07
ATD003305,EMP00311,2024-11-20,Present,09:38,18:11
ATD003306,EMP00530,2026-04-23,Present,09:22,18:14
ATD003307,EMP01192,2025-12-09,Present,08:47,16:47
ATD003308,EMP00441,2025-08-16,Present,08:53,17:50
ATD003309,EMP00724,2026-05-01,Absent,NULL,NULL
ATD003310,EMP00353,2024-12-17,"Work From Home",09:42,18:00
ATD003311,EMP01178,2026-05-01,Present,09:28,18:39
ATD003312,EMP00771,2026-03-07,Present,09:11,18:12
ATD003313,EMP01043,2025-03-08,"Work From Home",09:40,18:33
ATD003314,EMP00338,2026-03-06,"Half Day",09:25,13:03
ATD003315,EMP00613,2025-10-22,Present,09:00,17:38
ATD003316,EMP00421,2025-06-19,Present,08:57,17:27
ATD003317,EMP00497,2025-07-22,Present,08:36,17:45
ATD003318,EMP00190,2024-10-05,Present,09:13,18:37
ATD003319,EMP00142,2025-08-03,Present,09:16,18:31
ATD003320,EMP00767,2026-01-16,Present,08:31,17:33
ATD003321,EMP00353,2025-11-26,Absent,NULL,NULL
ATD003322,EMP00922,2025-01-25,"Work From Home",09:26,17:47
ATD003323,EMP00679,2024-08-11,"Half Day",09:18,13:33
ATD003324,EMP00372,2026-06-01,Present,08:37,17:42
ATD003325,EMP00800,2026-04-09,Present,08:50,16:59
ATD003326,EMP00128,2026-06-19,Present,08:51,17:34
ATD003327,EMP00254,2025-01-09,Absent,NULL,NULL
ATD003328,EMP00720,2026-03-11,Present,09:14,17:38
ATD003329,EMP00540,2025-05-10,Present,09:00,17:24
ATD003330,EMP00328,2026-04-22,Absent,NULL,NULL
ATD003331,EMP00482,2025-09-26,"Half Day",09:25,13:50
ATD003332,EMP00118,2026-03-11,Present,09:37,18:37
ATD003333,EMP00158,2024-10-03,Present,08:39,17:39
ATD003334,EMP01199,2026-01-17,Present,09:33,18:12
ATD003335,EMP00743,2025-05-08,"Work From Home",09:18,18:07
ATD003336,EMP00348,2026-07-07,Present,08:46,17:16
ATD003337,EMP00081,2024-09-19,"Half Day",09:20,13:17
ATD003338,EMP01020,2025-09-13,Present,09:25,18:22
ATD003339,EMP00838,2025-01-28,Present,08:56,17:22
ATD003340,EMP00290,2026-01-12,Present,08:56,17:05
ATD003341,EMP00964,2026-07-30,Present,08:48,17:25
ATD003342,EMP00758,2024-10-03,Present,09:33,18:39
ATD003343,EMP00317,2024-08-01,Present,08:50,17:29
ATD003344,EMP01158,2024-09-20,Absent,NULL,NULL
ATD003345,EMP00176,2026-06-27,Present,09:17,18:04
ATD003346,EMP00126,2024-10-17,"Work From Home",09:03,17:14
ATD003347,EMP00728,2025-11-13,Present,09:29,17:46
ATD003348,EMP00800,2024-10-24,"Work From Home",09:12,17:41
ATD003349,EMP00774,2025-04-20,"Work From Home",09:19,17:44
ATD003350,EMP00276,2025-09-10,"Half Day",08:51,12:24
ATD003351,EMP00816,2025-06-21,Present,08:39,18:01
ATD003352,EMP00124,2025-11-07,Present,08:43,17:26
ATD003353,EMP01009,2024-09-01,Present,09:19,17:30
ATD003354,EMP00784,2025-11-30,Present,09:15,17:45
ATD003355,EMP00581,2024-10-18,Absent,NULL,NULL
ATD003356,EMP00257,2026-04-28,Present,08:39,17:11
ATD003357,EMP01035,2025-01-03,"Work From Home",09:18,17:22
ATD003358,EMP00063,2025-09-13,Absent,NULL,NULL
ATD003359,EMP00979,2026-04-24,"Work From Home",09:03,17:20
ATD003360,EMP00033,2026-03-05,Absent,NULL,NULL
ATD003361,EMP01186,2025-07-20,"Half Day",08:55,12:31
ATD003362,EMP00472,2026-02-27,Present,09:30,17:32
ATD003363,EMP00831,2026-06-23,"Half Day",08:59,12:54
ATD003364,EMP00224,2024-09-09,Present,09:10,18:04
ATD003365,EMP00178,2026-04-07,Present,09:21,17:33
ATD003366,EMP00997,2026-07-22,"Half Day",08:43,12:38
ATD003367,EMP00709,2025-01-21,Present,08:49,17:04
ATD003368,EMP00742,2024-08-05,Present,09:16,18:18
ATD003369,EMP00798,2024-11-28,Present,09:07,17:46
ATD003370,EMP00837,2025-07-09,"Half Day",09:20,13:21
ATD003371,EMP01124,2026-06-26,Absent,NULL,NULL
ATD003372,EMP00788,2025-02-16,"Work From Home",09:49,18:28
ATD003373,EMP00614,2025-09-25,Present,09:03,18:14
ATD003374,EMP01132,2026-05-18,Present,09:43,18:16
ATD003375,EMP00029,2025-11-09,Present,09:09,18:32
ATD003376,EMP00241,2024-08-31,Present,08:39,17:21
ATD003377,EMP01016,2025-10-14,Present,08:59,17:53
ATD003378,EMP00185,2026-01-14,"Work From Home",09:17,17:37
ATD003379,EMP01196,2025-12-26,Absent,NULL,NULL
ATD003380,EMP01054,2025-02-14,Present,09:20,18:31
ATD003381,EMP00917,2025-11-20,Present,09:33,19:03
ATD003382,EMP00475,2026-04-05,"Work From Home",09:12,17:15
ATD003383,EMP00751,2026-08-03,"Work From Home",09:40,18:18
ATD003384,EMP01061,2025-01-06,Present,09:21,18:39
ATD003385,EMP00965,2025-11-27,"Half Day",09:14,13:21
ATD003386,EMP00110,2025-09-24,"Work From Home",09:26,18:17
ATD003387,EMP01161,2025-03-04,Absent,NULL,NULL
ATD003388,EMP00431,2025-04-02,Present,09:40,18:28
ATD003389,EMP00625,2024-09-10,Present,08:58,17:53
ATD003390,EMP00553,2024-09-29,Present,08:57,18:23
ATD003391,EMP00810,2024-08-02,"Half Day",09:12,13:34
ATD003392,EMP00198,2026-07-16,Present,08:47,17:49
ATD003393,EMP00419,2025-08-09,Present,08:48,17:18
ATD003394,EMP00597,2025-02-09,Present,08:54,17:06
ATD003395,EMP01077,2025-03-25,Present,09:32,18:03
ATD003396,EMP01064,2024-09-16,"Work From Home",09:53,18:04
ATD003397,EMP00761,2026-06-14,Present,08:43,17:43
ATD003398,EMP00554,2024-11-18,Present,09:10,17:21
ATD003399,EMP00978,2026-03-17,Present,08:44,18:05
ATD003400,EMP00859,2025-10-31,Present,08:48,17:15
ATD003401,EMP01086,2025-11-10,Present,08:40,17:16
ATD003402,EMP01223,2025-01-27,Absent,NULL,NULL
ATD003403,EMP00507,2024-11-28,Present,08:53,18:09
ATD003404,EMP00105,2025-04-15,Absent,NULL,NULL
ATD003405,EMP00353,2026-03-11,Present,09:08,17:17
ATD003406,EMP00557,2025-06-29,Present,09:24,17:56
ATD003407,EMP00590,2024-10-27,Present,08:55,17:35
ATD003408,EMP00079,2026-02-28,Present,09:29,18:40
ATD003409,EMP00444,2025-03-07,Present,08:31,16:48
ATD003410,EMP00188,2025-07-22,"Work From Home",09:04,17:38
ATD003411,EMP00693,2025-12-07,Absent,NULL,NULL
ATD003412,EMP01217,2025-09-03,Present,09:02,18:27
ATD003413,EMP01060,2026-02-24,Present,08:48,17:26
ATD003414,EMP00125,2025-06-30,Present,09:22,18:51
ATD003415,EMP00982,2025-01-23,Present,09:00,17:17
ATD003416,EMP01128,2025-01-14,"Work From Home",09:12,18:07
ATD003417,EMP00189,2025-11-07,Present,09:22,18:42
ATD003418,EMP00849,2026-06-09,"Work From Home",09:11,18:00
ATD003419,EMP00036,2026-06-04,"Half Day",09:26,13:46
ATD003420,EMP01219,2026-05-16,Present,08:42,17:24
ATD003421,EMP00189,2024-08-13,Present,09:02,17:23
ATD003422,EMP00846,2025-01-07,Absent,NULL,NULL
ATD003423,EMP01027,2025-07-29,Present,09:18,17:45
ATD003424,EMP00535,2026-02-26,Present,08:33,17:04
ATD003425,EMP00705,2025-03-04,Absent,NULL,NULL
ATD003426,EMP00503,2024-09-11,Absent,NULL,NULL
ATD003427,EMP00905,2024-11-06,Present,09:08,17:29
ATD003428,EMP00728,2026-05-23,"Work From Home",09:04,17:35
ATD003429,EMP00746,2025-07-28,"Work From Home",09:01,17:12
ATD003430,EMP00784,2026-05-31,Present,09:08,18:26
ATD003431,EMP01201,2025-12-18,"Half Day",09:18,13:18
ATD003432,EMP00710,2024-09-01,"Half Day",09:13,13:28
ATD003433,EMP00329,2024-10-03,Present,08:35,17:50
ATD003434,EMP00433,2025-10-04,Present,08:59,17:39
ATD003435,EMP00447,2025-04-23,Absent,NULL,NULL
ATD003436,EMP00677,2026-04-14,Present,09:35,19:02
ATD003437,EMP00205,2026-01-01,Absent,NULL,NULL
ATD003438,EMP00871,2026-01-18,Present,08:41,17:03
ATD003439,EMP01099,2026-05-26,Absent,NULL,NULL
ATD003440,EMP00251,2026-07-02,"Work From Home",09:19,17:37
ATD003441,EMP00545,2025-10-16,"Work From Home",09:00,17:30
ATD003442,EMP00505,2026-04-27,"Work From Home",09:45,18:42
ATD003443,EMP00797,2025-11-15,"Half Day",09:30,13:08
ATD003444,EMP01141,2026-03-20,"Half Day",09:18,13:06
ATD003445,EMP00473,2024-10-19,"Work From Home",09:46,18:27
ATD003446,EMP00513,2025-01-22,"Work From Home",09:06,18:04
ATD003447,EMP00249,2024-09-23,Present,08:39,16:58
ATD003448,EMP00331,2025-08-03,Absent,NULL,NULL
ATD003449,EMP00352,2025-10-14,Present,09:14,18:25
ATD003450,EMP01079,2026-02-13,Absent,NULL,NULL
ATD003451,EMP00362,2025-11-22,Present,09:30,17:46
ATD003452,EMP00492,2025-03-09,Present,09:32,18:13
ATD003453,EMP00498,2025-04-12,Absent,NULL,NULL
ATD003454,EMP00497,2026-02-08,Present,08:51,17:07
ATD003455,EMP00891,2024-09-04,"Work From Home",09:44,18:08
ATD003456,EMP00555,2025-05-29,Present,08:30,17:03
ATD003457,EMP01006,2025-06-22,Present,09:10,17:53
ATD003458,EMP01081,2024-11-22,Absent,NULL,NULL
ATD003459,EMP00010,2025-01-30,Absent,NULL,NULL
ATD003460,EMP00629,2024-12-24,"Half Day",09:23,13:33
ATD003461,EMP01170,2026-04-25,Absent,NULL,NULL
ATD003462,EMP00663,2026-08-02,Present,08:45,17:07
ATD003463,EMP00282,2026-07-06,Present,09:11,18:31
ATD003464,EMP00835,2026-02-27,"Half Day",09:27,13:20
ATD003465,EMP01179,2025-08-03,"Work From Home",09:14,17:22
ATD003466,EMP00308,2025-11-25,Present,08:58,17:27
ATD003467,EMP00704,2025-11-23,Present,09:24,17:50
ATD003468,EMP00061,2025-10-22,Present,08:36,16:37
ATD003469,EMP00247,2025-06-11,Absent,NULL,NULL
ATD003470,EMP01071,2026-04-18,"Work From Home",09:30,18:29
ATD003471,EMP01027,2025-01-17,"Half Day",09:20,13:42
ATD003472,EMP00812,2025-06-16,Present,08:56,17:14
ATD003473,EMP00714,2026-02-13,Present,08:46,16:47
ATD003474,EMP00701,2026-03-13,Present,09:12,17:35
ATD003475,EMP01219,2025-05-01,Present,09:41,18:03
ATD003476,EMP01163,2025-11-17,Present,09:39,18:39
ATD003477,EMP01130,2025-09-24,Present,08:36,17:22
ATD003478,EMP01122,2026-04-02,Present,08:35,17:55
ATD003479,EMP00886,2024-12-18,"Work From Home",09:40,18:25
ATD003480,EMP00421,2026-02-14,Present,08:58,17:43
ATD003481,EMP01116,2025-03-01,Present,08:39,16:54
ATD003482,EMP00063,2025-12-07,Present,09:02,18:03
ATD003483,EMP00991,2025-07-06,Present,08:50,17:45
ATD003484,EMP00097,2026-02-04,Present,09:08,17:26
ATD003485,EMP01195,2025-02-13,Present,09:26,17:46
ATD003486,EMP01017,2024-11-04,Present,09:44,18:39
ATD003487,EMP00153,2025-07-02,Absent,NULL,NULL
ATD003488,EMP00599,2025-12-11,"Half Day",09:12,12:56
ATD003489,EMP00321,2026-05-23,"Work From Home",09:17,18:05
ATD003490,EMP01051,2026-05-21,Present,09:41,19:11
ATD003491,EMP00574,2026-06-16,Present,09:00,18:20
ATD003492,EMP00139,2025-10-10,"Work From Home",09:34,17:43
ATD003493,EMP01227,2024-09-30,"Half Day",09:10,12:56
ATD003494,EMP01010,2026-03-10,"Work From Home",09:17,17:30
ATD003495,EMP01079,2024-09-09,"Half Day",08:32,12:35
ATD003496,EMP01116,2025-10-23,"Work From Home",09:44,17:44
ATD003497,EMP01215,2025-02-15,Present,09:31,18:57
ATD003498,EMP00167,2026-08-01,Absent,NULL,NULL
ATD003499,EMP01194,2025-10-06,"Work From Home",09:25,17:55
ATD003500,EMP00774,2026-05-18,Present,08:50,17:17
ATD003501,EMP00013,2025-05-22,Present,09:18,18:26
ATD003502,EMP00111,2026-06-01,Present,09:31,18:05
ATD003503,EMP00178,2025-12-01,"Work From Home",09:19,17:40
ATD003504,EMP01086,2026-04-22,Present,08:34,17:19
ATD003505,EMP00088,2026-04-06,Present,09:20,18:47
ATD003506,EMP00622,2025-07-20,Absent,NULL,NULL
ATD003507,EMP00414,2024-12-17,Absent,NULL,NULL
ATD003508,EMP00681,2025-04-23,Present,09:29,18:59
ATD003509,EMP00119,2026-06-27,"Work From Home",09:06,17:17
ATD003510,EMP00748,2024-09-23,Present,08:45,18:02
ATD003511,EMP01148,2025-01-24,Absent,NULL,NULL
ATD003512,EMP00758,2025-05-22,Present,08:54,17:16
ATD003513,EMP00939,2025-08-05,"Work From Home",09:47,18:18
ATD003514,EMP00717,2025-03-23,Present,08:33,17:59
ATD003515,EMP01027,2025-08-06,Absent,NULL,NULL
ATD003516,EMP00481,2024-11-05,Present,08:31,16:38
ATD003517,EMP00240,2026-05-17,Absent,NULL,NULL
ATD003518,EMP00595,2025-05-23,"Work From Home",09:26,18:06
ATD003519,EMP01017,2026-05-04,"Work From Home",09:04,17:45
ATD003520,EMP00778,2026-04-09,Present,09:07,18:03
ATD003521,EMP00978,2026-01-05,Absent,NULL,NULL
ATD003522,EMP00052,2024-09-07,Present,08:50,18:19
ATD003523,EMP01134,2024-12-24,Present,09:28,18:18
ATD003524,EMP00212,2025-01-08,Present,08:49,17:55
ATD003525,EMP00130,2026-05-25,Present,09:20,17:44
ATD003526,EMP00073,2026-04-18,Present,08:34,17:29
ATD003527,EMP00534,2025-09-19,Present,09:03,18:08
ATD003528,EMP01143,2025-08-18,Present,08:36,17:13
ATD003529,EMP00959,2026-01-25,Present,09:01,18:30
ATD003530,EMP00572,2025-04-02,Present,09:02,17:26
ATD003531,EMP00320,2025-03-29,Present,08:33,17:51
ATD003532,EMP01051,2025-10-18,Present,09:45,18:48
ATD003533,EMP00315,2026-07-02,Present,09:22,18:05
ATD003534,EMP00692,2024-09-23,"Half Day",08:38,12:33
ATD003535,EMP01038,2024-09-03,Present,09:30,18:41
ATD003536,EMP00840,2025-09-25,"Half Day",09:19,13:07
ATD003537,EMP00505,2026-07-25,Absent,NULL,NULL
ATD003538,EMP00357,2025-01-15,Present,09:07,17:33
ATD003539,EMP00460,2024-08-15,Present,09:19,17:52
ATD003540,EMP00533,2025-01-31,Present,09:02,17:07
ATD003541,EMP00974,2025-10-24,Present,09:19,18:07
ATD003542,EMP00512,2025-09-16,"Half Day",08:38,12:16
ATD003543,EMP00638,2025-12-04,Present,08:30,17:35
ATD003544,EMP00447,2025-02-23,"Half Day",09:10,13:11
ATD003545,EMP00741,2024-10-29,Present,08:30,17:57
ATD003546,EMP00715,2025-10-30,Absent,NULL,NULL
ATD003547,EMP00286,2024-10-06,Absent,NULL,NULL
ATD003548,EMP01132,2026-03-27,Present,09:36,18:32
ATD003549,EMP00862,2026-07-18,Present,08:47,17:23
ATD003550,EMP00911,2026-06-20,Present,09:35,18:37
ATD003551,EMP00396,2026-06-10,Present,08:38,17:18
ATD003552,EMP00389,2025-01-09,Present,08:56,18:05
ATD003553,EMP00068,2026-01-19,"Work From Home",09:40,18:02
ATD003554,EMP00040,2024-08-14,"Half Day",08:57,12:55
ATD003555,EMP00385,2026-03-28,Present,08:51,17:09
ATD003556,EMP00433,2025-04-19,Present,08:59,17:25
ATD003557,EMP01142,2026-03-29,Present,09:09,17:39
ATD003558,EMP00965,2025-03-04,"Work From Home",09:01,17:55
ATD003559,EMP00449,2025-11-12,"Work From Home",09:14,18:08
ATD003560,EMP00191,2024-09-28,"Half Day",08:53,12:32
ATD003561,EMP00814,2025-02-27,Present,08:37,16:47
ATD003562,EMP00004,2026-06-06,Present,08:31,16:59
ATD003563,EMP00657,2026-02-02,Present,09:45,18:12
ATD003564,EMP00948,2026-05-30,Present,09:11,17:58
ATD003565,EMP01087,2024-10-29,"Work From Home",09:15,17:40
ATD003566,EMP00013,2024-11-10,Present,09:10,17:15
ATD003567,EMP00702,2025-03-16,Present,08:49,17:04
ATD003568,EMP00962,2025-01-29,Absent,NULL,NULL
ATD003569,EMP00202,2024-10-21,"Half Day",09:04,12:42
ATD003570,EMP00176,2024-12-28,Present,09:19,18:24
ATD003571,EMP01110,2026-07-20,"Half Day",08:50,13:14
ATD003572,EMP01121,2026-03-30,Present,09:25,18:55
ATD003573,EMP00972,2025-06-04,Present,08:53,18:11
ATD003574,EMP00760,2025-05-24,"Work From Home",09:58,18:39
ATD003575,EMP00204,2024-12-23,Present,08:41,17:48
ATD003576,EMP01021,2025-09-05,Absent,NULL,NULL
ATD003577,EMP01092,2024-09-13,Present,08:38,17:10
ATD003578,EMP00181,2024-10-16,Present,09:22,18:08
ATD003579,EMP00346,2026-05-27,Present,09:42,18:47
ATD003580,EMP00779,2024-11-24,Present,08:47,17:36
ATD003581,EMP00243,2025-08-31,"Work From Home",09:38,17:38
ATD003582,EMP00162,2024-08-17,"Work From Home",09:08,17:19
ATD003583,EMP00649,2025-08-31,"Half Day",08:37,12:59
ATD003584,EMP00611,2026-01-11,"Work From Home",09:53,18:23
ATD003585,EMP00935,2025-07-14,"Half Day",08:41,12:11
ATD003586,EMP00504,2024-08-07,Present,08:31,17:43
ATD003587,EMP00005,2025-08-14,Present,08:51,17:08
ATD003588,EMP00278,2026-07-24,Present,08:48,18:14
ATD003589,EMP00584,2026-02-21,"Work From Home",09:40,18:03
ATD003590,EMP00777,2025-04-28,Present,09:05,17:40
ATD003591,EMP01034,2025-12-28,"Half Day",09:01,13:04
ATD003592,EMP00220,2026-06-24,Present,08:35,17:04
ATD003593,EMP00313,2025-11-17,Present,08:56,18:04
ATD003594,EMP00632,2025-05-10,Present,08:59,18:15
ATD003595,EMP01115,2025-12-16,Present,08:33,17:10
ATD003596,EMP00637,2025-07-27,"Half Day",08:35,12:46
ATD003597,EMP00954,2025-04-29,Present,09:27,17:46
ATD003598,EMP00504,2025-08-10,Present,08:33,16:48
ATD003599,EMP01174,2026-01-26,Absent,NULL,NULL
ATD003600,EMP00362,2024-10-15,Present,09:27,18:07
ATD003601,EMP00225,2025-07-14,Present,08:55,17:00
ATD003602,EMP00100,2024-10-14,Present,08:31,16:50
ATD003603,EMP01094,2025-06-14,Absent,NULL,NULL
ATD003604,EMP00502,2025-07-09,Present,08:40,17:44
ATD003605,EMP00231,2024-12-27,"Work From Home",09:57,18:10
ATD003606,EMP01024,2024-10-17,"Work From Home",09:52,18:25
ATD003607,EMP01210,2024-09-21,Present,09:19,18:26
ATD003608,EMP00269,2025-09-29,"Work From Home",09:32,17:52
ATD003609,EMP00473,2025-02-07,Present,09:41,19:06
ATD003610,EMP01112,2024-12-29,Present,09:28,18:46
ATD003611,EMP00004,2024-12-07,Present,08:51,17:11
ATD003612,EMP00988,2025-12-15,"Work From Home",09:31,18:26
ATD003613,EMP00222,2025-09-23,Present,09:32,18:07
ATD003614,EMP00592,2025-11-08,"Work From Home",09:01,17:29
ATD003615,EMP01093,2024-08-15,Present,08:31,17:53
ATD003616,EMP00538,2026-05-01,Absent,NULL,NULL
ATD003617,EMP00107,2026-07-30,Present,09:11,17:14
ATD003618,EMP00566,2026-07-31,Present,09:45,17:53
ATD003619,EMP00349,2024-09-01,Present,08:46,17:14
ATD003620,EMP00215,2025-09-11,Present,08:48,17:20
ATD003621,EMP00967,2024-11-15,Present,08:41,17:30
ATD003622,EMP00761,2026-01-07,"Work From Home",09:54,18:18
ATD003623,EMP00978,2025-06-06,Present,09:16,18:27
ATD003624,EMP01047,2025-05-18,Present,09:18,18:46
ATD003625,EMP00150,2026-04-24,Absent,NULL,NULL
ATD003626,EMP00675,2024-09-19,"Work From Home",09:23,17:40
ATD003627,EMP01174,2024-09-03,Present,08:55,18:19
ATD003628,EMP00441,2024-09-01,"Half Day",08:57,12:49
ATD003629,EMP01115,2025-10-02,Present,09:42,18:10
ATD003630,EMP00273,2025-06-27,Present,08:48,17:33
ATD003631,EMP00719,2026-03-24,Absent,NULL,NULL
ATD003632,EMP00090,2026-04-05,Present,08:34,17:36
ATD003633,EMP00643,2025-08-17,"Work From Home",09:35,17:59
ATD003634,EMP01023,2025-01-09,"Half Day",08:39,12:38
ATD003635,EMP00685,2024-08-28,Present,08:33,17:10
ATD003636,EMP00958,2025-06-22,Present,08:52,17:45
ATD003637,EMP00036,2025-03-18,"Work From Home",09:42,18:33
ATD003638,EMP00049,2024-08-06,"Work From Home",09:44,17:45
ATD003639,EMP00820,2026-03-19,"Work From Home",09:02,18:01
ATD003640,EMP00703,2025-06-03,"Half Day",08:48,13:14
ATD003641,EMP00396,2026-05-29,Present,09:16,18:34
ATD003642,EMP00114,2025-06-25,"Half Day",09:16,13:30
ATD003643,EMP00675,2026-03-14,Absent,NULL,NULL
ATD003644,EMP00495,2026-07-06,Present,09:09,17:49
ATD003645,EMP00086,2025-08-01,Absent,NULL,NULL
ATD003646,EMP00769,2025-03-25,Present,08:58,17:52
ATD003647,EMP00560,2026-08-01,Present,08:52,17:14
ATD003648,EMP00936,2024-11-07,Present,09:29,18:53
ATD003649,EMP00654,2025-12-29,Present,08:42,17:57
ATD003650,EMP00649,2026-04-27,Present,09:11,18:29
ATD003651,EMP00293,2026-07-23,Present,09:43,18:25
ATD003652,EMP00798,2026-07-06,Present,08:45,17:16
ATD003653,EMP00141,2025-01-09,Present,09:34,18:33
ATD003654,EMP00630,2025-04-15,Present,08:42,18:06
ATD003655,EMP01090,2025-07-22,Present,09:35,18:44
ATD003656,EMP00950,2025-09-15,Present,09:29,18:04
ATD003657,EMP00431,2025-01-19,Absent,NULL,NULL
ATD003658,EMP00029,2025-05-05,Present,08:54,17:47
ATD003659,EMP00585,2026-04-09,Present,08:37,17:37
ATD003660,EMP01062,2024-10-17,Present,09:31,17:59
ATD003661,EMP01026,2024-09-23,Present,08:57,18:11
ATD003662,EMP00910,2024-09-06,"Half Day",09:11,12:58
ATD003663,EMP00673,2025-01-03,"Work From Home",09:58,18:16
ATD003664,EMP00179,2026-06-14,Present,09:15,17:34
ATD003665,EMP00146,2025-07-11,Present,09:34,17:56
ATD003666,EMP00325,2026-01-31,Present,08:52,17:36
ATD003667,EMP00761,2026-02-17,Absent,NULL,NULL
ATD003668,EMP00061,2025-08-26,Present,09:42,18:48
ATD003669,EMP01186,2026-07-31,"Work From Home",09:05,17:25
ATD003670,EMP01043,2026-04-10,Present,08:43,18:01
ATD003671,EMP00451,2025-05-23,Present,08:44,17:09
ATD003672,EMP00051,2025-09-08,Present,08:57,17:27
ATD003673,EMP01017,2026-04-11,"Half Day",09:11,13:25
ATD003674,EMP00450,2025-03-13,Present,08:34,16:54
ATD003675,EMP00275,2026-01-03,Present,08:49,16:53
ATD003676,EMP00937,2026-02-26,Present,09:33,17:57
ATD003677,EMP00374,2026-05-26,Present,08:50,17:53
ATD003678,EMP00014,2025-12-13,Absent,NULL,NULL
ATD003679,EMP01027,2025-05-13,Present,08:50,18:09
ATD003680,EMP00090,2025-02-09,Present,08:40,17:36
ATD003681,EMP00341,2025-01-23,Present,08:40,17:01
ATD003682,EMP00754,2025-06-22,"Work From Home",09:26,18:18
ATD003683,EMP00324,2025-06-25,"Half Day",09:15,13:26
ATD003684,EMP00848,2025-12-29,Present,09:10,17:51
ATD003685,EMP00675,2025-11-20,Absent,NULL,NULL
ATD003686,EMP00728,2025-07-20,"Work From Home",09:38,18:34
ATD003687,EMP00063,2026-01-10,Absent,NULL,NULL
ATD003688,EMP00024,2026-02-08,"Work From Home",09:42,18:10
ATD003689,EMP01038,2024-12-24,Present,08:53,17:10
ATD003690,EMP00379,2025-01-06,Present,08:50,17:53
ATD003691,EMP01080,2025-10-31,Present,09:30,18:47
ATD003692,EMP00677,2025-01-23,Present,08:56,17:21
ATD003693,EMP00617,2026-03-18,Absent,NULL,NULL
ATD003694,EMP00204,2026-06-30,Present,09:17,17:22
ATD003695,EMP00168,2024-08-15,"Work From Home",09:35,18:30
ATD003696,EMP00572,2025-09-01,Present,09:02,17:57
ATD003697,EMP01213,2025-12-08,"Half Day",09:16,13:09
ATD003698,EMP00841,2026-05-05,Present,08:44,18:11
ATD003699,EMP00022,2026-02-11,Present,09:13,18:23
ATD003700,EMP00666,2024-09-19,Present,09:06,17:49
ATD003701,EMP00882,2024-12-01,Present,09:06,18:04
ATD003702,EMP00028,2025-06-29,Present,08:43,17:28
ATD003703,EMP00549,2026-07-20,"Work From Home",09:03,17:41
ATD003704,EMP01171,2024-12-06,Absent,NULL,NULL
ATD003705,EMP00021,2026-02-15,Present,09:41,17:42
ATD003706,EMP01203,2026-02-01,Present,08:50,17:38
ATD003707,EMP00607,2025-08-13,Present,08:36,17:47
ATD003708,EMP01221,2025-01-22,Present,08:54,17:31
ATD003709,EMP00281,2024-12-05,"Work From Home",09:10,17:57
ATD003710,EMP00254,2024-09-26,Present,09:44,18:08
ATD003711,EMP00006,2026-02-05,Present,09:01,18:03
ATD003712,EMP01021,2026-05-31,Present,08:50,16:51
ATD003713,EMP00477,2025-06-15,Present,09:44,18:46
ATD003714,EMP01008,2026-06-17,"Work From Home",09:34,17:58
ATD003715,EMP00465,2025-03-22,Present,09:04,18:09
ATD003716,EMP00225,2025-10-31,Present,08:33,16:54
ATD003717,EMP00011,2025-04-28,"Half Day",08:47,12:29
ATD003718,EMP00918,2026-01-16,Present,08:38,16:38
ATD003719,EMP01150,2026-05-03,Present,09:34,19:00
ATD003720,EMP00913,2025-12-20,Present,08:42,16:55
ATD003721,EMP00817,2024-08-07,Present,08:45,17:24
ATD003722,EMP00380,2025-10-20,"Work From Home",09:01,17:42
ATD003723,EMP01064,2025-09-24,"Half Day",08:55,13:19
ATD003724,EMP00073,2025-02-18,"Half Day",08:35,12:36
ATD003725,EMP00931,2025-12-01,Absent,NULL,NULL
ATD003726,EMP00471,2025-03-01,Present,09:22,18:08
ATD003727,EMP00157,2024-11-28,Present,09:03,17:18
ATD003728,EMP00940,2025-11-24,Present,09:40,18:31
ATD003729,EMP00037,2024-10-24,Present,08:30,17:33
ATD003730,EMP00416,2025-07-16,Present,08:33,17:57
ATD003731,EMP00225,2025-05-13,Present,09:02,18:32
ATD003732,EMP01105,2026-04-08,"Work From Home",09:22,18:08
ATD003733,EMP00600,2025-07-31,Present,09:30,17:31
ATD003734,EMP00566,2025-03-06,"Half Day",09:30,13:25
ATD003735,EMP00787,2025-07-31,Present,09:09,17:25
ATD003736,EMP00061,2025-12-22,"Work From Home",09:08,17:25
ATD003737,EMP00765,2026-07-22,"Half Day",08:45,12:48
ATD003738,EMP00828,2026-01-14,Present,09:29,18:54
ATD003739,EMP00939,2024-12-02,"Half Day",09:25,13:47
ATD003740,EMP00789,2024-12-18,"Work From Home",09:44,18:40
ATD003741,EMP00228,2025-05-16,Present,09:40,18:09
ATD003742,EMP00475,2025-04-27,Present,09:34,17:46
ATD003743,EMP00577,2024-12-20,Present,09:34,17:35
ATD003744,EMP00939,2026-04-13,Present,08:58,18:21
ATD003745,EMP00530,2025-03-17,Present,08:38,17:08
ATD003746,EMP00183,2026-05-29,Present,08:58,18:24
ATD003747,EMP00796,2025-03-22,Present,08:31,16:53
ATD003748,EMP00067,2024-12-15,Present,09:29,18:39
ATD003749,EMP00618,2025-03-01,"Half Day",08:37,12:23
ATD003750,EMP00088,2024-08-27,Present,09:37,18:55
ATD003751,EMP01163,2026-07-16,Absent,NULL,NULL
ATD003752,EMP01115,2025-11-15,Absent,NULL,NULL
ATD003753,EMP01210,2024-10-26,Absent,NULL,NULL
ATD003754,EMP00370,2024-11-09,Present,08:39,17:55
ATD003755,EMP01014,2025-05-11,Present,09:26,17:50
ATD003756,EMP01118,2026-04-03,Absent,NULL,NULL
ATD003757,EMP00788,2025-09-28,Present,08:46,17:31
ATD003758,EMP00809,2025-06-13,Present,09:15,18:10
ATD003759,EMP00900,2024-12-06,Present,09:21,18:33
ATD003760,EMP00321,2024-11-06,Absent,NULL,NULL
ATD003761,EMP00429,2024-11-19,"Work From Home",09:35,17:42
ATD003762,EMP01214,2025-03-16,Present,08:41,17:44
ATD003763,EMP00717,2025-08-17,Present,09:29,17:33
ATD003764,EMP00736,2025-04-30,"Half Day",09:09,13:22
ATD003765,EMP00554,2026-01-06,"Half Day",09:05,13:10
ATD003766,EMP00945,2024-10-22,Present,09:17,18:34
ATD003767,EMP00875,2024-11-07,Present,09:25,17:55
ATD003768,EMP01098,2025-05-19,"Work From Home",09:31,17:45
ATD003769,EMP00821,2025-08-03,"Work From Home",09:20,17:47
ATD003770,EMP01012,2025-06-13,Absent,NULL,NULL
ATD003771,EMP00082,2026-01-07,Present,08:47,18:07
ATD003772,EMP00608,2025-09-22,Present,08:49,18:12
ATD003773,EMP00909,2025-03-15,Present,08:30,16:44
ATD003774,EMP00262,2025-11-11,"Half Day",09:11,12:59
ATD003775,EMP00437,2025-01-30,Present,08:30,17:11
ATD003776,EMP00180,2025-05-15,"Work From Home",09:38,17:38
ATD003777,EMP00929,2025-10-05,Present,09:09,17:21
ATD003778,EMP00624,2026-03-31,Present,08:42,17:04
ATD003779,EMP01188,2026-01-03,"Work From Home",09:52,18:29
ATD003780,EMP00460,2026-06-28,Present,08:36,17:24
ATD003781,EMP01143,2025-08-04,Present,08:43,17:34
ATD003782,EMP00028,2025-03-25,Present,08:40,17:08
ATD003783,EMP00167,2026-03-16,Present,08:46,17:12
ATD003784,EMP01163,2025-11-28,Present,09:29,17:58
ATD003785,EMP01176,2025-01-19,Absent,NULL,NULL
ATD003786,EMP00546,2024-09-04,Present,08:34,17:04
ATD003787,EMP00370,2024-10-30,Present,08:38,16:59
ATD003788,EMP01044,2024-11-21,Present,09:35,18:51
ATD003789,EMP00550,2025-07-18,Present,08:54,17:03
ATD003790,EMP00311,2026-01-06,Present,08:43,18:06
ATD003791,EMP00817,2025-01-26,Present,08:55,17:38
ATD003792,EMP00503,2025-02-24,Present,09:19,18:29
ATD003793,EMP00707,2026-04-26,Absent,NULL,NULL
ATD003794,EMP00198,2025-07-26,Absent,NULL,NULL
ATD003795,EMP00479,2024-08-15,Present,09:14,17:46
ATD003796,EMP00518,2025-11-11,Present,09:36,18:43
ATD003797,EMP00836,2025-12-28,Present,08:54,17:49
ATD003798,EMP00954,2025-12-08,Present,09:26,18:45
ATD003799,EMP00579,2026-05-06,"Work From Home",09:52,18:21
ATD003800,EMP00044,2024-10-21,Present,08:30,17:48
ATD003801,EMP00962,2024-10-15,"Work From Home",09:13,17:29
ATD003802,EMP00397,2024-09-16,"Work From Home",09:31,17:44
ATD003803,EMP00635,2025-01-13,"Work From Home",09:17,18:09
ATD003804,EMP00584,2026-01-27,Absent,NULL,NULL
ATD003805,EMP00641,2025-11-16,"Half Day",09:09,13:11
ATD003806,EMP00521,2025-08-02,Present,08:52,17:50
ATD003807,EMP01114,2025-07-22,"Work From Home",09:30,17:48
ATD003808,EMP00086,2026-03-27,Present,08:41,17:08
ATD003809,EMP00382,2026-07-03,"Work From Home",09:36,17:44
ATD003810,EMP00475,2025-02-26,Present,08:35,17:03
ATD003811,EMP00577,2025-07-18,Absent,NULL,NULL
ATD003812,EMP00086,2025-07-10,Present,08:48,16:57
ATD003813,EMP00857,2026-03-03,Present,09:04,18:34
ATD003814,EMP00852,2024-09-18,Present,08:53,16:58
ATD003815,EMP01134,2025-11-29,Present,09:22,18:51
ATD003816,EMP00468,2025-11-08,Absent,NULL,NULL
ATD003817,EMP00860,2024-09-06,Present,09:33,18:51
ATD003818,EMP00236,2026-04-13,Present,09:30,17:47
ATD003819,EMP00047,2025-06-29,Present,08:49,16:54
ATD003820,EMP00240,2025-06-10,Present,09:03,18:04
ATD003821,EMP00085,2026-07-07,Present,08:35,17:10
ATD003822,EMP01030,2026-04-23,Present,09:30,18:38
ATD003823,EMP00427,2026-06-02,Absent,NULL,NULL
ATD003824,EMP01041,2026-07-06,Present,09:15,18:28
ATD003825,EMP01166,2026-05-29,Present,09:29,17:49
ATD003826,EMP00685,2026-08-07,Present,09:04,17:06
ATD003827,EMP00195,2024-12-09,Present,08:46,16:53
ATD003828,EMP00908,2024-10-23,Present,08:51,17:24
ATD003829,EMP00506,2026-01-16,Present,08:48,17:54
ATD003830,EMP01088,2025-07-04,Present,09:04,18:11
ATD003831,EMP01147,2024-10-12,Present,09:35,18:56
ATD003832,EMP00927,2024-12-10,Present,08:44,16:50
ATD003833,EMP00825,2025-02-26,Present,09:45,18:30
ATD003834,EMP00932,2025-04-26,Absent,NULL,NULL
ATD003835,EMP00466,2024-12-26,"Work From Home",09:37,17:46
ATD003836,EMP00457,2026-02-17,Present,08:45,16:47
ATD003837,EMP00492,2025-04-03,"Work From Home",09:07,17:58
ATD003838,EMP00256,2025-02-15,Absent,NULL,NULL
ATD003839,EMP00402,2025-08-29,"Work From Home",09:40,18:28
ATD003840,EMP00463,2026-07-07,Present,09:27,18:49
ATD003841,EMP00787,2026-01-20,Present,08:32,17:13
ATD003842,EMP00365,2025-01-19,Absent,NULL,NULL
ATD003843,EMP00726,2024-12-14,Present,09:27,18:48
ATD003844,EMP00043,2024-09-05,Present,08:44,16:55
ATD003845,EMP00777,2026-06-06,"Half Day",08:43,13:13
ATD003846,EMP00165,2025-01-12,Absent,NULL,NULL
ATD003847,EMP00787,2026-07-29,Absent,NULL,NULL
ATD003848,EMP00770,2024-08-25,"Work From Home",09:17,18:06
ATD003849,EMP00563,2025-02-16,Present,09:04,17:18
ATD003850,EMP01196,2026-03-21,Present,09:24,18:27
ATD003851,EMP01050,2025-10-25,Present,09:34,18:42
ATD003852,EMP00817,2026-01-22,"Half Day",08:38,12:22
ATD003853,EMP01181,2025-08-01,Present,09:40,17:48
ATD003854,EMP01182,2026-04-04,Present,08:47,17:00
ATD003855,EMP00208,2026-04-26,Present,08:47,17:44
ATD003856,EMP00442,2026-06-05,Present,08:33,16:34
ATD003857,EMP01195,2025-02-21,"Work From Home",09:30,17:52
ATD003858,EMP00372,2025-05-02,Present,09:44,18:57
ATD003859,EMP00297,2024-10-08,Present,08:42,18:00
ATD003860,EMP00711,2024-11-29,"Half Day",09:23,13:10
ATD003861,EMP00308,2024-08-04,Present,08:53,17:21
ATD003862,EMP00935,2025-06-30,"Work From Home",09:27,18:18
ATD003863,EMP00641,2026-02-13,Present,08:57,18:23
ATD003864,EMP00340,2025-08-12,Present,09:35,18:43
ATD003865,EMP01003,2025-05-31,Present,08:54,16:54
ATD003866,EMP00734,2024-12-22,Present,09:22,18:39
ATD003867,EMP01153,2025-05-05,Present,09:28,18:42
ATD003868,EMP00477,2026-03-28,Present,08:56,17:26
ATD003869,EMP01162,2025-06-23,Absent,NULL,NULL
ATD003870,EMP01009,2026-03-13,Present,08:49,17:56
ATD003871,EMP01075,2026-01-16,Present,09:36,18:41
ATD003872,EMP00737,2025-09-29,Present,08:33,16:41
ATD003873,EMP00152,2025-09-19,Present,09:12,18:18
ATD003874,EMP00256,2026-07-12,Present,09:35,18:25
ATD003875,EMP01088,2024-10-22,Present,09:31,18:32
ATD003876,EMP00064,2025-09-24,"Work From Home",09:10,18:04
ATD003877,EMP01126,2025-03-11,Present,09:03,17:36
ATD003878,EMP01203,2024-12-19,Present,09:30,18:52
ATD003879,EMP00833,2024-12-19,Present,09:24,18:09
ATD003880,EMP01132,2024-12-20,Present,08:46,17:09
ATD003881,EMP00740,2025-03-31,Absent,NULL,NULL
ATD003882,EMP00618,2024-09-11,Present,09:34,18:04
ATD003883,EMP00134,2024-12-07,Present,09:44,18:12
ATD003884,EMP00421,2025-12-04,Present,08:36,16:54
ATD003885,EMP01142,2024-09-06,Present,08:46,17:33
ATD003886,EMP00482,2025-07-12,"Half Day",09:26,13:47
ATD003887,EMP00969,2025-07-10,Present,09:17,17:28
ATD003888,EMP01104,2024-12-26,"Half Day",09:29,13:59
ATD003889,EMP00028,2024-12-07,"Work From Home",09:03,17:58
ATD003890,EMP00427,2024-09-23,"Half Day",08:33,12:29
ATD003891,EMP00168,2025-08-04,Present,08:52,17:40
ATD003892,EMP00472,2026-05-31,Present,08:32,17:36
ATD003893,EMP01127,2025-06-11,Present,09:42,17:59
ATD003894,EMP00553,2025-01-31,Present,08:32,16:57
ATD003895,EMP00017,2024-11-10,Present,09:25,17:36
ATD003896,EMP00721,2024-10-02,"Work From Home",09:44,18:01
ATD003897,EMP00682,2026-06-17,Absent,NULL,NULL
ATD003898,EMP00492,2025-10-30,"Work From Home",09:29,18:00
ATD003899,EMP00396,2025-10-22,Present,08:51,18:03
ATD003900,EMP01183,2025-11-24,Present,09:04,18:24
ATD003901,EMP00087,2025-01-26,Present,09:11,18:30
ATD003902,EMP00305,2024-08-15,Present,09:24,18:26
ATD003903,EMP00134,2025-03-12,Absent,NULL,NULL
ATD003904,EMP00441,2025-10-09,"Work From Home",09:38,18:05
ATD003905,EMP00949,2026-06-07,"Work From Home",09:14,17:19
ATD003906,EMP00490,2025-09-28,Present,09:03,17:56
ATD003907,EMP00813,2025-03-16,"Work From Home",09:16,17:57
ATD003908,EMP00728,2026-07-09,Absent,NULL,NULL
ATD003909,EMP00946,2025-01-02,Present,09:01,18:13
ATD003910,EMP01080,2024-08-12,Present,09:05,18:29
ATD003911,EMP00437,2026-05-03,Present,08:33,17:19
ATD003912,EMP00782,2026-04-02,Absent,NULL,NULL
ATD003913,EMP00475,2025-05-30,"Half Day",08:47,12:39
ATD003914,EMP00502,2025-11-08,"Half Day",08:45,12:55
ATD003915,EMP01128,2026-03-21,"Work From Home",09:53,18:23
ATD003916,EMP00877,2024-12-15,Present,08:31,17:25
ATD003917,EMP00861,2025-03-26,"Half Day",08:44,12:55
ATD003918,EMP00822,2025-06-29,Absent,NULL,NULL
ATD003919,EMP00744,2025-09-24,"Work From Home",09:39,17:52
ATD003920,EMP01199,2024-10-24,Absent,NULL,NULL
ATD003921,EMP00274,2026-01-06,Absent,NULL,NULL
ATD003922,EMP00987,2025-01-06,"Work From Home",09:52,17:54
ATD003923,EMP00888,2025-06-16,"Work From Home",09:31,18:09
ATD003924,EMP00007,2024-12-09,"Half Day",09:07,13:02
ATD003925,EMP01206,2026-03-13,Present,08:58,18:01
ATD003926,EMP00184,2025-08-12,Present,09:35,18:38
ATD003927,EMP00587,2025-05-31,Present,08:38,17:36
ATD003928,EMP00197,2024-09-15,Absent,NULL,NULL
ATD003929,EMP00334,2024-09-18,Present,09:39,17:57
ATD003930,EMP00425,2026-03-01,Present,08:51,17:25
ATD003931,EMP00630,2024-12-05,Present,08:50,17:34
ATD003932,EMP01129,2026-01-31,Present,08:49,17:59
ATD003933,EMP00304,2025-05-16,Present,09:28,18:56
ATD003934,EMP00150,2026-07-10,Present,09:34,18:38
ATD003935,EMP01087,2026-07-11,Absent,NULL,NULL
ATD003936,EMP00173,2024-08-16,Present,08:35,17:53
ATD003937,EMP00792,2025-01-15,Present,08:44,18:07
ATD003938,EMP00394,2025-04-01,Absent,NULL,NULL
ATD003939,EMP00819,2025-08-04,"Work From Home",09:33,17:38
ATD003940,EMP00213,2026-06-03,"Half Day",09:02,13:28
ATD003941,EMP00415,2026-05-30,Present,09:34,18:38
ATD003942,EMP01043,2025-03-20,Present,09:20,17:20
ATD003943,EMP01072,2025-12-06,"Half Day",09:29,13:34
ATD003944,EMP01228,2025-03-28,Present,08:56,16:58
ATD003945,EMP00530,2025-01-29,Present,09:32,18:28
ATD003946,EMP00712,2026-06-14,Present,08:59,17:24
ATD003947,EMP00366,2025-03-25,Present,08:35,16:44
ATD003948,EMP01028,2025-11-07,Absent,NULL,NULL
ATD003949,EMP00777,2025-10-23,Absent,NULL,NULL
ATD003950,EMP00203,2024-08-24,Absent,NULL,NULL
ATD003951,EMP00838,2026-06-29,Present,09:14,18:15
ATD003952,EMP00353,2024-10-15,"Half Day",09:15,12:57
ATD003953,EMP00596,2024-09-17,Present,08:34,17:57
ATD003954,EMP00840,2025-07-02,Present,08:55,17:54
ATD003955,EMP00046,2025-07-24,"Work From Home",09:52,18:16
ATD003956,EMP00399,2026-04-04,Present,09:37,18:31
ATD003957,EMP00769,2025-11-30,Present,09:43,19:00
ATD003958,EMP00870,2025-07-15,Present,08:39,17:30
ATD003959,EMP00746,2025-05-08,Present,09:30,18:25
ATD003960,EMP01051,2026-01-01,Present,08:54,17:16
ATD003961,EMP00170,2026-06-13,Present,09:30,18:48
ATD003962,EMP00298,2025-09-24,Present,09:45,17:53
ATD003963,EMP01091,2025-08-29,Present,08:34,17:07
ATD003964,EMP00127,2026-05-19,"Work From Home",09:26,18:16
ATD003965,EMP00800,2024-10-11,Absent,NULL,NULL
ATD003966,EMP00233,2025-01-19,Present,08:39,17:00
ATD003967,EMP00256,2025-09-09,Present,08:53,16:55
ATD003968,EMP01047,2025-09-07,Present,08:32,17:37
ATD003969,EMP00476,2025-07-30,Present,08:54,17:28
ATD003970,EMP00630,2025-12-30,Present,09:30,17:36
ATD003971,EMP00805,2025-08-06,Present,08:30,17:37
ATD003972,EMP00106,2026-06-29,"Work From Home",09:02,17:21
ATD003973,EMP01151,2026-03-02,Present,08:43,17:15
ATD003974,EMP00429,2024-12-28,Present,09:00,18:07
ATD003975,EMP00200,2025-07-02,Present,08:42,17:53
ATD003976,EMP00791,2026-07-21,Present,09:22,18:24
ATD003977,EMP01074,2024-10-18,Present,08:49,16:52
ATD003978,EMP01204,2025-08-15,Present,08:30,17:48
ATD003979,EMP00394,2025-06-13,"Work From Home",09:25,18:19
ATD003980,EMP01091,2026-02-17,"Half Day",08:42,13:12
ATD003981,EMP01197,2026-07-29,"Half Day",09:11,12:59
ATD003982,EMP00366,2025-10-11,"Half Day",08:34,12:24
ATD003983,EMP01142,2025-03-27,"Half Day",08:52,13:12
ATD003984,EMP00308,2024-10-23,"Work From Home",09:26,17:47
ATD003985,EMP01009,2025-07-10,Present,09:23,18:10
ATD003986,EMP00052,2026-01-05,Present,08:51,16:53
ATD003987,EMP00820,2025-01-12,"Work From Home",09:05,17:16
ATD003988,EMP00045,2025-11-13,"Half Day",08:35,12:17
ATD003989,EMP00926,2025-11-26,Present,09:14,18:17
ATD003990,EMP00294,2025-08-09,Absent,NULL,NULL
ATD003991,EMP00084,2026-07-19,Present,09:24,18:24
ATD003992,EMP00531,2024-08-17,Present,08:55,17:38
ATD003993,EMP00890,2025-09-01,Present,09:44,18:04
ATD003994,EMP01079,2026-05-23,Absent,NULL,NULL
ATD003995,EMP00927,2026-01-23,Present,09:23,18:13
ATD003996,EMP00384,2025-11-28,"Work From Home",09:08,17:59
ATD003997,EMP00832,2025-12-19,Present,09:11,17:45
ATD003998,EMP00693,2026-04-02,Present,08:45,16:56
ATD003999,EMP00644,2025-08-24,Present,09:19,18:15
ATD004000,EMP01038,2025-01-30,Present,08:44,17:17
ATD004001,EMP01082,2025-01-27,Present,09:12,17:18
ATD004002,EMP00260,2025-06-12,Present,09:16,18:08
ATD004003,EMP01001,2024-09-19,Present,09:42,18:27
ATD004004,EMP00670,2024-11-25,"Half Day",09:26,13:45
ATD004005,EMP00353,2026-02-18,Present,08:39,17:17
ATD004006,EMP00211,2026-01-14,Present,09:17,17:29
ATD004007,EMP00252,2025-06-17,Present,08:42,17:05
ATD004008,EMP00898,2025-04-19,"Half Day",08:49,12:46
ATD004009,EMP00451,2025-04-23,Present,09:40,19:08
ATD004010,EMP00922,2025-02-17,"Half Day",09:03,12:59
ATD004011,EMP00224,2025-08-19,Present,08:31,17:12
ATD004012,EMP00209,2026-01-30,Present,09:33,18:21
ATD004013,EMP00675,2026-06-16,"Work From Home",09:05,17:56
ATD004014,EMP00906,2024-08-13,"Work From Home",09:08,17:16
ATD004015,EMP01040,2024-10-26,Present,09:40,18:16
ATD004016,EMP00358,2025-10-05,Present,09:43,18:53
ATD004017,EMP01173,2025-04-18,"Half Day",09:03,13:04
ATD004018,EMP00662,2024-09-02,Present,08:55,17:45
ATD004019,EMP00969,2026-06-08,"Work From Home",09:03,17:09
ATD004020,EMP00772,2025-02-20,Absent,NULL,NULL
ATD004021,EMP00802,2026-07-18,Present,08:51,16:55
ATD004022,EMP00617,2026-06-20,"Work From Home",09:21,17:50
ATD004023,EMP00299,2026-06-05,Present,09:14,17:33
ATD004024,EMP00997,2026-07-08,Present,09:14,17:46
ATD004025,EMP00891,2025-06-25,Present,09:14,17:36
ATD004026,EMP00734,2026-04-28,"Work From Home",09:12,17:30
ATD004027,EMP00439,2025-09-11,Present,08:57,17:49
ATD004028,EMP00398,2025-01-30,Present,09:40,18:36
ATD004029,EMP00132,2025-02-03,Absent,NULL,NULL
ATD004030,EMP00967,2025-03-02,Present,08:35,17:53
ATD004031,EMP01223,2026-04-29,Present,08:57,17:53
ATD004032,EMP00164,2025-11-02,Absent,NULL,NULL
ATD004033,EMP00838,2024-10-03,Present,08:49,18:13
ATD004034,EMP00720,2025-07-31,Present,09:19,18:42
ATD004035,EMP00459,2025-03-24,Present,08:55,17:14
ATD004036,EMP00842,2024-10-23,Present,09:36,17:55
ATD004037,EMP01180,2025-10-03,"Half Day",08:54,13:04
ATD004038,EMP00807,2025-08-01,Present,08:51,17:08
ATD004039,EMP00066,2026-03-03,Present,09:31,18:56
ATD004040,EMP00624,2026-05-03,Present,08:33,17:52
ATD004041,EMP00083,2026-06-10,Present,09:16,17:21
ATD004042,EMP00972,2025-11-08,Absent,NULL,NULL
ATD004043,EMP00862,2025-10-11,Present,08:51,17:34
ATD004044,EMP00504,2025-09-10,Absent,NULL,NULL
ATD004045,EMP00064,2025-12-08,Present,08:51,18:08
ATD004046,EMP00462,2026-06-18,Present,09:23,18:33
ATD004047,EMP00936,2025-04-24,"Half Day",09:26,13:28
ATD004048,EMP00332,2025-01-15,Absent,NULL,NULL
ATD004049,EMP00462,2026-06-14,Absent,NULL,NULL
ATD004050,EMP00647,2025-07-23,Present,08:43,17:46
ATD004051,EMP00360,2025-12-01,Present,09:19,18:07
ATD004052,EMP00400,2025-06-16,Present,09:28,18:24
ATD004053,EMP00946,2024-08-08,Present,09:37,17:50
ATD004054,EMP00853,2024-11-11,Present,09:21,18:23
ATD004055,EMP00518,2025-10-03,Present,08:44,17:10
ATD004056,EMP00320,2025-08-01,"Work From Home",09:29,17:35
ATD004057,EMP00387,2026-06-03,"Work From Home",09:02,17:39
ATD004058,EMP01139,2025-06-06,Present,08:59,18:16
ATD004059,EMP01155,2025-06-18,"Half Day",09:22,13:41
ATD004060,EMP00914,2026-02-01,Present,09:02,17:33
ATD004061,EMP01009,2025-02-25,"Half Day",09:11,13:13
ATD004062,EMP00939,2025-05-31,Present,09:39,18:44
ATD004063,EMP00440,2026-03-06,Present,08:46,17:42
ATD004064,EMP01189,2025-01-25,Present,08:37,17:58
ATD004065,EMP00189,2025-04-01,Present,09:29,18:53
ATD004066,EMP01119,2025-01-22,Present,08:33,17:45
ATD004067,EMP00710,2026-02-16,Present,08:53,17:08
ATD004068,EMP00114,2025-03-01,Absent,NULL,NULL
ATD004069,EMP00299,2025-10-12,"Half Day",08:57,13:10
ATD004070,EMP01049,2026-03-12,"Work From Home",09:06,17:09
ATD004071,EMP00764,2024-11-18,Absent,NULL,NULL
ATD004072,EMP00054,2024-08-07,Present,09:29,18:21
ATD004073,EMP00596,2025-10-06,"Work From Home",09:28,17:43
ATD004074,EMP01217,2026-04-24,"Work From Home",09:57,18:42
ATD004075,EMP00295,2025-08-29,Present,08:37,17:43
ATD004076,EMP01128,2025-03-15,"Work From Home",09:09,17:48
ATD004077,EMP00307,2025-10-22,Present,08:31,16:51
ATD004078,EMP00172,2025-02-28,Present,08:43,17:53
ATD004079,EMP00053,2025-12-29,Present,09:16,17:52
ATD004080,EMP00776,2025-10-01,Present,09:26,18:26
ATD004081,EMP00719,2025-03-12,Present,08:53,18:13
ATD004082,EMP00694,2026-02-12,"Work From Home",09:19,17:55
ATD004083,EMP00463,2025-08-06,Present,09:01,17:04
ATD004084,EMP00982,2026-03-11,Present,08:40,17:14
ATD004085,EMP00842,2025-07-27,Absent,NULL,NULL
ATD004086,EMP00533,2025-04-15,Present,08:54,18:10
ATD004087,EMP00280,2025-10-31,Present,08:31,17:22
ATD004088,EMP00396,2026-06-20,"Half Day",08:59,13:17
ATD004089,EMP01209,2026-07-05,"Half Day",09:16,13:15
ATD004090,EMP00725,2024-09-27,Present,08:59,17:25
ATD004091,EMP01218,2025-05-05,Absent,NULL,NULL
ATD004092,EMP00065,2025-06-21,Present,09:11,17:53
ATD004093,EMP00622,2026-02-05,Present,08:57,17:53
ATD004094,EMP01187,2025-11-19,Present,08:39,17:57
ATD004095,EMP00062,2026-04-26,"Work From Home",09:09,17:57
ATD004096,EMP01070,2025-11-06,"Work From Home",09:32,18:23
ATD004097,EMP00838,2026-01-19,Present,08:42,17:00
ATD004098,EMP01007,2024-12-13,"Half Day",08:43,12:18
ATD004099,EMP00306,2024-12-19,Present,08:55,18:17
ATD004100,EMP00344,2026-01-06,"Work From Home",09:13,18:07
ATD004101,EMP00694,2026-07-15,"Work From Home",09:17,17:58
ATD004102,EMP00791,2025-07-22,"Half Day",09:01,12:34
ATD004103,EMP00592,2026-03-16,Present,08:47,17:08
ATD004104,EMP00456,2024-09-19,Present,09:35,18:48
ATD004105,EMP01028,2025-05-13,"Work From Home",09:55,18:44
ATD004106,EMP00194,2026-04-21,Present,08:47,16:55
ATD004107,EMP00729,2026-04-09,Present,08:52,18:05
ATD004108,EMP00864,2026-03-16,Present,08:56,18:25
ATD004109,EMP00120,2026-05-31,Present,09:08,17:26
ATD004110,EMP00443,2026-06-23,Present,09:37,17:45
ATD004111,EMP01047,2025-02-12,Absent,NULL,NULL
ATD004112,EMP00051,2026-06-12,Present,09:19,18:49
ATD004113,EMP00856,2026-05-20,Present,09:42,18:40
ATD004114,EMP00146,2025-05-09,Present,09:04,17:08
ATD004115,EMP00255,2026-05-24,"Work From Home",09:39,17:58
ATD004116,EMP00778,2024-10-30,"Work From Home",09:05,17:48
ATD004117,EMP00952,2025-05-27,Present,08:54,18:13
ATD004118,EMP00461,2025-10-16,Absent,NULL,NULL
ATD004119,EMP00777,2026-07-02,Absent,NULL,NULL
ATD004120,EMP00598,2026-07-09,Present,09:10,18:25
ATD004121,EMP00086,2025-03-25,Absent,NULL,NULL
ATD004122,EMP00813,2024-11-23,Present,09:21,17:32
ATD004123,EMP00982,2025-04-29,Present,08:34,16:42
ATD004124,EMP00810,2025-11-07,Present,08:47,17:12
ATD004125,EMP00068,2025-03-13,Present,09:31,18:30
ATD004126,EMP00328,2025-07-11,Present,09:37,18:22
ATD004127,EMP00114,2025-02-04,Present,08:38,17:23
ATD004128,EMP00474,2026-06-05,Present,08:49,17:11
ATD004129,EMP00452,2025-07-31,Present,08:38,16:54
ATD004130,EMP01109,2025-01-18,Present,09:45,19:01
ATD004131,EMP00768,2025-03-09,"Work From Home",09:35,17:45
ATD004132,EMP00265,2026-02-11,Present,08:52,17:48
ATD004133,EMP00169,2026-07-20,Present,08:37,16:59
ATD004134,EMP00578,2025-12-23,Present,08:45,18:03
ATD004135,EMP00604,2025-10-23,Present,08:38,17:09
ATD004136,EMP00064,2025-08-06,"Half Day",08:40,12:12
ATD004137,EMP00415,2025-09-22,Present,08:32,16:44
ATD004138,EMP00114,2025-12-13,"Work From Home",09:41,18:01
ATD004139,EMP00115,2026-03-25,Present,09:03,18:26
ATD004140,EMP00245,2025-01-04,Present,09:25,17:32
ATD004141,EMP00397,2026-05-24,"Half Day",09:06,13:34
ATD004142,EMP00203,2025-01-30,Present,08:33,17:20
ATD004143,EMP00471,2026-05-27,Present,09:00,18:24
ATD004144,EMP00411,2025-04-23,Present,08:44,16:46
ATD004145,EMP00922,2025-08-31,Present,08:30,16:34
ATD004146,EMP00378,2026-01-12,Absent,NULL,NULL
ATD004147,EMP01034,2024-09-30,Absent,NULL,NULL
ATD004148,EMP01185,2025-02-28,Present,08:47,17:27
ATD004149,EMP00689,2026-03-29,"Work From Home",09:55,18:24
ATD004150,EMP00963,2024-08-15,Present,09:19,17:29
ATD004151,EMP00868,2026-06-26,Absent,NULL,NULL
ATD004152,EMP01214,2025-10-13,Present,08:33,17:01
ATD004153,EMP00963,2024-12-30,"Work From Home",09:11,17:39
ATD004154,EMP01085,2025-12-13,Present,09:33,18:54
ATD004155,EMP00305,2025-06-24,Present,08:30,17:18
ATD004156,EMP00025,2026-06-19,Present,08:30,17:56
ATD004157,EMP00230,2026-02-09,"Half Day",09:01,12:54
ATD004158,EMP00358,2024-11-08,Absent,NULL,NULL
ATD004159,EMP00293,2025-11-15,Present,08:43,17:52
ATD004160,EMP01009,2025-02-25,"Half Day",08:32,12:16
ATD004161,EMP00918,2025-04-18,Present,09:23,17:45
ATD004162,EMP00662,2025-09-06,Present,08:54,17:01
ATD004163,EMP00016,2024-08-31,Present,09:29,17:47
ATD004164,EMP00327,2024-09-21,Present,09:13,17:58
ATD004165,EMP01009,2026-08-05,Present,08:45,17:18
ATD004166,EMP00913,2025-02-04,"Half Day",09:08,12:40
ATD004167,EMP00781,2025-06-17,Present,08:38,17:24
ATD004168,EMP00244,2024-11-28,"Work From Home",09:00,17:32
ATD004169,EMP01189,2026-03-20,"Half Day",09:00,13:11
ATD004170,EMP00500,2024-12-17,Absent,NULL,NULL
ATD004171,EMP00504,2026-07-01,Absent,NULL,NULL
ATD004172,EMP00988,2025-10-31,Present,08:31,17:14
ATD004173,EMP00099,2024-09-20,Present,09:00,18:00
ATD004174,EMP01000,2026-02-16,"Half Day",09:16,12:55
ATD004175,EMP00052,2024-11-08,Present,08:56,17:10
ATD004176,EMP00576,2025-11-11,Present,08:53,17:17
ATD004177,EMP00728,2025-04-17,Present,09:29,18:14
ATD004178,EMP00854,2025-01-21,"Half Day",09:10,12:46
ATD004179,EMP00723,2025-11-22,Present,09:01,17:45
ATD004180,EMP00606,2026-04-22,Absent,NULL,NULL
ATD004181,EMP00701,2025-12-27,"Half Day",08:46,12:29
ATD004182,EMP00579,2024-12-25,Present,09:01,18:06
ATD004183,EMP00421,2025-01-22,"Half Day",09:03,13:28
ATD004184,EMP01177,2025-02-18,Absent,NULL,NULL
ATD004185,EMP00519,2025-02-11,Present,09:29,18:11
ATD004186,EMP00083,2026-04-21,"Work From Home",09:04,18:03
ATD004187,EMP00390,2025-05-08,Absent,NULL,NULL
ATD004188,EMP01029,2025-07-17,Absent,NULL,NULL
ATD004189,EMP00837,2026-06-04,Present,09:35,18:36
ATD004190,EMP00469,2025-10-18,Present,09:38,18:58
ATD004191,EMP00292,2024-08-11,Present,09:20,18:10
ATD004192,EMP00354,2025-05-28,Present,08:54,17:22
ATD004193,EMP00709,2025-03-07,Present,09:02,17:34
ATD004194,EMP00122,2026-06-14,"Half Day",08:34,12:39
ATD004195,EMP01083,2025-03-21,Absent,NULL,NULL
ATD004196,EMP00099,2025-11-18,"Half Day",09:07,13:02
ATD004197,EMP00445,2026-07-22,"Work From Home",09:24,17:47
ATD004198,EMP00248,2025-11-11,"Work From Home",09:04,17:48
ATD004199,EMP00680,2024-12-19,Present,09:31,18:03
ATD004200,EMP00318,2025-09-22,"Work From Home",09:18,18:18
ATD004201,EMP00888,2026-07-27,"Work From Home",09:35,18:29
ATD004202,EMP00711,2026-05-30,Absent,NULL,NULL
ATD004203,EMP00597,2024-08-07,"Half Day",09:25,13:49
ATD004204,EMP00091,2025-08-29,Absent,NULL,NULL
ATD004205,EMP00900,2024-11-14,Present,09:18,17:50
ATD004206,EMP00341,2026-02-25,"Work From Home",09:23,17:35
ATD004207,EMP00202,2025-12-30,Present,08:55,18:23
ATD004208,EMP00145,2025-07-09,Present,08:56,17:52
ATD004209,EMP01066,2026-02-19,Present,08:52,17:56
ATD004210,EMP00516,2025-03-03,Present,08:50,18:06
ATD004211,EMP01041,2025-03-15,Present,09:19,18:00
ATD004212,EMP00430,2025-05-04,Present,08:59,17:25
ATD004213,EMP00521,2025-12-27,Present,09:27,18:32
ATD004214,EMP00262,2025-03-20,Present,09:05,17:16
ATD004215,EMP00892,2025-12-06,"Work From Home",09:49,18:17
ATD004216,EMP00281,2026-01-29,Present,09:43,18:44
ATD004217,EMP00474,2025-10-08,Present,09:09,17:36
ATD004218,EMP00401,2025-04-25,Present,09:31,17:46
ATD004219,EMP00033,2025-08-18,"Work From Home",09:41,17:43
ATD004220,EMP01103,2025-06-05,"Work From Home",09:15,17:49
ATD004221,EMP00632,2024-10-14,Present,09:32,18:52
ATD004222,EMP01045,2025-08-29,Present,09:28,17:55
ATD004223,EMP01093,2024-11-28,Present,08:50,17:28
ATD004224,EMP00279,2024-12-21,Present,08:33,18:01
ATD004225,EMP00682,2025-08-10,Absent,NULL,NULL
ATD004226,EMP00386,2025-12-07,"Half Day",08:53,12:25
ATD004227,EMP00996,2025-06-10,Absent,NULL,NULL
ATD004228,EMP00505,2025-10-20,Present,08:32,17:40
ATD004229,EMP00660,2026-07-10,Present,09:27,18:49
ATD004230,EMP00666,2026-02-27,Absent,NULL,NULL
ATD004231,EMP00177,2025-07-15,"Work From Home",09:02,17:03
ATD004232,EMP00014,2025-05-03,Present,08:43,17:08
ATD004233,EMP00324,2026-03-26,Present,09:03,18:32
ATD004234,EMP00678,2025-03-30,Present,09:32,18:22
ATD004235,EMP00605,2025-09-15,Present,08:40,16:40
ATD004236,EMP00975,2026-02-28,Present,09:05,18:16
ATD004237,EMP00715,2026-02-25,Present,09:26,18:07
ATD004238,EMP00962,2026-06-09,Present,08:49,17:37
ATD004239,EMP01046,2024-09-29,Present,08:31,17:17
ATD004240,EMP00117,2026-03-13,Present,08:52,17:04
ATD004241,EMP01098,2026-01-24,Present,08:36,16:57
ATD004242,EMP00002,2026-05-07,Present,09:05,17:20
ATD004243,EMP00300,2024-11-15,"Half Day",08:33,13:02
ATD004244,EMP01169,2026-03-18,Present,09:35,17:44
ATD004245,EMP00564,2025-05-31,Present,08:59,18:27
ATD004246,EMP00018,2026-08-07,"Half Day",09:17,13:31
ATD004247,EMP00772,2024-12-10,"Half Day",09:04,13:09
ATD004248,EMP00541,2025-11-16,"Half Day",08:36,12:15
ATD004249,EMP00815,2025-03-04,"Work From Home",09:17,17:48
ATD004250,EMP00637,2026-04-23,"Work From Home",09:22,17:42
ATD004251,EMP00255,2025-04-20,"Work From Home",09:14,17:35
ATD004252,EMP00044,2026-02-14,Present,09:22,17:54
ATD004253,EMP00569,2025-09-12,Present,09:25,17:33
ATD004254,EMP00385,2024-08-24,Present,08:44,18:07
ATD004255,EMP00602,2025-07-29,Present,08:32,17:19
ATD004256,EMP01107,2024-08-18,"Half Day",09:17,13:45
ATD004257,EMP01015,2024-08-11,Present,08:48,16:48
ATD004258,EMP00782,2025-12-28,Present,09:19,18:02
ATD004259,EMP00664,2024-08-20,"Half Day",08:38,12:33
ATD004260,EMP00065,2026-04-12,Present,08:31,16:38
ATD004261,EMP00941,2025-06-29,Present,08:53,18:05
ATD004262,EMP00545,2025-06-02,Present,08:43,17:49
ATD004263,EMP00077,2024-08-27,Present,08:52,17:47
ATD004264,EMP00380,2025-10-29,Present,09:39,18:51
ATD004265,EMP00051,2025-05-17,Present,08:55,17:48
ATD004266,EMP00646,2026-04-11,Present,08:35,17:00
ATD004267,EMP00853,2025-09-26,"Half Day",08:37,12:16
ATD004268,EMP00104,2026-02-13,Present,08:32,17:34
ATD004269,EMP00908,2024-08-20,Present,08:56,17:36
ATD004270,EMP01188,2025-05-04,Present,09:45,18:47
ATD004271,EMP00877,2025-02-08,"Half Day",08:58,12:29
ATD004272,EMP00901,2026-01-21,"Work From Home",09:09,17:53
ATD004273,EMP00100,2025-10-25,Present,09:07,18:27
ATD004274,EMP00489,2025-03-29,Present,08:36,17:04
ATD004275,EMP00691,2025-05-17,Present,09:30,18:00
ATD004276,EMP00845,2026-08-04,Present,09:42,18:41
ATD004277,EMP00793,2026-03-28,Present,09:40,17:53
ATD004278,EMP00422,2025-12-15,Present,08:56,17:33
ATD004279,EMP00385,2026-03-30,Present,09:36,18:23
ATD004280,EMP00704,2025-03-30,Present,09:07,18:27
ATD004281,EMP00675,2026-05-23,"Work From Home",09:32,17:58
ATD004282,EMP00396,2026-07-01,Present,09:40,18:39
ATD004283,EMP00615,2025-08-06,Present,09:36,17:40
ATD004284,EMP00928,2025-12-15,Absent,NULL,NULL
ATD004285,EMP00271,2025-05-18,Present,09:26,17:28
ATD004286,EMP00735,2025-06-15,Present,09:21,18:03
ATD004287,EMP01014,2025-12-28,"Work From Home",09:11,17:39
ATD004288,EMP00332,2026-05-11,Present,09:04,17:57
ATD004289,EMP01189,2025-11-07,Present,09:22,18:06
ATD004290,EMP01036,2025-03-18,Present,09:27,17:52
ATD004291,EMP00046,2026-03-14,"Work From Home",09:06,17:07
ATD004292,EMP00866,2026-01-13,"Half Day",09:26,13:17
ATD004293,EMP00323,2026-05-09,Present,08:48,17:52
ATD004294,EMP00903,2025-08-19,Absent,NULL,NULL
ATD004295,EMP00435,2025-11-11,"Work From Home",09:39,18:23
ATD004296,EMP00448,2025-02-18,Present,08:57,18:21
ATD004297,EMP00157,2024-10-25,"Work From Home",09:01,17:44
ATD004298,EMP00074,2025-06-13,Present,09:15,18:31
ATD004299,EMP00269,2025-07-14,Present,08:38,17:30
ATD004300,EMP00887,2025-06-03,Present,09:06,17:38
ATD004301,EMP00684,2025-06-01,Present,08:54,17:20
ATD004302,EMP00864,2024-09-28,Absent,NULL,NULL
ATD004303,EMP00747,2026-02-13,"Work From Home",09:39,18:15
ATD004304,EMP00282,2024-08-20,"Half Day",08:31,12:45
ATD004305,EMP00905,2025-11-17,Present,09:26,18:10
ATD004306,EMP00573,2025-07-13,Absent,NULL,NULL
ATD004307,EMP00127,2025-10-03,"Work From Home",09:43,17:54
ATD004308,EMP01012,2026-04-16,Present,08:57,17:39
ATD004309,EMP01195,2025-04-20,Present,09:16,18:28
ATD004310,EMP00604,2025-06-12,Present,09:03,17:29
ATD004311,EMP01112,2026-05-03,Absent,NULL,NULL
ATD004312,EMP00936,2024-09-23,"Half Day",09:03,12:51
ATD004313,EMP00021,2026-06-28,Present,09:02,18:06
ATD004314,EMP01085,2024-12-28,Present,08:42,17:10
ATD004315,EMP00472,2025-05-18,Present,08:32,17:19
ATD004316,EMP01014,2025-10-07,Present,09:16,18:21
ATD004317,EMP00018,2025-09-26,Present,08:58,17:41
ATD004318,EMP00658,2025-05-20,"Half Day",08:49,12:41
ATD004319,EMP01118,2024-09-27,Absent,NULL,NULL
ATD004320,EMP00121,2026-05-23,Present,08:39,17:22
ATD004321,EMP00442,2025-10-29,"Work From Home",09:54,18:16
ATD004322,EMP00493,2025-11-25,Absent,NULL,NULL
ATD004323,EMP01112,2025-02-11,Present,09:18,18:43
ATD004324,EMP00146,2026-06-26,"Work From Home",09:28,17:45
ATD004325,EMP00344,2026-02-06,"Half Day",09:03,13:14
ATD004326,EMP00373,2025-04-03,Present,08:44,17:55
ATD004327,EMP01187,2024-11-11,Present,08:40,16:49
ATD004328,EMP00293,2025-04-06,Present,09:10,17:31
ATD004329,EMP00105,2025-11-24,Present,09:25,17:25
ATD004330,EMP01138,2026-04-22,Present,09:38,17:42
ATD004331,EMP00729,2026-01-04,Present,09:45,18:30
ATD004332,EMP00119,2025-04-11,Present,08:58,17:16
ATD004333,EMP00919,2026-04-08,Present,08:54,17:12
ATD004334,EMP00786,2026-07-06,Absent,NULL,NULL
ATD004335,EMP00974,2024-11-17,Present,09:09,17:50
ATD004336,EMP00943,2025-11-13,Present,09:14,18:29
ATD004337,EMP00820,2024-09-13,Present,08:49,17:00
ATD004338,EMP00213,2025-12-10,Present,08:32,17:59
ATD004339,EMP00364,2025-03-06,Absent,NULL,NULL
ATD004340,EMP00208,2025-12-30,Present,09:37,18:35
ATD004341,EMP00681,2024-08-16,Present,08:34,17:47
ATD004342,EMP01146,2025-08-01,Present,08:42,16:49
ATD004343,EMP01092,2025-03-03,Present,09:07,17:15
ATD004344,EMP00284,2024-09-17,Present,08:38,16:51
ATD004345,EMP00160,2025-03-06,Present,09:39,17:56
ATD004346,EMP00931,2025-04-13,Present,08:59,17:44
ATD004347,EMP00382,2024-10-09,Absent,NULL,NULL
ATD004348,EMP00068,2025-11-10,Present,08:53,18:11
ATD004349,EMP00413,2026-03-30,Absent,NULL,NULL
ATD004350,EMP00467,2025-09-26,Present,08:41,17:25
ATD004351,EMP01100,2025-02-03,"Work From Home",09:18,17:35
ATD004352,EMP00747,2025-06-21,Present,09:00,17:08
ATD004353,EMP01056,2025-07-06,Present,09:24,17:26
ATD004354,EMP00545,2026-03-28,Present,08:47,17:52
ATD004355,EMP00156,2025-06-15,Present,08:30,17:04
ATD004356,EMP00464,2026-07-23,Present,08:41,17:45
ATD004357,EMP00072,2026-03-16,Present,08:48,17:06
ATD004358,EMP00198,2026-02-21,Present,08:57,17:13
ATD004359,EMP00633,2025-01-04,Present,09:40,18:33
ATD004360,EMP00878,2026-02-24,"Work From Home",09:54,18:50
ATD004361,EMP00076,2024-12-14,Present,09:15,17:17
ATD004362,EMP00330,2025-03-15,"Work From Home",09:16,17:24
ATD004363,EMP00941,2026-04-07,Present,08:33,17:42
ATD004364,EMP00253,2025-10-01,Present,09:07,18:08
ATD004365,EMP00965,2025-04-21,Present,08:56,18:15
ATD004366,EMP00070,2025-01-29,Present,08:51,16:53
ATD004367,EMP00357,2025-01-26,Present,09:32,18:18
ATD004368,EMP00185,2026-03-08,"Work From Home",09:44,17:47
ATD004369,EMP00383,2025-03-19,Absent,NULL,NULL
ATD004370,EMP01071,2025-11-21,Present,08:58,17:01
ATD004371,EMP00806,2025-02-17,"Work From Home",09:13,18:13
ATD004372,EMP00649,2026-05-30,Present,08:56,17:45
ATD004373,EMP00029,2025-02-08,"Half Day",09:27,13:48
ATD004374,EMP00929,2026-04-20,Absent,NULL,NULL
ATD004375,EMP00981,2025-06-18,Present,09:44,17:55
ATD004376,EMP01173,2025-05-20,Present,08:37,17:53
ATD004377,EMP00088,2025-03-11,Present,09:03,18:13
ATD004378,EMP00424,2025-01-10,"Half Day",08:41,12:29
ATD004379,EMP00666,2025-08-02,Present,09:11,17:47
ATD004380,EMP00052,2025-05-18,Absent,NULL,NULL
ATD004381,EMP00202,2026-05-21,Present,08:54,17:40
ATD004382,EMP00858,2024-12-30,Present,09:08,18:33
ATD004383,EMP00609,2025-01-13,"Work From Home",09:08,18:07
ATD004384,EMP01042,2025-08-01,Present,08:42,16:53
ATD004385,EMP00778,2025-08-27,"Work From Home",09:13,17:43
ATD004386,EMP00234,2024-08-14,Present,09:44,18:06
ATD004387,EMP01068,2025-07-27,Present,08:57,17:37
ATD004388,EMP00778,2025-03-06,Absent,NULL,NULL
ATD004389,EMP00946,2026-07-14,Present,09:15,17:29
ATD004390,EMP01176,2025-12-13,"Work From Home",09:09,17:16
ATD004391,EMP00464,2024-12-25,Present,08:51,18:07
ATD004392,EMP00654,2025-05-19,Present,08:53,18:07
ATD004393,EMP00224,2025-05-05,Present,08:38,17:33
ATD004394,EMP00239,2024-12-07,"Work From Home",09:44,18:14
ATD004395,EMP00847,2025-06-22,Absent,NULL,NULL
ATD004396,EMP00595,2026-07-22,Present,09:17,17:45
ATD004397,EMP00543,2025-12-08,Present,09:02,17:48
ATD004398,EMP00147,2025-01-30,Present,09:20,17:52
ATD004399,EMP00672,2026-06-26,"Half Day",08:44,12:15
ATD004400,EMP01064,2025-10-02,Present,09:09,17:46
ATD004401,EMP00526,2024-12-02,"Work From Home",09:33,18:21
ATD004402,EMP00242,2025-10-26,Present,09:42,18:18
ATD004403,EMP00427,2025-11-25,Present,09:38,18:03
ATD004404,EMP00645,2024-12-08,Absent,NULL,NULL
ATD004405,EMP00191,2026-01-05,"Work From Home",09:11,17:38
ATD004406,EMP00875,2025-09-13,Present,08:36,17:21
ATD004407,EMP00362,2024-09-04,"Work From Home",09:38,17:41
ATD004408,EMP00754,2026-04-19,Present,08:31,17:01
ATD004409,EMP00827,2025-12-14,"Work From Home",09:14,18:08
ATD004410,EMP00272,2026-01-05,Present,09:20,18:49
ATD004411,EMP01215,2025-09-06,"Work From Home",09:26,18:25
ATD004412,EMP00962,2026-02-21,Present,08:38,17:23
ATD004413,EMP00467,2025-06-09,Present,09:22,18:37
ATD004414,EMP00509,2025-07-17,Absent,NULL,NULL
ATD004415,EMP00616,2025-09-23,Present,08:47,17:54
ATD004416,EMP00259,2025-10-02,Present,09:01,17:39
ATD004417,EMP00585,2026-05-13,Present,08:53,17:01
ATD004418,EMP00707,2025-04-16,Present,09:25,18:14
ATD004419,EMP00527,2026-01-08,"Half Day",08:51,12:36
ATD004420,EMP00548,2024-11-20,"Half Day",09:14,13:25
ATD004421,EMP00871,2026-03-15,Present,09:04,17:15
ATD004422,EMP00499,2026-02-18,Absent,NULL,NULL
ATD004423,EMP00121,2025-12-10,Present,08:48,18:17
ATD004424,EMP00258,2024-12-15,"Work From Home",09:45,17:51
ATD004425,EMP00080,2026-04-20,Present,08:40,17:05
ATD004426,EMP00099,2024-08-28,"Work From Home",09:15,17:16
ATD004427,EMP00753,2025-03-01,Absent,NULL,NULL
ATD004428,EMP01200,2024-08-31,"Half Day",09:11,13:24
ATD004429,EMP00361,2024-12-27,Present,09:01,17:10
ATD004430,EMP00331,2025-03-10,"Work From Home",09:45,18:26
ATD004431,EMP00629,2025-11-13,Absent,NULL,NULL
ATD004432,EMP00478,2025-05-13,Present,09:11,17:35
ATD004433,EMP00388,2025-09-08,Present,09:37,17:46
ATD004434,EMP00062,2026-06-04,"Half Day",08:49,12:20
ATD004435,EMP00127,2025-12-19,Present,09:03,18:22
ATD004436,EMP00569,2025-06-14,Present,08:53,17:00
ATD004437,EMP00048,2025-09-13,Present,09:09,17:39
ATD004438,EMP00181,2026-04-20,"Work From Home",09:26,17:33
ATD004439,EMP00021,2026-01-21,Present,08:56,17:12
ATD004440,EMP00945,2025-05-06,Present,09:33,19:03
ATD004441,EMP00336,2026-06-05,"Half Day",09:14,12:46
ATD004442,EMP00861,2025-09-01,Present,08:48,17:00
ATD004443,EMP00761,2025-01-25,"Half Day",09:08,13:18
ATD004444,EMP00298,2025-12-05,Present,09:39,18:48
ATD004445,EMP00511,2024-08-15,"Work From Home",09:06,18:05
ATD004446,EMP00729,2026-06-17,Absent,NULL,NULL
ATD004447,EMP00222,2024-09-08,"Work From Home",09:22,17:28
ATD004448,EMP01063,2025-11-10,Present,08:39,17:40
ATD004449,EMP00799,2024-09-06,"Work From Home",09:04,17:09
ATD004450,EMP01099,2025-03-27,Absent,NULL,NULL
ATD004451,EMP00840,2026-07-09,"Half Day",08:43,12:27
ATD004452,EMP00399,2025-04-12,Absent,NULL,NULL
ATD004453,EMP01223,2025-01-26,"Work From Home",09:41,17:42
ATD004454,EMP00800,2025-01-03,Present,09:21,18:09
ATD004455,EMP01124,2025-06-07,Present,09:08,17:56
ATD004456,EMP00325,2024-09-11,Present,08:35,17:04
ATD004457,EMP00655,2025-02-26,Present,08:58,17:21
ATD004458,EMP00001,2026-01-19,Present,08:49,17:12
ATD004459,EMP00590,2026-01-21,Present,08:34,17:02
ATD004460,EMP00816,2026-06-01,Present,08:59,18:16
ATD004461,EMP00188,2025-10-24,Present,08:39,17:51
ATD004462,EMP01035,2026-06-10,Absent,NULL,NULL
ATD004463,EMP00481,2025-07-28,Absent,NULL,NULL
ATD004464,EMP01230,2024-08-23,Present,09:19,18:17
ATD004465,EMP00225,2024-09-06,Present,09:26,18:24
ATD004466,EMP00424,2024-08-25,Present,09:10,17:55
ATD004467,EMP00004,2025-12-29,Present,08:50,18:01
ATD004468,EMP00065,2025-03-07,Present,09:33,17:43
ATD004469,EMP01203,2025-08-14,Absent,NULL,NULL
ATD004470,EMP00420,2025-11-05,"Work From Home",09:35,18:27
ATD004471,EMP00706,2025-05-22,Present,09:25,18:44
ATD004472,EMP00164,2025-03-28,"Work From Home",09:45,18:00
ATD004473,EMP00273,2025-06-21,Present,08:36,16:53
ATD004474,EMP00436,2026-05-12,"Work From Home",09:00,17:56
ATD004475,EMP00725,2025-02-27,Present,08:48,17:39
ATD004476,EMP00224,2026-02-12,Present,09:36,18:04
ATD004477,EMP00657,2025-05-22,"Work From Home",09:55,18:03
ATD004478,EMP00530,2024-12-04,Present,09:06,17:52
ATD004479,EMP00493,2026-06-15,Present,08:44,17:03
ATD004480,EMP00891,2026-03-04,Present,08:42,18:08
ATD004481,EMP00434,2025-04-18,Present,08:37,17:09
ATD004482,EMP00218,2026-07-15,"Work From Home",09:01,17:47
ATD004483,EMP01013,2024-12-03,Present,08:50,17:51
ATD004484,EMP00753,2026-07-30,Present,08:52,17:49
ATD004485,EMP00358,2025-09-06,"Work From Home",09:22,17:33
ATD004486,EMP01195,2025-01-31,Present,08:42,16:59
ATD004487,EMP00961,2026-01-01,Absent,NULL,NULL
ATD004488,EMP00117,2026-03-17,Present,08:55,17:16
ATD004489,EMP00792,2025-03-28,Absent,NULL,NULL
ATD004490,EMP00879,2026-02-21,Present,09:42,18:25
ATD004491,EMP00192,2025-05-14,Present,08:53,18:03
ATD004492,EMP00695,2024-08-27,Present,08:55,18:06
ATD004493,EMP00326,2025-08-14,Present,08:50,17:54
ATD004494,EMP00193,2025-01-18,Present,09:01,17:25
ATD004495,EMP00751,2025-08-14,Present,08:40,17:42
ATD004496,EMP00985,2026-07-13,Present,08:38,17:07
ATD004497,EMP00819,2025-01-03,"Half Day",09:02,12:36
ATD004498,EMP01126,2024-08-30,"Work From Home",09:38,18:09
ATD004499,EMP00030,2026-06-18,Present,08:38,17:22
ATD004500,EMP00882,2024-08-09,Absent,NULL,NULL
ATD004501,EMP00098,2025-10-24,Present,08:58,17:33
ATD004502,EMP00856,2025-10-29,"Work From Home",09:22,17:52
ATD004503,EMP00674,2024-12-24,Present,09:39,17:44
ATD004504,EMP00451,2026-04-15,Present,09:07,18:10
ATD004505,EMP00608,2025-02-09,Present,09:06,18:02
ATD004506,EMP00406,2024-09-30,"Work From Home",09:39,18:17
ATD004507,EMP00236,2025-06-19,Present,08:40,17:01
ATD004508,EMP00225,2025-06-24,"Half Day",09:13,13:01
ATD004509,EMP00702,2025-12-08,Present,08:40,16:49
ATD004510,EMP00019,2025-01-17,Present,08:33,17:49
ATD004511,EMP00877,2024-09-12,"Work From Home",09:59,18:54
ATD004512,EMP00573,2026-04-18,Present,09:06,18:02
ATD004513,EMP01173,2025-03-18,Present,08:47,16:53
ATD004514,EMP01085,2025-05-12,Absent,NULL,NULL
ATD004515,EMP00385,2024-09-15,Present,08:36,17:16
ATD004516,EMP01111,2025-08-08,"Half Day",08:59,12:51
ATD004517,EMP00090,2026-07-01,"Work From Home",09:10,17:40
ATD004518,EMP00777,2025-12-21,Present,09:04,17:52
ATD004519,EMP00909,2024-11-10,Present,09:31,17:32
ATD004520,EMP00834,2025-07-27,Present,09:07,17:35
ATD004521,EMP00368,2026-05-12,Present,08:45,18:02
ATD004522,EMP00530,2026-04-21,Present,08:52,17:09
ATD004523,EMP00681,2025-03-12,Absent,NULL,NULL
ATD004524,EMP01158,2024-10-31,Absent,NULL,NULL
ATD004525,EMP00662,2026-07-17,Present,09:43,18:31
ATD004526,EMP00550,2025-12-16,Present,09:04,18:21
ATD004527,EMP00594,2025-11-22,Present,09:18,18:01
ATD004528,EMP01130,2025-08-25,"Half Day",08:56,12:57
ATD004529,EMP00453,2026-01-04,Present,09:25,18:16
ATD004530,EMP00328,2026-07-22,Present,09:17,17:49
ATD004531,EMP01208,2024-12-25,Present,08:30,17:43
ATD004532,EMP00135,2026-02-05,"Half Day",08:59,12:41
ATD004533,EMP00507,2025-08-21,Present,09:04,17:34
ATD004534,EMP00220,2025-06-14,"Work From Home",09:54,18:15
ATD004535,EMP01183,2025-02-16,"Half Day",09:06,13:07
ATD004536,EMP00335,2025-08-01,Present,08:36,17:24
ATD004537,EMP00636,2024-09-25,"Work From Home",09:25,18:04
ATD004538,EMP00833,2026-05-06,Present,09:00,17:49
ATD004539,EMP00205,2024-08-29,Absent,NULL,NULL
ATD004540,EMP00100,2024-11-18,Present,08:32,16:54
ATD004541,EMP00523,2026-07-23,Present,09:04,18:05
ATD004542,EMP01070,2025-11-30,Present,08:33,17:30
ATD004543,EMP00349,2025-05-14,Present,08:39,16:50
ATD004544,EMP00135,2024-12-28,Present,08:46,17:19
ATD004545,EMP00556,2024-08-02,Present,08:48,18:07
ATD004546,EMP00653,2025-11-10,"Half Day",08:54,12:30
ATD004547,EMP00702,2026-05-09,"Work From Home",09:19,18:05
ATD004548,EMP00220,2026-01-29,"Half Day",09:23,13:39
ATD004549,EMP01077,2026-02-09,Present,09:37,18:26
ATD004550,EMP00421,2026-06-01,Present,09:23,17:36
ATD004551,EMP00701,2024-11-28,Present,09:14,17:37
ATD004552,EMP00304,2025-01-28,Present,09:15,17:41
ATD004553,EMP00141,2026-02-13,"Work From Home",09:53,18:30
ATD004554,EMP00387,2025-03-18,Absent,NULL,NULL
ATD004555,EMP00166,2026-04-20,Present,09:29,18:49
ATD004556,EMP00978,2025-06-16,Present,09:17,17:42
ATD004557,EMP00460,2025-02-10,"Half Day",09:12,13:17
ATD004558,EMP00725,2025-12-24,Present,09:28,18:48
ATD004559,EMP00347,2025-07-13,"Half Day",08:42,12:21
ATD004560,EMP00351,2024-11-17,Present,08:36,17:57
ATD004561,EMP00060,2025-11-17,"Half Day",09:14,13:37
ATD004562,EMP01028,2025-06-01,"Work From Home",09:14,17:57
ATD004563,EMP00184,2025-07-08,Present,09:34,17:47
ATD004564,EMP00876,2026-07-26,Absent,NULL,NULL
ATD004565,EMP01230,2025-09-11,Present,08:54,18:11
ATD004566,EMP00549,2025-06-20,Present,09:24,17:53
ATD004567,EMP00101,2026-05-04,Present,09:17,18:34
ATD004568,EMP00430,2024-08-25,Present,09:17,18:11
ATD004569,EMP00347,2025-08-15,Present,08:35,17:48
ATD004570,EMP00857,2025-06-30,Absent,NULL,NULL
ATD004571,EMP00879,2025-01-06,Absent,NULL,NULL
ATD004572,EMP00576,2025-01-27,"Work From Home",09:28,17:56
ATD004573,EMP00215,2025-08-26,Present,09:42,19:03
ATD004574,EMP00740,2024-11-13,Absent,NULL,NULL
ATD004575,EMP01204,2026-01-21,Present,09:08,17:21
ATD004576,EMP01227,2025-03-28,Present,09:12,17:58
ATD004577,EMP00821,2025-04-04,Present,09:06,18:04
ATD004578,EMP00947,2025-01-22,Present,09:23,17:39
ATD004579,EMP01022,2025-01-30,"Work From Home",09:08,17:43
ATD004580,EMP00596,2026-05-30,Absent,NULL,NULL
ATD004581,EMP00285,2025-06-12,"Half Day",09:03,12:37
ATD004582,EMP01094,2025-03-17,Present,08:34,16:57
ATD004583,EMP00694,2026-03-05,Present,08:47,17:03
ATD004584,EMP00354,2025-10-04,"Half Day",08:44,12:32
ATD004585,EMP00197,2024-10-01,Present,08:39,17:57
ATD004586,EMP00561,2025-04-18,Present,08:48,17:21
ATD004587,EMP00778,2025-09-03,Present,08:43,16:57
ATD004588,EMP00151,2026-07-15,"Work From Home",09:50,17:51
ATD004589,EMP00640,2024-09-24,Absent,NULL,NULL
ATD004590,EMP00732,2024-12-21,Present,08:48,18:09
ATD004591,EMP00065,2026-05-05,Present,09:24,18:50
ATD004592,EMP00181,2025-05-29,"Half Day",09:16,12:47
ATD004593,EMP00225,2024-09-11,Present,09:45,18:27
ATD004594,EMP00343,2026-07-19,Present,08:49,16:59
ATD004595,EMP00608,2026-04-22,Present,08:45,18:06
ATD004596,EMP00312,2025-04-04,Present,08:43,18:13
ATD004597,EMP00073,2025-04-17,Present,09:22,18:33
ATD004598,EMP00789,2025-02-04,Present,09:15,18:25
ATD004599,EMP00690,2025-12-07,Absent,NULL,NULL
ATD004600,EMP01053,2026-03-15,"Half Day",09:10,13:16
ATD004601,EMP00559,2026-05-01,"Work From Home",09:10,17:30
ATD004602,EMP00002,2026-01-07,Present,09:03,17:45
ATD004603,EMP00472,2026-01-16,Present,08:34,16:42
ATD004604,EMP00616,2026-08-05,Present,09:34,18:05
ATD004605,EMP00946,2026-03-16,Present,09:23,18:10
ATD004606,EMP00181,2026-01-24,"Work From Home",09:04,17:06
ATD004607,EMP01104,2025-11-13,Present,09:16,17:54
ATD004608,EMP00077,2025-07-16,"Work From Home",09:43,18:05
ATD004609,EMP01029,2024-09-25,Present,08:41,16:56
ATD004610,EMP00392,2026-05-15,Present,08:58,17:56
ATD004611,EMP01211,2026-05-23,Absent,NULL,NULL
ATD004612,EMP00812,2024-10-21,Absent,NULL,NULL
ATD004613,EMP01146,2026-05-14,Present,09:37,18:04
ATD004614,EMP00441,2026-05-09,Present,09:38,18:05
ATD004615,EMP00164,2025-10-03,Present,09:21,17:44
ATD004616,EMP01188,2025-09-03,Present,09:01,18:07
ATD004617,EMP00409,2026-02-02,"Work From Home",09:31,18:28
ATD004618,EMP00549,2025-12-05,Present,09:19,17:20
ATD004619,EMP01079,2026-02-19,"Half Day",08:56,12:39
ATD004620,EMP00035,2026-01-29,"Work From Home",09:07,17:09
ATD004621,EMP01204,2024-11-20,Present,09:21,17:46
ATD004622,EMP00653,2026-02-22,Present,08:41,18:04
ATD004623,EMP00241,2026-07-09,"Work From Home",09:07,17:13
ATD004624,EMP00255,2026-04-18,"Half Day",08:54,12:25
ATD004625,EMP00778,2026-01-03,Absent,NULL,NULL
ATD004626,EMP00843,2025-10-15,"Half Day",09:10,13:03
ATD004627,EMP01136,2025-06-07,Present,09:27,18:17
ATD004628,EMP00840,2024-09-22,"Work From Home",09:19,18:02
ATD004629,EMP00273,2026-04-16,Present,09:32,18:21
ATD004630,EMP01026,2024-12-30,Absent,NULL,NULL
ATD004631,EMP01018,2026-01-26,Present,08:43,16:53
ATD004632,EMP00971,2026-01-10,Present,09:44,18:27
ATD004633,EMP01067,2024-11-20,"Work From Home",09:12,18:02
ATD004634,EMP01129,2026-01-16,Present,08:35,18:03
ATD004635,EMP00101,2025-09-12,Present,08:37,17:55
ATD004636,EMP00961,2025-12-18,Present,09:24,18:21
ATD004637,EMP00403,2024-09-28,"Half Day",08:53,12:34
ATD004638,EMP00407,2025-12-02,"Half Day",09:17,13:11
ATD004639,EMP00583,2025-08-31,Present,08:54,16:55
ATD004640,EMP01129,2025-12-27,Present,09:08,17:47
ATD004641,EMP00987,2026-02-10,Present,09:28,18:34
ATD004642,EMP00855,2024-09-19,Present,09:21,17:54
ATD004643,EMP00023,2025-03-13,"Half Day",09:17,12:57
ATD004644,EMP00644,2026-02-24,Present,08:34,16:58
ATD004645,EMP01185,2024-11-01,Present,08:35,17:31
ATD004646,EMP00750,2025-01-19,Present,08:41,17:16
ATD004647,EMP00538,2026-07-31,Present,08:50,17:45
ATD004648,EMP01012,2024-10-12,Present,09:12,18:41
ATD004649,EMP01023,2024-11-26,Present,08:33,17:29
ATD004650,EMP00824,2025-09-17,"Work From Home",09:42,18:19
ATD004651,EMP00671,2025-11-08,Present,09:11,17:58
ATD004652,EMP00685,2025-10-11,Present,08:35,17:16
ATD004653,EMP00463,2025-01-31,Present,09:16,18:42
ATD004654,EMP00354,2025-08-24,"Half Day",09:06,12:57
ATD004655,EMP00677,2025-03-19,Present,09:17,17:19
ATD004656,EMP00526,2024-09-24,Present,08:58,16:59
ATD004657,EMP00261,2024-09-01,"Work From Home",09:51,18:01
ATD004658,EMP00584,2026-06-10,Present,09:22,18:18
ATD004659,EMP00194,2025-08-07,Present,09:30,17:41
ATD004660,EMP00871,2024-08-18,Present,08:42,17:47
ATD004661,EMP00962,2024-12-12,Present,08:35,16:39
ATD004662,EMP00766,2024-11-13,Present,09:27,18:19
ATD004663,EMP00149,2024-09-07,Present,08:46,17:42
ATD004664,EMP00557,2025-03-27,"Half Day",08:36,13:04
ATD004665,EMP00432,2025-12-25,Present,08:50,18:19
ATD004666,EMP00053,2025-12-20,"Work From Home",09:46,17:57
ATD004667,EMP00772,2025-05-08,"Work From Home",09:39,18:36
ATD004668,EMP00214,2024-10-23,Present,09:14,18:15
ATD004669,EMP00528,2026-05-08,Present,08:55,18:19
ATD004670,EMP01192,2026-04-27,Present,08:43,17:30
ATD004671,EMP01132,2025-11-02,Present,09:12,17:54
ATD004672,EMP00373,2025-12-28,Present,09:03,17:12
ATD004673,EMP00485,2024-08-05,"Half Day",08:39,12:45
ATD004674,EMP00214,2024-10-21,Present,08:48,17:06
ATD004675,EMP00343,2026-02-08,Present,09:03,17:41
ATD004676,EMP00231,2024-08-06,"Half Day",08:49,12:25
ATD004677,EMP00077,2024-12-30,"Work From Home",09:23,18:06
ATD004678,EMP00413,2025-12-28,Present,09:33,18:35
ATD004679,EMP00151,2025-02-21,Absent,NULL,NULL
ATD004680,EMP00381,2025-09-28,Absent,NULL,NULL
ATD004681,EMP00799,2025-12-11,"Work From Home",09:27,18:18
ATD004682,EMP00337,2024-12-30,Present,08:54,16:57
ATD004683,EMP00165,2025-11-23,Present,08:33,17:40
ATD004684,EMP00114,2025-10-13,Present,08:36,16:44
ATD004685,EMP00408,2025-05-18,Present,08:53,17:42
ATD004686,EMP01160,2025-12-02,"Half Day",09:24,13:48
ATD004687,EMP00031,2026-05-16,Present,08:55,17:26
ATD004688,EMP00272,2026-07-24,Absent,NULL,NULL
ATD004689,EMP00782,2025-01-07,"Half Day",08:33,12:23
ATD004690,EMP00438,2025-05-27,Absent,NULL,NULL
ATD004691,EMP00912,2026-01-10,Absent,NULL,NULL
ATD004692,EMP00404,2025-01-27,"Half Day",09:09,12:47
ATD004693,EMP00039,2024-09-25,Present,09:17,18:13
ATD004694,EMP00925,2024-09-02,Present,08:45,16:45
ATD004695,EMP00281,2025-04-18,Present,08:33,17:19
ATD004696,EMP01143,2026-04-01,"Half Day",09:24,12:54
ATD004697,EMP00837,2025-10-28,Absent,NULL,NULL
ATD004698,EMP00547,2026-04-12,Present,09:31,18:39
ATD004699,EMP00113,2024-08-01,Present,09:19,18:44
ATD004700,EMP00395,2025-02-24,Present,08:59,17:50
ATD004701,EMP00403,2025-08-18,"Half Day",09:23,13:17
ATD004702,EMP00312,2025-06-28,"Work From Home",09:37,17:53
ATD004703,EMP00938,2025-07-07,"Work From Home",09:03,17:12
ATD004704,EMP00537,2025-08-17,Present,09:18,17:19
ATD004705,EMP00651,2024-10-25,Present,08:41,17:01
ATD004706,EMP00047,2025-01-20,"Work From Home",09:36,18:21
ATD004707,EMP00798,2025-03-26,Absent,NULL,NULL
ATD004708,EMP00226,2025-11-25,Present,09:14,17:39
ATD004709,EMP00314,2025-11-12,Present,09:08,17:59
ATD004710,EMP00216,2025-08-07,Absent,NULL,NULL
ATD004711,EMP00794,2025-02-01,Present,09:26,18:01
ATD004712,EMP00453,2025-12-21,Present,09:08,17:45
ATD004713,EMP00402,2025-10-27,Present,08:35,17:20
ATD004714,EMP00772,2025-04-29,"Work From Home",09:18,18:00
ATD004715,EMP01129,2024-09-24,Present,08:58,18:28
ATD004716,EMP00793,2025-09-24,"Work From Home",09:50,18:25
ATD004717,EMP00892,2025-08-03,Present,08:41,17:59
ATD004718,EMP00638,2026-06-04,Present,08:45,18:09
ATD004719,EMP00926,2024-12-11,Present,08:40,17:01
ATD004720,EMP00852,2026-04-02,Present,09:27,18:13
ATD004721,EMP00414,2026-06-24,"Work From Home",09:14,18:05
ATD004722,EMP00879,2024-11-07,Present,08:48,17:12
ATD004723,EMP01088,2024-09-30,Absent,NULL,NULL
ATD004724,EMP00737,2026-01-26,Present,09:07,17:17
ATD004725,EMP00100,2024-12-09,Present,09:28,18:57
ATD004726,EMP00426,2026-05-03,Present,09:30,18:16
ATD004727,EMP01148,2026-07-01,Present,08:45,17:38
ATD004728,EMP00940,2025-10-21,Present,09:39,18:56
ATD004729,EMP01067,2025-09-05,Present,09:05,17:23
ATD004730,EMP00465,2026-06-16,Present,08:44,17:46
ATD004731,EMP01205,2025-10-14,Present,09:30,18:38
ATD004732,EMP00083,2025-03-14,"Work From Home",09:07,17:07
ATD004733,EMP01169,2025-03-17,"Work From Home",09:14,17:52
ATD004734,EMP00665,2026-01-18,Present,08:48,17:45
ATD004735,EMP00204,2026-03-25,Present,09:31,18:39
ATD004736,EMP00319,2026-07-13,Absent,NULL,NULL
ATD004737,EMP01127,2025-10-26,Absent,NULL,NULL
ATD004738,EMP00725,2025-06-15,Present,09:31,18:18
ATD004739,EMP00450,2025-12-08,Present,08:33,17:50
ATD004740,EMP00887,2026-05-10,"Work From Home",09:47,18:36
ATD004741,EMP00312,2026-05-30,Present,08:57,17:27
ATD004742,EMP00782,2024-11-23,Present,09:23,18:01
ATD004743,EMP00480,2025-04-16,Present,08:41,17:30
ATD004744,EMP00709,2024-09-04,Present,09:06,18:00
ATD004745,EMP00944,2025-08-14,Present,08:32,17:04
ATD004746,EMP00768,2024-08-15,Present,08:31,17:39
ATD004747,EMP00307,2025-06-09,Present,08:43,17:05
ATD004748,EMP00726,2025-10-29,Present,08:38,17:46
ATD004749,EMP01075,2025-08-15,Present,09:33,18:07
ATD004750,EMP00426,2024-08-15,Present,09:07,18:34
ATD004751,EMP01205,2024-11-11,"Work From Home",09:23,18:09
ATD004752,EMP00451,2026-04-13,"Work From Home",09:13,17:51
ATD004753,EMP01148,2025-05-04,Present,08:39,17:49
ATD004754,EMP00850,2025-08-15,Present,08:42,17:37
ATD004755,EMP01137,2026-04-17,Present,09:16,18:28
ATD004756,EMP01201,2024-10-24,Present,08:36,16:37
ATD004757,EMP00156,2025-04-10,Present,08:41,17:54
ATD004758,EMP00822,2025-11-12,Present,08:55,18:09
ATD004759,EMP00007,2026-03-02,Absent,NULL,NULL
ATD004760,EMP01041,2026-05-16,Absent,NULL,NULL
ATD004761,EMP01214,2024-10-03,Absent,NULL,NULL
ATD004762,EMP00242,2025-11-07,Present,08:54,17:47
ATD004763,EMP00776,2024-12-23,Present,09:17,18:36
ATD004764,EMP00866,2025-01-03,Present,09:38,18:20
ATD004765,EMP00387,2024-09-10,Present,08:39,16:39
ATD004766,EMP00196,2025-10-02,Absent,NULL,NULL
ATD004767,EMP00218,2026-07-07,"Work From Home",09:35,18:17
ATD004768,EMP01040,2025-12-29,"Half Day",09:12,13:33
ATD004769,EMP00295,2025-09-29,Present,08:54,17:15
ATD004770,EMP00444,2026-03-05,Present,09:29,18:59
ATD004771,EMP00782,2025-03-26,Present,08:51,17:51
ATD004772,EMP00325,2026-04-04,"Half Day",09:20,13:47
ATD004773,EMP01134,2025-01-25,"Work From Home",09:20,18:07
ATD004774,EMP00083,2026-01-11,Present,08:44,18:05
ATD004775,EMP00499,2025-03-03,Present,09:32,19:02
ATD004776,EMP00862,2025-01-27,Present,09:41,19:08
ATD004777,EMP00344,2025-10-26,Present,09:29,18:09
ATD004778,EMP00379,2026-01-09,Absent,NULL,NULL
ATD004779,EMP00860,2026-06-27,Present,08:53,17:45
ATD004780,EMP00682,2024-12-20,Present,08:33,16:46
ATD004781,EMP00730,2026-05-22,"Half Day",08:45,12:31
ATD004782,EMP01064,2026-03-08,Present,08:38,17:28
ATD004783,EMP01060,2025-05-12,Present,09:10,17:38
ATD004784,EMP01204,2026-02-04,Present,09:40,17:44
ATD004785,EMP00163,2026-07-06,Present,08:37,17:22
ATD004786,EMP00619,2026-07-21,"Work From Home",09:44,18:19
ATD004787,EMP00109,2026-02-11,"Work From Home",09:48,18:12
ATD004788,EMP01230,2026-03-19,Absent,NULL,NULL
ATD004789,EMP00751,2026-07-25,Present,09:01,17:20
ATD004790,EMP00595,2025-06-17,"Half Day",09:24,13:52
ATD004791,EMP00057,2024-10-27,"Work From Home",09:06,17:10
ATD004792,EMP00157,2025-01-09,"Work From Home",09:00,17:50
ATD004793,EMP00115,2024-11-01,"Half Day",08:59,13:11
ATD004794,EMP00553,2025-02-18,Absent,NULL,NULL
ATD004795,EMP00587,2025-12-23,Absent,NULL,NULL
ATD004796,EMP00251,2026-03-19,Present,08:43,16:56
ATD004797,EMP00733,2025-03-18,Present,09:35,18:46
ATD004798,EMP00782,2026-04-14,Present,08:48,17:44
ATD004799,EMP01079,2025-05-09,"Half Day",09:24,13:43
ATD004800,EMP00481,2026-02-24,Present,09:34,17:36
ATD004801,EMP00388,2026-07-24,Absent,NULL,NULL
ATD004802,EMP00817,2025-01-24,Present,09:11,18:11
ATD004803,EMP00884,2025-04-18,"Work From Home",09:29,18:16
ATD004804,EMP00737,2024-09-12,Present,08:36,16:49
ATD004805,EMP00926,2026-05-29,Present,08:50,18:16
ATD004806,EMP00233,2026-05-30,Present,09:31,17:58
ATD004807,EMP00647,2026-05-19,Present,08:33,16:50
ATD004808,EMP01107,2024-11-14,Absent,NULL,NULL
ATD004809,EMP00528,2026-06-08,Present,08:45,17:31
ATD004810,EMP00669,2024-11-28,Present,08:53,17:38
ATD004811,EMP00271,2026-02-05,Present,09:44,18:48
ATD004812,EMP00514,2026-06-18,Present,09:10,18:07
ATD004813,EMP00092,2024-11-17,Present,08:30,17:42
ATD004814,EMP00156,2025-11-02,Present,08:36,16:49
ATD004815,EMP00901,2026-05-17,"Work From Home",09:04,18:02
ATD004816,EMP00823,2024-08-19,Present,09:13,17:13
ATD004817,EMP00821,2024-08-17,"Half Day",09:01,12:52
ATD004818,EMP00057,2024-10-01,Absent,NULL,NULL
ATD004819,EMP00139,2026-02-09,Present,09:15,17:54
ATD004820,EMP00453,2025-03-24,Present,09:04,18:13
ATD004821,EMP00506,2024-10-27,"Work From Home",09:11,17:24
ATD004822,EMP00123,2024-12-25,Present,09:09,17:24
ATD004823,EMP00660,2026-02-03,Present,09:39,17:58
ATD004824,EMP00842,2024-12-08,Present,09:07,17:32
ATD004825,EMP00128,2025-09-17,Present,09:42,19:01
ATD004826,EMP00337,2025-05-07,Present,08:40,17:28
ATD004827,EMP01037,2025-11-12,Present,09:32,18:49
ATD004828,EMP00450,2024-09-15,Absent,NULL,NULL
ATD004829,EMP00623,2026-07-21,"Work From Home",09:28,17:43
ATD004830,EMP00039,2026-01-14,Present,08:55,17:14
ATD004831,EMP00693,2025-04-13,Present,09:38,18:14
ATD004832,EMP00615,2026-01-20,Present,08:54,18:23
ATD004833,EMP00692,2025-08-03,Present,09:08,17:18
ATD004834,EMP00198,2026-05-04,Absent,NULL,NULL
ATD004835,EMP00960,2025-07-23,"Half Day",08:37,12:27
ATD004836,EMP00040,2025-07-14,Absent,NULL,NULL
ATD004837,EMP01210,2025-12-13,Present,08:38,17:38
ATD004838,EMP00014,2026-07-22,Present,09:15,17:40
ATD004839,EMP00525,2025-11-14,Present,09:07,18:04
ATD004840,EMP00666,2025-09-30,Present,08:42,17:37
ATD004841,EMP00585,2026-04-11,Present,08:49,16:57
ATD004842,EMP00936,2025-09-11,Present,09:12,17:15
ATD004843,EMP00358,2025-03-18,Present,08:52,18:02
ATD004844,EMP00945,2024-08-08,Present,08:59,17:19
ATD004845,EMP00323,2025-03-20,Present,08:56,17:12
ATD004846,EMP00154,2024-10-12,"Work From Home",09:30,17:50
ATD004847,EMP01228,2025-04-19,Absent,NULL,NULL
ATD004848,EMP01103,2025-06-05,"Half Day",09:01,12:42
ATD004849,EMP00251,2025-02-12,"Work From Home",09:44,18:20
ATD004850,EMP00494,2025-10-28,Present,09:14,18:37
ATD004851,EMP00768,2025-03-01,Absent,NULL,NULL
ATD004852,EMP01201,2026-04-04,"Half Day",08:53,13:12
ATD004853,EMP00983,2025-04-07,Present,08:32,16:48
ATD004854,EMP00320,2025-10-16,Present,09:10,18:15
ATD004855,EMP00684,2024-10-30,Present,09:10,18:20
ATD004856,EMP00827,2026-06-26,"Half Day",08:45,12:55
ATD004857,EMP00054,2024-12-26,"Half Day",09:16,13:40
ATD004858,EMP00370,2025-12-19,Present,08:49,18:19
ATD004859,EMP01184,2025-04-09,Absent,NULL,NULL
ATD004860,EMP00281,2026-01-01,Absent,NULL,NULL
ATD004861,EMP00495,2025-10-28,Present,09:43,18:15
ATD004862,EMP00400,2025-03-08,Present,09:40,17:47
ATD004863,EMP00720,2024-09-16,Present,08:36,17:18
ATD004864,EMP00698,2024-10-08,"Half Day",08:45,12:55
ATD004865,EMP00576,2025-10-14,Present,08:30,17:54
ATD004866,EMP00199,2026-05-29,Present,09:22,17:32
ATD004867,EMP01105,2025-11-07,Absent,NULL,NULL
ATD004868,EMP00123,2025-12-28,Present,08:31,16:58
ATD004869,EMP00876,2026-06-26,Present,08:41,18:10
ATD004870,EMP00528,2025-04-19,Absent,NULL,NULL
ATD004871,EMP00077,2025-08-08,Present,09:15,17:51
ATD004872,EMP00983,2024-09-01,Absent,NULL,NULL
ATD004873,EMP00333,2026-05-18,Present,08:31,16:47
ATD004874,EMP01184,2025-08-04,Present,08:53,18:06
ATD004875,EMP00132,2024-12-19,"Half Day",09:22,12:54
ATD004876,EMP00219,2024-10-24,Absent,NULL,NULL
ATD004877,EMP00488,2024-12-04,Present,09:33,18:21
ATD004878,EMP00121,2024-10-12,Absent,NULL,NULL
ATD004879,EMP00697,2026-01-28,Present,08:58,18:18
ATD004880,EMP00693,2026-02-25,Present,09:21,18:50
ATD004881,EMP00610,2024-12-27,Present,09:25,18:23
ATD004882,EMP00273,2025-06-28,"Half Day",08:59,12:39
ATD004883,EMP00505,2025-07-19,Present,09:15,17:48
ATD004884,EMP01063,2025-09-08,Present,09:29,17:57
ATD004885,EMP00434,2026-05-31,"Work From Home",09:33,17:59
ATD004886,EMP00531,2025-12-12,Present,08:36,17:13
ATD004887,EMP00933,2026-03-18,"Work From Home",09:34,17:44
ATD004888,EMP00111,2025-06-02,"Work From Home",09:00,17:28
ATD004889,EMP00930,2025-05-06,Present,08:36,17:14
ATD004890,EMP00639,2024-09-20,Absent,NULL,NULL
ATD004891,EMP00081,2026-03-04,Present,08:40,16:49
ATD004892,EMP00818,2024-09-17,Present,09:13,17:35
ATD004893,EMP00611,2026-04-30,Present,09:07,17:29
ATD004894,EMP00702,2025-03-10,Present,09:02,17:44
ATD004895,EMP00729,2026-01-07,"Work From Home",09:31,18:07
ATD004896,EMP00450,2026-01-31,Present,09:38,18:25
ATD004897,EMP00673,2026-06-17,"Work From Home",09:24,17:56
ATD004898,EMP00212,2025-06-19,Present,08:57,18:00
ATD004899,EMP00431,2026-07-22,Present,08:48,17:09
ATD004900,EMP00318,2024-12-28,Absent,NULL,NULL
ATD004901,EMP01041,2026-05-09,Absent,NULL,NULL
ATD004902,EMP01121,2026-07-29,Present,08:38,17:00
ATD004903,EMP00035,2025-03-18,Present,09:05,18:15
ATD004904,EMP00376,2025-04-01,Present,08:43,16:47
ATD004905,EMP01050,2025-11-26,Present,08:39,17:14
ATD004906,EMP00031,2025-05-25,Present,09:35,18:53
ATD004907,EMP00735,2025-08-21,Present,08:40,18:04
ATD004908,EMP00810,2025-06-29,Present,09:20,17:22
ATD004909,EMP00279,2025-10-03,Present,08:59,18:04
ATD004910,EMP01227,2025-07-09,Present,09:41,17:56
ATD004911,EMP00830,2025-09-30,Present,09:02,17:05
ATD004912,EMP00070,2025-07-13,Absent,NULL,NULL
ATD004913,EMP00715,2025-06-09,Present,08:41,16:58
ATD004914,EMP01051,2025-12-01,Present,08:32,17:26
ATD004915,EMP00534,2025-10-12,"Work From Home",09:44,18:02
ATD004916,EMP00032,2025-08-01,Present,09:23,18:38
ATD004917,EMP00939,2026-03-17,Present,09:06,17:33
ATD004918,EMP00734,2026-06-10,Present,08:54,18:08
ATD004919,EMP00327,2025-04-03,"Work From Home",09:07,17:14
ATD004920,EMP00291,2025-04-27,Present,08:33,17:03
ATD004921,EMP00747,2025-04-21,"Work From Home",09:57,18:10
ATD004922,EMP00473,2026-05-01,"Work From Home",09:28,18:08
ATD004923,EMP01229,2026-07-07,Present,09:11,17:57
ATD004924,EMP00362,2025-07-19,"Half Day",08:36,12:32
ATD004925,EMP00790,2024-08-07,Present,08:45,18:12
ATD004926,EMP00135,2025-04-19,Present,09:01,18:23
ATD004927,EMP00363,2025-03-03,Absent,NULL,NULL
ATD004928,EMP01088,2025-05-20,Present,09:34,18:40
ATD004929,EMP00291,2025-12-28,Present,08:41,16:47
ATD004930,EMP00016,2025-03-16,"Work From Home",09:40,17:56
ATD004931,EMP01217,2024-10-22,Present,08:43,17:55
ATD004932,EMP00135,2026-01-08,Present,09:27,17:33
ATD004933,EMP00271,2025-07-18,Present,09:17,17:49
ATD004934,EMP00505,2024-11-09,Present,08:57,16:58
ATD004935,EMP00327,2025-08-02,Present,09:14,17:21
ATD004936,EMP00393,2026-06-17,Absent,NULL,NULL
ATD004937,EMP00048,2024-11-11,Present,09:11,18:00
ATD004938,EMP00045,2026-04-24,Present,08:42,17:11
ATD004939,EMP00045,2026-04-07,Present,08:48,18:13
ATD004940,EMP00074,2025-08-18,Present,08:45,17:53
ATD004941,EMP00875,2025-09-09,Present,09:27,18:37
ATD004942,EMP00420,2026-04-03,Present,08:37,16:37
ATD004943,EMP00415,2026-01-25,Absent,NULL,NULL
ATD004944,EMP00305,2026-02-09,Present,09:40,18:56
ATD004945,EMP01068,2026-06-19,Present,08:57,18:06
ATD004946,EMP00330,2026-06-10,Present,09:12,18:40
ATD004947,EMP01196,2024-12-02,"Work From Home",09:15,17:29
ATD004948,EMP01107,2024-10-08,Present,08:53,17:38
ATD004949,EMP01103,2026-03-27,"Half Day",08:40,12:33
ATD004950,EMP00756,2025-01-01,Present,08:46,17:37
ATD004951,EMP00557,2024-09-30,"Work From Home",09:01,17:08
ATD004952,EMP01038,2024-10-08,Present,08:56,17:22
ATD004953,EMP01161,2026-04-23,Present,08:45,17:22
ATD004954,EMP01209,2026-08-01,Present,08:32,17:56
ATD004955,EMP00916,2025-07-27,"Work From Home",09:18,17:58
ATD004956,EMP00295,2025-05-08,Present,08:43,17:16
ATD004957,EMP00930,2026-05-15,Present,08:50,18:09
ATD004958,EMP00719,2024-08-31,Present,08:46,17:25
ATD004959,EMP00151,2024-08-03,Present,09:33,18:48
ATD004960,EMP01222,2025-07-22,Present,08:41,17:50
ATD004961,EMP00873,2026-01-01,"Work From Home",09:57,18:18
ATD004962,EMP00109,2025-12-30,Present,09:40,18:44
ATD004963,EMP00163,2025-09-02,Present,08:35,16:42
ATD004964,EMP00362,2025-11-07,"Work From Home",09:50,17:52
ATD004965,EMP00591,2024-12-16,"Half Day",09:04,12:55
ATD004966,EMP00201,2025-08-19,Present,08:45,17:46
ATD004967,EMP01018,2024-10-07,Present,08:50,18:16
ATD004968,EMP00575,2026-06-11,Absent,NULL,NULL
ATD004969,EMP01111,2025-08-04,"Half Day",09:25,13:44
ATD004970,EMP00717,2024-08-29,"Work From Home",09:23,18:23
ATD004971,EMP00804,2025-08-28,Present,09:14,17:25
ATD004972,EMP00332,2026-07-11,"Work From Home",09:07,17:46
ATD004973,EMP00466,2026-04-03,Absent,NULL,NULL
ATD004974,EMP00477,2026-04-29,"Work From Home",09:41,18:06
ATD004975,EMP00880,2025-05-23,"Work From Home",09:41,18:24
ATD004976,EMP00588,2025-01-12,Present,08:34,18:00
ATD004977,EMP00494,2026-06-12,Present,08:51,17:33
ATD004978,EMP01014,2025-09-07,Present,08:42,17:19
ATD004979,EMP00254,2025-05-02,Absent,NULL,NULL
ATD004980,EMP00707,2025-06-18,"Work From Home",09:31,18:20
ATD004981,EMP00351,2024-12-29,Present,08:52,16:53
ATD004982,EMP00953,2026-04-16,"Work From Home",09:15,17:34
ATD004983,EMP00705,2024-10-14,Present,08:58,18:08
ATD004984,EMP00311,2026-07-11,Present,09:18,17:52
ATD004985,EMP00648,2025-05-07,"Work From Home",09:19,17:20
ATD004986,EMP00399,2026-03-14,Present,09:02,18:13
ATD004987,EMP00982,2026-05-26,Present,09:26,17:35
ATD004988,EMP00501,2025-04-20,Absent,NULL,NULL
ATD004989,EMP00032,2025-06-27,Absent,NULL,NULL
ATD004990,EMP00875,2026-01-17,"Half Day",09:22,13:04
ATD004991,EMP00015,2026-01-07,Present,09:34,17:55
ATD004992,EMP00401,2025-01-28,Absent,NULL,NULL
ATD004993,EMP01129,2025-07-30,Present,09:36,19:01
ATD004994,EMP00933,2024-09-22,"Work From Home",09:22,17:46
ATD004995,EMP00477,2026-04-21,Present,08:33,17:00
ATD004996,EMP00167,2024-09-15,Present,09:34,18:56
ATD004997,EMP00831,2025-09-20,Present,08:34,17:37
ATD004998,EMP01104,2026-02-04,Present,09:41,18:02
ATD004999,EMP00442,2025-12-15,Present,09:21,18:05
ATD005000,EMP00038,2025-04-12,Present,09:33,18:34
ATD005001,EMP01134,2025-09-01,Present,08:40,17:49
ATD005002,EMP00819,2025-12-08,Present,08:33,16:44
ATD005003,EMP00306,2024-10-14,Present,09:03,18:31
ATD005004,EMP01058,2026-07-14,Absent,NULL,NULL
ATD005005,EMP01095,2025-06-19,Present,08:33,16:53
ATD005006,EMP00898,2025-07-31,Present,09:07,18:01
ATD005007,EMP00841,2024-08-29,Present,09:10,17:44
ATD005008,EMP00913,2025-06-28,"Half Day",09:00,12:42
ATD005009,EMP00653,2026-03-22,"Work From Home",09:55,18:46
ATD005010,EMP00898,2026-03-12,"Work From Home",09:38,18:06
ATD005011,EMP00059,2026-05-01,"Work From Home",09:55,18:30
ATD005012,EMP00910,2025-08-28,Present,09:25,18:40
ATD005013,EMP00915,2025-09-24,Present,09:09,18:17
ATD005014,EMP00858,2025-07-23,Present,09:33,17:39
ATD005015,EMP00580,2025-11-12,Present,09:01,17:35
ATD005016,EMP00485,2024-11-05,Present,08:49,17:52
ATD005017,EMP00587,2026-05-13,Absent,NULL,NULL
ATD005018,EMP00861,2024-11-08,Present,08:32,16:44
ATD005019,EMP00575,2025-06-03,Present,09:28,18:19
ATD005020,EMP00446,2024-08-28,"Work From Home",09:30,17:54
ATD005021,EMP00782,2025-08-26,Present,08:55,17:52
ATD005022,EMP00080,2024-12-17,"Half Day",08:38,12:31
ATD005023,EMP00011,2025-03-23,"Half Day",09:28,13:40
ATD005024,EMP00180,2024-09-22,"Work From Home",09:26,17:46
ATD005025,EMP01021,2025-01-01,Present,08:46,17:51
ATD005026,EMP00466,2025-06-04,Present,09:25,18:23
ATD005027,EMP00778,2025-06-02,"Work From Home",09:39,18:11
ATD005028,EMP00994,2025-10-04,"Half Day",08:41,12:39
ATD005029,EMP01140,2025-01-10,Present,09:29,18:21
ATD005030,EMP01047,2025-11-23,"Work From Home",09:31,17:53
ATD005031,EMP00027,2026-07-25,Present,08:50,17:11
ATD005032,EMP00771,2026-04-28,Present,09:16,18:03
ATD005033,EMP00647,2025-02-15,"Work From Home",09:35,18:12
ATD005034,EMP00438,2026-03-26,"Work From Home",09:34,18:19
ATD005035,EMP00729,2025-03-18,"Half Day",08:33,12:25
ATD005036,EMP00132,2025-08-05,Present,08:35,17:14
ATD005037,EMP00904,2024-09-29,Present,09:30,17:39
ATD005038,EMP01153,2025-03-13,Absent,NULL,NULL
ATD005039,EMP00604,2026-05-22,Present,09:01,17:03
ATD005040,EMP01137,2025-08-03,Absent,NULL,NULL
ATD005041,EMP00996,2024-12-20,Present,09:18,17:43
ATD005042,EMP00328,2026-03-26,Present,08:42,17:25
ATD005043,EMP01051,2025-09-18,Present,09:03,18:29
ATD005044,EMP00618,2026-02-15,"Work From Home",09:58,18:18
ATD005045,EMP00121,2026-06-07,Absent,NULL,NULL
ATD005046,EMP01037,2025-09-15,"Half Day",08:49,13:13
ATD005047,EMP00382,2025-07-15,Present,09:00,17:39
ATD005048,EMP00854,2025-03-28,Present,08:35,17:59
ATD005049,EMP00930,2026-04-16,Present,09:43,19:01
ATD005050,EMP00597,2025-07-19,Absent,NULL,NULL
ATD005051,EMP00587,2025-08-01,"Work From Home",09:47,18:00
ATD005052,EMP00062,2025-10-20,"Work From Home",09:37,17:51
ATD005053,EMP00533,2024-11-16,Present,08:53,18:07
ATD005054,EMP01124,2025-07-09,"Work From Home",09:56,18:53
ATD005055,EMP00834,2025-05-25,Present,08:42,16:45
ATD005056,EMP00381,2024-11-11,Present,09:28,18:53
ATD005057,EMP00134,2025-11-09,"Half Day",09:03,13:30
ATD005058,EMP00503,2026-02-12,Present,09:25,18:36
ATD005059,EMP00035,2025-06-21,Present,08:52,17:36
ATD005060,EMP01005,2025-01-11,Present,09:42,18:00
ATD005061,EMP00760,2025-08-25,Absent,NULL,NULL
ATD005062,EMP00224,2024-08-14,Present,08:49,17:21
ATD005063,EMP00066,2025-03-14,Present,08:58,18:21
ATD005064,EMP00912,2026-07-06,Present,09:28,17:37
ATD005065,EMP00287,2026-07-02,Present,09:13,18:24
ATD005066,EMP00048,2024-10-13,Present,09:33,17:43
ATD005067,EMP00944,2025-05-22,"Half Day",08:50,12:26
ATD005068,EMP00078,2026-03-21,Present,08:38,17:40
ATD005069,EMP00673,2025-09-15,Absent,NULL,NULL
ATD005070,EMP00613,2025-04-18,"Work From Home",09:23,18:18
ATD005071,EMP00509,2025-02-05,Absent,NULL,NULL
ATD005072,EMP00410,2024-10-06,Present,08:34,17:16
ATD005073,EMP00290,2025-06-06,Present,08:46,17:50
ATD005074,EMP00555,2025-02-26,Absent,NULL,NULL
ATD005075,EMP00613,2024-08-11,Present,08:45,17:50
ATD005076,EMP00124,2024-10-29,Present,09:11,17:17
ATD005077,EMP00043,2024-10-09,Present,08:31,17:03
ATD005078,EMP01065,2025-11-03,"Half Day",08:57,12:48
ATD005079,EMP01100,2025-03-20,"Work From Home",09:47,17:50
ATD005080,EMP00473,2026-03-19,Absent,NULL,NULL
ATD005081,EMP00601,2025-06-14,Present,08:35,17:13
ATD005082,EMP01057,2026-03-23,"Work From Home",09:20,17:30
ATD005083,EMP01132,2025-08-07,Present,09:40,18:44
ATD005084,EMP00571,2025-03-22,Present,09:35,17:44
ATD005085,EMP00665,2025-04-12,Present,09:09,17:46
ATD005086,EMP00888,2025-06-06,Present,09:15,18:24
ATD005087,EMP00333,2025-05-13,Present,09:38,18:04
ATD005088,EMP00262,2025-09-16,"Work From Home",09:39,18:10
ATD005089,EMP00280,2025-11-05,Present,08:48,17:24
ATD005090,EMP00491,2024-12-29,"Work From Home",09:59,18:13
ATD005091,EMP01049,2025-10-29,Present,09:14,17:48
ATD005092,EMP01195,2026-02-02,"Half Day",08:46,12:40
ATD005093,EMP00587,2025-08-26,"Work From Home",09:31,18:10
ATD005094,EMP01062,2026-04-14,Absent,NULL,NULL
ATD005095,EMP00807,2025-10-11,Present,08:47,16:49
ATD005096,EMP00607,2025-01-20,Present,09:43,18:46
ATD005097,EMP00090,2025-05-09,Present,08:33,17:19
ATD005098,EMP00909,2024-12-07,Present,08:38,17:28
ATD005099,EMP00349,2026-01-08,"Half Day",09:24,13:46
ATD005100,EMP01118,2025-08-09,"Work From Home",09:58,18:45
ATD005101,EMP00595,2026-02-21,Absent,NULL,NULL
ATD005102,EMP01063,2024-12-10,"Work From Home",09:04,17:43
ATD005103,EMP00712,2024-11-15,"Half Day",09:27,13:45
ATD005104,EMP00394,2024-12-31,Present,08:40,17:46
ATD005105,EMP00014,2025-04-05,Present,09:32,17:37
ATD005106,EMP00821,2024-11-19,Present,08:49,17:35
ATD005107,EMP00721,2025-05-23,Present,09:24,18:42
ATD005108,EMP00663,2025-04-22,Present,08:51,17:29
ATD005109,EMP00385,2024-11-26,Present,08:44,17:53
ATD005110,EMP01002,2026-05-12,Present,09:08,17:31
ATD005111,EMP00219,2026-06-25,Present,08:59,17:02
ATD005112,EMP00960,2025-09-05,Present,08:51,18:18
ATD005113,EMP00479,2026-04-10,"Work From Home",09:07,17:34
ATD005114,EMP00827,2026-05-16,Present,09:03,18:20
ATD005115,EMP00258,2025-07-26,Present,08:41,17:17
ATD005116,EMP00856,2026-02-12,Absent,NULL,NULL
ATD005117,EMP01120,2026-03-10,Present,09:33,18:53
ATD005118,EMP00164,2024-09-22,Present,09:02,18:15
ATD005119,EMP00522,2024-10-11,Present,08:33,16:59
ATD005120,EMP00840,2025-04-08,Present,09:28,18:28
ATD005121,EMP00502,2024-10-10,Present,09:37,18:15
ATD005122,EMP00794,2025-04-21,Absent,NULL,NULL
ATD005123,EMP00842,2026-01-17,Present,09:39,18:04
ATD005124,EMP00870,2026-02-28,"Work From Home",09:14,17:53
ATD005125,EMP00772,2025-09-17,Present,08:52,18:06
ATD005126,EMP00548,2026-04-09,Present,09:16,18:34
ATD005127,EMP00111,2025-07-10,Present,08:34,16:38
ATD005128,EMP00217,2026-01-18,"Half Day",08:56,12:51
ATD005129,EMP00716,2025-06-09,Present,09:37,17:43
ATD005130,EMP00079,2025-03-10,Present,08:49,17:17
ATD005131,EMP00534,2025-07-04,Present,09:31,18:40
ATD005132,EMP00558,2025-08-08,Absent,NULL,NULL
ATD005133,EMP00198,2024-09-13,Absent,NULL,NULL
ATD005134,EMP00044,2025-08-08,Present,09:15,17:28
ATD005135,EMP00281,2025-09-07,Present,08:52,17:43
ATD005136,EMP00085,2026-01-03,Absent,NULL,NULL
ATD005137,EMP01094,2024-10-22,Present,08:52,17:19
ATD005138,EMP00272,2025-02-13,Absent,NULL,NULL
ATD005139,EMP01142,2025-03-26,Present,08:33,17:33
ATD005140,EMP00925,2026-05-04,Present,08:32,17:17
ATD005141,EMP01086,2025-11-04,Absent,NULL,NULL
ATD005142,EMP00723,2025-12-31,Present,08:57,17:00
ATD005143,EMP00996,2025-02-12,Present,09:42,17:49
ATD005144,EMP00982,2024-12-22,"Half Day",09:18,13:32
ATD005145,EMP00184,2025-05-10,"Half Day",08:36,12:38
ATD005146,EMP00316,2025-07-18,Present,08:59,17:43
ATD005147,EMP01130,2025-01-16,Present,09:24,17:37
ATD005148,EMP00312,2025-02-09,"Half Day",09:06,13:20
ATD005149,EMP00090,2026-06-05,Present,09:28,18:00
ATD005150,EMP00625,2025-04-01,"Half Day",09:19,13:30
ATD005151,EMP00301,2025-09-03,Absent,NULL,NULL
ATD005152,EMP00512,2024-11-24,"Half Day",09:09,12:45
ATD005153,EMP00380,2026-05-27,Present,08:40,17:19
ATD005154,EMP01084,2025-08-15,"Work From Home",09:29,17:43
ATD005155,EMP00882,2026-03-13,Present,08:33,17:20
ATD005156,EMP01150,2026-06-23,Present,08:54,17:43
ATD005157,EMP00327,2026-02-26,Present,09:11,18:21
ATD005158,EMP00651,2025-02-05,"Work From Home",09:53,18:16
ATD005159,EMP00639,2025-09-13,Present,09:38,18:34
ATD005160,EMP00505,2025-11-27,"Work From Home",09:21,17:57
ATD005161,EMP00557,2026-01-09,"Work From Home",09:26,17:26
ATD005162,EMP00011,2024-09-09,Present,09:44,18:39
ATD005163,EMP00403,2025-09-25,Present,08:46,17:38
ATD005164,EMP00276,2026-03-19,Present,08:30,17:21
ATD005165,EMP00933,2026-05-14,Absent,NULL,NULL
ATD005166,EMP00881,2026-04-29,"Work From Home",09:49,17:56
ATD005167,EMP00486,2025-03-16,Present,08:42,17:06
ATD005168,EMP00695,2025-08-19,Present,09:06,17:21
ATD005169,EMP00916,2025-07-03,Present,09:40,17:56
ATD005170,EMP00867,2026-02-09,"Work From Home",09:43,18:00
ATD005171,EMP00913,2024-10-18,Absent,NULL,NULL
ATD005172,EMP00287,2024-09-25,"Work From Home",09:43,18:08
ATD005173,EMP00414,2025-02-23,Absent,NULL,NULL
ATD005174,EMP01226,2026-06-30,Present,09:03,18:27
ATD005175,EMP00246,2025-12-12,Present,08:53,17:37
ATD005176,EMP00964,2024-08-27,Present,08:58,17:47
ATD005177,EMP00955,2024-11-25,Absent,NULL,NULL
ATD005178,EMP00470,2024-10-04,Absent,NULL,NULL
ATD005179,EMP00661,2025-08-28,Present,09:15,18:22
ATD005180,EMP00388,2025-04-09,Present,09:45,18:12
ATD005181,EMP00734,2024-11-16,Present,09:24,17:43
ATD005182,EMP00252,2024-12-21,Present,08:53,18:23
ATD005183,EMP00168,2024-08-24,Present,09:21,17:43
ATD005184,EMP01098,2024-11-24,Present,08:52,17:03
ATD005185,EMP00614,2025-08-21,Present,08:59,18:07
ATD005186,EMP00577,2025-06-14,"Half Day",08:35,12:17
ATD005187,EMP00957,2025-09-20,Present,09:30,18:41
ATD005188,EMP00333,2026-03-24,"Work From Home",09:48,17:54
ATD005189,EMP00860,2025-07-06,Absent,NULL,NULL
ATD005190,EMP00864,2025-08-08,"Half Day",08:32,12:36
ATD005191,EMP01063,2025-03-16,"Half Day",08:59,13:14
ATD005192,EMP00703,2024-12-14,"Work From Home",09:40,18:07
ATD005193,EMP00695,2025-05-10,Present,08:44,17:12
ATD005194,EMP00008,2025-05-29,Present,09:03,18:25
ATD005195,EMP00505,2025-05-26,Present,09:00,18:16
ATD005196,EMP00148,2026-07-26,Present,08:45,17:14
ATD005197,EMP01066,2026-04-22,Present,09:29,18:06
ATD005198,EMP00422,2025-07-10,"Work From Home",09:07,17:43
ATD005199,EMP00641,2025-08-07,Present,08:41,16:58
ATD005200,EMP00907,2024-12-28,Present,08:34,17:34
ATD005201,EMP00048,2024-11-22,Present,09:15,18:06
ATD005202,EMP00241,2026-07-18,Absent,NULL,NULL
ATD005203,EMP00911,2025-08-08,"Half Day",09:27,13:51
ATD005204,EMP00316,2025-09-10,Present,08:53,17:32
ATD005205,EMP00667,2024-11-03,Present,09:04,17:30
ATD005206,EMP00927,2025-12-15,Present,09:42,19:01
ATD005207,EMP00796,2026-04-27,"Work From Home",09:57,18:24
ATD005208,EMP01220,2026-02-03,Present,09:18,18:25
ATD005209,EMP00878,2026-04-05,Present,08:46,17:23
ATD005210,EMP00487,2026-02-19,Present,09:36,18:19
ATD005211,EMP00229,2026-01-28,Present,09:16,17:51
ATD005212,EMP00810,2024-08-31,Absent,NULL,NULL
ATD005213,EMP00930,2025-03-29,Present,09:19,18:01
ATD005214,EMP01049,2025-06-06,Present,08:54,17:31
ATD005215,EMP00872,2025-07-31,Present,08:59,18:25
ATD005216,EMP00968,2024-11-27,Present,09:20,18:40
ATD005217,EMP01006,2024-09-22,Present,08:49,18:15
ATD005218,EMP00652,2025-01-28,"Half Day",09:30,13:46
ATD005219,EMP00349,2026-05-11,Present,08:32,16:45
ATD005220,EMP00908,2025-05-06,Present,09:40,17:40
ATD005221,EMP00010,2024-11-22,Present,09:24,17:50
ATD005222,EMP00561,2026-04-03,Present,08:40,17:44
ATD005223,EMP00477,2024-12-30,Present,08:35,16:50
ATD005224,EMP00303,2025-04-24,"Work From Home",09:44,17:46
ATD005225,EMP00906,2025-02-09,Absent,NULL,NULL
ATD005226,EMP00458,2025-08-04,"Work From Home",09:43,17:44
ATD005227,EMP00384,2024-09-29,Present,08:51,18:09
ATD005228,EMP00778,2026-05-01,Present,09:21,17:40
ATD005229,EMP00876,2025-07-08,Present,09:28,18:54
ATD005230,EMP00813,2026-02-23,Absent,NULL,NULL
ATD005231,EMP00057,2025-09-12,Present,08:59,17:38
ATD005232,EMP00235,2024-11-12,Present,08:31,17:32
ATD005233,EMP00308,2025-11-16,Present,08:39,17:09
ATD005234,EMP00583,2026-05-20,Present,09:23,17:27
ATD005235,EMP00330,2024-09-29,Present,09:26,17:36
ATD005236,EMP00121,2026-02-03,Present,09:08,18:20
ATD005237,EMP00554,2026-07-28,Present,08:33,17:54
ATD005238,EMP01008,2025-11-13,Present,09:39,18:20
ATD005239,EMP00243,2024-08-25,Present,08:33,17:47
ATD005240,EMP00359,2024-11-09,Present,09:32,18:59
ATD005241,EMP01220,2025-04-26,Present,09:09,17:27
ATD005242,EMP00067,2025-09-09,Present,08:50,17:56
ATD005243,EMP00306,2026-05-07,Present,08:35,16:54
ATD005244,EMP01088,2025-04-08,Present,09:06,17:29
ATD005245,EMP00442,2025-08-27,Present,08:58,18:18
ATD005246,EMP00763,2024-09-01,Present,09:31,18:04
ATD005247,EMP00063,2026-03-24,"Work From Home",09:07,17:39
ATD005248,EMP01214,2024-10-15,Present,08:34,17:24
ATD005249,EMP01079,2026-06-12,Present,09:40,18:54
ATD005250,EMP00736,2024-11-14,Present,08:30,17:42
ATD005251,EMP00173,2026-03-24,Present,09:42,18:15
ATD005252,EMP01020,2026-04-02,Absent,NULL,NULL
ATD005253,EMP00667,2025-08-29,Present,08:49,18:00
ATD005254,EMP01104,2025-12-01,"Work From Home",09:51,18:06
ATD005255,EMP00076,2025-11-17,Present,09:05,17:44
ATD005256,EMP01010,2024-09-09,"Work From Home",09:07,18:01
ATD005257,EMP01228,2025-12-17,Present,09:44,18:32
ATD005258,EMP00344,2024-12-17,Present,08:53,18:02
ATD005259,EMP00145,2025-12-08,"Work From Home",09:46,18:20
ATD005260,EMP00522,2025-07-31,Present,09:10,17:33
ATD005261,EMP00260,2026-06-27,"Work From Home",09:14,18:10
ATD005262,EMP00970,2025-11-01,"Half Day",08:58,13:26
ATD005263,EMP00390,2026-03-05,Present,09:26,17:58
ATD005264,EMP00714,2024-10-19,Present,09:24,18:17
ATD005265,EMP00813,2025-05-04,Present,08:31,16:38
ATD005266,EMP00514,2025-04-04,Present,09:09,18:11
ATD005267,EMP00758,2024-10-08,Present,09:02,17:33
ATD005268,EMP01142,2025-05-22,Present,09:44,18:16
ATD005269,EMP00127,2025-12-05,Absent,NULL,NULL
ATD005270,EMP00649,2024-11-27,Present,09:25,18:12
ATD005271,EMP00515,2025-07-12,Present,09:36,17:59
ATD005272,EMP00733,2026-04-10,Present,09:32,19:02
ATD005273,EMP00787,2025-01-07,"Half Day",09:15,12:47
ATD005274,EMP00794,2026-04-11,Present,08:56,18:17
ATD005275,EMP00221,2024-10-21,Present,08:53,17:11
ATD005276,EMP00091,2024-12-21,Present,09:06,17:13
ATD005277,EMP00267,2025-04-10,Present,09:13,17:56
ATD005278,EMP00194,2025-04-27,Present,08:33,17:50
ATD005279,EMP00984,2025-04-05,"Half Day",08:58,12:44
ATD005280,EMP00406,2024-11-22,Present,09:20,17:20
ATD005281,EMP00639,2025-08-21,Absent,NULL,NULL
ATD005282,EMP00481,2024-10-09,Absent,NULL,NULL
ATD005283,EMP00675,2025-03-25,"Work From Home",09:21,18:12
ATD005284,EMP00991,2025-01-15,Present,08:48,17:32
ATD005285,EMP01149,2025-11-24,Absent,NULL,NULL
ATD005286,EMP01218,2025-01-30,Present,08:40,16:51
ATD005287,EMP00755,2025-10-07,Absent,NULL,NULL
ATD005288,EMP00522,2024-10-31,Present,08:40,17:28
ATD005289,EMP00226,2025-01-23,Present,08:48,17:29
ATD005290,EMP00783,2026-02-19,Present,08:44,17:33
ATD005291,EMP00431,2025-12-30,Present,08:34,17:32
ATD005292,EMP00274,2026-06-21,Present,09:37,18:07
ATD005293,EMP00418,2026-05-16,Absent,NULL,NULL
ATD005294,EMP00838,2025-07-05,"Work From Home",09:28,17:59
ATD005295,EMP00040,2024-08-06,"Work From Home",09:01,17:05
ATD005296,EMP01057,2025-08-01,Absent,NULL,NULL
ATD005297,EMP00289,2025-03-07,Present,08:39,17:56
ATD005298,EMP01046,2025-03-31,Present,08:43,16:43
ATD005299,EMP00158,2024-12-07,Absent,NULL,NULL
ATD005300,EMP00498,2025-05-25,Present,08:42,18:05
ATD005301,EMP00237,2026-01-18,Present,09:35,18:14
ATD005302,EMP00540,2026-05-06,Present,09:41,18:11
ATD005303,EMP00314,2026-07-15,Absent,NULL,NULL
ATD005304,EMP00595,2026-03-23,Present,08:35,17:32
ATD005305,EMP00978,2026-01-22,Present,08:43,17:14
ATD005306,EMP00313,2025-04-29,Present,09:16,18:01
ATD005307,EMP00113,2026-01-22,Present,09:14,17:48
ATD005308,EMP00473,2025-05-29,Present,09:03,18:21
ATD005309,EMP00566,2025-11-05,Present,08:31,17:40
ATD005310,EMP00038,2025-04-03,"Work From Home",09:47,18:25
ATD005311,EMP00827,2025-03-01,Present,08:30,16:49
ATD005312,EMP00405,2024-11-24,Present,08:46,16:50
ATD005313,EMP00350,2025-07-06,Present,08:54,17:02
ATD005314,EMP00766,2026-04-16,Present,09:13,17:28
ATD005315,EMP00404,2026-05-11,Absent,NULL,NULL
ATD005316,EMP00355,2025-12-21,Present,08:40,17:24
ATD005317,EMP01014,2026-03-19,"Work From Home",09:52,18:14
ATD005318,EMP00121,2024-11-21,Present,09:16,18:01
ATD005319,EMP00763,2024-11-04,Present,09:14,17:58
ATD005320,EMP00362,2024-09-02,Present,09:08,17:35
ATD005321,EMP00671,2026-07-01,Present,08:37,18:06
ATD005322,EMP00940,2026-04-24,"Work From Home",09:05,18:00
ATD005323,EMP00227,2025-10-22,"Half Day",09:15,12:47
ATD005324,EMP00113,2026-01-06,"Work From Home",09:06,17:23
ATD005325,EMP00947,2026-05-19,Present,09:10,18:14
ATD005326,EMP00795,2024-08-30,Absent,NULL,NULL
ATD005327,EMP00724,2026-03-11,Present,09:17,18:13
ATD005328,EMP00766,2026-07-10,Present,09:04,17:45
ATD005329,EMP00493,2025-08-15,Present,08:48,16:50
ATD005330,EMP00518,2024-11-12,Present,08:40,17:45
ATD005331,EMP01025,2024-12-02,Present,09:42,18:16
ATD005332,EMP00925,2026-02-18,Present,09:14,18:22
ATD005333,EMP00388,2025-03-03,Present,08:32,17:40
ATD005334,EMP00913,2025-05-06,"Half Day",08:40,12:14
ATD005335,EMP01200,2025-02-26,Present,09:28,18:42
ATD005336,EMP01219,2026-07-03,Present,08:31,17:52
ATD005337,EMP01094,2026-02-07,"Half Day",08:44,12:33
ATD005338,EMP00289,2025-08-01,Present,08:38,17:55
ATD005339,EMP00128,2025-01-31,Present,09:17,17:57
ATD005340,EMP00460,2025-10-18,Present,09:31,17:44
ATD005341,EMP00095,2026-06-19,Present,08:38,17:38
ATD005342,EMP00807,2025-04-19,"Work From Home",09:54,17:57
ATD005343,EMP00929,2025-06-01,Present,09:09,18:35
ATD005344,EMP01018,2026-03-16,"Half Day",08:41,12:15
ATD005345,EMP00420,2024-08-06,Present,08:58,18:23
ATD005346,EMP00991,2026-03-21,Absent,NULL,NULL
ATD005347,EMP00224,2026-02-01,Present,09:09,18:10
ATD005348,EMP00648,2024-08-20,Present,09:25,18:28
ATD005349,EMP00251,2026-05-17,"Work From Home",09:40,17:50
ATD005350,EMP00201,2025-11-20,"Half Day",09:24,12:55
ATD005351,EMP00079,2025-03-21,Present,08:32,17:19
ATD005352,EMP01209,2026-07-06,"Half Day",08:58,13:04
ATD005353,EMP00654,2026-07-30,"Half Day",08:34,12:31
ATD005354,EMP00740,2024-08-27,Present,09:36,18:23
ATD005355,EMP00561,2025-03-03,Present,08:50,18:06
ATD005356,EMP00001,2025-11-26,Present,08:36,17:29
ATD005357,EMP00865,2025-02-10,Absent,NULL,NULL
ATD005358,EMP00664,2026-05-13,Present,09:30,18:18
ATD005359,EMP00704,2025-10-05,Present,08:55,17:49
ATD005360,EMP00883,2026-05-23,Present,08:34,17:07
ATD005361,EMP00207,2026-01-08,Present,09:44,19:05
ATD005362,EMP00214,2026-03-27,Present,08:31,17:39
ATD005363,EMP00213,2025-07-15,Absent,NULL,NULL
ATD005364,EMP01037,2026-02-12,"Half Day",08:47,12:40
ATD005365,EMP00068,2024-09-28,Present,09:06,17:36
ATD005366,EMP01220,2024-12-14,Present,08:45,17:09
ATD005367,EMP00799,2025-12-08,Present,08:56,18:25
ATD005368,EMP00142,2025-05-18,"Half Day",09:24,13:02
ATD005369,EMP00269,2025-03-26,Present,08:49,18:18
ATD005370,EMP00405,2026-05-20,Present,09:32,17:49
ATD005371,EMP01128,2026-08-05,"Work From Home",09:40,18:30
ATD005372,EMP01103,2025-01-13,"Half Day",08:37,12:35
ATD005373,EMP00664,2025-12-19,Absent,NULL,NULL
ATD005374,EMP00315,2025-03-29,Present,08:31,17:45
ATD005375,EMP00318,2026-02-13,Present,08:34,17:42
ATD005376,EMP00706,2025-05-27,Present,09:12,18:22
ATD005377,EMP00264,2025-09-16,Present,09:17,18:47
ATD005378,EMP00833,2025-10-05,"Half Day",09:25,13:01
ATD005379,EMP00717,2026-03-11,Present,09:30,18:05
ATD005380,EMP00131,2025-06-29,Present,09:29,18:47
ATD005381,EMP00892,2025-08-31,Present,09:00,18:24
ATD005382,EMP01041,2025-03-05,Present,08:42,17:06
ATD005383,EMP00688,2024-12-27,Present,08:48,17:16
ATD005384,EMP00646,2026-05-26,Absent,NULL,NULL
ATD005385,EMP00808,2025-07-22,Present,08:33,17:04
ATD005386,EMP00738,2025-03-12,"Half Day",09:00,12:42
ATD005387,EMP00213,2024-12-26,Present,09:11,17:11
ATD005388,EMP00830,2024-09-21,Absent,NULL,NULL
ATD005389,EMP00189,2024-11-17,Present,08:47,17:39
ATD005390,EMP00351,2025-10-07,Present,09:17,18:04
ATD005391,EMP01061,2025-01-22,"Half Day",08:33,12:21
ATD005392,EMP00016,2024-08-14,Present,09:09,17:48
ATD005393,EMP01202,2026-02-23,Absent,NULL,NULL
ATD005394,EMP00694,2026-03-25,Present,08:47,16:53
ATD005395,EMP00373,2026-02-26,Present,09:41,18:11
ATD005396,EMP00147,2025-08-22,Present,09:02,17:41
ATD005397,EMP01073,2026-04-11,"Half Day",09:25,13:05
ATD005398,EMP00634,2024-11-09,"Work From Home",09:50,18:23
ATD005399,EMP00802,2025-11-25,Present,08:46,17:36
ATD005400,EMP00629,2025-11-05,Absent,NULL,NULL
ATD005401,EMP00572,2025-05-08,Present,09:23,18:39
ATD005402,EMP00501,2025-01-01,"Half Day",08:42,12:49
ATD005403,EMP00744,2025-09-20,Absent,NULL,NULL
ATD005404,EMP01111,2024-09-12,Present,09:29,18:33
ATD005405,EMP00800,2025-11-09,Absent,NULL,NULL
ATD005406,EMP00892,2025-04-05,Present,09:35,18:22
ATD005407,EMP01143,2025-05-26,Present,08:53,17:11
ATD005408,EMP00739,2026-03-22,Absent,NULL,NULL
ATD005409,EMP00986,2024-11-17,Present,09:06,17:40
ATD005410,EMP01021,2025-06-09,"Half Day",08:32,12:53
ATD005411,EMP01216,2024-10-19,Present,09:42,18:52
ATD005412,EMP00651,2025-11-17,Present,08:57,17:49
ATD005413,EMP00087,2026-01-21,Present,08:34,17:40
ATD005414,EMP01106,2025-07-14,Present,09:31,18:37
ATD005415,EMP00106,2024-09-28,Present,09:36,18:23
ATD005416,EMP00525,2026-04-15,Present,08:35,16:44
ATD005417,EMP00961,2024-08-06,Present,08:45,17:05
ATD005418,EMP00469,2025-01-31,Present,08:55,18:20
ATD005419,EMP01163,2026-03-23,"Work From Home",09:37,17:55
ATD005420,EMP00951,2026-03-18,Present,09:15,17:28
ATD005421,EMP00527,2025-11-19,"Half Day",09:17,13:47
ATD005422,EMP00578,2024-11-24,Present,09:09,17:51
ATD005423,EMP01090,2026-02-27,"Work From Home",09:00,17:47
ATD005424,EMP00981,2026-07-26,Absent,NULL,NULL
ATD005425,EMP01039,2026-06-11,"Half Day",08:57,12:43
ATD005426,EMP00390,2026-05-02,Present,09:25,17:39
ATD005427,EMP00847,2025-11-02,"Work From Home",09:41,17:42
ATD005428,EMP00749,2025-03-04,"Half Day",09:23,13:30
ATD005429,EMP00150,2026-07-30,"Half Day",08:40,12:20
ATD005430,EMP01088,2024-12-30,Present,08:41,16:52
ATD005431,EMP00995,2025-08-17,"Half Day",08:34,12:07
ATD005432,EMP00643,2025-02-03,Present,09:39,18:56
ATD005433,EMP00088,2025-12-20,Present,08:45,17:54
ATD005434,EMP00346,2025-02-06,Present,08:30,16:55
ATD005435,EMP01127,2025-04-18,Present,09:09,18:04
ATD005436,EMP01103,2024-09-29,"Work From Home",09:32,18:02
ATD005437,EMP00038,2025-06-24,Present,08:48,18:07
ATD005438,EMP01005,2026-05-16,Absent,NULL,NULL
ATD005439,EMP00537,2026-02-25,Present,09:44,18:35
ATD005440,EMP00358,2025-05-25,"Work From Home",09:32,18:29
ATD005441,EMP00079,2026-02-05,Present,09:09,17:34
ATD005442,EMP01018,2025-03-01,"Work From Home",09:52,18:50
ATD005443,EMP00978,2026-03-06,Present,08:35,16:48
ATD005444,EMP00743,2025-05-30,"Half Day",08:42,12:47
ATD005445,EMP00846,2025-03-15,"Work From Home",09:22,17:54
ATD005446,EMP00909,2026-04-25,Present,09:16,17:19
ATD005447,EMP00550,2025-07-22,"Work From Home",09:14,17:25
ATD005448,EMP01059,2024-08-26,"Half Day",09:10,12:49
ATD005449,EMP00001,2025-05-01,Present,09:44,18:11
ATD005450,EMP00963,2026-04-19,Present,08:45,18:10
ATD005451,EMP00701,2025-07-05,"Half Day",08:33,12:31
ATD005452,EMP00456,2024-09-14,Present,09:44,18:41
ATD005453,EMP00136,2026-06-09,Present,09:23,18:51
ATD005454,EMP00420,2026-04-17,Present,09:33,19:02
ATD005455,EMP00535,2024-11-11,Present,08:50,17:23
ATD005456,EMP00213,2025-08-11,Present,08:46,17:33
ATD005457,EMP00148,2024-08-27,"Work From Home",09:05,17:23
ATD005458,EMP00980,2025-10-18,Present,08:33,17:03
ATD005459,EMP00919,2025-08-01,Present,08:56,17:31
ATD005460,EMP00646,2026-01-22,"Work From Home",09:07,17:12
ATD005461,EMP00891,2026-03-15,Present,09:26,18:51
ATD005462,EMP00561,2025-07-30,Present,09:17,17:35
ATD005463,EMP00461,2026-03-16,Present,09:03,17:49
ATD005464,EMP00807,2026-04-25,"Work From Home",09:33,17:36
ATD005465,EMP00427,2024-08-12,"Half Day",08:33,12:25
ATD005466,EMP00792,2025-04-24,Present,09:45,18:10
ATD005467,EMP00049,2024-12-31,Absent,NULL,NULL
ATD005468,EMP00848,2025-09-07,Present,08:54,17:07
ATD005469,EMP01135,2026-06-24,"Work From Home",09:16,17:28
ATD005470,EMP00878,2025-06-30,Absent,NULL,NULL
ATD005471,EMP01131,2026-05-23,Present,08:49,17:57
ATD005472,EMP00524,2024-11-08,Present,08:35,17:35
ATD005473,EMP00844,2025-03-11,Present,08:45,17:46
ATD005474,EMP00942,2024-11-13,Present,09:34,18:02
ATD005475,EMP00559,2024-10-21,Present,09:05,18:29
ATD005476,EMP00742,2024-08-30,Present,08:46,17:55
ATD005477,EMP00541,2025-12-14,Absent,NULL,NULL
ATD005478,EMP00887,2025-02-11,Present,09:10,18:01
ATD005479,EMP00880,2026-01-01,Present,08:56,17:49
ATD005480,EMP00942,2026-07-05,"Work From Home",09:16,17:32
ATD005481,EMP00892,2025-10-26,"Half Day",09:20,13:47
ATD005482,EMP00923,2026-04-22,"Work From Home",09:55,18:14
ATD005483,EMP00770,2024-11-11,Present,08:45,17:20
ATD005484,EMP00182,2025-11-19,Present,09:08,17:25
ATD005485,EMP01041,2025-08-16,Present,09:23,18:51
ATD005486,EMP00255,2026-02-11,"Work From Home",09:09,18:06
ATD005487,EMP00777,2025-08-17,"Half Day",08:31,12:21
ATD005488,EMP00715,2025-07-13,"Half Day",08:59,13:25
ATD005489,EMP00390,2025-10-07,Present,08:55,17:05
ATD005490,EMP00346,2026-06-16,Present,08:59,18:19
ATD005491,EMP01070,2024-10-31,Present,08:38,18:04
ATD005492,EMP00740,2024-11-30,Present,09:29,17:39
ATD005493,EMP01141,2025-02-13,Absent,NULL,NULL
ATD005494,EMP00604,2026-04-12,"Half Day",09:11,13:34
ATD005495,EMP00687,2026-06-27,"Half Day",09:27,13:47
ATD005496,EMP01090,2025-12-26,Present,09:28,18:28
ATD005497,EMP00555,2026-06-05,Absent,NULL,NULL
ATD005498,EMP00853,2024-11-21,Present,09:29,17:39
ATD005499,EMP00736,2025-04-11,Present,08:31,17:25
ATD005500,EMP00274,2026-07-30,"Work From Home",09:34,17:37
ATD005501,EMP01063,2025-08-20,"Half Day",09:30,13:26
ATD005502,EMP00144,2026-07-28,"Work From Home",09:38,17:52
ATD005503,EMP01120,2025-01-25,"Work From Home",09:44,17:46
ATD005504,EMP01034,2024-08-02,"Half Day",09:03,13:24
ATD005505,EMP01151,2024-11-08,Absent,NULL,NULL
ATD005506,EMP00976,2025-01-14,Absent,NULL,NULL
ATD005507,EMP00900,2026-02-27,Absent,NULL,NULL
ATD005508,EMP00870,2024-10-18,Present,09:14,18:30
ATD005509,EMP01096,2026-08-01,Present,09:27,18:28
ATD005510,EMP01217,2025-11-19,"Work From Home",09:48,17:56
ATD005511,EMP00104,2026-05-19,Present,09:14,17:19
ATD005512,EMP00969,2024-11-29,Present,09:02,17:49
ATD005513,EMP01111,2025-05-18,Present,09:15,17:59
ATD005514,EMP00267,2026-02-28,Present,08:30,17:24
ATD005515,EMP00383,2024-12-19,Present,09:15,18:23
ATD005516,EMP00911,2026-02-08,Present,09:23,18:06
ATD005517,EMP00452,2026-07-31,Present,08:54,17:58
ATD005518,EMP00318,2025-06-09,"Work From Home",09:16,17:53
ATD005519,EMP00786,2025-02-26,Absent,NULL,NULL
ATD005520,EMP00800,2025-04-30,"Half Day",09:00,13:09
ATD005521,EMP00246,2024-11-02,"Half Day",08:44,13:13
ATD005522,EMP00012,2026-03-15,"Work From Home",09:26,17:26
ATD005523,EMP00636,2025-05-11,Present,08:41,18:11
ATD005524,EMP01007,2025-07-04,Present,09:39,18:15
ATD005525,EMP00467,2026-04-29,Present,09:34,18:37
ATD005526,EMP00619,2026-06-24,"Half Day",08:58,13:15
ATD005527,EMP00800,2025-06-24,"Work From Home",09:03,17:12
ATD005528,EMP00088,2026-04-07,"Half Day",09:21,13:09
ATD005529,EMP00816,2025-03-06,"Half Day",09:07,13:00
ATD005530,EMP00501,2026-05-09,Present,08:37,16:51
ATD005531,EMP01112,2025-03-01,Present,08:56,18:22
ATD005532,EMP00635,2026-04-24,Present,08:37,17:15
ATD005533,EMP01075,2025-01-17,"Work From Home",09:41,18:27
ATD005534,EMP01203,2026-06-26,Present,08:30,17:44
ATD005535,EMP00886,2025-07-09,"Work From Home",09:57,18:08
ATD005536,EMP00204,2025-10-29,Absent,NULL,NULL
ATD005537,EMP00134,2025-02-24,Present,08:38,17:00
ATD005538,EMP00380,2026-03-01,Absent,NULL,NULL
ATD005539,EMP00708,2026-04-17,Absent,NULL,NULL
ATD005540,EMP00543,2025-06-03,Present,08:32,16:39
ATD005541,EMP00842,2025-08-07,Present,08:45,17:46
ATD005542,EMP00774,2024-10-27,Present,09:33,18:14
ATD005543,EMP01201,2025-01-13,Present,08:58,17:09
ATD005544,EMP00492,2026-05-01,Present,09:13,18:13
ATD005545,EMP00328,2024-11-08,"Work From Home",09:41,18:22
ATD005546,EMP00283,2026-06-28,Present,08:57,18:05
ATD005547,EMP00607,2024-10-10,Present,09:42,18:59
ATD005548,EMP00602,2024-08-03,Present,09:40,18:07
ATD005549,EMP00188,2024-11-17,Present,08:37,17:27
ATD005550,EMP00388,2026-05-06,"Work From Home",09:47,18:42
ATD005551,EMP00967,2025-04-23,Present,09:41,18:06
ATD005552,EMP00783,2024-12-19,Absent,NULL,NULL
ATD005553,EMP00403,2026-05-10,Present,08:52,18:18
ATD005554,EMP01142,2024-08-22,Present,09:40,17:54
ATD005555,EMP00694,2026-06-13,Present,08:36,17:23
ATD005556,EMP00359,2026-04-28,Absent,NULL,NULL
ATD005557,EMP00579,2025-04-30,"Work From Home",09:08,17:36
ATD005558,EMP00107,2024-12-05,Present,09:43,18:38
ATD005559,EMP01141,2024-10-27,"Half Day",08:32,12:34
ATD005560,EMP01158,2025-12-22,Present,09:19,17:43
ATD005561,EMP00065,2026-06-12,"Work From Home",09:36,17:57
ATD005562,EMP00285,2025-09-22,"Half Day",09:28,13:51
ATD005563,EMP01108,2025-10-06,Absent,NULL,NULL
ATD005564,EMP00137,2024-09-03,Present,08:48,18:18
ATD005565,EMP01128,2025-12-14,"Half Day",08:59,13:26
ATD005566,EMP01184,2025-04-09,Present,09:15,18:17
ATD005567,EMP00712,2025-11-22,Present,08:56,17:27
ATD005568,EMP00600,2026-03-07,Absent,NULL,NULL
ATD005569,EMP00554,2026-07-29,"Work From Home",09:24,18:15
ATD005570,EMP01218,2026-04-10,Present,09:02,18:10
ATD005571,EMP00193,2024-12-25,Present,09:00,17:32
ATD005572,EMP00152,2024-11-08,"Half Day",09:23,13:10
ATD005573,EMP00385,2025-03-10,Present,09:28,18:04
ATD005574,EMP00672,2026-04-16,"Work From Home",09:26,18:06
ATD005575,EMP00455,2026-04-28,Present,08:56,17:38
ATD005576,EMP00325,2025-07-05,Present,09:22,18:32
ATD005577,EMP00868,2024-12-11,Absent,NULL,NULL
ATD005578,EMP00675,2025-06-19,Present,09:13,17:34
ATD005579,EMP01201,2025-06-25,Present,09:02,17:20
ATD005580,EMP00256,2025-11-07,Present,09:18,18:10
ATD005581,EMP00324,2024-12-19,Present,09:01,18:09
ATD005582,EMP00835,2025-03-31,"Half Day",08:58,13:05
ATD005583,EMP01183,2024-10-10,Present,09:05,18:34
ATD005584,EMP00210,2025-10-03,Present,08:38,17:56
ATD005585,EMP00844,2026-05-27,Present,09:40,18:02
ATD005586,EMP00057,2025-11-26,Present,08:59,17:30
ATD005587,EMP01067,2025-01-16,Present,09:04,17:36
ATD005588,EMP00147,2025-10-01,Present,08:31,17:17
ATD005589,EMP00894,2025-07-30,Absent,NULL,NULL
ATD005590,EMP01071,2025-05-04,Present,09:02,17:05
ATD005591,EMP00252,2024-09-22,Present,09:07,18:07
ATD005592,EMP00898,2024-09-21,"Work From Home",09:06,18:03
ATD005593,EMP00093,2024-08-18,"Half Day",09:29,13:43
ATD005594,EMP01186,2025-03-03,"Work From Home",09:51,18:26
ATD005595,EMP00619,2026-03-17,Present,09:18,18:44
ATD005596,EMP01038,2025-07-14,Present,09:07,17:57
ATD005597,EMP00005,2024-08-02,"Half Day",08:46,12:52
ATD005598,EMP00763,2026-03-27,Present,08:59,17:13
ATD005599,EMP00948,2025-07-02,Present,09:22,18:12
ATD005600,EMP00041,2025-07-30,Present,08:43,17:51
ATD005601,EMP00020,2025-04-10,Present,09:45,17:55
ATD005602,EMP00192,2025-12-23,Present,08:48,17:56
ATD005603,EMP00807,2026-03-27,Present,09:14,18:26
ATD005604,EMP00699,2025-12-28,Absent,NULL,NULL
ATD005605,EMP00947,2025-10-27,Present,08:44,17:32
ATD005606,EMP00806,2025-06-28,Present,09:12,17:30
ATD005607,EMP00719,2025-04-11,Present,09:25,18:16
ATD005608,EMP01215,2026-06-13,Absent,NULL,NULL
ATD005609,EMP00394,2026-01-30,Present,09:13,18:24
ATD005610,EMP00963,2026-01-28,Present,08:46,17:26
ATD005611,EMP00979,2026-07-01,Present,08:30,16:59
ATD005612,EMP00516,2026-03-16,Present,09:26,18:34
ATD005613,EMP00541,2025-11-01,Present,08:54,17:48
ATD005614,EMP00457,2025-04-24,Present,09:32,17:41
ATD005615,EMP00556,2025-06-18,Present,09:39,17:56
ATD005616,EMP01065,2024-08-17,Present,09:42,19:06
ATD005617,EMP00104,2026-03-02,Present,08:39,16:56
ATD005618,EMP00674,2026-06-23,"Work From Home",09:50,18:21
ATD005619,EMP01159,2024-12-17,Present,09:18,18:09
ATD005620,EMP00450,2025-12-06,Present,09:39,18:24
ATD005621,EMP00758,2026-05-04,Present,09:03,18:17
ATD005622,EMP00618,2024-08-19,Present,08:35,17:42
ATD005623,EMP00682,2026-03-04,Present,09:03,18:23
ATD005624,EMP00203,2025-08-14,Present,09:23,18:31
ATD005625,EMP00490,2024-08-01,Absent,NULL,NULL
ATD005626,EMP01183,2025-03-04,Present,09:45,18:48
ATD005627,EMP01228,2025-12-09,Present,08:37,17:59
ATD005628,EMP00919,2025-10-09,"Work From Home",09:26,17:50
ATD005629,EMP00093,2024-12-24,Present,09:29,17:56
ATD005630,EMP00148,2024-09-03,Present,08:49,17:59
ATD005631,EMP01004,2025-08-12,Present,09:35,18:39
ATD005632,EMP00734,2024-12-15,Absent,NULL,NULL
ATD005633,EMP00256,2026-07-14,"Work From Home",09:52,18:12
ATD005634,EMP00746,2024-09-30,Present,08:57,18:22
ATD005635,EMP01043,2026-01-01,Present,09:26,17:30
ATD005636,EMP00148,2025-03-28,Present,08:55,17:35
ATD005637,EMP00317,2026-03-16,Present,08:49,18:18
ATD005638,EMP00018,2026-04-28,Present,09:32,18:52
ATD005639,EMP00196,2026-02-17,"Work From Home",09:46,18:36
ATD005640,EMP00671,2026-07-23,"Work From Home",09:50,18:07
ATD005641,EMP00487,2024-11-18,Absent,NULL,NULL
ATD005642,EMP00336,2025-05-14,Present,09:12,18:09
ATD005643,EMP00977,2026-04-24,Absent,NULL,NULL
ATD005644,EMP01223,2025-09-15,"Half Day",09:21,13:42
ATD005645,EMP00498,2025-03-14,Present,08:56,17:44
ATD005646,EMP00240,2024-11-07,Present,09:11,17:45
ATD005647,EMP00566,2025-02-11,Present,09:13,18:26
ATD005648,EMP00813,2026-02-15,Present,09:35,18:20
ATD005649,EMP00994,2025-10-19,Absent,NULL,NULL
ATD005650,EMP00061,2026-04-05,"Work From Home",09:45,17:52
ATD005651,EMP00879,2025-08-15,"Half Day",08:32,12:16
ATD005652,EMP00840,2024-09-09,Present,08:44,17:07
ATD005653,EMP00569,2026-05-20,Present,08:51,18:14
ATD005654,EMP00400,2024-09-07,Present,09:16,17:53
ATD005655,EMP00922,2025-01-17,Present,09:26,18:32
ATD005656,EMP00696,2025-09-10,Present,09:22,17:47
ATD005657,EMP00572,2026-04-01,"Work From Home",09:30,17:30
ATD005658,EMP01025,2025-05-24,"Work From Home",09:58,18:51
ATD005659,EMP01070,2026-02-19,Present,08:59,17:24
ATD005660,EMP00860,2025-05-23,Present,08:49,17:45
ATD005661,EMP00906,2024-10-14,Present,08:47,17:19
ATD005662,EMP00477,2026-02-02,Present,09:15,17:59
ATD005663,EMP00815,2024-12-28,Present,09:37,18:13
ATD005664,EMP00167,2025-12-21,Present,09:16,17:55
ATD005665,EMP00183,2025-08-17,"Half Day",08:40,12:18
ATD005666,EMP01159,2026-05-23,Present,08:45,16:57
ATD005667,EMP00071,2026-04-23,Present,09:10,18:04
ATD005668,EMP00831,2025-05-29,Present,08:44,16:56
ATD005669,EMP00942,2025-07-28,Present,08:41,17:28
ATD005670,EMP00623,2026-03-13,Present,09:04,17:51
ATD005671,EMP00917,2024-08-14,Present,09:24,18:48
ATD005672,EMP00636,2025-12-20,Present,09:39,19:03
ATD005673,EMP00288,2026-05-25,"Work From Home",09:40,18:37
ATD005674,EMP00021,2026-03-17,"Work From Home",09:43,17:43
ATD005675,EMP01180,2024-11-15,"Half Day",08:32,12:53
ATD005676,EMP00942,2025-01-07,Present,09:12,18:34
ATD005677,EMP00188,2026-04-22,Present,09:32,17:41
ATD005678,EMP00978,2025-11-30,Absent,NULL,NULL
ATD005679,EMP00082,2025-02-17,"Half Day",09:02,13:14
ATD005680,EMP00346,2025-12-28,Present,09:19,17:54
ATD005681,EMP00819,2026-03-29,Present,09:09,18:19
ATD005682,EMP00491,2025-12-28,Absent,NULL,NULL
ATD005683,EMP00563,2024-09-25,Present,08:51,17:51
ATD005684,EMP00629,2025-09-20,"Work From Home",09:16,18:05
ATD005685,EMP01111,2025-09-16,Present,09:32,17:35
ATD005686,EMP00843,2025-02-08,Present,09:04,17:21
ATD005687,EMP01119,2025-12-25,"Work From Home",09:13,18:05
ATD005688,EMP00446,2025-11-26,"Work From Home",09:32,17:53
ATD005689,EMP00826,2025-10-25,Present,08:40,17:18
ATD005690,EMP01061,2025-07-24,Absent,NULL,NULL
ATD005691,EMP01132,2026-01-26,Present,09:03,18:26
ATD005692,EMP01109,2025-02-24,Present,09:07,17:50
ATD005693,EMP00645,2025-05-19,"Work From Home",09:51,18:00
ATD005694,EMP01200,2026-04-20,Present,08:43,16:49
ATD005695,EMP00744,2024-11-28,Absent,NULL,NULL
ATD005696,EMP00501,2025-10-01,Present,09:18,17:34
ATD005697,EMP00480,2025-05-11,Absent,NULL,NULL
ATD005698,EMP00147,2025-08-07,Present,09:44,18:32
ATD005699,EMP00059,2024-11-23,Present,09:00,18:22
ATD005700,EMP00916,2025-01-21,Present,09:30,18:52
ATD005701,EMP00035,2026-03-19,Absent,NULL,NULL
ATD005702,EMP00765,2024-09-30,Present,09:19,17:29
ATD005703,EMP01151,2025-12-12,Absent,NULL,NULL
ATD005704,EMP00345,2025-03-14,Present,09:45,17:45
ATD005705,EMP01037,2024-09-29,Absent,NULL,NULL
ATD005706,EMP00581,2025-01-08,Absent,NULL,NULL
ATD005707,EMP01212,2024-08-25,Present,08:46,16:52
ATD005708,EMP00850,2025-08-05,Present,08:58,17:59
ATD005709,EMP00339,2025-02-17,Present,08:55,17:02
ATD005710,EMP00587,2025-08-06,Present,08:48,17:21
ATD005711,EMP01201,2026-02-11,Present,08:47,18:01
ATD005712,EMP00568,2026-07-11,Present,08:57,18:12
ATD005713,EMP00023,2024-09-15,"Half Day",08:41,12:34
ATD005714,EMP00145,2024-10-25,Present,08:48,16:53
ATD005715,EMP00100,2025-04-16,"Work From Home",09:02,17:38
ATD005716,EMP01169,2025-11-18,Present,09:08,18:17
ATD005717,EMP00928,2025-08-07,Present,09:10,18:15
ATD005718,EMP00245,2025-10-26,Present,08:39,17:38
ATD005719,EMP00692,2024-10-21,Present,08:58,17:55
ATD005720,EMP00193,2024-09-21,Present,09:38,17:41
ATD005721,EMP00902,2025-05-10,Present,09:07,17:22
ATD005722,EMP00302,2026-07-09,"Work From Home",09:24,18:18
ATD005723,EMP00601,2025-08-21,Absent,NULL,NULL
ATD005724,EMP00069,2025-10-16,Present,09:30,18:16
ATD005725,EMP00377,2026-03-01,Present,08:48,18:07
ATD005726,EMP00352,2025-03-26,"Half Day",08:51,12:59
ATD005727,EMP00122,2025-08-14,Present,09:02,17:45
ATD005728,EMP00922,2025-04-11,Present,08:55,18:23
ATD005729,EMP01061,2025-04-06,Present,08:30,16:59
ATD005730,EMP00026,2025-07-18,Absent,NULL,NULL
ATD005731,EMP00768,2025-04-15,Present,09:14,17:44
ATD005732,EMP01117,2024-08-21,Present,09:11,17:25
ATD005733,EMP00822,2025-09-27,Absent,NULL,NULL
ATD005734,EMP00189,2025-08-10,"Work From Home",09:28,18:18
ATD005735,EMP00534,2026-03-03,Present,09:42,17:52
ATD005736,EMP00827,2025-01-29,Present,09:00,18:22
ATD005737,EMP01121,2025-04-29,"Work From Home",09:26,17:34
ATD005738,EMP00033,2026-01-01,Present,08:41,17:44
ATD005739,EMP01071,2025-08-09,"Work From Home",09:26,18:07
ATD005740,EMP00270,2025-03-10,Present,09:14,18:27
ATD005741,EMP00775,2025-06-07,Present,09:08,18:29
ATD005742,EMP00064,2025-12-29,Present,09:08,17:37
ATD005743,EMP01045,2025-01-31,Absent,NULL,NULL
ATD005744,EMP00955,2024-10-27,Present,09:36,18:19
ATD005745,EMP00930,2025-11-29,Present,08:34,17:42
ATD005746,EMP00056,2026-01-18,Present,08:36,17:04
ATD005747,EMP00713,2025-06-15,Present,09:16,17:29
ATD005748,EMP00079,2026-02-02,Present,08:42,16:57
ATD005749,EMP00535,2026-05-05,"Half Day",08:41,12:30
ATD005750,EMP00819,2025-09-06,"Work From Home",09:26,18:13
ATD005751,EMP00348,2024-08-01,Absent,NULL,NULL
ATD005752,EMP00238,2026-05-08,Present,09:04,17:41
ATD005753,EMP00743,2025-03-01,"Work From Home",09:34,18:08
ATD005754,EMP00877,2025-12-05,Present,09:26,18:11
ATD005755,EMP00975,2024-11-22,Present,08:47,18:06
ATD005756,EMP00774,2025-06-09,Absent,NULL,NULL
ATD005757,EMP01117,2026-01-03,Present,09:17,18:24
ATD005758,EMP00233,2026-03-18,Present,08:39,17:54
ATD005759,EMP00088,2025-06-17,Present,09:07,17:22
ATD005760,EMP00328,2025-04-13,Present,08:55,17:10
ATD005761,EMP00280,2024-09-03,Present,09:37,17:44
ATD005762,EMP00972,2025-04-18,Present,09:25,18:14
ATD005763,EMP01185,2026-03-06,Present,08:39,17:32
ATD005764,EMP00534,2025-09-28,Present,09:43,17:44
ATD005765,EMP01229,2025-07-09,"Half Day",09:23,13:53
ATD005766,EMP00725,2026-02-16,Absent,NULL,NULL
ATD005767,EMP00111,2025-03-10,Present,08:50,18:07
ATD005768,EMP00732,2025-10-11,Present,09:21,17:21
ATD005769,EMP00279,2026-04-05,Present,09:00,18:23
ATD005770,EMP00482,2025-05-25,Present,09:29,17:37
ATD005771,EMP00960,2026-01-31,Present,09:33,18:24
ATD005772,EMP00888,2025-07-24,Present,09:28,17:37
ATD005773,EMP00717,2025-04-28,Present,09:15,18:06
ATD005774,EMP01081,2026-05-07,"Work From Home",09:35,18:25
ATD005775,EMP00230,2026-01-18,Present,08:50,18:17
ATD005776,EMP00825,2025-02-24,Present,08:30,17:10
ATD005777,EMP00136,2025-07-14,Absent,NULL,NULL
ATD005778,EMP00168,2024-11-28,"Half Day",09:28,13:10
ATD005779,EMP00235,2026-05-16,"Half Day",08:37,12:39
ATD005780,EMP00442,2025-09-02,Present,08:45,16:53
ATD005781,EMP00822,2024-12-03,Present,08:41,16:50
ATD005782,EMP00577,2026-03-08,Present,08:33,17:28
ATD005783,EMP00598,2026-06-21,Present,08:57,18:15
ATD005784,EMP01120,2025-07-21,"Half Day",08:56,12:47
ATD005785,EMP00867,2025-09-27,Present,08:50,16:50
ATD005786,EMP00738,2026-08-02,Present,09:30,18:34
ATD005787,EMP00184,2026-01-27,Present,08:36,16:51
ATD005788,EMP00466,2026-03-04,Absent,NULL,NULL
ATD005789,EMP01112,2025-09-06,Present,08:57,17:03
ATD005790,EMP00319,2025-09-15,Present,08:32,16:46
ATD005791,EMP00561,2026-02-20,Present,08:30,17:01
ATD005792,EMP00501,2025-03-01,Present,08:41,17:20
ATD005793,EMP00152,2025-09-23,Present,08:54,16:55
ATD005794,EMP01094,2025-05-21,Present,09:10,18:06
ATD005795,EMP00924,2026-05-02,Present,08:48,17:38
ATD005796,EMP00823,2025-06-02,Absent,NULL,NULL
ATD005797,EMP01085,2025-12-14,Absent,NULL,NULL
ATD005798,EMP00536,2025-07-15,Present,09:20,17:45
ATD005799,EMP01112,2024-09-27,Present,09:36,19:00
ATD005800,EMP00685,2025-12-29,"Half Day",08:38,12:55
ATD005801,EMP01003,2026-01-19,"Work From Home",09:47,17:58
ATD005802,EMP00154,2025-08-07,Present,08:58,17:37
ATD005803,EMP01085,2026-06-16,Present,09:37,18:53
ATD005804,EMP01001,2025-03-31,"Work From Home",09:19,17:54
ATD005805,EMP00872,2025-07-29,Present,09:30,17:55
ATD005806,EMP00832,2024-09-07,Present,08:59,17:32
ATD005807,EMP00831,2025-07-09,Present,09:30,18:48
ATD005808,EMP01046,2024-12-21,Present,09:36,18:27
ATD005809,EMP00316,2025-10-01,Present,09:20,18:08
ATD005810,EMP01157,2025-06-24,"Work From Home",09:15,17:35
ATD005811,EMP00600,2026-01-07,"Work From Home",09:21,17:42
ATD005812,EMP01160,2026-01-05,Present,08:44,17:51
ATD005813,EMP00348,2025-11-01,Present,09:26,18:26
ATD005814,EMP00637,2025-08-20,Present,08:43,17:34
ATD005815,EMP01215,2025-05-11,Present,08:45,17:27
ATD005816,EMP00822,2026-02-25,"Half Day",09:10,12:52
ATD005817,EMP00604,2024-11-09,Present,08:36,16:57
ATD005818,EMP00073,2025-11-09,Present,08:51,17:52
ATD005819,EMP00215,2026-06-13,Absent,NULL,NULL
ATD005820,EMP01195,2025-05-25,"Work From Home",09:37,18:19
ATD005821,EMP00097,2026-01-12,Present,08:59,17:30
ATD005822,EMP00087,2025-11-28,Present,09:23,17:38
ATD005823,EMP00887,2025-02-20,Present,09:03,17:19
ATD005824,EMP00969,2025-10-28,Present,08:49,18:05
ATD005825,EMP00591,2025-11-22,Present,09:37,18:24
ATD005826,EMP00015,2026-03-16,"Work From Home",09:52,18:24
ATD005827,EMP00526,2025-04-14,Present,09:44,19:12
ATD005828,EMP00676,2024-12-13,Present,08:36,16:56
ATD005829,EMP00211,2026-08-04,Present,08:55,17:20
ATD005830,EMP00461,2025-01-01,Present,09:26,18:32
ATD005831,EMP00821,2025-07-24,Present,08:50,18:18
ATD005832,EMP00112,2024-10-13,Present,08:37,17:36
ATD005833,EMP00534,2025-08-20,Present,08:50,17:49
ATD005834,EMP00616,2026-04-19,Present,08:42,17:15
ATD005835,EMP00165,2026-08-06,"Half Day",08:51,13:14
ATD005836,EMP01179,2025-02-20,Present,08:38,17:19
ATD005837,EMP01225,2024-10-13,"Work From Home",09:04,17:33
ATD005838,EMP00159,2024-10-12,Present,08:55,17:56
ATD005839,EMP00896,2025-06-05,Present,09:10,17:41
ATD005840,EMP00607,2026-02-19,Present,08:58,18:00
ATD005841,EMP00962,2025-04-19,Present,08:33,16:45
ATD005842,EMP00675,2025-09-04,Present,09:22,18:14
ATD005843,EMP00742,2026-01-03,"Half Day",09:22,13:22
ATD005844,EMP00389,2025-06-01,Present,08:42,16:48
ATD005845,EMP00050,2024-11-27,Absent,NULL,NULL
ATD005846,EMP00190,2025-04-06,Present,09:13,18:22
ATD005847,EMP00702,2025-05-17,Present,09:00,17:58
ATD005848,EMP00952,2026-04-30,Present,09:23,18:02
ATD005849,EMP01008,2024-08-13,Present,09:42,17:50
ATD005850,EMP00209,2026-05-22,Present,09:23,17:30
ATD005851,EMP00801,2026-03-20,"Half Day",09:26,13:11
ATD005852,EMP00457,2024-08-24,Present,08:44,16:55
ATD005853,EMP00147,2025-12-05,"Work From Home",09:55,18:20
ATD005854,EMP01095,2024-09-26,"Work From Home",09:55,18:12
ATD005855,EMP01150,2025-02-27,Absent,NULL,NULL
ATD005856,EMP00488,2026-03-31,"Work From Home",09:57,18:00
ATD005857,EMP00568,2026-05-26,Present,08:48,17:10
ATD005858,EMP00804,2024-09-06,Present,09:18,18:25
ATD005859,EMP00526,2024-12-14,Absent,NULL,NULL
ATD005860,EMP01082,2025-01-21,Present,08:43,17:56
ATD005861,EMP00038,2025-11-22,Present,09:18,17:22
ATD005862,EMP00532,2025-08-23,"Work From Home",09:46,18:04
ATD005863,EMP00374,2024-11-21,"Half Day",08:37,12:15
ATD005864,EMP00703,2025-12-03,"Half Day",09:26,13:15
ATD005865,EMP01201,2026-05-12,Present,08:40,17:53
ATD005866,EMP01133,2026-06-13,Present,08:57,17:08
ATD005867,EMP00678,2025-07-12,"Work From Home",09:00,17:18
ATD005868,EMP00930,2024-08-30,Present,09:41,18:42
ATD005869,EMP00065,2025-04-03,"Work From Home",09:55,18:35
ATD005870,EMP01198,2025-10-31,"Work From Home",09:20,17:38
ATD005871,EMP00500,2025-06-21,Present,08:37,17:18
ATD005872,EMP00834,2024-12-16,Absent,NULL,NULL
ATD005873,EMP01228,2025-09-22,Present,08:32,17:02
ATD005874,EMP00366,2025-03-16,Present,08:53,18:11
ATD005875,EMP00668,2026-05-16,"Work From Home",09:54,17:59
ATD005876,EMP00298,2025-12-01,Present,08:32,17:30
ATD005877,EMP00700,2024-11-12,Present,08:57,17:46
ATD005878,EMP01102,2025-02-05,Absent,NULL,NULL
ATD005879,EMP01032,2025-06-21,Present,09:34,18:08
ATD005880,EMP00240,2025-09-20,Present,09:17,18:36
ATD005881,EMP00492,2025-06-02,Present,09:39,18:13
ATD005882,EMP00583,2024-10-06,Present,08:36,17:30
ATD005883,EMP00018,2025-05-21,"Work From Home",09:44,18:24
ATD005884,EMP00746,2026-02-13,Present,08:40,17:37
ATD005885,EMP01062,2026-01-20,"Half Day",08:45,13:04
ATD005886,EMP00831,2025-10-10,Present,08:40,18:01
ATD005887,EMP00524,2024-12-05,Absent,NULL,NULL
ATD005888,EMP00773,2026-03-31,Present,09:41,18:15
ATD005889,EMP00443,2025-08-29,"Work From Home",09:12,17:54
ATD005890,EMP00588,2025-10-05,Present,09:00,17:30
ATD005891,EMP00058,2025-07-27,Present,09:40,18:08
ATD005892,EMP00850,2025-07-13,"Work From Home",09:17,18:04
ATD005893,EMP01220,2024-08-10,Present,09:42,18:52
ATD005894,EMP00792,2024-10-08,Present,08:31,17:06
ATD005895,EMP01097,2026-01-21,Present,08:41,17:30
ATD005896,EMP00228,2025-11-19,"Half Day",09:25,13:04
ATD005897,EMP00027,2025-03-04,Present,08:35,17:47
ATD005898,EMP00734,2024-08-08,Present,09:00,18:08
ATD005899,EMP00485,2025-09-27,Present,09:15,17:38
ATD005900,EMP00298,2025-12-28,Present,08:56,17:40
ATD005901,EMP00934,2024-12-25,Present,09:00,17:47
ATD005902,EMP01222,2024-11-15,Present,08:36,17:51
ATD005903,EMP00907,2025-03-27,Present,08:33,17:27
ATD005904,EMP00893,2025-07-13,Present,09:09,17:22
ATD005905,EMP00390,2025-07-04,"Work From Home",09:12,18:02
ATD005906,EMP01144,2025-03-29,Present,09:22,18:20
ATD005907,EMP00720,2024-09-21,Present,09:17,17:41
ATD005908,EMP00270,2025-02-19,Present,09:41,18:18
ATD005909,EMP00817,2025-02-10,Present,09:19,18:03
ATD005910,EMP00338,2026-04-11,Present,09:13,18:33
ATD005911,EMP00929,2026-05-26,Present,09:04,17:41
ATD005912,EMP00129,2025-10-26,Present,08:41,18:05
ATD005913,EMP00110,2026-03-21,Present,09:06,18:08
ATD005914,EMP00143,2025-02-20,Present,08:46,17:16
ATD005915,EMP00437,2024-10-27,Present,08:46,17:34
ATD005916,EMP01083,2025-03-29,"Work From Home",09:09,17:55
ATD005917,EMP00311,2026-03-21,Present,09:25,18:21
ATD005918,EMP00789,2025-07-04,Present,08:52,17:30
ATD005919,EMP00449,2024-10-07,Present,08:42,18:11
ATD005920,EMP00900,2026-04-19,Present,09:41,18:48
ATD005921,EMP00037,2025-09-16,"Half Day",08:35,12:19
ATD005922,EMP00923,2025-04-05,"Half Day",09:18,13:16
ATD005923,EMP00646,2026-07-17,Present,08:42,17:59
ATD005924,EMP00608,2025-05-22,Absent,NULL,NULL
ATD005925,EMP00184,2024-09-03,Present,09:09,17:11
ATD005926,EMP00016,2024-08-27,"Work From Home",09:07,18:04
ATD005927,EMP01141,2025-07-15,Present,08:37,18:00
ATD005928,EMP00046,2025-02-22,Present,08:55,17:07
ATD005929,EMP00984,2026-03-31,Present,08:52,17:42
ATD005930,EMP00421,2026-02-24,Present,09:24,18:18
ATD005931,EMP00959,2025-08-12,Absent,NULL,NULL
ATD005932,EMP00680,2026-04-17,Present,09:02,17:46
ATD005933,EMP00468,2026-03-26,"Half Day",08:58,13:20
ATD005934,EMP00733,2026-05-24,Present,09:14,18:40
ATD005935,EMP00008,2025-02-17,Present,09:32,18:38
ATD005936,EMP00046,2025-06-12,"Work From Home",09:59,18:31
ATD005937,EMP00378,2026-05-19,Absent,NULL,NULL
ATD005938,EMP01208,2025-03-15,Absent,NULL,NULL
ATD005939,EMP00986,2026-05-06,Present,09:10,17:53
ATD005940,EMP00686,2025-09-07,Absent,NULL,NULL
ATD005941,EMP01162,2025-02-11,"Work From Home",09:53,18:40
ATD005942,EMP00713,2025-05-14,Absent,NULL,NULL
ATD005943,EMP00927,2026-04-07,Present,09:20,17:54
ATD005944,EMP00463,2025-05-12,Present,09:15,17:45
ATD005945,EMP00549,2025-12-10,Present,08:46,17:29
ATD005946,EMP00964,2025-10-13,Present,08:39,16:49
ATD005947,EMP01139,2026-03-16,"Half Day",08:57,13:04
ATD005948,EMP00738,2024-12-03,Absent,NULL,NULL
ATD005949,EMP00602,2025-05-29,"Work From Home",09:45,18:27
ATD005950,EMP00781,2024-08-09,Absent,NULL,NULL
ATD005951,EMP00383,2025-06-13,Absent,NULL,NULL
ATD005952,EMP01223,2025-08-31,Present,08:54,16:56
ATD005953,EMP00404,2025-05-17,Present,09:23,17:26
ATD005954,EMP00190,2025-10-30,Absent,NULL,NULL
ATD005955,EMP00542,2025-05-05,"Work From Home",09:35,18:34
ATD005956,EMP00296,2025-01-28,Present,09:20,17:44
ATD005957,EMP00696,2026-02-04,"Half Day",09:10,13:39
ATD005958,EMP00865,2026-02-22,Absent,NULL,NULL
ATD005959,EMP00935,2024-09-09,"Work From Home",09:56,18:27
ATD005960,EMP01035,2024-12-22,Present,09:31,18:27
ATD005961,EMP00216,2026-08-04,Present,09:16,18:25
ATD005962,EMP00184,2024-12-23,Present,09:42,18:48
ATD005963,EMP00985,2026-02-07,"Work From Home",09:59,18:01
ATD005964,EMP01189,2026-05-26,"Half Day",08:52,13:12
ATD005965,EMP01013,2025-05-16,Present,09:25,18:41
ATD005966,EMP01092,2025-03-13,Present,09:39,18:37
ATD005967,EMP00457,2026-04-21,Present,08:39,17:23
ATD005968,EMP00934,2025-11-14,Present,09:21,18:34
ATD005969,EMP00806,2025-08-29,"Work From Home",09:59,18:57
ATD005970,EMP00613,2025-05-01,Present,08:34,17:54
ATD005971,EMP00423,2026-04-19,Present,09:30,17:48
ATD005972,EMP00489,2025-10-13,"Work From Home",09:25,17:25
ATD005973,EMP00913,2024-12-29,Present,09:04,17:27
ATD005974,EMP00942,2025-12-02,Present,08:44,18:08
ATD005975,EMP00455,2026-05-20,Absent,NULL,NULL
ATD005976,EMP00334,2024-08-13,Present,09:43,18:31
ATD005977,EMP00629,2025-05-09,Present,09:13,18:31
ATD005978,EMP00956,2026-06-05,Present,08:45,17:00
ATD005979,EMP00672,2024-09-15,Present,08:57,18:25
ATD005980,EMP00670,2025-07-29,Present,09:31,18:02
ATD005981,EMP00570,2024-12-29,"Half Day",08:31,12:29
ATD005982,EMP00626,2025-07-18,Absent,NULL,NULL
ATD005983,EMP01220,2025-04-11,Present,08:57,18:10
ATD005984,EMP00374,2026-07-12,Present,09:40,18:00
ATD005985,EMP00572,2025-03-06,Absent,NULL,NULL
ATD005986,EMP00259,2024-11-22,Present,09:11,17:24
ATD005987,EMP00396,2024-12-30,Present,09:33,18:13
ATD005988,EMP00003,2025-11-01,Absent,NULL,NULL
ATD005989,EMP00495,2026-07-09,Present,09:07,18:09
ATD005990,EMP00009,2025-05-05,Present,08:38,17:25
ATD005991,EMP00403,2026-05-27,Present,09:10,18:40
ATD005992,EMP00444,2025-07-26,"Work From Home",09:43,17:50
ATD005993,EMP00667,2024-10-11,Absent,NULL,NULL
ATD005994,EMP00626,2024-09-19,Present,08:40,16:40
ATD005995,EMP00770,2024-11-19,"Half Day",09:00,12:46
ATD005996,EMP00622,2025-04-04,"Work From Home",09:33,17:56
ATD005997,EMP00025,2025-01-03,Present,09:01,17:19
ATD005998,EMP00332,2025-02-17,Present,09:20,17:39
ATD005999,EMP01218,2025-09-07,Absent,NULL,NULL
ATD006000,EMP00209,2026-05-29,Present,08:33,17:33
ATD006001,EMP00096,2025-01-19,Present,09:13,17:25
ATD006002,EMP01181,2025-10-24,Present,08:59,17:41
ATD006003,EMP00146,2025-09-03,Present,09:41,18:39
ATD006004,EMP00333,2025-01-06,Present,08:49,17:23
ATD006005,EMP00049,2025-04-12,Present,09:20,18:34
ATD006006,EMP00441,2024-11-05,Present,08:32,16:42
ATD006007,EMP00072,2025-09-17,Present,08:39,16:54
ATD006008,EMP01186,2025-12-22,Absent,NULL,NULL
ATD006009,EMP00307,2026-06-03,Present,09:37,18:13
ATD006010,EMP00552,2025-06-08,Present,09:23,17:34
ATD006011,EMP01181,2026-06-20,Absent,NULL,NULL
ATD006012,EMP00700,2026-01-09,Present,08:49,17:41
ATD006013,EMP00071,2025-07-15,Present,09:27,18:41
ATD006014,EMP01092,2025-04-30,Present,09:16,18:02
ATD006015,EMP00079,2025-04-04,Absent,NULL,NULL
ATD006016,EMP00757,2026-04-07,Present,08:57,18:02
ATD006017,EMP00784,2025-01-10,"Work From Home",09:09,17:45
ATD006018,EMP00029,2024-08-24,Present,08:52,17:11
ATD006019,EMP00175,2024-08-29,Present,09:33,18:59
ATD006020,EMP00159,2025-06-22,"Work From Home",09:35,17:54
ATD006021,EMP00253,2025-07-17,Present,09:18,18:43
ATD006022,EMP00822,2025-12-20,"Half Day",09:01,13:20
ATD006023,EMP00582,2026-02-08,"Work From Home",09:11,18:06
ATD006024,EMP00700,2024-09-07,Present,09:18,18:24
ATD006025,EMP00085,2025-09-10,"Work From Home",09:41,18:36
ATD006026,EMP00656,2025-07-19,Absent,NULL,NULL
ATD006027,EMP00514,2025-01-04,"Work From Home",09:42,18:00
ATD006028,EMP00106,2025-07-14,Present,09:36,18:46
ATD006029,EMP00180,2025-01-06,"Work From Home",09:08,17:16
ATD006030,EMP00628,2024-12-28,Present,08:47,18:06
ATD006031,EMP01042,2024-10-16,Present,08:38,17:33
ATD006032,EMP00123,2026-06-11,Present,09:20,18:12
ATD006033,EMP00989,2025-11-06,"Half Day",09:26,13:50
ATD006034,EMP00981,2025-12-22,Present,09:41,18:40
ATD006035,EMP00486,2025-12-14,"Work From Home",09:10,17:22
ATD006036,EMP00787,2024-09-06,"Work From Home",09:29,18:17
ATD006037,EMP01212,2025-10-03,Present,08:49,17:14
ATD006038,EMP00639,2025-11-17,Present,09:15,17:49
ATD006039,EMP00601,2026-04-04,"Work From Home",09:35,18:15
ATD006040,EMP00525,2025-07-01,Present,08:31,17:31
ATD006041,EMP01229,2025-05-04,Present,08:34,17:17
ATD006042,EMP00872,2025-01-18,Present,09:14,18:03
ATD006043,EMP00598,2025-04-07,Present,09:39,18:47
ATD006044,EMP00457,2025-06-17,Absent,NULL,NULL
ATD006045,EMP00925,2025-08-10,"Work From Home",09:32,18:12
ATD006046,EMP00476,2026-08-01,Present,09:11,17:34
ATD006047,EMP00654,2025-07-02,Present,09:31,17:33
ATD006048,EMP01053,2024-11-07,Present,09:20,18:42
ATD006049,EMP00155,2025-03-04,Present,08:39,17:52
ATD006050,EMP00942,2025-07-05,Present,09:39,18:23
ATD006051,EMP01194,2026-03-23,Present,08:37,17:48
ATD006052,EMP00106,2025-06-29,Present,08:52,18:11
ATD006053,EMP00551,2024-10-04,Present,08:48,17:29
ATD006054,EMP00170,2025-06-09,"Work From Home",09:56,18:39
ATD006055,EMP00508,2025-05-16,Present,09:45,18:40
ATD006056,EMP00720,2026-06-03,Present,09:06,17:11
ATD006057,EMP00431,2025-04-14,"Work From Home",09:35,17:58
ATD006058,EMP01031,2025-04-17,Present,08:36,16:56
ATD006059,EMP00326,2025-01-05,Absent,NULL,NULL
ATD006060,EMP00315,2026-07-09,Present,08:30,16:38
ATD006061,EMP00925,2026-06-24,Present,09:04,18:33
ATD006062,EMP00511,2025-05-17,Present,09:19,17:56
ATD006063,EMP00738,2024-10-01,Present,08:37,16:38
ATD006064,EMP00952,2025-05-17,Present,09:32,18:33
ATD006065,EMP00588,2025-09-12,Present,09:14,17:14
ATD006066,EMP00140,2024-12-07,Present,08:48,17:09
ATD006067,EMP00073,2025-05-13,Absent,NULL,NULL
ATD006068,EMP00513,2025-09-23,Present,09:20,17:43
ATD006069,EMP00209,2026-05-31,"Work From Home",09:09,17:29
ATD006070,EMP01129,2025-11-12,Present,08:50,17:58
ATD006071,EMP01118,2025-11-04,Absent,NULL,NULL
ATD006072,EMP01047,2026-05-07,Present,08:41,16:48
ATD006073,EMP00249,2025-04-11,Present,09:00,17:51
ATD006074,EMP00403,2025-03-19,"Work From Home",09:41,17:44
ATD006075,EMP00078,2026-04-21,"Half Day",09:02,13:02
ATD006076,EMP00837,2025-09-06,Present,08:46,17:31
ATD006077,EMP00825,2025-12-16,Absent,NULL,NULL
ATD006078,EMP00336,2025-06-19,Present,08:40,17:29
ATD006079,EMP00789,2024-10-31,"Work From Home",09:34,17:47
ATD006080,EMP00854,2026-04-20,Present,09:30,18:27
ATD006081,EMP00042,2026-02-23,Present,08:37,17:40
ATD006082,EMP01014,2026-03-18,Present,08:41,17:31
ATD006083,EMP01191,2026-07-22,Present,08:54,17:33
ATD006084,EMP00623,2025-11-02,Present,09:31,18:19
ATD006085,EMP01184,2026-02-26,Present,09:20,18:37
ATD006086,EMP00839,2025-01-15,Present,08:52,17:51
ATD006087,EMP00020,2024-10-10,Present,08:35,17:49
ATD006088,EMP01159,2026-07-16,"Work From Home",09:06,17:57
ATD006089,EMP00847,2026-06-03,Present,08:45,17:47
ATD006090,EMP00683,2026-07-13,Present,09:34,18:19
ATD006091,EMP00293,2025-12-07,Present,09:28,17:42
ATD006092,EMP00722,2026-06-30,Present,08:50,17:27
ATD006093,EMP00981,2026-03-24,Present,08:32,17:46
ATD006094,EMP00827,2025-06-28,Absent,NULL,NULL
ATD006095,EMP00526,2025-02-21,Present,09:11,18:19
ATD006096,EMP00001,2025-07-27,Present,08:52,17:24
ATD006097,EMP00857,2025-09-20,Present,09:00,18:24
ATD006098,EMP00749,2024-10-30,"Half Day",09:09,13:38
ATD006099,EMP00221,2025-08-03,Present,08:53,16:53
ATD006100,EMP00421,2025-07-03,Present,08:38,17:50
ATD006101,EMP00149,2026-04-09,Present,08:35,17:52
ATD006102,EMP00708,2025-11-02,"Work From Home",09:05,17:09
ATD006103,EMP00749,2024-08-14,Absent,NULL,NULL
ATD006104,EMP00650,2025-06-12,Present,09:05,17:11
ATD006105,EMP00585,2025-06-24,Present,08:39,17:39
ATD006106,EMP00711,2026-07-21,Present,08:44,17:42
ATD006107,EMP00472,2026-03-20,Present,08:59,17:08
ATD006108,EMP01019,2025-12-06,Present,08:50,16:52
ATD006109,EMP00208,2025-08-02,Present,09:15,18:12
ATD006110,EMP00176,2025-01-06,Absent,NULL,NULL
ATD006111,EMP00062,2024-10-26,"Half Day",09:01,12:35
ATD006112,EMP01083,2026-01-28,Present,09:02,17:56
ATD006113,EMP00825,2025-06-09,Present,08:52,17:43
ATD006114,EMP00872,2025-05-21,"Work From Home",09:10,17:22
ATD006115,EMP00813,2026-02-16,"Work From Home",09:42,18:36
ATD006116,EMP00626,2025-02-13,Present,08:40,17:53
ATD006117,EMP00375,2024-10-15,"Half Day",08:58,12:35
ATD006118,EMP00698,2025-01-18,Present,08:34,17:41
ATD006119,EMP00100,2025-11-12,"Half Day",09:27,13:09
ATD006120,EMP00148,2026-01-21,"Half Day",08:59,12:46
ATD006121,EMP00719,2025-05-20,Present,09:10,17:54
ATD006122,EMP00577,2025-11-05,Absent,NULL,NULL
ATD006123,EMP00393,2024-09-14,Present,09:36,17:53
ATD006124,EMP00405,2025-01-09,Present,08:45,17:03
ATD006125,EMP00786,2025-07-16,Absent,NULL,NULL
ATD006126,EMP00826,2025-12-31,Present,09:00,17:42
ATD006127,EMP00395,2025-12-31,Present,09:40,18:41
ATD006128,EMP00196,2025-03-09,Present,08:58,17:31
ATD006129,EMP00978,2025-07-21,Present,09:45,18:43
ATD006130,EMP01011,2024-12-22,Present,09:22,17:47
ATD006131,EMP00479,2026-07-13,Absent,NULL,NULL
ATD006132,EMP00954,2025-07-08,Present,08:34,16:41
ATD006133,EMP01139,2026-05-08,Present,09:19,18:45
ATD006134,EMP00915,2025-04-26,Present,08:35,17:43
ATD006135,EMP01152,2026-06-12,Present,09:29,18:07
ATD006136,EMP01224,2025-02-18,Present,09:28,18:54
ATD006137,EMP00356,2025-11-06,Absent,NULL,NULL
ATD006138,EMP00392,2025-01-24,Present,09:06,17:35
ATD006139,EMP00112,2025-11-15,"Half Day",09:16,12:52
ATD006140,EMP00667,2026-06-26,Present,09:45,18:24
ATD006141,EMP00411,2025-06-17,Present,09:33,18:08
ATD006142,EMP00246,2026-03-04,Absent,NULL,NULL
ATD006143,EMP00323,2025-09-18,Present,09:21,18:09
ATD006144,EMP00492,2025-07-05,Present,09:24,17:32
ATD006145,EMP00952,2024-10-05,"Work From Home",09:13,17:52
ATD006146,EMP00426,2026-01-27,"Half Day",09:17,12:57
ATD006147,EMP01004,2024-12-12,Present,08:35,17:45
ATD006148,EMP00454,2024-11-14,"Half Day",09:23,13:42
ATD006149,EMP00607,2025-06-23,"Work From Home",09:06,17:57
ATD006150,EMP00541,2025-12-20,Present,08:40,17:45
ATD006151,EMP00403,2026-01-23,Present,08:58,18:01
ATD006152,EMP00771,2025-11-23,Present,08:52,17:47
ATD006153,EMP01187,2025-03-06,Present,08:47,17:37
ATD006154,EMP00346,2026-02-02,Absent,NULL,NULL
ATD006155,EMP00319,2025-07-29,Present,09:11,17:28
ATD006156,EMP00732,2025-09-28,Absent,NULL,NULL
ATD006157,EMP00183,2024-10-08,Present,08:36,16:56
ATD006158,EMP00949,2025-09-23,Present,09:34,17:51
ATD006159,EMP00283,2025-07-14,Present,09:22,18:39
ATD006160,EMP00583,2025-06-27,"Work From Home",09:32,18:14
ATD006161,EMP00559,2025-11-08,Present,09:40,18:52
ATD006162,EMP01228,2025-03-20,Present,08:50,18:03
ATD006163,EMP00532,2025-06-18,Absent,NULL,NULL
ATD006164,EMP00083,2025-12-11,Absent,NULL,NULL
ATD006165,EMP00149,2025-04-09,Absent,NULL,NULL
ATD006166,EMP01028,2024-09-01,Present,08:43,16:50
ATD006167,EMP00196,2025-04-17,"Half Day",08:46,12:37
ATD006168,EMP00474,2024-11-19,Present,09:20,18:06
ATD006169,EMP00162,2024-11-25,Present,09:10,18:08
ATD006170,EMP00933,2026-03-04,Present,08:45,17:13
ATD006171,EMP00887,2026-01-10,"Half Day",08:37,12:57
ATD006172,EMP00486,2025-11-17,Present,09:20,17:20
ATD006173,EMP00707,2024-09-21,Present,08:59,17:49
ATD006174,EMP00786,2025-12-24,Present,09:24,17:42
ATD006175,EMP00673,2025-08-14,Present,08:55,17:26
ATD006176,EMP00642,2026-01-29,Present,09:01,17:39
ATD006177,EMP00559,2026-06-12,Present,08:38,17:46
ATD006178,EMP00547,2024-10-01,Present,08:49,17:30
ATD006179,EMP00266,2026-02-07,Present,08:30,17:48
ATD006180,EMP00644,2024-10-25,Present,09:07,17:56
ATD006181,EMP00344,2026-07-07,Present,08:48,17:28
ATD006182,EMP00185,2026-07-09,Present,09:05,18:10
ATD006183,EMP00627,2025-04-10,Present,08:54,17:55
ATD006184,EMP00823,2026-03-03,"Work From Home",09:29,17:30
ATD006185,EMP00866,2025-11-25,Present,08:31,16:31
ATD006186,EMP00569,2026-03-17,Absent,NULL,NULL
ATD006187,EMP00790,2024-11-07,"Half Day",08:32,12:33
ATD006188,EMP00046,2025-02-24,Present,09:23,17:49
ATD006189,EMP00821,2024-08-01,Absent,NULL,NULL
ATD006190,EMP01197,2025-07-06,"Work From Home",09:19,17:56
ATD006191,EMP00215,2024-10-04,"Work From Home",09:34,17:40
ATD006192,EMP01103,2025-07-17,"Work From Home",09:37,17:47
ATD006193,EMP00951,2026-02-16,Present,08:36,16:43
ATD006194,EMP00921,2026-03-28,Present,08:34,17:57
ATD006195,EMP00138,2026-03-16,"Half Day",09:17,13:43
ATD006196,EMP00757,2026-02-10,"Work From Home",09:24,17:46
ATD006197,EMP00962,2024-08-30,Present,09:05,17:39
ATD006198,EMP00632,2026-03-21,Present,08:33,18:01
ATD006199,EMP00953,2025-06-11,Present,08:59,18:13
ATD006200,EMP00395,2025-08-12,Present,08:57,17:26
ATD006201,EMP01128,2025-04-28,"Half Day",08:47,13:13
ATD006202,EMP00369,2024-10-20,Present,08:48,17:26
ATD006203,EMP00593,2026-06-22,"Half Day",09:28,13:31
ATD006204,EMP00894,2025-05-06,Present,09:33,18:27
ATD006205,EMP01120,2026-02-19,"Work From Home",09:56,18:23
ATD006206,EMP01071,2024-08-16,Present,08:36,17:58
ATD006207,EMP00199,2026-01-02,Present,08:59,18:29
ATD006208,EMP01154,2026-06-10,Absent,NULL,NULL
ATD006209,EMP00181,2025-09-19,Present,08:59,17:24
ATD006210,EMP00714,2025-05-26,Absent,NULL,NULL
ATD006211,EMP00521,2026-07-08,Present,08:57,17:33
ATD006212,EMP00968,2026-06-29,"Work From Home",09:46,18:39
ATD006213,EMP01225,2025-04-03,"Half Day",08:55,12:25
ATD006214,EMP01218,2026-01-04,"Half Day",08:31,12:19
ATD006215,EMP00447,2025-09-26,Absent,NULL,NULL
ATD006216,EMP00819,2025-10-23,Present,09:05,18:09
ATD006217,EMP00964,2025-10-07,Present,08:32,17:46
ATD006218,EMP01031,2025-04-26,Present,09:21,18:02
ATD006219,EMP00546,2025-09-17,Present,08:34,17:44
ATD006220,EMP00691,2026-07-25,Present,08:32,16:58
ATD006221,EMP01123,2026-03-29,"Half Day",08:59,13:27
ATD006222,EMP00626,2025-06-09,Absent,NULL,NULL
ATD006223,EMP00956,2026-06-30,Present,09:21,18:30
ATD006224,EMP00995,2025-01-05,Present,09:33,18:56
ATD006225,EMP00708,2025-02-15,Present,09:01,17:46
ATD006226,EMP01171,2024-11-15,Present,09:37,19:05
ATD006227,EMP00584,2025-09-17,Present,09:38,18:17
ATD006228,EMP00498,2025-12-18,"Work From Home",09:51,18:21
ATD006229,EMP00245,2026-05-18,"Half Day",09:23,13:29
ATD006230,EMP00776,2025-12-11,Present,08:38,17:16
ATD006231,EMP00299,2026-02-26,Present,08:47,16:57
ATD006232,EMP00153,2025-07-28,"Half Day",08:51,13:14
ATD006233,EMP00551,2025-09-11,Present,09:17,18:06
ATD006234,EMP00105,2026-01-30,Present,08:58,17:41
ATD006235,EMP01108,2026-04-27,Present,08:55,17:24
ATD006236,EMP00505,2025-01-09,Present,08:49,18:13
ATD006237,EMP00867,2025-11-21,Absent,NULL,NULL
ATD006238,EMP00186,2025-05-27,Absent,NULL,NULL
ATD006239,EMP00185,2025-03-20,Absent,NULL,NULL
ATD006240,EMP01122,2024-09-28,"Work From Home",09:01,17:33
ATD006241,EMP00147,2025-12-02,Present,09:22,17:31
ATD006242,EMP00263,2026-08-02,"Work From Home",09:25,18:20
ATD006243,EMP00927,2025-08-24,Present,08:41,16:54
ATD006244,EMP00916,2026-03-21,Present,09:20,18:30
ATD006245,EMP00731,2024-08-31,Present,08:50,17:56
ATD006246,EMP01201,2024-12-05,Present,08:33,17:37
ATD006247,EMP00957,2024-08-12,Present,08:42,17:17
ATD006248,EMP00521,2026-03-03,Present,08:46,17:02
ATD006249,EMP00708,2025-04-21,"Half Day",09:08,13:32
ATD006250,EMP00703,2025-01-20,Present,09:11,17:36
ATD006251,EMP01201,2025-01-18,Present,08:44,16:51
ATD006252,EMP00675,2025-07-28,Present,09:06,18:00
ATD006253,EMP00933,2026-06-11,Present,08:36,17:37
ATD006254,EMP00762,2026-04-04,Absent,NULL,NULL
ATD006255,EMP00752,2026-02-14,Absent,NULL,NULL
ATD006256,EMP00302,2026-01-08,"Work From Home",09:48,18:04
ATD006257,EMP01213,2026-01-27,Present,09:07,18:21
ATD006258,EMP00828,2025-03-27,Present,09:19,17:41
ATD006259,EMP00402,2026-06-08,Present,09:22,18:37
ATD006260,EMP00174,2026-01-20,Present,09:02,18:14
ATD006261,EMP01209,2025-02-17,Present,09:45,19:09
ATD006262,EMP00340,2024-12-31,"Work From Home",09:27,18:09
ATD006263,EMP00520,2025-06-28,Present,09:43,18:24
ATD006264,EMP00217,2025-04-06,"Work From Home",09:02,17:33
ATD006265,EMP00483,2024-10-15,"Work From Home",09:09,17:48
ATD006266,EMP00388,2026-03-22,Present,09:30,17:54
ATD006267,EMP00831,2026-04-23,Present,08:55,17:08
ATD006268,EMP00909,2025-08-22,"Work From Home",09:45,17:50
ATD006269,EMP00611,2025-03-22,Present,08:42,17:57
ATD006270,EMP00211,2024-09-06,Present,09:36,18:39
ATD006271,EMP00725,2026-05-28,"Work From Home",09:25,18:24
ATD006272,EMP00953,2024-11-26,Present,09:40,18:26
ATD006273,EMP00981,2026-07-05,Present,09:21,17:22
ATD006274,EMP00031,2025-04-29,Present,09:35,18:02
ATD006275,EMP01016,2024-08-12,Present,08:37,17:22
ATD006276,EMP01139,2024-10-20,Present,09:08,17:58
ATD006277,EMP01048,2024-10-13,Present,09:34,18:11
ATD006278,EMP01229,2026-04-26,Present,09:39,17:46
ATD006279,EMP00387,2025-06-24,"Work From Home",09:36,17:58
ATD006280,EMP00664,2025-03-26,Absent,NULL,NULL
ATD006281,EMP00701,2024-12-12,Present,08:51,17:00
ATD006282,EMP00010,2024-09-19,Present,09:30,18:04
ATD006283,EMP00049,2025-11-16,Present,09:18,18:34
ATD006284,EMP01043,2025-08-13,Present,08:33,17:45
ATD006285,EMP01031,2025-10-05,"Half Day",08:31,12:44
ATD006286,EMP00894,2024-11-16,Present,08:45,17:19
ATD006287,EMP00311,2025-09-03,Absent,NULL,NULL
ATD006288,EMP00373,2025-05-19,Present,09:28,18:03
ATD006289,EMP00991,2025-04-22,Present,09:24,18:28
ATD006290,EMP00193,2025-03-03,Absent,NULL,NULL
ATD006291,EMP00069,2024-11-13,"Work From Home",09:10,17:22
ATD006292,EMP01186,2024-11-17,"Work From Home",09:37,18:14
ATD006293,EMP00020,2025-04-12,"Half Day",09:00,12:30
ATD006294,EMP00094,2025-08-08,Absent,NULL,NULL
ATD006295,EMP01227,2025-03-28,Present,08:59,17:23
ATD006296,EMP00698,2024-11-24,Absent,NULL,NULL
ATD006297,EMP00454,2025-12-27,Present,09:03,17:04
ATD006298,EMP00697,2026-07-30,Present,08:52,18:02
ATD006299,EMP00695,2026-05-10,Present,08:36,17:37
ATD006300,EMP00791,2026-04-01,Present,09:27,17:46
ATD006301,EMP00928,2025-01-25,Present,09:10,18:12
ATD006302,EMP00262,2026-06-22,Present,08:48,17:09
ATD006303,EMP00331,2024-12-26,"Half Day",08:54,12:25
ATD006304,EMP00581,2024-10-15,Present,09:35,17:57
ATD006305,EMP00815,2026-02-20,"Work From Home",09:59,18:41
ATD006306,EMP00353,2024-11-26,"Work From Home",09:59,18:08
ATD006307,EMP00714,2026-02-17,Present,09:38,17:44
ATD006308,EMP00519,2025-02-07,Absent,NULL,NULL
ATD006309,EMP00166,2026-04-17,Present,08:47,17:39
ATD006310,EMP01127,2025-01-23,Present,08:37,17:42
ATD006311,EMP01107,2025-09-28,"Work From Home",09:00,17:24
ATD006312,EMP00298,2025-09-15,Present,08:47,16:52
ATD006313,EMP00509,2026-02-17,Present,08:37,17:06
ATD006314,EMP00797,2025-03-30,"Work From Home",09:25,17:50
ATD006315,EMP00390,2026-06-09,Present,09:42,18:20
ATD006316,EMP00536,2025-08-09,Present,08:30,17:37
ATD006317,EMP00112,2025-03-08,Present,09:03,17:48
ATD006318,EMP00928,2025-09-11,Present,08:44,17:34
ATD006319,EMP00690,2026-01-04,Present,08:34,17:09
ATD006320,EMP01116,2024-12-27,Absent,NULL,NULL
ATD006321,EMP00012,2026-06-07,"Half Day",09:26,13:38
ATD006322,EMP00324,2026-03-09,Present,09:01,17:32
ATD006323,EMP00171,2025-03-23,Absent,NULL,NULL
ATD006324,EMP00797,2025-10-23,Present,08:55,18:18
ATD006325,EMP00413,2025-12-13,Present,09:04,18:00
ATD006326,EMP00688,2025-08-27,Present,09:15,18:29
ATD006327,EMP00780,2025-08-11,Present,08:50,18:18
ATD006328,EMP00603,2025-09-24,Present,08:52,17:55
ATD006329,EMP00867,2026-03-03,Present,09:37,18:11
ATD006330,EMP00950,2025-10-26,"Work From Home",09:57,18:11
ATD006331,EMP00821,2026-07-18,Absent,NULL,NULL
ATD006332,EMP00292,2025-04-21,Present,08:37,16:49
ATD006333,EMP01003,2026-07-06,"Half Day",08:49,13:19
ATD006334,EMP00316,2024-08-24,"Work From Home",09:58,18:20
ATD006335,EMP00789,2026-07-12,Absent,NULL,NULL
ATD006336,EMP00264,2024-10-10,"Work From Home",09:41,17:53
ATD006337,EMP00126,2026-03-18,Present,08:35,17:20
ATD006338,EMP00563,2026-01-18,Present,08:51,17:05
ATD006339,EMP00877,2025-12-15,Present,08:58,18:28
ATD006340,EMP01153,2025-01-19,Present,08:38,16:43
ATD006341,EMP01106,2025-09-05,Present,09:31,17:32
ATD006342,EMP00544,2025-01-25,Absent,NULL,NULL
ATD006343,EMP00630,2026-07-08,Present,08:59,17:51
ATD006344,EMP00719,2026-07-20,Present,08:57,17:55
ATD006345,EMP01158,2025-12-13,"Half Day",08:51,12:39
ATD006346,EMP00724,2024-08-04,Present,08:39,17:10
ATD006347,EMP00063,2025-06-02,"Work From Home",09:02,17:41
ATD006348,EMP00603,2025-10-23,"Work From Home",09:11,17:14
ATD006349,EMP00474,2025-08-28,Present,08:40,17:45
ATD006350,EMP00854,2025-09-26,Present,08:54,17:31
ATD006351,EMP00409,2025-06-25,"Half Day",08:45,12:45
ATD006352,EMP00189,2025-12-17,Absent,NULL,NULL
ATD006353,EMP00684,2026-05-05,"Half Day",08:34,12:32
ATD006354,EMP00616,2025-06-01,Present,08:59,17:52
ATD006355,EMP00889,2025-08-19,"Work From Home",09:55,17:58
ATD006356,EMP00089,2026-05-23,"Work From Home",09:46,18:24
ATD006357,EMP00281,2026-05-14,Present,08:44,17:20
ATD006358,EMP00182,2026-02-19,Present,09:21,18:08
ATD006359,EMP00127,2025-11-17,Present,08:58,17:59
ATD006360,EMP00809,2026-05-29,Present,09:38,17:53
ATD006361,EMP00941,2025-05-29,"Work From Home",09:16,17:22
ATD006362,EMP00355,2025-02-11,Present,08:32,17:27
ATD006363,EMP00113,2025-04-24,Present,09:30,18:48
ATD006364,EMP00663,2024-08-16,Present,09:29,18:09
ATD006365,EMP01174,2026-01-10,"Half Day",08:54,13:23
ATD006366,EMP00615,2025-04-01,Present,09:20,17:32
ATD006367,EMP01139,2025-07-13,Present,08:36,16:44
ATD006368,EMP00809,2024-09-06,"Half Day",08:38,12:56
ATD006369,EMP00443,2025-01-18,Present,08:35,17:53
ATD006370,EMP00890,2026-04-05,Present,08:59,17:55
ATD006371,EMP00879,2025-10-07,Present,08:53,17:24
ATD006372,EMP00090,2024-10-12,"Work From Home",09:18,17:39
ATD006373,EMP01082,2025-02-02,Present,08:41,16:57
ATD006374,EMP00485,2025-10-12,Present,09:14,18:15
ATD006375,EMP00729,2025-02-01,"Half Day",08:31,12:08
ATD006376,EMP00474,2025-10-28,Present,09:15,18:05
ATD006377,EMP00425,2026-03-22,Absent,NULL,NULL
ATD006378,EMP00709,2025-08-29,Present,08:57,17:43
ATD006379,EMP00210,2026-04-08,Present,09:09,18:02
ATD006380,EMP00391,2026-03-26,Present,08:37,17:01
ATD006381,EMP00504,2026-03-22,Present,08:41,17:22
ATD006382,EMP00889,2025-01-21,Present,08:30,17:05
ATD006383,EMP01081,2025-10-14,Present,08:57,17:07
ATD006384,EMP00881,2025-10-27,"Work From Home",09:09,18:09
ATD006385,EMP00907,2025-06-14,Present,08:37,17:39
ATD006386,EMP00191,2024-09-09,"Half Day",08:39,12:55
ATD006387,EMP00143,2024-12-14,"Half Day",09:17,12:58
ATD006388,EMP01219,2024-10-07,Present,08:34,16:48
ATD006389,EMP00224,2025-11-16,Present,09:33,17:46
ATD006390,EMP00615,2025-12-09,"Half Day",08:52,12:39
ATD006391,EMP00012,2026-07-25,Absent,NULL,NULL
ATD006392,EMP01167,2024-11-24,Absent,NULL,NULL
ATD006393,EMP00491,2025-06-20,Present,08:53,17:23
ATD006394,EMP00760,2025-12-06,Present,08:48,18:06
ATD006395,EMP00972,2026-05-14,Present,08:51,16:57
ATD006396,EMP00294,2025-10-03,Present,08:54,18:22
ATD006397,EMP00895,2026-06-25,Present,08:43,16:50
ATD006398,EMP00710,2025-02-02,Present,09:14,18:05
ATD006399,EMP00829,2025-02-24,"Work From Home",09:55,18:55
ATD006400,EMP00474,2026-05-06,Absent,NULL,NULL
ATD006401,EMP00291,2025-02-13,"Half Day",09:09,13:32
ATD006402,EMP01025,2026-04-04,"Work From Home",09:36,18:11
ATD006403,EMP01058,2026-03-25,Present,08:42,16:59
ATD006404,EMP00926,2026-01-22,Absent,NULL,NULL
ATD006405,EMP00132,2024-09-17,"Half Day",08:37,12:29
ATD006406,EMP00899,2025-06-06,Absent,NULL,NULL
ATD006407,EMP00908,2024-09-13,Present,08:51,18:00
ATD006408,EMP00935,2025-12-13,Present,09:25,18:11
ATD006409,EMP00014,2026-03-28,Present,09:16,17:43
ATD006410,EMP00704,2025-06-18,Present,08:53,17:34
ATD006411,EMP00986,2024-12-26,"Half Day",09:26,12:59
ATD006412,EMP00162,2025-05-12,Absent,NULL,NULL
ATD006413,EMP00401,2025-06-14,Absent,NULL,NULL
ATD006414,EMP00739,2024-08-31,Present,08:38,17:43
ATD006415,EMP00749,2024-10-15,Present,09:07,17:25
ATD006416,EMP00057,2025-02-27,Present,08:49,17:50
ATD006417,EMP00063,2024-08-02,Present,09:03,18:16
ATD006418,EMP00134,2026-03-03,Present,08:37,17:43
ATD006419,EMP00008,2026-04-29,"Work From Home",09:27,17:35
ATD006420,EMP00996,2025-11-12,Present,09:27,18:32
ATD006421,EMP00216,2024-10-15,Present,09:31,18:47
ATD006422,EMP01053,2025-12-12,"Half Day",08:56,12:26
ATD006423,EMP00497,2025-12-07,Present,09:39,17:52
ATD006424,EMP00378,2025-05-20,Present,09:24,17:39
ATD006425,EMP01173,2025-07-01,Present,08:43,17:15
ATD006426,EMP00736,2025-10-31,Present,08:54,18:06
ATD006427,EMP00090,2025-04-12,Absent,NULL,NULL
ATD006428,EMP01119,2025-10-05,Present,09:27,17:50
ATD006429,EMP00210,2025-09-13,Present,09:03,17:19
ATD006430,EMP00694,2025-05-10,Present,08:33,17:10
ATD006431,EMP00515,2025-06-15,Present,09:12,17:33
ATD006432,EMP00511,2026-01-25,Present,08:59,18:27
ATD006433,EMP00444,2025-04-21,Present,09:01,17:56
ATD006434,EMP00455,2025-03-16,Present,09:35,19:03
ATD006435,EMP00226,2024-11-10,Present,08:56,16:59
ATD006436,EMP00335,2026-02-23,Present,08:34,17:53
ATD006437,EMP01156,2026-06-11,Present,09:37,18:47
ATD006438,EMP01188,2024-08-18,Present,08:46,17:54
ATD006439,EMP00295,2026-04-18,Present,08:44,17:46
ATD006440,EMP00955,2025-01-10,Present,08:55,17:16
ATD006441,EMP00755,2024-08-25,Absent,NULL,NULL
ATD006442,EMP00375,2025-04-26,Present,08:42,17:32
ATD006443,EMP00924,2025-03-31,Present,09:11,18:29
ATD006444,EMP00837,2024-09-01,Absent,NULL,NULL
ATD006445,EMP00631,2024-11-10,"Work From Home",09:46,18:35
ATD006446,EMP00144,2026-01-12,Present,09:11,17:39
ATD006447,EMP00293,2024-08-16,Present,08:43,18:11
ATD006448,EMP00666,2024-12-04,Present,09:39,18:56
ATD006449,EMP00534,2025-03-30,"Work From Home",09:01,17:45
ATD006450,EMP00464,2025-02-19,Present,09:33,18:16
ATD006451,EMP01164,2025-04-26,Present,08:30,17:46
ATD006452,EMP00459,2024-09-17,"Work From Home",09:25,18:25
ATD006453,EMP01227,2025-12-11,Present,09:28,18:17
ATD006454,EMP00029,2024-12-07,Absent,NULL,NULL
ATD006455,EMP00617,2026-04-23,"Half Day",08:57,13:27
ATD006456,EMP00463,2025-11-17,Present,09:27,18:08
ATD006457,EMP00774,2025-10-25,Absent,NULL,NULL
ATD006458,EMP00751,2026-05-06,Present,09:29,18:49
ATD006459,EMP01083,2025-10-30,"Work From Home",09:16,17:42
ATD006460,EMP01041,2026-06-06,Present,09:24,18:33
ATD006461,EMP00749,2024-09-04,"Half Day",09:02,13:12
ATD006462,EMP01167,2026-07-01,Present,08:45,17:46
ATD006463,EMP01213,2025-10-26,Present,08:50,16:50
ATD006464,EMP01007,2026-06-21,Present,08:51,18:17
ATD006465,EMP00218,2026-02-17,"Work From Home",09:16,17:35
ATD006466,EMP00204,2025-01-12,"Work From Home",09:59,18:24
ATD006467,EMP00434,2025-11-22,Present,08:57,18:15
ATD006468,EMP00632,2025-07-09,Present,09:23,18:51
ATD006469,EMP00774,2025-06-04,Present,09:41,18:33
ATD006470,EMP00992,2026-07-23,Present,09:40,18:51
ATD006471,EMP00301,2026-05-08,Present,08:39,17:49
ATD006472,EMP00768,2026-02-20,"Half Day",08:30,12:07
ATD006473,EMP00228,2026-07-28,Present,09:28,18:40
ATD006474,EMP00631,2024-11-13,Absent,NULL,NULL
ATD006475,EMP00050,2024-08-26,Present,09:41,19:03
ATD006476,EMP00622,2026-02-13,Absent,NULL,NULL
ATD006477,EMP00696,2025-12-17,Present,08:53,17:41
ATD006478,EMP01223,2025-02-13,Present,09:42,18:00
ATD006479,EMP01064,2024-08-21,Present,08:36,17:12
ATD006480,EMP00469,2025-02-02,Present,08:38,17:06
ATD006481,EMP00603,2026-06-28,Present,08:57,18:12
ATD006482,EMP00502,2024-11-06,Present,08:59,17:40
ATD006483,EMP00305,2025-06-16,Present,08:51,17:15
ATD006484,EMP01073,2025-10-03,Present,08:50,17:23
ATD006485,EMP00821,2025-04-24,Present,09:21,18:14
ATD006486,EMP00190,2025-09-11,"Work From Home",09:27,17:48
ATD006487,EMP00600,2025-05-29,"Half Day",08:36,12:34
ATD006488,EMP00952,2025-08-19,Present,09:10,17:30
ATD006489,EMP00626,2025-07-17,Absent,NULL,NULL
ATD006490,EMP01005,2026-03-08,Present,08:55,17:58
ATD006491,EMP00422,2025-08-21,Present,08:31,17:07
ATD006492,EMP00725,2026-07-21,Present,09:09,17:43
ATD006493,EMP00365,2025-11-27,Present,09:04,17:18
ATD006494,EMP00692,2024-11-14,"Half Day",08:54,13:16
ATD006495,EMP00259,2025-10-27,Present,09:11,18:23
ATD006496,EMP00208,2026-01-15,Present,09:29,18:27
ATD006497,EMP00316,2025-06-01,Present,08:49,17:30
ATD006498,EMP00776,2026-01-25,"Work From Home",09:28,17:44
ATD006499,EMP01152,2024-08-02,Absent,NULL,NULL
ATD006500,EMP00792,2025-07-01,Present,08:42,17:56
ATD006501,EMP00269,2024-08-12,Present,09:38,18:21
ATD006502,EMP00278,2026-04-21,Present,09:34,17:46
ATD006503,EMP00246,2026-02-18,Present,08:49,18:12
ATD006504,EMP00857,2025-03-31,"Work From Home",09:36,17:55
ATD006505,EMP01082,2025-11-01,Present,09:15,18:27
ATD006506,EMP00089,2025-12-16,Present,09:31,18:07
ATD006507,EMP01205,2026-07-09,Absent,NULL,NULL
ATD006508,EMP00578,2026-04-29,"Half Day",08:37,12:42
ATD006509,EMP00459,2025-07-14,Present,09:27,18:28
ATD006510,EMP00938,2025-10-21,Present,09:11,18:07
ATD006511,EMP00889,2025-05-13,Absent,NULL,NULL
ATD006512,EMP00057,2024-09-17,Absent,NULL,NULL
ATD006513,EMP00595,2024-12-01,"Half Day",08:55,13:00
ATD006514,EMP00974,2025-11-18,Absent,NULL,NULL
ATD006515,EMP00895,2025-09-30,Present,09:32,17:41
ATD006516,EMP00544,2025-04-15,Present,08:31,16:43
ATD006517,EMP00431,2025-10-11,Present,09:08,18:15
ATD006518,EMP00454,2026-07-29,"Half Day",08:45,12:19
ATD006519,EMP00731,2025-02-12,Present,08:47,18:11
ATD006520,EMP00711,2025-12-30,Absent,NULL,NULL
ATD006521,EMP01077,2024-10-23,"Work From Home",09:31,18:00
ATD006522,EMP00694,2025-02-23,Present,09:12,17:36
ATD006523,EMP00458,2025-10-27,"Half Day",09:03,13:03
ATD006524,EMP00028,2025-06-24,Present,09:45,18:42
ATD006525,EMP00656,2025-04-29,Present,09:45,18:07
ATD006526,EMP00010,2026-06-07,Present,08:32,17:07
ATD006527,EMP00017,2025-09-28,Absent,NULL,NULL
ATD006528,EMP00635,2025-12-11,Absent,NULL,NULL
ATD006529,EMP00526,2026-05-17,"Work From Home",09:58,18:23
ATD006530,EMP00199,2024-11-02,Present,09:20,18:09
ATD006531,EMP00692,2025-05-20,Absent,NULL,NULL
ATD006532,EMP01153,2025-07-18,Present,08:45,18:10
ATD006533,EMP00276,2026-03-27,"Work From Home",09:41,17:41
ATD006534,EMP00548,2026-06-12,Present,09:05,17:58
ATD006535,EMP00374,2026-02-25,Present,09:08,18:34
ATD006536,EMP00643,2025-01-22,Present,08:35,17:52
ATD006537,EMP00550,2026-03-23,Present,09:35,18:00
ATD006538,EMP00096,2025-03-12,Absent,NULL,NULL
ATD006539,EMP00266,2025-05-12,Present,09:17,17:58
ATD006540,EMP00813,2025-09-25,"Work From Home",09:40,18:28
ATD006541,EMP00761,2026-03-28,Present,08:41,16:45
ATD006542,EMP00693,2026-05-28,Present,08:33,16:40
ATD006543,EMP00817,2024-08-05,"Half Day",09:00,12:36
ATD006544,EMP01192,2026-05-01,Present,08:33,16:38
ATD006545,EMP00775,2025-02-16,Present,09:34,17:41
ATD006546,EMP00958,2026-05-07,"Half Day",09:26,13:40
ATD006547,EMP00277,2024-11-26,Present,09:40,18:47
ATD006548,EMP00904,2025-11-29,Present,08:48,18:07
ATD006549,EMP01015,2026-02-18,"Half Day",09:26,13:27
ATD006550,EMP00955,2026-05-13,Present,08:37,17:45
ATD006551,EMP01049,2026-01-18,"Half Day",08:47,12:56
ATD006552,EMP00835,2026-01-12,Absent,NULL,NULL
ATD006553,EMP00244,2026-02-12,"Half Day",08:40,12:29
ATD006554,EMP00798,2024-09-15,Present,08:34,17:08
ATD006555,EMP00730,2025-12-27,Present,08:51,17:38
ATD006556,EMP00489,2026-03-23,Present,09:39,18:43
ATD006557,EMP00124,2025-08-31,Present,08:39,17:01
ATD006558,EMP00718,2024-11-08,Present,08:57,18:08
ATD006559,EMP01225,2025-08-08,"Half Day",08:54,12:50
ATD006560,EMP00953,2026-05-13,"Work From Home",09:05,17:59
ATD006561,EMP00849,2026-04-16,Present,09:04,17:50
ATD006562,EMP00378,2025-12-08,"Work From Home",09:48,18:07
ATD006563,EMP00316,2025-05-22,Present,08:54,16:59
ATD006564,EMP00939,2025-07-23,Present,08:32,17:43
ATD006565,EMP00061,2026-05-04,Present,08:34,17:53
ATD006566,EMP00783,2025-09-16,Present,09:26,18:14
ATD006567,EMP00840,2024-11-16,Present,09:02,17:21
ATD006568,EMP01151,2026-07-22,Absent,NULL,NULL
ATD006569,EMP01154,2025-04-21,Present,09:04,17:32
ATD006570,EMP00200,2025-09-04,"Half Day",08:37,12:38
ATD006571,EMP00027,2025-09-19,Present,08:52,18:12
ATD006572,EMP01052,2026-05-10,"Work From Home",09:28,17:58
ATD006573,EMP00050,2026-07-12,Present,08:39,17:10
ATD006574,EMP00252,2024-09-08,Present,08:47,17:28
ATD006575,EMP00106,2025-10-18,"Work From Home",09:14,17:47
ATD006576,EMP00371,2025-10-23,Absent,NULL,NULL
ATD006577,EMP01156,2024-12-12,Present,09:28,18:40
ATD006578,EMP01216,2026-01-26,Present,08:49,18:08
ATD006579,EMP00146,2025-02-02,Present,09:15,18:29
ATD006580,EMP00625,2025-06-30,Present,08:58,17:51
ATD006581,EMP00826,2025-11-27,Present,08:45,18:09
ATD006582,EMP00414,2025-10-12,Present,08:42,17:47
ATD006583,EMP00763,2025-02-09,Present,08:42,17:17
ATD006584,EMP01060,2024-12-30,Present,09:00,17:39
ATD006585,EMP00273,2025-02-10,Present,09:19,18:06
ATD006586,EMP00792,2025-05-01,Absent,NULL,NULL
ATD006587,EMP00604,2025-11-26,Present,08:43,17:22
ATD006588,EMP00229,2025-05-26,Absent,NULL,NULL
ATD006589,EMP01150,2024-08-17,Absent,NULL,NULL
ATD006590,EMP01111,2025-12-20,Present,09:28,18:57
ATD006591,EMP00787,2025-06-17,Present,09:14,18:38
ATD006592,EMP00921,2024-08-13,"Half Day",09:03,13:10
ATD006593,EMP00176,2024-11-28,Absent,NULL,NULL
ATD006594,EMP00312,2026-06-11,Present,09:35,18:30
ATD006595,EMP00165,2025-02-24,Present,08:46,17:22
ATD006596,EMP00290,2024-11-25,Present,08:51,17:04
ATD006597,EMP00589,2026-02-18,Present,09:39,19:08
ATD006598,EMP00138,2024-09-14,Present,09:11,17:31
ATD006599,EMP00439,2025-05-15,"Half Day",09:25,13:31
ATD006600,EMP00437,2025-01-14,"Work From Home",09:50,17:51
ATD006601,EMP00616,2025-09-08,Present,09:05,17:38
ATD006602,EMP00685,2025-12-22,Absent,NULL,NULL
ATD006603,EMP00449,2026-03-13,"Half Day",09:02,12:48
ATD006604,EMP01138,2026-04-04,Present,08:52,17:29
ATD006605,EMP00271,2025-06-14,Absent,NULL,NULL
ATD006606,EMP00052,2025-05-04,Present,08:51,17:06
ATD006607,EMP00794,2026-06-16,Present,09:06,17:44
ATD006608,EMP00133,2025-08-15,Absent,NULL,NULL
ATD006609,EMP01139,2024-08-22,Present,08:46,18:02
ATD006610,EMP00851,2026-05-02,Present,08:54,18:24
ATD006611,EMP01146,2025-09-26,Present,08:33,16:54
ATD006612,EMP00435,2025-05-29,Present,08:33,16:53
ATD006613,EMP00398,2024-09-05,Present,09:15,18:13
ATD006614,EMP00419,2024-12-14,"Work From Home",09:57,18:27
ATD006615,EMP00393,2025-01-27,Absent,NULL,NULL
ATD006616,EMP00646,2025-12-06,Present,08:45,17:12
ATD006617,EMP00815,2024-10-21,Absent,NULL,NULL
ATD006618,EMP01063,2024-08-10,Present,08:59,17:32
ATD006619,EMP01174,2025-12-15,Absent,NULL,NULL
ATD006620,EMP00022,2025-09-27,Present,08:31,17:10
ATD006621,EMP00228,2025-12-17,Absent,NULL,NULL
ATD006622,EMP00116,2025-10-08,Present,08:56,17:55
ATD006623,EMP00949,2024-10-22,Present,09:29,18:20
ATD006624,EMP00887,2025-02-14,Present,08:34,17:51
ATD006625,EMP00691,2025-06-05,Present,08:49,17:21
ATD006626,EMP00209,2025-10-06,Present,08:45,17:44
ATD006627,EMP01163,2025-08-02,Present,08:49,17:42
ATD006628,EMP00514,2025-07-28,Present,09:39,19:07
ATD006629,EMP00191,2026-03-18,Present,09:40,18:25
ATD006630,EMP00127,2024-09-09,Present,08:44,16:58
ATD006631,EMP00201,2025-12-29,"Work From Home",09:15,17:22
ATD006632,EMP00094,2024-12-18,Present,09:08,18:11
ATD006633,EMP00805,2026-03-03,Present,08:40,18:08
ATD006634,EMP01014,2026-02-24,Present,08:51,17:51
ATD006635,EMP00829,2025-02-15,Absent,NULL,NULL
ATD006636,EMP00044,2025-11-05,Present,08:44,16:49
ATD006637,EMP01144,2026-07-22,"Half Day",09:21,13:10
ATD006638,EMP00558,2026-08-05,Present,08:46,17:56
ATD006639,EMP01101,2025-06-26,Present,08:35,17:27
ATD006640,EMP01096,2025-06-22,Present,08:37,17:58
ATD006641,EMP00875,2026-01-02,Present,09:29,17:42
ATD006642,EMP00215,2025-02-19,Present,09:42,18:20
ATD006643,EMP00712,2025-04-08,Present,09:20,18:16
ATD006644,EMP00612,2025-04-18,Present,09:19,17:44
ATD006645,EMP00051,2025-03-22,Present,09:45,18:51
ATD006646,EMP00825,2025-12-16,"Work From Home",09:36,18:03
ATD006647,EMP00907,2025-09-25,Present,08:46,17:57
ATD006648,EMP00031,2025-06-24,"Work From Home",09:30,17:43
ATD006649,EMP00984,2025-10-28,Present,08:52,18:21
ATD006650,EMP00393,2024-11-14,Present,09:06,17:16
ATD006651,EMP00956,2026-04-02,Absent,NULL,NULL
ATD006652,EMP00018,2026-04-26,"Work From Home",09:24,17:47
ATD006653,EMP01128,2025-01-07,Present,08:56,17:02
ATD006654,EMP00485,2025-05-23,Present,09:32,18:39
ATD006655,EMP00166,2025-10-25,Present,09:16,17:24
ATD006656,EMP00002,2026-07-27,Present,08:39,17:10
ATD006657,EMP00774,2024-09-30,Present,08:30,16:45
ATD006658,EMP00190,2025-11-20,Present,08:35,17:36
ATD006659,EMP00282,2024-09-27,Present,08:51,17:48
ATD006660,EMP01011,2024-08-10,Present,09:23,17:35
ATD006661,EMP00284,2025-07-25,"Work From Home",09:12,18:07
ATD006662,EMP00662,2025-10-20,"Work From Home",09:59,18:08
ATD006663,EMP00289,2024-12-02,Present,09:39,18:03
ATD006664,EMP01096,2025-12-13,Present,09:04,17:20
ATD006665,EMP00845,2024-11-27,Present,09:43,18:01
ATD006666,EMP00148,2024-10-31,Present,09:19,17:25
ATD006667,EMP00078,2026-07-14,"Work From Home",09:24,18:16
ATD006668,EMP00759,2026-03-24,Present,09:02,17:56
ATD006669,EMP00654,2025-11-15,"Half Day",09:25,13:18
ATD006670,EMP01146,2026-06-06,Absent,NULL,NULL
ATD006671,EMP00488,2026-03-11,Present,09:22,18:43
ATD006672,EMP00397,2025-09-27,Present,09:26,17:44
ATD006673,EMP01142,2026-03-22,"Half Day",09:18,13:06
ATD006674,EMP00938,2026-05-28,"Half Day",09:24,13:51
ATD006675,EMP01186,2025-11-16,Absent,NULL,NULL
ATD006676,EMP01027,2025-08-10,Absent,NULL,NULL
ATD006677,EMP00447,2026-06-28,Present,08:42,16:53
ATD006678,EMP00420,2026-06-09,"Half Day",09:22,13:31
ATD006679,EMP00061,2026-01-07,Present,09:26,18:26
ATD006680,EMP00128,2025-03-22,"Half Day",08:38,12:49
ATD006681,EMP00587,2025-07-28,Present,09:06,17:55
ATD006682,EMP00403,2025-07-17,Present,09:00,18:08
ATD006683,EMP00546,2024-09-12,Present,08:43,17:21
ATD006684,EMP00286,2025-11-02,"Half Day",09:13,13:16
ATD006685,EMP00987,2026-01-22,Present,09:36,18:34
ATD006686,EMP00876,2026-04-04,Absent,NULL,NULL
ATD006687,EMP00275,2025-02-25,Present,08:30,17:47
ATD006688,EMP00952,2025-04-11,Present,09:20,17:22
ATD006689,EMP00437,2025-10-29,"Half Day",09:25,12:55
ATD006690,EMP00298,2025-02-19,Present,09:36,18:54
ATD006691,EMP00250,2025-09-13,"Half Day",08:50,12:53
ATD006692,EMP00099,2026-03-30,Absent,NULL,NULL
ATD006693,EMP00371,2025-01-01,Present,09:00,17:30
ATD006694,EMP00753,2025-08-20,Absent,NULL,NULL
ATD006695,EMP00305,2025-09-09,Absent,NULL,NULL
ATD006696,EMP00113,2025-06-18,Absent,NULL,NULL
ATD006697,EMP00635,2025-09-11,"Work From Home",09:10,17:13
ATD006698,EMP00778,2026-05-23,Absent,NULL,NULL
ATD006699,EMP00459,2025-06-28,Present,09:28,17:49
ATD006700,EMP00676,2025-04-03,Present,09:31,18:58
ATD006701,EMP00321,2026-07-21,Present,08:44,18:12
ATD006702,EMP00736,2025-08-27,Present,09:43,18:45
ATD006703,EMP00270,2025-05-18,Present,08:57,17:18
ATD006704,EMP00076,2025-05-04,"Half Day",09:05,12:46
ATD006705,EMP00807,2025-04-19,Absent,NULL,NULL
ATD006706,EMP00538,2026-03-23,"Half Day",09:13,13:13
ATD006707,EMP00323,2025-04-07,Present,09:45,18:21
ATD006708,EMP00260,2026-03-12,Present,09:25,18:34
ATD006709,EMP00325,2025-12-08,Present,09:02,17:06
ATD006710,EMP00445,2024-10-19,Absent,NULL,NULL
ATD006711,EMP00279,2025-08-05,Present,08:44,16:59
ATD006712,EMP00469,2025-07-05,Present,09:16,18:15
ATD006713,EMP00906,2025-09-22,Present,08:58,17:51
ATD006714,EMP01184,2025-02-08,Present,09:17,17:49
ATD006715,EMP00961,2025-03-28,Present,09:12,18:04
ATD006716,EMP01166,2026-06-03,Present,09:10,18:17
ATD006717,EMP00282,2024-09-19,Present,09:45,19:04
ATD006718,EMP00647,2025-03-28,Absent,NULL,NULL
ATD006719,EMP01135,2025-03-10,Present,09:21,17:45
ATD006720,EMP00963,2024-09-30,"Half Day",08:46,12:54
ATD006721,EMP00961,2024-08-09,"Work From Home",09:52,18:33
ATD006722,EMP00936,2025-10-28,Present,09:05,17:59
ATD006723,EMP00435,2024-09-04,"Half Day",09:06,12:45
ATD006724,EMP00518,2025-08-09,"Work From Home",09:56,18:53
ATD006725,EMP00380,2025-05-06,Absent,NULL,NULL
ATD006726,EMP00324,2025-08-18,Present,08:44,17:41
ATD006727,EMP00599,2025-08-27,"Work From Home",09:21,18:04
ATD006728,EMP00027,2025-05-08,"Half Day",08:40,12:26
ATD006729,EMP00200,2026-01-03,Present,08:58,18:03
ATD006730,EMP00549,2026-05-31,Present,09:31,18:24
ATD006731,EMP01167,2026-08-05,"Work From Home",09:57,18:53
ATD006732,EMP00828,2026-04-19,Present,08:55,18:13
ATD006733,EMP00523,2024-11-29,Present,08:43,16:48
ATD006734,EMP00890,2024-12-23,"Work From Home",09:14,17:58
ATD006735,EMP00265,2024-08-18,Present,09:31,18:11
ATD006736,EMP00561,2026-07-16,"Work From Home",09:40,17:56
ATD006737,EMP00335,2025-05-24,"Half Day",08:52,13:19
ATD006738,EMP00998,2025-05-02,Absent,NULL,NULL
ATD006739,EMP01176,2025-09-04,Present,08:32,16:38
ATD006740,EMP00826,2025-12-15,Present,08:57,18:21
ATD006741,EMP00270,2024-08-10,Present,09:18,18:29
ATD006742,EMP01119,2025-10-22,Present,08:56,16:59
ATD006743,EMP00411,2025-09-26,Present,09:01,17:05
ATD006744,EMP00086,2025-12-13,"Half Day",09:18,13:07
ATD006745,EMP00700,2024-10-07,Present,09:42,17:57
ATD006746,EMP00879,2026-08-01,Present,08:59,17:43
ATD006747,EMP00380,2026-02-25,Present,09:10,17:19
ATD006748,EMP01054,2025-12-05,Absent,NULL,NULL
ATD006749,EMP00394,2024-10-08,Present,08:48,18:04
ATD006750,EMP01003,2026-02-14,Present,09:04,17:31
ATD006751,EMP00060,2025-08-19,Present,09:25,18:00
ATD006752,EMP00707,2024-11-08,Present,09:00,17:52
ATD006753,EMP00560,2025-11-26,Present,09:41,19:07
ATD006754,EMP00518,2025-01-16,Present,08:48,17:29
ATD006755,EMP01067,2026-06-18,Present,08:34,17:57
ATD006756,EMP00632,2025-09-29,Present,08:30,17:43
ATD006757,EMP01089,2026-05-28,Present,08:55,18:14
ATD006758,EMP00003,2025-01-07,Absent,NULL,NULL
ATD006759,EMP00653,2025-06-09,Present,09:43,18:11
ATD006760,EMP00062,2025-02-17,Present,08:57,18:25
ATD006761,EMP00684,2025-06-06,"Work From Home",09:58,18:13
ATD006762,EMP00004,2026-02-21,Present,09:32,18:26
ATD006763,EMP00247,2026-01-07,Present,08:30,16:36
ATD006764,EMP00055,2025-01-04,Present,08:45,16:50
ATD006765,EMP00212,2026-06-16,Present,08:30,17:40
ATD006766,EMP00833,2025-06-06,Present,09:11,18:32
ATD006767,EMP00825,2025-01-16,Present,09:45,18:31
ATD006768,EMP00860,2026-03-22,Present,08:52,18:07
ATD006769,EMP00400,2024-09-24,Absent,NULL,NULL
ATD006770,EMP00996,2026-05-15,"Half Day",08:52,13:13
ATD006771,EMP00179,2025-01-12,Present,08:57,18:07
ATD006772,EMP01020,2025-05-21,Present,08:49,17:48
ATD006773,EMP01146,2025-08-14,Present,08:32,17:40
ATD006774,EMP00916,2026-02-07,Absent,NULL,NULL
ATD006775,EMP00343,2024-12-15,Absent,NULL,NULL
ATD006776,EMP00669,2025-09-07,Absent,NULL,NULL
ATD006777,EMP00821,2025-08-25,Present,09:32,17:37
ATD006778,EMP01083,2024-12-28,Absent,NULL,NULL
ATD006779,EMP00139,2025-02-17,Present,08:48,17:23
ATD006780,EMP00902,2026-01-22,"Work From Home",09:28,17:30
ATD006781,EMP00637,2024-10-25,Present,09:42,18:38
ATD006782,EMP01175,2025-11-02,"Work From Home",09:41,18:20
ATD006783,EMP00879,2025-02-18,Absent,NULL,NULL
ATD006784,EMP00952,2025-06-08,"Half Day",09:03,13:05
ATD006785,EMP00515,2025-09-14,Present,09:28,17:57
ATD006786,EMP00738,2025-05-10,"Work From Home",09:38,18:18
ATD006787,EMP00880,2025-08-01,Present,08:36,17:49
ATD006788,EMP00521,2026-02-14,Present,09:02,18:03
ATD006789,EMP01171,2026-05-14,"Work From Home",09:58,18:07
ATD006790,EMP00952,2025-02-18,Present,08:49,17:42
ATD006791,EMP00737,2025-12-09,Present,09:27,18:57
ATD006792,EMP00052,2025-04-25,Present,08:41,17:32
ATD006793,EMP00946,2026-02-22,Present,09:34,18:54
ATD006794,EMP00929,2026-04-14,Absent,NULL,NULL
ATD006795,EMP00123,2024-12-14,Present,09:10,18:01
ATD006796,EMP00682,2025-01-23,Present,09:17,18:36
ATD006797,EMP00368,2026-07-23,"Work From Home",09:41,18:31
ATD006798,EMP00477,2025-03-25,Present,08:30,17:54
ATD006799,EMP01201,2025-03-26,"Work From Home",09:05,17:50
ATD006800,EMP01162,2026-02-06,Absent,NULL,NULL
ATD006801,EMP01044,2024-11-28,"Work From Home",09:38,18:09
ATD006802,EMP00257,2025-04-27,Present,09:05,18:18
ATD006803,EMP00364,2025-09-15,Present,08:57,17:46
ATD006804,EMP00590,2025-09-25,"Work From Home",09:18,17:52
ATD006805,EMP00111,2024-11-08,Present,09:37,18:15
ATD006806,EMP00404,2024-08-24,Absent,NULL,NULL
ATD006807,EMP00079,2025-08-03,Absent,NULL,NULL
ATD006808,EMP00426,2025-05-06,"Half Day",09:04,12:57
ATD006809,EMP00573,2025-02-20,Present,08:54,17:33
ATD006810,EMP01195,2025-12-24,Present,08:50,17:24
ATD006811,EMP00524,2024-12-23,"Work From Home",09:27,17:56
ATD006812,EMP00560,2026-08-02,Present,09:11,18:07
ATD006813,EMP00173,2025-06-30,Present,08:52,18:01
ATD006814,EMP01215,2024-10-19,"Work From Home",09:08,17:53
ATD006815,EMP00006,2026-06-30,Present,09:30,18:37
ATD006816,EMP00127,2025-11-09,Present,09:15,17:38
ATD006817,EMP00340,2025-03-03,"Half Day",08:38,12:25
ATD006818,EMP00186,2025-05-20,Absent,NULL,NULL
ATD006819,EMP01184,2025-03-15,Present,09:20,18:48
ATD006820,EMP00142,2026-06-24,Present,08:45,18:03
ATD006821,EMP00701,2026-07-25,Present,09:12,18:32
ATD006822,EMP00885,2025-09-07,Present,09:12,18:18
ATD006823,EMP01051,2026-01-25,Present,09:44,18:05
ATD006824,EMP01076,2025-04-02,Present,08:53,17:25
ATD006825,EMP01225,2026-04-16,Present,08:41,17:05
ATD006826,EMP00786,2025-10-29,Present,09:29,18:03
ATD006827,EMP00886,2025-11-14,Present,08:54,17:09
ATD006828,EMP00587,2025-06-26,Present,09:31,17:37
ATD006829,EMP01087,2025-09-05,Present,09:18,17:42
ATD006830,EMP00605,2024-10-08,Present,09:01,18:30
ATD006831,EMP00899,2024-08-03,"Work From Home",09:59,18:31
ATD006832,EMP00357,2025-11-26,Present,09:15,18:00
ATD006833,EMP00890,2025-10-29,Present,08:55,17:35
ATD006834,EMP00671,2026-02-13,Present,09:14,17:40
ATD006835,EMP01211,2026-02-04,Present,08:36,16:50
ATD006836,EMP01038,2025-03-01,Present,08:38,17:18
ATD006837,EMP00421,2025-01-03,"Half Day",08:51,12:25
ATD006838,EMP00498,2025-01-21,"Work From Home",09:31,17:31
ATD006839,EMP00306,2025-09-15,"Work From Home",09:12,17:26
ATD006840,EMP00374,2026-04-30,"Half Day",09:29,13:20
ATD006841,EMP00248,2025-11-08,Present,08:34,16:42
ATD006842,EMP00581,2025-09-08,Present,08:47,17:58
ATD006843,EMP00497,2025-07-23,Present,08:32,16:37
ATD006844,EMP00631,2026-05-15,Present,08:35,17:40
ATD006845,EMP00843,2026-02-22,Present,09:05,17:43
ATD006846,EMP00596,2025-01-15,"Half Day",08:37,12:18
ATD006847,EMP00573,2025-03-17,Absent,NULL,NULL
ATD006848,EMP00353,2024-11-11,Absent,NULL,NULL
ATD006849,EMP00054,2025-07-24,Present,09:25,18:43
ATD006850,EMP00264,2025-07-10,Present,09:23,17:31
ATD006851,EMP00178,2025-10-12,"Work From Home",09:12,18:10
ATD006852,EMP00647,2026-05-25,Present,09:05,18:21
ATD006853,EMP00201,2025-09-27,Absent,NULL,NULL
ATD006854,EMP00690,2025-01-03,Present,08:35,17:14
ATD006855,EMP00614,2024-09-16,Present,09:43,17:58
ATD006856,EMP00681,2025-03-14,Present,09:41,18:42
ATD006857,EMP00963,2024-08-23,Present,09:42,17:57
ATD006858,EMP00810,2026-01-01,Present,08:34,17:21
ATD006859,EMP01158,2026-03-15,Present,08:40,17:32
ATD006860,EMP00564,2025-07-23,Absent,NULL,NULL
ATD006861,EMP01057,2026-06-24,Present,08:38,16:52
ATD006862,EMP00899,2025-04-16,Present,08:49,18:01
ATD006863,EMP00769,2024-09-05,Present,09:27,18:19
ATD006864,EMP00150,2024-11-29,Absent,NULL,NULL
ATD006865,EMP00125,2024-12-18,Present,09:32,18:09
ATD006866,EMP00509,2024-08-03,"Work From Home",09:24,18:21
ATD006867,EMP01220,2026-06-24,Present,09:02,17:22
ATD006868,EMP00669,2024-12-06,Present,09:08,17:09
ATD006869,EMP00213,2025-12-17,Present,08:39,17:01
ATD006870,EMP00831,2026-01-31,Present,09:21,18:22
ATD006871,EMP00521,2025-04-11,Absent,NULL,NULL
ATD006872,EMP00307,2026-01-06,"Work From Home",09:28,18:26
ATD006873,EMP00199,2024-10-17,Absent,NULL,NULL
ATD006874,EMP00667,2024-11-24,Present,09:05,17:28
ATD006875,EMP01080,2025-04-11,Present,09:23,17:24
ATD006876,EMP00005,2025-01-20,Present,08:33,17:45
ATD006877,EMP01226,2026-03-25,Present,09:38,18:40
ATD006878,EMP00508,2026-01-02,Present,09:15,18:15
ATD006879,EMP00758,2026-01-05,"Work From Home",09:04,17:51
ATD006880,EMP00208,2025-01-03,Present,09:11,18:29
ATD006881,EMP00522,2026-07-24,Present,08:43,18:13
ATD006882,EMP00307,2025-09-18,"Work From Home",09:36,17:40
ATD006883,EMP00063,2024-10-12,"Work From Home",09:56,18:01
ATD006884,EMP01120,2025-05-06,Present,09:05,17:29
ATD006885,EMP00177,2025-12-26,Present,09:16,18:25
ATD006886,EMP00225,2025-07-03,Present,09:19,17:38
ATD006887,EMP00497,2025-10-18,"Half Day",09:13,13:19
ATD006888,EMP00530,2024-11-15,Absent,NULL,NULL
ATD006889,EMP00796,2025-01-17,Present,08:41,18:04
ATD006890,EMP00355,2026-03-20,Absent,NULL,NULL
ATD006891,EMP00533,2026-01-17,Present,09:29,18:14
ATD006892,EMP00668,2025-08-12,"Work From Home",09:05,17:22
ATD006893,EMP00193,2025-02-06,Present,08:48,17:04
ATD006894,EMP00958,2024-10-29,Present,08:31,17:09
ATD006895,EMP00551,2026-02-05,Present,09:34,18:38
ATD006896,EMP00020,2026-05-26,"Work From Home",09:07,17:19
ATD006897,EMP00752,2025-08-19,Present,08:34,17:10
ATD006898,EMP01004,2026-05-14,Present,08:40,17:52
ATD006899,EMP00447,2025-09-13,Present,08:36,17:02
ATD006900,EMP00929,2026-07-09,Present,09:35,17:59
ATD006901,EMP00091,2025-06-27,"Half Day",09:22,13:12
ATD006902,EMP00339,2025-01-30,Present,09:26,18:06
ATD006903,EMP00338,2024-09-28,Present,09:18,18:39
ATD006904,EMP00610,2025-09-14,"Work From Home",09:02,17:49
ATD006905,EMP00408,2025-06-05,Present,09:03,17:44
ATD006906,EMP00854,2024-10-19,"Half Day",08:59,12:33
ATD006907,EMP00117,2026-06-28,"Work From Home",09:20,17:40
ATD006908,EMP00410,2025-05-23,Present,08:52,17:29
ATD006909,EMP00096,2024-09-24,Present,08:50,17:14
ATD006910,EMP00995,2026-07-03,Present,08:56,17:23
ATD006911,EMP01137,2026-01-14,Present,09:16,17:47
ATD006912,EMP01095,2025-05-28,Present,08:38,17:37
ATD006913,EMP01022,2025-01-20,Absent,NULL,NULL
ATD006914,EMP00566,2025-12-26,"Work From Home",09:16,17:55
ATD006915,EMP00683,2025-02-06,Absent,NULL,NULL
ATD006916,EMP00683,2025-05-30,Present,08:50,17:49
ATD006917,EMP01159,2025-04-28,Present,08:39,17:11
ATD006918,EMP01164,2025-08-05,Present,09:30,17:36
ATD006919,EMP01128,2025-02-02,Present,09:15,18:05
ATD006920,EMP01060,2026-05-27,Present,08:40,16:46
ATD006921,EMP00975,2024-11-20,Present,09:28,18:25
ATD006922,EMP00566,2026-02-02,Present,09:18,17:31
ATD006923,EMP01169,2026-01-19,Present,08:49,17:32
ATD006924,EMP00085,2025-10-24,"Work From Home",09:38,18:14
ATD006925,EMP00265,2026-03-29,"Work From Home",09:33,18:07
ATD006926,EMP00519,2026-03-16,"Half Day",09:08,13:24
ATD006927,EMP01020,2025-03-01,Present,08:57,17:16
ATD006928,EMP01174,2025-08-01,Absent,NULL,NULL
ATD006929,EMP00233,2026-04-30,"Work From Home",09:10,18:01
ATD006930,EMP00342,2026-04-19,Present,09:20,18:24
ATD006931,EMP00365,2025-07-13,Present,09:38,17:40
ATD006932,EMP00825,2026-07-22,Present,09:28,18:51
ATD006933,EMP00524,2025-05-26,Present,09:03,18:12
ATD006934,EMP01125,2026-03-06,Present,08:52,17:10
ATD006935,EMP00882,2026-03-07,Present,09:23,18:28
ATD006936,EMP00035,2026-06-05,Absent,NULL,NULL
ATD006937,EMP00063,2024-12-13,Present,09:03,18:05
ATD006938,EMP01169,2025-10-21,Present,08:43,17:37
ATD006939,EMP00170,2025-01-13,Present,09:22,17:48
ATD006940,EMP00066,2025-03-27,"Work From Home",09:17,18:13
ATD006941,EMP00106,2026-04-06,Present,09:27,18:16
ATD006942,EMP00670,2025-05-10,Present,08:58,17:03
ATD006943,EMP00831,2025-04-03,Absent,NULL,NULL
ATD006944,EMP01124,2025-07-17,Present,08:31,16:39
ATD006945,EMP00018,2025-09-24,Absent,NULL,NULL
ATD006946,EMP00324,2024-12-04,Present,09:37,18:41
ATD006947,EMP00167,2025-07-16,Absent,NULL,NULL
ATD006948,EMP01117,2025-01-03,Present,08:46,16:51
ATD006949,EMP00097,2026-03-29,Present,08:53,17:04
ATD006950,EMP00348,2024-10-08,Present,08:48,18:05
ATD006951,EMP00521,2024-12-02,Present,09:44,18:01
ATD006952,EMP00561,2026-01-14,Absent,NULL,NULL
ATD006953,EMP00336,2025-09-14,Absent,NULL,NULL
ATD006954,EMP00877,2024-10-25,Present,08:49,17:16
ATD006955,EMP00472,2025-01-09,Present,09:34,18:20
ATD006956,EMP00665,2025-12-21,Present,09:25,17:44
ATD006957,EMP00664,2025-06-20,Present,09:42,17:48
ATD006958,EMP00795,2025-03-13,"Half Day",08:57,13:11
ATD006959,EMP00268,2024-11-15,Present,08:48,17:46
ATD006960,EMP01123,2026-03-14,Present,09:29,18:21
ATD006961,EMP01085,2026-02-10,Present,09:08,17:35
ATD006962,EMP00160,2026-07-22,Present,08:59,18:24
ATD006963,EMP00168,2024-08-30,Present,09:41,18:14
ATD006964,EMP00560,2026-07-25,Present,09:09,18:20
ATD006965,EMP00742,2025-05-24,Present,09:11,17:18
ATD006966,EMP00645,2024-10-13,Present,09:43,19:09
ATD006967,EMP00648,2025-05-31,Present,08:53,17:42
ATD006968,EMP01024,2025-12-13,Present,09:34,18:39
ATD006969,EMP00982,2025-09-29,Present,08:58,17:31
ATD006970,EMP00725,2025-11-06,Present,08:51,18:13
ATD006971,EMP01067,2026-03-02,Present,09:22,18:04
ATD006972,EMP00124,2025-09-27,Present,09:43,18:38
ATD006973,EMP00001,2024-11-15,Present,09:14,18:28
ATD006974,EMP00850,2025-08-10,Present,08:48,17:46
ATD006975,EMP00434,2025-02-28,Present,09:05,17:43
ATD006976,EMP00616,2025-05-20,Absent,NULL,NULL
ATD006977,EMP00393,2025-03-20,Present,09:26,18:42
ATD006978,EMP00109,2024-12-30,"Work From Home",09:46,18:36
ATD006979,EMP00434,2026-04-12,Absent,NULL,NULL
ATD006980,EMP00137,2025-05-29,Absent,NULL,NULL
ATD006981,EMP00505,2025-01-28,Present,08:58,17:00
ATD006982,EMP00821,2025-04-09,Present,08:42,17:13
ATD006983,EMP00314,2025-06-17,Present,09:26,18:53
ATD006984,EMP00432,2024-12-06,Absent,NULL,NULL
ATD006985,EMP00056,2025-02-20,Present,09:39,17:53
ATD006986,EMP00916,2025-09-06,"Half Day",08:55,13:11
ATD006987,EMP00800,2026-06-29,"Half Day",08:56,13:03
ATD006988,EMP00141,2026-05-02,Present,09:06,17:57
ATD006989,EMP00599,2026-06-09,"Half Day",09:24,13:22
ATD006990,EMP00516,2025-08-08,"Work From Home",09:37,18:37
ATD006991,EMP00923,2024-08-23,Present,09:07,17:29
ATD006992,EMP01179,2025-10-31,Present,08:54,18:03
ATD006993,EMP00857,2024-10-07,Present,08:35,17:23
ATD006994,EMP00841,2024-12-04,Absent,NULL,NULL
ATD006995,EMP01152,2025-06-11,Present,08:47,17:05
ATD006996,EMP00149,2025-02-02,Absent,NULL,NULL
ATD006997,EMP00728,2025-07-06,"Work From Home",09:46,18:11
ATD006998,EMP00713,2024-09-04,"Work From Home",09:16,17:24
ATD006999,EMP01010,2025-11-19,"Half Day",08:40,12:42
ATD007000,EMP00532,2026-03-16,Absent,NULL,NULL
ATD007001,EMP00974,2026-02-18,Present,09:32,18:22
ATD007002,EMP00479,2025-02-24,Present,09:39,18:14
ATD007003,EMP00686,2025-01-28,Present,08:57,17:18
ATD007004,EMP00353,2024-11-19,Present,09:30,17:47
ATD007005,EMP00349,2026-06-23,Absent,NULL,NULL
ATD007006,EMP01154,2025-05-06,"Work From Home",09:55,18:36
ATD007007,EMP01187,2025-10-13,Present,09:15,17:27
ATD007008,EMP00160,2025-05-15,Present,09:38,18:33
ATD007009,EMP00835,2025-10-07,Absent,NULL,NULL
ATD007010,EMP00228,2024-10-20,"Work From Home",09:24,17:55
ATD007011,EMP00096,2026-07-09,"Work From Home",09:28,17:35
ATD007012,EMP00050,2025-03-21,"Work From Home",09:18,17:49
ATD007013,EMP01092,2025-03-09,Absent,NULL,NULL
ATD007014,EMP00724,2025-05-14,Present,09:17,18:13
ATD007015,EMP00545,2024-10-19,"Work From Home",09:47,18:04
ATD007016,EMP00894,2026-02-13,Present,09:45,17:58
ATD007017,EMP00643,2025-11-19,"Work From Home",09:06,17:43
ATD007018,EMP00957,2025-12-05,Present,08:55,17:34
ATD007019,EMP00404,2026-01-15,"Half Day",08:51,12:59
ATD007020,EMP00487,2025-12-02,"Work From Home",09:32,18:08
ATD007021,EMP00310,2025-05-19,Absent,NULL,NULL
ATD007022,EMP00094,2024-09-26,"Half Day",08:36,12:06
ATD007023,EMP01110,2025-03-26,"Half Day",09:21,13:49
ATD007024,EMP00997,2025-10-15,Absent,NULL,NULL
ATD007025,EMP01019,2025-07-24,Absent,NULL,NULL
ATD007026,EMP00167,2024-08-17,Present,08:31,17:36
ATD007027,EMP00392,2026-07-30,"Work From Home",09:59,18:50
ATD007028,EMP00327,2026-04-19,"Work From Home",09:23,17:38
ATD007029,EMP00740,2026-05-08,"Work From Home",09:19,17:29
ATD007030,EMP01185,2025-01-24,"Work From Home",09:21,17:47
ATD007031,EMP00984,2025-07-24,"Work From Home",09:15,17:25
ATD007032,EMP00492,2025-11-08,Present,09:14,18:36
ATD007033,EMP00896,2025-05-27,Present,08:35,16:36
ATD007034,EMP00785,2026-07-22,Present,09:14,18:28
ATD007035,EMP00219,2026-04-06,"Half Day",09:12,13:35
ATD007036,EMP01082,2026-03-07,Present,08:32,17:51
ATD007037,EMP00751,2025-11-04,Present,09:03,18:17
ATD007038,EMP01004,2026-01-04,Present,08:37,18:00
ATD007039,EMP00902,2024-10-28,"Work From Home",09:11,17:51
ATD007040,EMP00358,2025-11-22,Present,08:55,17:22
ATD007041,EMP00042,2024-12-30,Present,09:10,18:32
ATD007042,EMP00597,2026-03-04,Present,08:31,17:20
ATD007043,EMP00482,2025-08-11,Present,08:40,16:41
ATD007044,EMP01162,2024-08-14,Present,09:28,17:52
ATD007045,EMP00708,2026-03-25,Present,08:31,16:47
ATD007046,EMP00384,2025-02-10,Present,09:23,17:31
ATD007047,EMP00351,2026-05-30,Present,08:55,18:16
ATD007048,EMP00949,2025-08-30,Absent,NULL,NULL
ATD007049,EMP00079,2024-11-22,Present,09:09,18:30
ATD007050,EMP00971,2025-07-01,Present,08:41,16:50
ATD007051,EMP00540,2026-04-24,Present,09:43,18:24
ATD007052,EMP00964,2024-12-16,Present,09:16,18:28
ATD007053,EMP00244,2024-10-27,Present,08:46,17:55
ATD007054,EMP00058,2024-08-29,Present,09:14,18:37
ATD007055,EMP00071,2026-07-02,Present,09:01,17:23
ATD007056,EMP00203,2025-12-25,Absent,NULL,NULL
ATD007057,EMP00429,2026-04-24,Present,08:43,17:14
ATD007058,EMP00027,2026-06-06,Absent,NULL,NULL
ATD007059,EMP00144,2025-08-21,Present,09:16,17:20
ATD007060,EMP00656,2025-08-15,Present,08:35,17:04
ATD007061,EMP00428,2025-11-09,"Work From Home",09:31,17:40
ATD007062,EMP01211,2024-08-08,Present,09:04,17:34
ATD007063,EMP01092,2024-08-18,Present,08:48,17:41
ATD007064,EMP01208,2024-08-19,Present,08:52,17:34
ATD007065,EMP01215,2026-06-20,Present,09:18,18:05
ATD007066,EMP00647,2025-01-13,Present,08:44,17:18
ATD007067,EMP00026,2025-09-22,Present,09:25,18:14
ATD007068,EMP01206,2024-12-28,Absent,NULL,NULL
ATD007069,EMP00631,2025-09-15,Present,08:55,17:10
ATD007070,EMP00742,2024-12-04,Absent,NULL,NULL
ATD007071,EMP00440,2025-06-28,Present,09:41,18:14
ATD007072,EMP00229,2025-09-30,Present,08:53,16:54
ATD007073,EMP00914,2024-11-29,Present,08:44,17:03
ATD007074,EMP01022,2025-11-27,"Work From Home",09:27,17:50
ATD007075,EMP00304,2025-10-27,"Work From Home",09:29,18:20
ATD007076,EMP00648,2025-03-08,Present,08:53,17:45
ATD007077,EMP01124,2026-06-07,Present,09:13,17:20
ATD007078,EMP00741,2026-01-23,Present,09:44,18:50
ATD007079,EMP00852,2025-06-21,"Work From Home",09:04,17:21
ATD007080,EMP00541,2026-05-06,Absent,NULL,NULL
ATD007081,EMP00209,2026-03-09,Present,08:39,16:44
ATD007082,EMP00546,2025-03-21,"Half Day",08:46,13:02
ATD007083,EMP00613,2025-03-04,Present,08:57,17:58
ATD007084,EMP00609,2026-01-15,Present,08:39,17:07
ATD007085,EMP00376,2025-09-22,"Work From Home",09:58,18:02
ATD007086,EMP00630,2025-11-11,"Half Day",09:15,13:27
ATD007087,EMP00296,2024-10-10,Present,08:47,17:46
ATD007088,EMP00675,2025-07-05,"Half Day",09:27,13:45
ATD007089,EMP00666,2025-03-22,Present,09:03,18:33
ATD007090,EMP00607,2026-02-18,Present,08:33,17:03
ATD007091,EMP00032,2026-01-13,Present,09:30,18:37
ATD007092,EMP01189,2026-05-31,Absent,NULL,NULL
ATD007093,EMP00868,2025-07-31,Present,09:10,17:43
ATD007094,EMP00492,2025-11-27,Present,08:37,18:02
ATD007095,EMP01019,2026-01-06,Present,09:19,18:12
ATD007096,EMP01104,2024-11-14,Present,08:46,17:53
ATD007097,EMP00157,2026-04-20,Present,08:45,17:30
ATD007098,EMP00798,2025-11-15,Present,09:19,18:47
ATD007099,EMP01189,2024-10-07,"Work From Home",09:37,18:19
ATD007100,EMP00829,2025-11-28,Present,08:36,17:46
ATD007101,EMP00941,2026-08-06,Present,09:05,17:43
ATD007102,EMP00011,2024-11-30,Present,08:52,17:00
ATD007103,EMP00222,2025-02-10,Present,08:30,16:59
ATD007104,EMP00663,2025-01-08,Present,09:11,17:59
ATD007105,EMP01161,2024-08-03,Present,08:47,16:51
ATD007106,EMP00359,2026-05-11,Present,08:55,18:20
ATD007107,EMP00543,2024-09-29,"Half Day",08:34,13:00
ATD007108,EMP00874,2025-07-11,Present,09:19,18:19
ATD007109,EMP00746,2026-03-29,Present,09:10,17:19
ATD007110,EMP01143,2026-01-31,Absent,NULL,NULL
ATD007111,EMP00785,2024-09-05,"Work From Home",09:28,17:37
ATD007112,EMP00601,2025-11-09,"Work From Home",09:49,18:43
ATD007113,EMP00197,2026-06-13,Present,09:11,18:39
ATD007114,EMP00133,2025-11-13,Present,09:03,18:12
ATD007115,EMP00283,2024-12-23,"Half Day",09:20,13:35
ATD007116,EMP00541,2024-12-02,Present,08:53,17:13
ATD007117,EMP00596,2025-11-05,Present,08:34,16:47
ATD007118,EMP00625,2025-12-10,Absent,NULL,NULL
ATD007119,EMP00202,2024-11-13,Present,09:07,18:26
ATD007120,EMP00410,2025-06-04,Present,09:23,17:30
ATD007121,EMP00221,2025-07-14,"Work From Home",09:43,17:55
ATD007122,EMP00622,2024-11-12,Present,09:42,18:27
ATD007123,EMP00087,2025-11-20,Present,08:45,17:45
ATD007124,EMP00916,2025-02-11,"Half Day",08:42,12:19
ATD007125,EMP00281,2026-04-02,Absent,NULL,NULL
ATD007126,EMP00412,2026-02-10,Present,08:34,17:22
ATD007127,EMP00793,2024-08-20,Present,08:32,16:54
ATD007128,EMP00878,2026-03-31,Present,08:32,17:23
ATD007129,EMP00475,2025-04-12,Present,09:12,17:15
ATD007130,EMP00223,2024-09-08,Present,08:46,17:29
ATD007131,EMP01179,2025-07-14,Present,08:32,16:39
ATD007132,EMP01098,2025-09-22,Present,09:07,18:04
ATD007133,EMP00497,2025-04-09,Present,08:32,17:08
ATD007134,EMP00338,2026-01-21,Present,08:53,17:06
ATD007135,EMP01011,2025-05-12,Present,09:19,18:25
ATD007136,EMP00524,2026-05-07,"Work From Home",09:06,17:06
ATD007137,EMP01009,2024-11-08,Present,09:19,18:40
ATD007138,EMP00136,2025-04-27,"Work From Home",09:30,17:47
ATD007139,EMP00405,2024-11-05,Absent,NULL,NULL
ATD007140,EMP00340,2025-11-04,"Work From Home",09:08,17:20
ATD007141,EMP00567,2025-02-07,Absent,NULL,NULL
ATD007142,EMP00605,2025-07-10,"Work From Home",09:45,18:07
ATD007143,EMP01085,2026-07-20,"Work From Home",09:22,17:25
ATD007144,EMP00034,2025-09-05,Present,09:35,18:45
ATD007145,EMP00200,2025-11-16,Present,08:34,17:55
ATD007146,EMP01132,2025-02-01,"Half Day",09:12,12:54
ATD007147,EMP00744,2026-07-29,Present,09:32,18:13
ATD007148,EMP01016,2025-06-04,"Work From Home",09:30,18:02
ATD007149,EMP00279,2025-10-13,Present,08:38,17:50
ATD007150,EMP00798,2026-04-03,"Half Day",08:39,12:09
ATD007151,EMP00870,2025-08-03,Present,09:29,17:45
ATD007152,EMP00037,2026-01-21,"Work From Home",09:48,18:07
ATD007153,EMP00152,2025-03-29,"Work From Home",09:41,17:46
ATD007154,EMP00324,2025-03-23,"Work From Home",09:53,18:03
ATD007155,EMP00577,2025-10-01,Present,08:45,17:52
ATD007156,EMP00412,2026-05-02,Absent,NULL,NULL
ATD007157,EMP01034,2026-08-07,Present,08:37,17:47
ATD007158,EMP00359,2025-08-07,Absent,NULL,NULL
ATD007159,EMP00113,2025-04-18,Present,08:30,17:35
ATD007160,EMP00597,2025-06-12,Present,08:40,17:11
ATD007161,EMP00899,2025-09-05,Present,08:43,17:30
ATD007162,EMP00351,2025-04-11,Present,08:37,16:58
ATD007163,EMP00809,2024-12-18,"Work From Home",09:38,17:54
ATD007164,EMP01048,2024-10-14,Present,08:54,18:04
ATD007165,EMP01206,2026-07-16,Absent,NULL,NULL
ATD007166,EMP01119,2025-03-13,Present,09:23,18:48
ATD007167,EMP00143,2025-11-13,Present,09:26,18:09
ATD007168,EMP00174,2025-08-26,Present,09:29,17:41
ATD007169,EMP00722,2025-06-12,Present,09:32,17:34
ATD007170,EMP00494,2026-04-08,Present,08:41,17:13
ATD007171,EMP00701,2026-07-01,"Work From Home",09:04,17:35
ATD007172,EMP00782,2025-06-07,Present,09:26,17:55
ATD007173,EMP00799,2025-05-10,Present,09:12,17:17
ATD007174,EMP00921,2025-03-26,Present,09:31,17:53
ATD007175,EMP00658,2026-05-24,Present,08:33,16:51
ATD007176,EMP00581,2024-11-03,Absent,NULL,NULL
ATD007177,EMP00066,2025-02-22,Present,09:30,17:30
ATD007178,EMP00664,2025-03-05,Present,09:34,18:15
ATD007179,EMP00337,2025-12-20,"Work From Home",09:27,18:25
ATD007180,EMP00897,2025-01-24,Present,09:04,18:19
ATD007181,EMP00475,2025-10-29,"Work From Home",09:14,17:57
ATD007182,EMP00119,2025-05-29,"Half Day",08:52,13:10
ATD007183,EMP00751,2026-05-29,Present,08:44,18:04
ATD007184,EMP00615,2026-04-07,Present,09:09,17:35
ATD007185,EMP01029,2026-04-03,"Work From Home",09:15,18:01
ATD007186,EMP00949,2024-12-28,"Half Day",09:09,13:28
ATD007187,EMP00840,2026-03-31,"Work From Home",09:54,18:41
ATD007188,EMP00845,2026-03-14,Absent,NULL,NULL
ATD007189,EMP00307,2025-04-26,Present,08:52,16:57
ATD007190,EMP00578,2025-07-17,Present,08:37,17:24
ATD007191,EMP00505,2025-12-28,Present,08:52,16:56
ATD007192,EMP01082,2025-09-05,Present,09:25,18:05
ATD007193,EMP01218,2024-10-07,Present,08:47,17:54
ATD007194,EMP00638,2025-11-05,Absent,NULL,NULL
ATD007195,EMP00948,2025-11-04,Present,08:43,17:21
ATD007196,EMP00042,2026-07-15,"Half Day",08:59,12:40
ATD007197,EMP00049,2025-12-16,Present,09:32,18:49
ATD007198,EMP00745,2025-11-03,Present,09:38,17:47
ATD007199,EMP00578,2026-04-04,Present,09:34,17:47
ATD007200,EMP01230,2025-11-29,"Work From Home",09:18,18:09
ATD007201,EMP00972,2025-01-24,Present,09:18,18:29
ATD007202,EMP01197,2026-02-25,"Work From Home",09:17,17:37
ATD007203,EMP00172,2025-10-13,"Half Day",09:24,13:08
ATD007204,EMP00645,2026-03-04,Absent,NULL,NULL
ATD007205,EMP00290,2025-08-20,Present,08:43,16:51
ATD007206,EMP00259,2025-01-05,Present,08:31,16:31
ATD007207,EMP00003,2024-12-01,"Half Day",09:06,12:55
ATD007208,EMP00513,2026-06-25,Present,09:07,17:43
ATD007209,EMP00923,2025-09-24,Present,09:28,17:29
ATD007210,EMP00588,2025-08-22,"Half Day",09:17,13:08
ATD007211,EMP00037,2025-06-22,Present,08:43,17:52
ATD007212,EMP00880,2025-08-17,Present,09:31,18:58
ATD007213,EMP00231,2025-10-14,Present,08:53,17:19
ATD007214,EMP01125,2026-07-29,Absent,NULL,NULL
ATD007215,EMP00135,2025-12-22,Present,08:34,17:56
ATD007216,EMP00665,2025-03-03,"Work From Home",09:52,18:49
ATD007217,EMP00847,2024-09-01,Absent,NULL,NULL
ATD007218,EMP00472,2025-05-04,Present,08:53,18:13
ATD007219,EMP00603,2026-01-30,Present,09:25,18:01
ATD007220,EMP00685,2025-06-19,Absent,NULL,NULL
ATD007221,EMP01089,2025-08-09,"Half Day",09:30,13:55
ATD007222,EMP00627,2026-05-20,Present,09:21,17:51
ATD007223,EMP00810,2024-12-10,"Half Day",09:27,13:52
ATD007224,EMP01081,2025-04-09,Present,08:59,18:01
ATD007225,EMP00157,2026-01-08,Present,09:28,18:24
ATD007226,EMP00041,2025-10-29,"Work From Home",09:22,17:45
ATD007227,EMP00543,2024-11-15,"Half Day",09:20,13:40
ATD007228,EMP00413,2024-09-28,"Half Day",08:47,12:29
ATD007229,EMP01108,2026-03-29,Absent,NULL,NULL
ATD007230,EMP00889,2026-03-25,Present,09:26,17:46
ATD007231,EMP00538,2025-11-23,Present,09:31,17:59
ATD007232,EMP00122,2025-07-12,Present,08:39,16:57
ATD007233,EMP01043,2024-09-25,"Half Day",08:33,12:54
ATD007234,EMP00901,2025-05-20,Present,09:22,18:10
ATD007235,EMP00875,2024-08-27,"Work From Home",09:47,17:48
ATD007236,EMP01006,2025-11-24,Present,09:24,17:31
ATD007237,EMP00463,2024-08-12,Absent,NULL,NULL
ATD007238,EMP00169,2025-11-08,"Work From Home",09:13,18:03
ATD007239,EMP00513,2025-02-10,Present,09:05,17:12
ATD007240,EMP00225,2025-09-14,Present,09:00,18:09
ATD007241,EMP00533,2025-07-28,Present,09:39,18:58
ATD007242,EMP00738,2025-04-18,Present,09:09,18:07
ATD007243,EMP00305,2026-08-01,Present,08:31,16:56
ATD007244,EMP00758,2026-03-19,Present,08:42,17:10
ATD007245,EMP00200,2024-09-01,Present,09:17,17:25
ATD007246,EMP00746,2024-10-05,"Work From Home",09:01,17:25
ATD007247,EMP00849,2025-01-28,"Work From Home",09:13,17:58
ATD007248,EMP00372,2025-05-17,Present,09:32,18:15
ATD007249,EMP00032,2026-05-09,Present,09:09,17:53
ATD007250,EMP00636,2024-09-09,Present,09:40,19:00
ATD007251,EMP00002,2025-07-14,Present,09:43,18:03
ATD007252,EMP01084,2025-04-05,"Half Day",08:38,12:52
ATD007253,EMP00967,2024-09-16,Present,08:31,17:05
ATD007254,EMP00410,2025-11-14,"Work From Home",09:47,18:27
ATD007255,EMP00212,2025-10-28,Absent,NULL,NULL
ATD007256,EMP00895,2024-12-30,Present,08:44,16:44
ATD007257,EMP00717,2025-08-04,Present,08:34,16:47
ATD007258,EMP00075,2026-04-10,Present,08:55,18:18
ATD007259,EMP00372,2024-12-29,Present,09:30,18:56
ATD007260,EMP00582,2025-07-10,"Half Day",09:17,12:48
ATD007261,EMP00997,2025-02-21,"Half Day",08:51,12:27
ATD007262,EMP00518,2025-06-09,Present,09:12,18:17
ATD007263,EMP00961,2026-07-28,Present,09:23,18:33
ATD007264,EMP00413,2025-09-04,"Work From Home",09:15,18:01
ATD007265,EMP01009,2026-01-16,Present,09:32,18:36
ATD007266,EMP00187,2026-05-28,Present,09:01,17:10
ATD007267,EMP00188,2026-02-28,"Work From Home",09:53,18:40
ATD007268,EMP00714,2025-11-08,Present,08:58,18:27
ATD007269,EMP00751,2025-12-21,Present,09:07,17:12
ATD007270,EMP00652,2025-03-03,Present,09:15,18:38
ATD007271,EMP00393,2024-08-26,Present,08:35,17:08
ATD007272,EMP00227,2024-08-21,"Work From Home",09:07,17:30
ATD007273,EMP00241,2025-09-18,Present,09:04,18:19
ATD007274,EMP00290,2025-12-06,Present,08:40,17:43
ATD007275,EMP00677,2025-10-07,Absent,NULL,NULL
ATD007276,EMP00124,2026-07-17,"Work From Home",09:32,17:56
ATD007277,EMP00194,2025-09-23,"Work From Home",09:00,17:34
ATD007278,EMP00365,2025-06-04,"Half Day",08:40,13:05
ATD007279,EMP00172,2024-10-23,"Half Day",08:52,12:52
ATD007280,EMP01192,2025-05-05,"Work From Home",09:46,18:08
ATD007281,EMP00227,2025-06-18,"Work From Home",09:59,18:24
ATD007282,EMP00223,2025-01-28,Present,08:33,17:44
ATD007283,EMP00863,2025-08-21,Present,08:46,17:29
ATD007284,EMP00115,2026-07-24,Present,09:45,17:51
ATD007285,EMP00269,2025-01-14,Present,09:40,18:55
ATD007286,EMP00700,2025-06-24,Absent,NULL,NULL
ATD007287,EMP00641,2025-09-19,"Half Day",08:39,13:05
ATD007288,EMP00041,2024-09-30,"Half Day",08:40,12:36
ATD007289,EMP00682,2025-05-12,"Work From Home",09:00,17:28
ATD007290,EMP00825,2024-12-12,Present,09:21,17:35
ATD007291,EMP00737,2025-01-16,Present,08:33,17:26
ATD007292,EMP01142,2026-01-25,"Half Day",08:46,12:44
ATD007293,EMP01067,2024-10-10,Present,08:48,17:50
ATD007294,EMP00468,2024-12-20,"Half Day",08:41,12:44
ATD007295,EMP00155,2025-01-10,Present,08:50,17:06
ATD007296,EMP00986,2025-03-04,Present,09:02,18:08
ATD007297,EMP00684,2026-07-22,Present,08:35,17:36
ATD007298,EMP00711,2026-05-30,Absent,NULL,NULL
ATD007299,EMP00306,2025-07-26,"Work From Home",09:57,18:12
ATD007300,EMP00160,2024-09-28,Present,08:49,18:19
ATD007301,EMP00043,2026-06-21,Present,08:47,18:13
ATD007302,EMP00341,2025-11-06,"Work From Home",09:00,17:01
ATD007303,EMP00182,2025-03-28,Present,08:36,17:23
ATD007304,EMP00448,2026-01-05,Present,09:25,18:35
ATD007305,EMP01200,2026-03-24,Present,09:17,18:08
ATD007306,EMP01035,2025-10-03,Present,08:30,17:58
ATD007307,EMP00684,2026-01-16,"Half Day",08:41,13:09
ATD007308,EMP00792,2024-08-24,"Work From Home",09:27,17:47
ATD007309,EMP00057,2025-05-29,Present,09:32,18:11
ATD007310,EMP00710,2026-08-04,Present,08:37,17:37
ATD007311,EMP01206,2025-06-07,Present,08:39,17:48
ATD007312,EMP00965,2025-06-22,"Work From Home",09:13,17:38
ATD007313,EMP00094,2024-12-27,Absent,NULL,NULL
ATD007314,EMP01183,2026-04-12,Present,08:35,16:39
ATD007315,EMP00977,2025-03-30,Present,09:20,17:52
ATD007316,EMP01095,2025-09-19,"Work From Home",09:04,17:48
ATD007317,EMP00502,2025-06-17,Present,08:51,16:53
ATD007318,EMP00195,2024-10-10,Present,08:39,17:15
ATD007319,EMP00877,2025-04-04,Absent,NULL,NULL
ATD007320,EMP00287,2026-02-23,Present,08:31,17:23
ATD007321,EMP00194,2026-04-09,Present,09:43,18:01
ATD007322,EMP00364,2025-07-21,Present,09:28,18:34
ATD007323,EMP00436,2025-11-19,Present,09:24,17:28
ATD007324,EMP01128,2026-07-01,Present,09:42,18:58
ATD007325,EMP00341,2025-02-10,Present,08:48,17:53
ATD007326,EMP00637,2024-09-12,Absent,NULL,NULL
ATD007327,EMP00869,2024-11-25,"Work From Home",09:00,17:32
ATD007328,EMP00974,2026-06-06,Present,08:59,17:22
ATD007329,EMP00711,2026-01-06,Present,09:00,17:37
ATD007330,EMP00531,2025-05-23,Present,08:48,16:57
ATD007331,EMP01022,2024-09-20,Present,09:28,17:34
ATD007332,EMP00017,2026-01-09,Present,08:55,17:41
ATD007333,EMP00199,2024-08-02,Absent,NULL,NULL
ATD007334,EMP00341,2026-06-17,Absent,NULL,NULL
ATD007335,EMP01075,2025-09-03,Absent,NULL,NULL
ATD007336,EMP00490,2024-12-25,"Work From Home",09:17,17:46
ATD007337,EMP00702,2026-02-24,Present,08:35,16:48
ATD007338,EMP00941,2025-02-16,Present,08:50,18:19
ATD007339,EMP00925,2026-04-06,Present,08:47,17:00
ATD007340,EMP00415,2026-02-01,Present,08:45,18:13
ATD007341,EMP00049,2024-09-21,"Work From Home",09:41,17:41
ATD007342,EMP00098,2026-05-07,Present,08:59,17:32
ATD007343,EMP00494,2025-05-19,Present,08:53,17:51
ATD007344,EMP00079,2025-11-23,"Half Day",09:08,12:57
ATD007345,EMP00527,2025-12-31,Present,08:48,17:50
ATD007346,EMP00905,2026-03-22,Absent,NULL,NULL
ATD007347,EMP00104,2024-11-21,Present,09:37,18:19
ATD007348,EMP00063,2026-02-18,Present,09:35,18:01
ATD007349,EMP00259,2026-06-13,"Work From Home",09:15,17:30
ATD007350,EMP01014,2026-07-03,"Work From Home",09:36,17:58
ATD007351,EMP00792,2025-04-17,Present,08:49,18:13
ATD007352,EMP01139,2026-05-31,Present,09:34,18:52
ATD007353,EMP01045,2024-11-12,"Half Day",09:13,13:04
ATD007354,EMP00040,2024-12-21,Present,09:16,18:46
ATD007355,EMP00977,2024-12-13,"Work From Home",09:00,17:28
ATD007356,EMP00111,2025-03-25,"Work From Home",09:54,18:39
ATD007357,EMP00423,2026-05-27,"Half Day",08:39,12:17
ATD007358,EMP01204,2025-08-08,Present,09:25,18:37
ATD007359,EMP00490,2025-05-27,Present,08:31,17:12
ATD007360,EMP00380,2025-04-13,Present,08:55,17:20
ATD007361,EMP00538,2026-04-27,Absent,NULL,NULL
ATD007362,EMP00751,2024-11-27,Present,09:43,18:54
ATD007363,EMP00815,2025-10-10,Present,08:58,17:11
ATD007364,EMP00742,2024-12-07,Absent,NULL,NULL
ATD007365,EMP00200,2026-02-07,"Half Day",08:49,12:35
ATD007366,EMP01124,2026-01-23,Present,09:25,18:36
ATD007367,EMP01168,2026-01-31,Present,08:35,17:46
ATD007368,EMP01090,2025-09-14,Present,08:37,17:44
ATD007369,EMP00201,2026-04-28,Present,08:38,17:54
ATD007370,EMP00713,2024-10-13,Present,09:05,17:07
ATD007371,EMP00923,2025-01-08,Present,09:44,18:54
ATD007372,EMP01216,2026-03-14,Present,08:33,17:48
ATD007373,EMP00945,2025-03-25,Present,08:40,16:48
ATD007374,EMP01220,2024-10-05,"Work From Home",09:48,18:22
ATD007375,EMP00231,2026-08-07,Present,09:12,18:06
ATD007376,EMP00564,2025-03-29,Present,08:33,18:01
ATD007377,EMP01089,2025-12-27,Present,09:26,18:09
ATD007378,EMP00294,2025-11-19,Present,08:36,17:18
ATD007379,EMP00113,2024-12-01,Absent,NULL,NULL
ATD007380,EMP00693,2024-12-03,Present,08:34,17:56
ATD007381,EMP01062,2026-05-31,"Half Day",09:25,13:32
ATD007382,EMP00689,2025-03-10,Present,08:38,17:03
ATD007383,EMP00914,2025-12-31,Present,08:33,17:47
ATD007384,EMP00571,2026-01-17,Present,08:33,17:47
ATD007385,EMP00504,2025-04-24,Present,08:46,17:53
ATD007386,EMP00751,2026-05-09,Absent,NULL,NULL
ATD007387,EMP01053,2024-08-26,Present,09:30,18:21
ATD007388,EMP00204,2026-06-30,"Work From Home",09:43,18:37
ATD007389,EMP01173,2025-02-19,"Work From Home",09:28,17:33
ATD007390,EMP01159,2026-07-31,Present,08:46,17:06
ATD007391,EMP00025,2024-09-15,Present,08:34,17:11
ATD007392,EMP00820,2026-03-14,Present,09:42,19:01
ATD007393,EMP00154,2025-01-09,"Work From Home",09:57,18:44
ATD007394,EMP00365,2026-02-15,Present,09:20,18:49
ATD007395,EMP00161,2024-09-06,Present,08:31,16:59
ATD007396,EMP00746,2024-12-22,Present,09:36,17:49
ATD007397,EMP00318,2026-08-04,Present,09:36,18:54
ATD007398,EMP00391,2025-11-25,Absent,NULL,NULL
ATD007399,EMP00064,2025-12-14,Present,09:34,18:23
ATD007400,EMP00389,2025-11-07,Present,08:59,17:35
ATD007401,EMP00965,2026-04-14,Present,08:36,17:32
ATD007402,EMP00305,2025-04-07,"Work From Home",09:01,17:15
ATD007403,EMP00172,2025-11-27,Present,09:30,19:00
ATD007404,EMP00527,2025-10-01,Present,08:39,17:13
ATD007405,EMP00104,2026-08-01,Present,08:32,17:57
ATD007406,EMP00003,2024-11-02,"Half Day",09:17,13:31
ATD007407,EMP00033,2024-12-16,"Work From Home",09:33,18:04
ATD007408,EMP00631,2025-05-24,"Half Day",08:39,13:08
ATD007409,EMP00351,2025-07-06,Present,09:26,18:09
ATD007410,EMP01003,2025-09-14,Present,09:28,18:38
ATD007411,EMP00778,2025-05-16,Present,09:15,18:27
ATD007412,EMP00990,2024-08-31,"Work From Home",09:29,17:47
ATD007413,EMP00931,2026-02-16,Present,08:43,16:51
ATD007414,EMP00150,2025-06-23,Present,08:33,16:56
ATD007415,EMP00936,2025-05-18,Present,09:16,18:02
ATD007416,EMP00815,2025-06-01,Present,08:51,17:48
ATD007417,EMP00226,2025-05-13,Present,08:39,17:12
ATD007418,EMP00002,2026-07-20,"Work From Home",09:18,17:52
ATD007419,EMP00141,2024-11-03,"Work From Home",09:25,18:12
ATD007420,EMP00031,2025-05-18,Present,09:14,18:14
ATD007421,EMP00966,2025-02-15,"Work From Home",09:14,18:13
ATD007422,EMP01017,2026-06-25,Present,08:34,17:55
ATD007423,EMP00266,2025-11-16,"Work From Home",09:33,18:30
ATD007424,EMP00734,2025-10-14,Present,09:38,18:55
ATD007425,EMP00080,2026-01-30,Present,09:43,18:10
ATD007426,EMP00216,2026-05-02,"Work From Home",09:18,18:16
ATD007427,EMP00310,2025-11-19,Present,08:52,17:37
ATD007428,EMP00184,2026-05-29,Present,08:44,17:46
ATD007429,EMP00256,2026-03-31,Present,08:37,17:46
ATD007430,EMP01183,2024-12-12,Present,09:20,17:42
ATD007431,EMP00794,2025-01-06,Present,08:33,17:05
ATD007432,EMP00356,2026-01-25,Present,09:12,17:31
ATD007433,EMP01188,2025-06-18,Present,09:12,18:02
ATD007434,EMP01103,2025-07-30,Present,08:54,17:48
ATD007435,EMP00943,2025-04-01,"Work From Home",09:48,18:31
ATD007436,EMP00489,2024-09-17,Present,08:40,17:38
ATD007437,EMP00281,2024-10-27,"Work From Home",09:53,18:32
ATD007438,EMP00764,2025-08-08,Present,08:45,17:53
ATD007439,EMP01195,2025-05-07,"Half Day",09:04,13:29
ATD007440,EMP00712,2025-03-15,"Half Day",09:11,12:41
ATD007441,EMP00598,2026-02-20,Absent,NULL,NULL
ATD007442,EMP00725,2024-11-13,Present,09:42,18:30
ATD007443,EMP00038,2025-07-24,Absent,NULL,NULL
ATD007444,EMP01163,2025-06-10,Present,08:48,16:56
ATD007445,EMP00345,2025-07-05,Present,09:28,18:51
ATD007446,EMP00796,2024-12-13,Absent,NULL,NULL
ATD007447,EMP00983,2025-01-03,Absent,NULL,NULL
ATD007448,EMP00196,2026-02-09,Present,09:00,17:08
ATD007449,EMP00190,2026-03-25,"Work From Home",09:15,18:09
ATD007450,EMP01141,2026-07-08,Present,09:07,18:22
ATD007451,EMP01025,2026-07-17,Present,09:19,17:42
ATD007452,EMP00966,2025-07-30,Present,08:36,16:59
ATD007453,EMP00684,2025-06-08,"Half Day",09:10,13:22
ATD007454,EMP00812,2025-05-05,"Work From Home",09:06,17:27
ATD007455,EMP00074,2026-06-22,"Work From Home",09:57,18:34
ATD007456,EMP00421,2025-08-23,Absent,NULL,NULL
ATD007457,EMP00395,2024-09-10,Present,08:31,17:35
ATD007458,EMP00328,2026-01-19,Present,08:56,17:55
ATD007459,EMP00625,2026-02-20,Present,09:28,18:42
ATD007460,EMP00430,2026-07-24,Absent,NULL,NULL
ATD007461,EMP00030,2025-05-28,"Work From Home",09:58,18:11
ATD007462,EMP01072,2025-01-31,Present,09:16,18:26
ATD007463,EMP00024,2025-12-30,Present,09:42,19:04
ATD007464,EMP00190,2025-03-19,Present,08:36,17:46
ATD007465,EMP00794,2025-12-06,Present,08:55,17:17
ATD007466,EMP01213,2025-07-24,Present,09:09,17:22
ATD007467,EMP00191,2026-04-20,Present,09:29,18:46
ATD007468,EMP00927,2026-07-16,"Half Day",09:00,12:35
ATD007469,EMP00573,2026-07-01,Present,08:43,17:15
ATD007470,EMP00797,2025-06-30,Absent,NULL,NULL
ATD007471,EMP01114,2026-02-13,"Half Day",09:08,13:20
ATD007472,EMP00671,2024-08-01,Absent,NULL,NULL
ATD007473,EMP00869,2025-01-13,"Work From Home",09:56,18:33
ATD007474,EMP00028,2025-03-26,Present,09:21,18:13
ATD007475,EMP00893,2025-05-18,"Work From Home",09:50,18:34
ATD007476,EMP00961,2026-06-13,Present,08:32,17:05
ATD007477,EMP00611,2024-09-11,Present,08:32,18:00
ATD007478,EMP00132,2024-10-20,Present,08:31,17:17
ATD007479,EMP00073,2025-12-16,Present,08:59,17:58
ATD007480,EMP00304,2024-12-15,Absent,NULL,NULL
ATD007481,EMP01071,2025-12-29,Absent,NULL,NULL
ATD007482,EMP01168,2025-09-26,Present,08:40,17:07
ATD007483,EMP00598,2025-07-08,Present,09:08,17:43
ATD007484,EMP00696,2025-10-23,Present,09:21,18:31
ATD007485,EMP00062,2026-07-01,Present,08:37,17:09
ATD007486,EMP00781,2025-06-08,Present,09:21,18:20
ATD007487,EMP00845,2025-11-26,Present,08:45,17:57
ATD007488,EMP00578,2025-07-13,Present,08:46,17:52
ATD007489,EMP00355,2025-12-20,Present,09:30,18:12
ATD007490,EMP00803,2025-02-27,Present,09:35,18:11
ATD007491,EMP00725,2025-08-18,Present,08:39,16:58
ATD007492,EMP00845,2026-08-04,Present,08:55,17:32
ATD007493,EMP00547,2026-06-22,Present,09:14,17:45
ATD007494,EMP00182,2026-03-26,"Work From Home",09:22,18:18
ATD007495,EMP00690,2024-09-06,"Work From Home",09:47,18:35
ATD007496,EMP00670,2026-07-30,Present,09:23,17:35
ATD007497,EMP01118,2026-03-21,Present,09:06,18:02
ATD007498,EMP00786,2025-08-22,Present,09:01,18:02
ATD007499,EMP00064,2025-12-22,"Half Day",08:57,13:12
ATD007500,EMP00613,2025-07-02,Present,08:50,18:11
ATD007501,EMP01092,2025-04-12,Present,09:39,17:44
ATD007502,EMP00541,2025-11-21,Absent,NULL,NULL
ATD007503,EMP00507,2026-02-15,Present,09:40,17:48
ATD007504,EMP00532,2025-03-18,Present,09:11,17:14
ATD007505,EMP00330,2025-04-25,"Work From Home",09:41,18:20
ATD007506,EMP00372,2025-01-28,Present,09:22,18:19
ATD007507,EMP00716,2024-08-01,"Work From Home",09:02,17:42
ATD007508,EMP00357,2025-06-05,"Half Day",09:29,13:49
ATD007509,EMP00555,2025-06-29,Present,09:01,17:19
ATD007510,EMP00279,2025-10-14,Present,09:18,17:55
ATD007511,EMP00254,2025-06-04,"Work From Home",09:14,18:11
ATD007512,EMP00263,2025-02-01,Present,08:52,17:55
ATD007513,EMP00207,2025-10-08,Present,08:42,17:58
ATD007514,EMP00467,2024-09-09,Absent,NULL,NULL
ATD007515,EMP00648,2025-08-06,Absent,NULL,NULL
ATD007516,EMP00436,2025-02-19,Absent,NULL,NULL
ATD007517,EMP00822,2025-05-30,Present,08:44,17:23
ATD007518,EMP00327,2025-07-12,Present,09:41,18:19
ATD007519,EMP00916,2025-04-27,Present,09:06,18:23
ATD007520,EMP00677,2026-07-09,"Work From Home",09:35,18:26
ATD007521,EMP00761,2025-02-12,"Work From Home",09:32,17:58
ATD007522,EMP00253,2026-03-02,Present,08:32,16:53
ATD007523,EMP00444,2025-10-21,Present,08:44,17:12
ATD007524,EMP01144,2025-08-18,Present,08:34,17:09
ATD007525,EMP00386,2025-09-12,Present,09:16,18:28
ATD007526,EMP00192,2024-12-06,Present,08:33,17:19
ATD007527,EMP00518,2025-10-21,Present,09:19,18:24
ATD007528,EMP01186,2025-03-31,Present,08:43,18:10
ATD007529,EMP00650,2026-04-16,Absent,NULL,NULL
ATD007530,EMP00418,2025-02-25,Present,09:37,17:42
ATD007531,EMP00073,2025-07-01,Present,08:53,17:09
ATD007532,EMP00305,2025-08-09,Absent,NULL,NULL
ATD007533,EMP00965,2025-09-28,Present,08:50,18:11
ATD007534,EMP00039,2026-04-11,Present,08:32,17:21
ATD007535,EMP00607,2026-03-24,"Half Day",09:00,13:20
ATD007536,EMP00689,2026-01-02,Present,08:55,17:09
ATD007537,EMP00164,2024-08-22,Present,09:03,18:15
ATD007538,EMP00694,2024-08-10,Absent,NULL,NULL
ATD007539,EMP00001,2024-08-22,Present,09:01,17:30
ATD007540,EMP01169,2026-05-13,Absent,NULL,NULL
ATD007541,EMP01020,2025-11-09,"Half Day",08:53,13:23
ATD007542,EMP00606,2025-08-14,Present,08:47,16:59
ATD007543,EMP00510,2024-09-01,Present,08:42,17:05
ATD007544,EMP00243,2026-02-09,Absent,NULL,NULL
ATD007545,EMP00206,2026-04-25,"Work From Home",09:47,17:49
ATD007546,EMP00440,2026-05-12,Present,08:30,16:31
ATD007547,EMP00625,2026-01-09,Present,08:46,17:22
ATD007548,EMP00104,2025-10-03,Present,08:51,17:38
ATD007549,EMP00288,2024-09-13,Present,09:27,18:30
ATD007550,EMP01034,2026-07-08,"Half Day",09:21,13:49
ATD007551,EMP00724,2025-02-26,"Half Day",08:49,12:57
ATD007552,EMP00643,2025-11-05,Present,09:06,17:13
ATD007553,EMP00245,2025-08-14,Present,09:41,18:58
ATD007554,EMP01108,2025-04-01,"Work From Home",09:32,17:55
ATD007555,EMP00432,2026-05-24,Present,08:44,17:54
ATD007556,EMP01129,2026-05-14,Present,08:43,16:43
ATD007557,EMP00859,2026-08-02,"Work From Home",09:03,17:53
ATD007558,EMP01220,2025-12-28,"Work From Home",09:20,17:21
ATD007559,EMP00513,2026-02-17,Present,09:12,17:14
ATD007560,EMP01023,2025-04-08,Present,09:43,18:12
ATD007561,EMP00818,2026-01-13,Present,09:03,17:23
ATD007562,EMP00782,2024-09-21,Present,09:07,17:54
ATD007563,EMP00703,2025-04-11,Present,09:16,17:30
ATD007564,EMP00025,2026-03-01,Present,08:59,17:02
ATD007565,EMP00143,2026-01-24,Present,08:59,17:52
ATD007566,EMP00343,2025-03-08,"Work From Home",09:25,17:53
ATD007567,EMP00023,2024-09-07,Present,08:33,17:18
ATD007568,EMP00061,2025-03-09,Present,09:40,17:54
ATD007569,EMP00587,2024-11-12,Present,09:04,17:37
ATD007570,EMP00721,2024-09-02,Present,09:26,18:30
ATD007571,EMP01118,2025-02-28,"Half Day",08:58,13:08
ATD007572,EMP00606,2024-09-26,"Work From Home",09:11,17:18
ATD007573,EMP01165,2026-03-10,"Work From Home",09:48,18:25
ATD007574,EMP00533,2025-02-18,Present,09:38,18:38
ATD007575,EMP01230,2025-08-08,"Half Day",08:41,12:13
ATD007576,EMP00736,2024-12-30,Present,09:01,18:11
ATD007577,EMP00162,2025-05-05,Present,08:30,17:55
ATD007578,EMP01059,2025-11-22,Present,08:51,17:42
ATD007579,EMP00411,2025-03-30,Present,08:46,17:24
ATD007580,EMP00939,2025-08-10,Present,09:00,17:40
ATD007581,EMP01017,2025-04-10,Present,08:57,17:04
ATD007582,EMP00851,2025-03-08,Present,08:35,17:35
ATD007583,EMP00277,2025-09-17,Present,09:37,18:06
ATD007584,EMP01033,2024-08-05,Present,09:17,17:43
ATD007585,EMP00703,2025-05-14,Present,08:50,17:42
ATD007586,EMP01118,2025-03-02,Present,09:30,18:22
ATD007587,EMP00068,2024-08-09,Absent,NULL,NULL
ATD007588,EMP00847,2025-05-02,Present,09:26,18:24
ATD007589,EMP00977,2025-03-22,"Work From Home",09:45,18:24
ATD007590,EMP00953,2026-03-04,"Work From Home",09:36,17:40
ATD007591,EMP01121,2026-06-21,Present,09:21,17:24
ATD007592,EMP00456,2026-04-26,"Half Day",09:13,13:37
ATD007593,EMP00120,2026-06-29,Present,08:37,17:43
ATD007594,EMP00371,2025-11-08,Present,08:59,17:17
ATD007595,EMP00506,2026-01-11,Present,08:46,17:49
ATD007596,EMP00113,2024-08-17,Present,09:25,18:48
ATD007597,EMP00930,2026-01-26,Absent,NULL,NULL
ATD007598,EMP01071,2024-12-17,"Work From Home",09:40,17:56
ATD007599,EMP00834,2025-09-18,Present,09:22,17:33
ATD007600,EMP00006,2025-05-06,"Work From Home",09:56,18:18
ATD007601,EMP00208,2025-06-23,Present,09:13,17:56
ATD007602,EMP00181,2025-08-08,Present,08:46,17:35
ATD007603,EMP00871,2025-11-28,"Work From Home",09:17,17:18
ATD007604,EMP00821,2025-10-03,Present,08:58,17:50
ATD007605,EMP00730,2026-07-24,Absent,NULL,NULL
ATD007606,EMP00284,2025-09-29,Present,09:39,18:15
ATD007607,EMP00286,2026-02-12,Present,09:29,18:59
ATD007608,EMP01168,2026-05-15,Present,08:50,17:40
ATD007609,EMP00580,2024-09-26,Absent,NULL,NULL
ATD007610,EMP01149,2025-09-08,Present,08:57,17:02
ATD007611,EMP00398,2026-06-21,"Half Day",09:11,12:55
ATD007612,EMP00052,2026-04-02,Present,09:45,18:31
ATD007613,EMP00262,2025-05-20,Present,09:11,17:26
ATD007614,EMP00402,2025-06-06,Present,08:34,16:58
ATD007615,EMP01053,2024-10-18,Present,08:48,17:08
ATD007616,EMP00274,2025-08-07,Present,09:39,18:37
ATD007617,EMP00892,2024-08-25,"Work From Home",09:00,17:39
ATD007618,EMP00926,2025-01-22,Present,08:50,17:12
ATD007619,EMP00856,2025-08-26,Present,09:06,17:13
ATD007620,EMP00162,2025-06-27,Present,09:45,17:57
ATD007621,EMP01057,2025-01-05,"Work From Home",09:21,18:02
ATD007622,EMP00755,2025-09-03,Present,08:34,17:49
ATD007623,EMP00149,2026-01-06,Present,09:33,18:52
ATD007624,EMP00887,2025-01-07,Present,09:38,18:04
ATD007625,EMP00665,2025-02-17,Present,08:41,16:54
ATD007626,EMP00005,2026-06-01,Present,09:15,18:37
ATD007627,EMP00162,2024-08-03,"Work From Home",09:29,18:11
ATD007628,EMP00883,2024-08-28,Present,09:08,18:06
ATD007629,EMP00341,2025-07-01,Absent,NULL,NULL
ATD007630,EMP01064,2024-10-26,Present,08:59,18:03
ATD007631,EMP00683,2025-10-08,Present,08:35,17:57
ATD007632,EMP00913,2024-09-15,Present,08:33,17:42
ATD007633,EMP01135,2026-03-01,Present,09:26,18:23
ATD007634,EMP01214,2025-01-10,Present,09:17,18:19
ATD007635,EMP00434,2024-08-23,"Half Day",09:16,12:49
ATD007636,EMP00815,2024-09-29,Present,08:53,17:47
ATD007637,EMP00138,2024-12-25,Absent,NULL,NULL
ATD007638,EMP00068,2025-05-23,Present,08:39,17:17
ATD007639,EMP00765,2024-08-31,Present,09:15,18:15
ATD007640,EMP00151,2025-05-21,Present,08:40,18:03
ATD007641,EMP01210,2024-10-18,Present,08:44,16:57
ATD007642,EMP00800,2025-06-03,Present,08:36,17:51
ATD007643,EMP01200,2026-07-21,Absent,NULL,NULL
ATD007644,EMP01189,2025-04-18,Present,08:43,17:59
ATD007645,EMP00808,2025-03-18,Absent,NULL,NULL
ATD007646,EMP00647,2026-04-30,Present,08:54,18:03
ATD007647,EMP01060,2024-10-05,Absent,NULL,NULL
ATD007648,EMP00943,2025-06-08,Present,08:43,17:16
ATD007649,EMP00583,2024-10-24,"Work From Home",09:01,17:52
ATD007650,EMP00686,2025-11-09,"Work From Home",09:31,18:13
ATD007651,EMP00349,2025-08-01,Present,08:48,17:18
ATD007652,EMP00891,2026-06-07,Present,08:55,18:12
ATD007653,EMP00502,2025-06-07,Present,08:56,17:29
ATD007654,EMP00583,2025-09-14,Present,09:02,17:43
ATD007655,EMP01175,2026-01-13,Present,09:21,17:50
ATD007656,EMP00122,2025-03-04,Present,08:53,17:15
ATD007657,EMP00281,2026-05-31,Present,09:41,18:44
ATD007658,EMP00897,2025-04-22,Present,09:15,18:20
ATD007659,EMP00802,2025-02-05,Present,09:36,18:11
ATD007660,EMP00109,2025-08-30,Present,09:27,17:40
ATD007661,EMP00316,2024-11-27,Present,09:09,17:39
ATD007662,EMP01109,2025-10-04,Present,08:35,18:05
ATD007663,EMP00450,2026-02-03,"Half Day",09:29,13:15
ATD007664,EMP00992,2025-07-02,Absent,NULL,NULL
ATD007665,EMP00427,2026-01-31,"Half Day",09:03,13:30
ATD007666,EMP00743,2025-08-12,"Work From Home",09:15,18:10
ATD007667,EMP00883,2024-12-13,Present,08:44,17:33
ATD007668,EMP00096,2025-08-14,Present,09:16,17:39
ATD007669,EMP00186,2025-02-05,Present,08:37,17:30
ATD007670,EMP01162,2024-09-29,"Work From Home",09:21,17:45
ATD007671,EMP00553,2024-09-01,Present,08:45,18:14
ATD007672,EMP00729,2025-02-26,Absent,NULL,NULL
ATD007673,EMP00268,2024-10-13,Present,08:58,17:44
ATD007674,EMP00790,2025-04-14,"Half Day",09:26,13:56
ATD007675,EMP00333,2024-08-09,"Half Day",09:23,13:05
ATD007676,EMP01086,2025-04-09,Present,09:39,18:29
ATD007677,EMP00875,2024-12-12,Present,09:11,17:50
ATD007678,EMP00411,2026-05-31,"Work From Home",09:50,18:07
ATD007679,EMP00993,2026-01-30,Present,09:31,18:09
ATD007680,EMP00086,2025-02-23,Present,09:39,19:06
ATD007681,EMP00854,2024-11-01,"Half Day",09:16,13:38
ATD007682,EMP00145,2026-03-20,Present,09:38,19:01
ATD007683,EMP00772,2025-02-13,Present,08:33,17:18
ATD007684,EMP00302,2025-08-08,Present,09:03,17:43
ATD007685,EMP00078,2026-07-21,"Work From Home",09:15,18:03
ATD007686,EMP00539,2024-12-04,Present,08:55,17:01
ATD007687,EMP00766,2025-01-23,"Work From Home",09:14,17:39
ATD007688,EMP00062,2025-04-30,Absent,NULL,NULL
ATD007689,EMP00049,2026-03-11,Absent,NULL,NULL
ATD007690,EMP00993,2026-06-04,"Half Day",09:16,13:12
ATD007691,EMP00159,2025-07-19,Present,09:03,18:22
ATD007692,EMP01067,2025-12-18,Present,08:48,17:15
ATD007693,EMP01228,2026-04-27,"Work From Home",09:01,17:15
ATD007694,EMP00290,2024-09-12,Present,09:25,18:45
ATD007695,EMP00143,2025-03-23,Present,08:38,18:06
ATD007696,EMP00898,2026-02-09,Present,09:16,17:55
ATD007697,EMP00713,2026-02-01,Present,08:46,18:02
ATD007698,EMP00497,2026-02-28,Present,08:42,18:07
ATD007699,EMP01008,2024-12-05,Present,08:37,17:10
ATD007700,EMP00959,2024-09-28,Present,09:08,17:12
ATD007701,EMP00586,2026-05-18,"Half Day",09:02,12:56
ATD007702,EMP00835,2024-09-20,Present,08:52,17:12
ATD007703,EMP00941,2025-12-11,Present,08:37,17:42
ATD007704,EMP00721,2025-01-05,"Work From Home",09:30,17:50
ATD007705,EMP01186,2025-09-15,"Half Day",09:10,12:49
ATD007706,EMP00269,2026-01-30,Present,08:42,17:39
ATD007707,EMP00249,2026-04-23,Present,08:39,17:15
ATD007708,EMP00670,2025-01-21,Absent,NULL,NULL
ATD007709,EMP00707,2026-02-08,Present,08:55,18:11
ATD007710,EMP00413,2026-03-23,Present,08:38,17:08
ATD007711,EMP01117,2024-10-31,"Work From Home",09:56,18:39
ATD007712,EMP00992,2025-04-08,"Half Day",08:39,12:41
ATD007713,EMP00908,2025-06-19,Present,09:17,17:19
ATD007714,EMP00458,2025-05-12,Absent,NULL,NULL
ATD007715,EMP01165,2024-09-30,Present,09:13,17:42
ATD007716,EMP00085,2026-08-01,"Work From Home",09:07,17:14
ATD007717,EMP00925,2024-08-25,Present,09:13,18:15
ATD007718,EMP00610,2025-04-10,Present,08:49,17:53
ATD007719,EMP00035,2025-04-06,Present,08:36,17:26
ATD007720,EMP00840,2025-03-11,Present,09:13,17:33
ATD007721,EMP00079,2025-04-26,"Work From Home",09:46,17:59
ATD007722,EMP00489,2024-12-06,Present,09:41,18:00
ATD007723,EMP01041,2026-01-12,"Half Day",09:05,12:41
ATD007724,EMP00055,2025-03-29,Present,09:32,18:28
ATD007725,EMP00402,2025-03-27,Present,09:13,17:50
ATD007726,EMP00692,2026-04-01,Present,09:40,18:18
ATD007727,EMP00595,2025-01-04,Absent,NULL,NULL
ATD007728,EMP00689,2026-05-26,Absent,NULL,NULL
ATD007729,EMP00347,2025-03-18,Absent,NULL,NULL
ATD007730,EMP00405,2025-06-25,Present,08:36,17:52
ATD007731,EMP00919,2025-09-18,Present,08:47,17:06
ATD007732,EMP00479,2026-02-04,Present,08:55,17:04
ATD007733,EMP00422,2025-08-19,Present,08:41,17:25
ATD007734,EMP00079,2026-05-22,"Half Day",09:11,13:25
ATD007735,EMP00752,2024-09-06,Absent,NULL,NULL
ATD007736,EMP00391,2025-02-10,Present,08:34,17:18
ATD007737,EMP01137,2026-02-06,Present,09:20,18:46
ATD007738,EMP01205,2025-06-02,Present,09:21,17:27
ATD007739,EMP00955,2025-07-24,Present,08:41,17:45
ATD007740,EMP00134,2025-07-01,Present,09:25,18:43
ATD007741,EMP00183,2025-12-16,Present,09:02,17:10
ATD007742,EMP00060,2026-01-19,Present,09:45,18:23
ATD007743,EMP01222,2024-11-13,Present,09:12,17:15
ATD007744,EMP00171,2026-03-31,Present,09:28,17:30
ATD007745,EMP00859,2025-02-08,"Half Day",08:52,12:23
ATD007746,EMP00075,2025-07-02,Absent,NULL,NULL
ATD007747,EMP00966,2025-11-15,Present,08:45,16:52
ATD007748,EMP00546,2025-12-26,Present,09:19,18:16
ATD007749,EMP00726,2025-12-18,"Work From Home",09:35,17:55
ATD007750,EMP00524,2025-07-27,Present,09:38,18:40
ATD007751,EMP00885,2026-02-25,"Work From Home",09:34,18:18
ATD007752,EMP00374,2025-05-14,"Work From Home",09:17,17:47
ATD007753,EMP01011,2025-12-22,Present,09:09,18:32
ATD007754,EMP01073,2024-08-20,Present,08:35,16:52
ATD007755,EMP00985,2026-06-05,Present,09:35,18:10
ATD007756,EMP00186,2026-07-10,Present,09:25,18:19
ATD007757,EMP00863,2025-06-15,Absent,NULL,NULL
ATD007758,EMP00153,2025-08-27,Present,08:48,17:39
ATD007759,EMP01132,2026-05-31,Present,09:21,18:09
ATD007760,EMP00313,2025-10-17,Present,09:21,18:45
ATD007761,EMP00431,2024-11-18,Absent,NULL,NULL
ATD007762,EMP00865,2024-09-03,Absent,NULL,NULL
ATD007763,EMP00756,2026-03-22,Present,08:38,17:39
ATD007764,EMP00994,2025-05-04,Present,08:47,17:28
ATD007765,EMP01192,2025-09-18,Absent,NULL,NULL
ATD007766,EMP00389,2025-01-15,Absent,NULL,NULL
ATD007767,EMP00818,2025-05-28,Present,09:24,18:16
ATD007768,EMP01117,2025-03-02,"Half Day",09:27,13:15
ATD007769,EMP01167,2026-03-24,Present,09:15,17:50
ATD007770,EMP00814,2026-03-24,"Work From Home",09:36,17:56
ATD007771,EMP01065,2024-08-06,Present,09:00,17:44
ATD007772,EMP00260,2025-02-22,Present,09:27,18:35
ATD007773,EMP00479,2026-06-20,Present,09:27,17:34
ATD007774,EMP01034,2026-02-26,Present,09:25,18:55
ATD007775,EMP00462,2024-08-27,Present,09:37,18:10
ATD007776,EMP00893,2025-08-07,Present,09:03,18:30
ATD007777,EMP01197,2025-11-04,Present,09:13,18:31
ATD007778,EMP00236,2025-05-15,Present,09:01,17:54
ATD007779,EMP01131,2026-02-19,Absent,NULL,NULL
ATD007780,EMP00847,2024-12-24,Present,08:38,17:07
ATD007781,EMP00967,2024-11-17,"Work From Home",09:16,17:21
ATD007782,EMP00250,2025-07-27,Present,09:36,18:16
ATD007783,EMP00239,2025-11-04,Present,09:08,18:15
ATD007784,EMP00319,2025-03-21,"Work From Home",09:23,17:35
ATD007785,EMP00527,2024-12-02,"Work From Home",09:48,18:35
ATD007786,EMP00038,2026-06-13,"Work From Home",09:14,17:55
ATD007787,EMP00114,2024-12-31,Present,09:12,17:59
ATD007788,EMP00642,2025-07-08,Present,08:43,17:22
ATD007789,EMP00108,2025-11-10,Present,08:35,18:05
ATD007790,EMP00959,2025-11-27,Present,09:32,18:01
ATD007791,EMP00771,2024-11-25,"Work From Home",09:37,18:25
ATD007792,EMP00106,2024-10-09,Present,09:28,17:34
ATD007793,EMP00920,2026-02-24,Present,08:33,17:51
ATD007794,EMP01225,2025-03-15,Present,09:38,18:28
ATD007795,EMP00066,2024-11-09,Present,08:46,17:14
ATD007796,EMP00643,2024-08-17,Absent,NULL,NULL
ATD007797,EMP00159,2026-04-02,"Half Day",09:18,13:16
ATD007798,EMP00588,2024-10-27,Present,09:37,19:03
ATD007799,EMP00662,2026-07-13,Present,08:33,17:32
ATD007800,EMP00125,2025-12-15,Present,09:23,17:27
ATD007801,EMP00025,2024-11-30,"Half Day",09:14,12:59
ATD007802,EMP00345,2026-06-12,Present,09:03,17:32
ATD007803,EMP00670,2026-02-15,Present,09:33,18:09
ATD007804,EMP01109,2026-07-07,Present,08:43,17:20
ATD007805,EMP00572,2025-03-12,"Work From Home",09:01,17:09
ATD007806,EMP01008,2025-08-14,"Work From Home",09:26,18:18
ATD007807,EMP00174,2025-06-28,"Half Day",08:45,12:49
ATD007808,EMP00128,2024-10-28,Present,08:45,16:46
ATD007809,EMP00191,2025-06-26,Present,09:07,17:16
ATD007810,EMP00455,2025-08-31,Present,09:37,18:00
ATD007811,EMP00832,2025-02-27,Present,09:12,17:33
ATD007812,EMP00631,2024-09-26,Present,08:54,17:13
ATD007813,EMP01051,2024-12-16,"Work From Home",09:25,18:25
ATD007814,EMP00704,2025-01-13,Present,08:50,17:35
ATD007815,EMP00668,2025-09-08,Absent,NULL,NULL
ATD007816,EMP00632,2026-03-13,Present,09:26,18:17
ATD007817,EMP00503,2025-06-06,Present,09:16,17:51
ATD007818,EMP00963,2026-03-09,Present,08:34,17:36
ATD007819,EMP01039,2024-12-31,"Work From Home",09:54,18:43
ATD007820,EMP01184,2025-07-25,"Work From Home",09:31,18:08
ATD007821,EMP00031,2024-08-12,Present,08:56,17:21
ATD007822,EMP00536,2024-08-15,Present,08:30,16:42
ATD007823,EMP00716,2024-08-02,Present,08:32,17:09
ATD007824,EMP00290,2024-09-01,"Work From Home",09:18,18:16
ATD007825,EMP00723,2026-03-02,Present,08:56,17:07
ATD007826,EMP00889,2025-10-14,Present,08:39,17:15
ATD007827,EMP01031,2025-05-16,Present,08:47,16:49
ATD007828,EMP00546,2025-05-23,Present,09:24,17:57
ATD007829,EMP00023,2026-03-19,Present,08:33,16:35
ATD007830,EMP00924,2026-01-12,Present,09:34,18:30
ATD007831,EMP00583,2024-10-30,Absent,NULL,NULL
ATD007832,EMP00168,2025-04-24,Present,08:37,17:00
ATD007833,EMP01118,2025-01-06,Absent,NULL,NULL
ATD007834,EMP00479,2025-02-05,"Half Day",09:01,12:54
ATD007835,EMP00897,2026-03-27,Absent,NULL,NULL
ATD007836,EMP00132,2025-03-18,Present,09:29,17:43
ATD007837,EMP01041,2025-08-15,"Work From Home",09:08,17:22
ATD007838,EMP00397,2025-09-23,"Half Day",09:06,13:27
ATD007839,EMP00678,2024-10-27,Present,08:34,17:06
ATD007840,EMP00421,2025-11-10,Absent,NULL,NULL
ATD007841,EMP00089,2025-07-16,"Half Day",08:36,12:29
ATD007842,EMP00959,2025-08-10,Present,09:45,18:44
ATD007843,EMP00507,2024-12-05,Absent,NULL,NULL
ATD007844,EMP00694,2025-03-10,Absent,NULL,NULL
ATD007845,EMP00463,2026-05-11,Present,09:07,18:36
ATD007846,EMP00819,2026-02-15,Present,09:09,18:15
ATD007847,EMP00920,2025-08-18,Present,09:21,18:22
ATD007848,EMP00054,2024-11-02,"Work From Home",09:36,18:13
ATD007849,EMP01202,2024-12-30,"Half Day",08:38,12:27
ATD007850,EMP00800,2025-01-18,Present,09:19,17:26
ATD007851,EMP00867,2025-07-09,Absent,NULL,NULL
ATD007852,EMP00409,2025-03-12,Present,09:45,18:59
ATD007853,EMP00059,2025-03-10,Present,09:25,18:14
ATD007854,EMP01043,2025-08-06,Present,08:35,17:05
ATD007855,EMP00014,2025-04-26,Present,09:14,18:37
ATD007856,EMP01092,2025-03-09,Present,09:29,18:41
ATD007857,EMP00501,2025-11-08,"Half Day",08:54,12:30
ATD007858,EMP00971,2025-04-30,Present,09:00,17:21
ATD007859,EMP00181,2025-12-22,Absent,NULL,NULL
ATD007860,EMP01187,2025-05-13,"Half Day",09:28,13:29
ATD007861,EMP00014,2026-03-01,Absent,NULL,NULL
ATD007862,EMP00676,2026-04-25,"Half Day",08:36,12:33
ATD007863,EMP01056,2025-05-31,Absent,NULL,NULL
ATD007864,EMP00713,2025-10-12,Present,08:52,18:19
ATD007865,EMP00688,2025-06-07,Present,08:39,16:42
ATD007866,EMP01182,2024-12-15,"Work From Home",09:32,18:18
ATD007867,EMP00058,2025-03-25,Present,08:40,17:58
ATD007868,EMP01088,2025-10-29,Present,09:25,17:54
ATD007869,EMP00292,2025-07-23,Present,09:30,17:59
ATD007870,EMP00254,2025-07-20,Present,08:52,17:47
ATD007871,EMP00582,2024-12-09,"Work From Home",09:27,18:14
ATD007872,EMP00694,2024-08-07,"Work From Home",09:25,18:23
ATD007873,EMP00212,2024-08-20,Present,08:57,18:26
ATD007874,EMP00280,2024-10-09,"Half Day",08:49,12:26
ATD007875,EMP00844,2024-10-29,"Work From Home",09:47,18:13
ATD007876,EMP00298,2025-01-09,Present,09:16,18:08
ATD007877,EMP00210,2026-07-30,Present,09:34,17:43
ATD007878,EMP00433,2024-11-16,Absent,NULL,NULL
ATD007879,EMP00294,2025-05-19,Absent,NULL,NULL
ATD007880,EMP01211,2024-10-19,"Work From Home",09:25,17:30
ATD007881,EMP00999,2026-02-18,"Half Day",08:35,12:20
ATD007882,EMP00362,2025-12-27,Present,09:27,18:25
ATD007883,EMP01047,2025-05-12,Present,09:04,18:02
ATD007884,EMP00165,2026-03-11,Absent,NULL,NULL
ATD007885,EMP00330,2026-03-18,Absent,NULL,NULL
ATD007886,EMP00173,2026-01-02,Present,09:11,18:26
ATD007887,EMP01105,2025-10-28,"Half Day",09:25,13:32
ATD007888,EMP00723,2025-04-13,Present,09:23,17:52
ATD007889,EMP00376,2025-10-24,Present,09:45,18:52
ATD007890,EMP00119,2025-04-04,Present,09:43,18:35
ATD007891,EMP00769,2025-07-12,Present,08:31,17:56
ATD007892,EMP00024,2026-02-05,Present,09:03,17:43
ATD007893,EMP00572,2024-09-21,Present,09:25,18:07
ATD007894,EMP00114,2026-06-28,"Work From Home",09:38,18:00
ATD007895,EMP00905,2025-11-17,Absent,NULL,NULL
ATD007896,EMP01116,2026-03-29,Present,08:30,17:02
ATD007897,EMP00679,2025-08-10,Present,08:38,17:06
ATD007898,EMP00808,2025-06-09,Present,09:08,17:11
ATD007899,EMP00240,2024-12-18,Present,09:10,18:09
ATD007900,EMP00040,2024-09-26,Present,08:58,18:05
ATD007901,EMP00579,2026-03-23,Present,08:54,17:02
ATD007902,EMP00136,2025-06-04,"Work From Home",09:39,17:41
ATD007903,EMP00870,2025-01-24,Present,09:08,17:24
ATD007904,EMP00775,2025-08-18,Present,08:49,17:48
ATD007905,EMP00946,2025-04-09,Present,08:38,17:29
ATD007906,EMP00638,2025-12-08,Present,08:36,18:03
ATD007907,EMP00447,2026-04-21,Absent,NULL,NULL
ATD007908,EMP00854,2025-04-23,Present,08:54,18:24
ATD007909,EMP00545,2026-06-25,Present,09:11,17:24
ATD007910,EMP01095,2026-06-20,Absent,NULL,NULL
ATD007911,EMP01211,2026-07-07,Present,08:44,17:28
ATD007912,EMP00770,2024-11-14,"Work From Home",09:30,17:47
ATD007913,EMP00901,2025-07-05,Present,09:03,18:10
ATD007914,EMP00245,2025-07-12,"Work From Home",09:23,18:20
ATD007915,EMP00329,2025-01-08,Present,09:43,18:50
ATD007916,EMP01014,2026-07-03,Absent,NULL,NULL
ATD007917,EMP01060,2025-03-24,Absent,NULL,NULL
ATD007918,EMP00266,2025-05-26,Present,09:28,18:16
ATD007919,EMP01200,2026-07-12,Present,09:14,17:43
ATD007920,EMP00405,2026-07-12,Present,09:42,17:59
ATD007921,EMP00047,2024-09-09,Present,09:05,17:35
ATD007922,EMP00307,2025-04-05,Absent,NULL,NULL
ATD007923,EMP00032,2025-11-14,Present,08:42,17:11
ATD007924,EMP00196,2025-11-01,Present,09:10,17:16
ATD007925,EMP00087,2026-04-19,Present,08:54,18:00
ATD007926,EMP00647,2025-01-27,Present,08:58,17:57
ATD007927,EMP00399,2025-08-09,Present,08:45,17:19
ATD007928,EMP00763,2026-02-21,Present,09:18,18:19
ATD007929,EMP00911,2026-04-10,Absent,NULL,NULL
ATD007930,EMP01017,2024-12-07,Present,09:13,17:55
ATD007931,EMP00537,2025-01-11,Present,08:33,17:11
ATD007932,EMP01150,2025-08-18,Present,09:11,18:13
ATD007933,EMP00698,2024-10-08,Present,08:34,17:56
ATD007934,EMP00359,2024-12-29,Present,08:51,16:54
ATD007935,EMP00350,2026-05-27,Present,09:29,17:59
ATD007936,EMP00807,2025-03-08,Present,09:02,17:53
ATD007937,EMP00787,2026-01-27,Present,08:38,17:25
ATD007938,EMP00484,2024-08-24,Present,09:45,18:57
ATD007939,EMP01063,2026-07-29,Present,08:35,16:43
ATD007940,EMP00223,2024-08-06,Present,09:28,17:58
ATD007941,EMP00257,2026-03-30,"Work From Home",09:34,18:19
ATD007942,EMP00348,2026-06-02,Absent,NULL,NULL
ATD007943,EMP00486,2025-06-10,"Work From Home",09:25,18:00
ATD007944,EMP00549,2025-07-12,Present,08:56,17:10
ATD007945,EMP00778,2025-03-07,Present,08:47,17:31
ATD007946,EMP00195,2025-09-24,Absent,NULL,NULL
ATD007947,EMP01013,2025-01-09,"Work From Home",09:12,17:16
ATD007948,EMP00249,2026-06-04,Absent,NULL,NULL
ATD007949,EMP01134,2025-01-07,Absent,NULL,NULL
ATD007950,EMP00536,2025-03-12,Absent,NULL,NULL
ATD007951,EMP00963,2024-12-24,Present,09:42,18:00
ATD007952,EMP00991,2024-09-03,"Half Day",08:37,12:34
ATD007953,EMP01076,2025-09-10,Present,08:41,17:42
ATD007954,EMP00748,2025-12-23,Absent,NULL,NULL
ATD007955,EMP00422,2025-05-31,Present,08:31,17:38
ATD007956,EMP00704,2025-10-28,Present,08:36,16:50
ATD007957,EMP00249,2025-09-02,Present,09:33,18:05
ATD007958,EMP01053,2024-11-26,Absent,NULL,NULL
ATD007959,EMP00123,2025-02-22,Present,09:44,17:57
ATD007960,EMP01053,2026-06-17,Present,09:45,18:32
ATD007961,EMP00648,2026-03-28,"Work From Home",09:57,18:56
ATD007962,EMP00973,2025-05-09,Present,09:33,18:57
ATD007963,EMP00950,2026-04-15,Present,08:30,16:57
ATD007964,EMP01227,2025-08-10,Present,09:01,17:01
ATD007965,EMP01226,2025-03-04,Present,09:25,18:20
ATD007966,EMP00438,2025-09-24,"Work From Home",09:42,18:19
ATD007967,EMP01112,2024-12-04,"Work From Home",09:37,18:24
ATD007968,EMP00255,2025-01-10,Present,08:42,16:49
ATD007969,EMP00594,2024-08-26,"Half Day",08:45,13:08
ATD007970,EMP01119,2025-10-07,Absent,NULL,NULL
ATD007971,EMP00433,2025-03-07,Absent,NULL,NULL
ATD007972,EMP01087,2024-12-03,Present,09:35,18:12
ATD007973,EMP01027,2026-05-27,Present,09:12,18:00
ATD007974,EMP00106,2025-11-13,Present,08:51,17:36
ATD007975,EMP00268,2024-12-08,"Work From Home",09:46,18:20
ATD007976,EMP00473,2025-04-01,Present,09:35,17:55
ATD007977,EMP00177,2025-01-26,Present,08:51,17:22
ATD007978,EMP00289,2025-09-28,Present,08:55,18:15
ATD007979,EMP00683,2024-08-28,Present,08:32,16:48
ATD007980,EMP00777,2025-07-23,Present,09:00,17:12
ATD007981,EMP00175,2026-05-26,Present,08:53,17:52
ATD007982,EMP00806,2025-02-22,Present,08:58,17:01
ATD007983,EMP00377,2025-12-15,Present,09:35,18:25
ATD007984,EMP00502,2025-01-20,Present,09:03,17:17
ATD007985,EMP00812,2024-10-07,Present,09:44,18:55
ATD007986,EMP01177,2024-10-25,"Work From Home",09:35,18:18
ATD007987,EMP00115,2025-09-25,Present,09:37,19:02
ATD007988,EMP00091,2025-11-17,Present,09:31,17:57
ATD007989,EMP00707,2024-12-27,"Half Day",09:10,13:09
ATD007990,EMP00811,2026-08-01,"Half Day",09:03,13:13
ATD007991,EMP00812,2024-09-01,Present,09:41,17:53
ATD007992,EMP00722,2024-09-01,Present,09:44,18:58
ATD007993,EMP00286,2025-02-05,Present,08:38,17:18
ATD007994,EMP00158,2025-08-05,"Half Day",08:34,12:51
ATD007995,EMP00520,2024-08-27,"Half Day",08:55,12:54
ATD007996,EMP00160,2026-06-04,Absent,NULL,NULL
ATD007997,EMP00117,2024-09-12,"Work From Home",09:08,17:46
ATD007998,EMP00096,2025-08-19,Absent,NULL,NULL
ATD007999,EMP00501,2026-04-12,Present,09:14,18:42
ATD008000,EMP00313,2025-03-07,"Half Day",09:20,13:37
ATD008001,EMP00496,2025-08-10,Present,08:56,16:57
ATD008002,EMP00854,2025-10-04,"Work From Home",09:23,17:25
ATD008003,EMP00571,2026-02-28,Present,08:58,18:07
ATD008004,EMP00231,2025-02-16,"Work From Home",09:52,18:10
ATD008005,EMP00463,2026-03-26,"Work From Home",09:54,18:54
ATD008006,EMP00359,2025-09-08,"Half Day",09:27,13:51
ATD008007,EMP00358,2024-09-29,Present,08:34,16:55
ATD008008,EMP01187,2025-06-08,Present,08:49,16:54
ATD008009,EMP00124,2025-09-27,"Work From Home",09:41,18:26
ATD008010,EMP00630,2025-02-17,Present,09:07,18:16
ATD008011,EMP00086,2026-05-26,"Half Day",09:13,13:01
ATD008012,EMP01043,2025-05-17,Present,09:13,17:29
ATD008013,EMP00436,2026-01-22,Present,08:54,17:19
ATD008014,EMP00235,2025-02-06,Present,09:38,17:53
ATD008015,EMP00890,2024-12-02,Present,09:24,17:32
ATD008016,EMP00907,2025-11-02,Absent,NULL,NULL
ATD008017,EMP01021,2025-05-14,Absent,NULL,NULL
ATD008018,EMP00854,2026-05-01,"Half Day",08:38,13:01
ATD008019,EMP01087,2024-09-22,Present,09:25,18:53
ATD008020,EMP01120,2026-05-03,"Work From Home",09:22,18:09
ATD008021,EMP00058,2025-09-26,Absent,NULL,NULL
ATD008022,EMP00448,2025-09-21,Present,08:43,16:54
ATD008023,EMP00036,2025-05-17,Present,08:48,17:36
ATD008024,EMP00441,2025-11-02,Present,08:31,17:32
ATD008025,EMP00382,2024-11-27,Present,08:48,17:20
ATD008026,EMP00936,2026-06-12,"Work From Home",09:50,18:04
ATD008027,EMP00637,2025-06-25,Absent,NULL,NULL
ATD008028,EMP00071,2026-04-17,Present,08:45,16:53
ATD008029,EMP01164,2025-03-02,Present,08:53,17:33
ATD008030,EMP01127,2026-01-31,Present,09:13,17:32
ATD008031,EMP00610,2026-07-30,Present,08:54,18:01
ATD008032,EMP00910,2026-05-19,Present,08:44,17:46
ATD008033,EMP00466,2026-07-17,Absent,NULL,NULL
ATD008034,EMP00601,2026-03-02,Absent,NULL,NULL
ATD008035,EMP00264,2026-04-28,Present,08:58,17:13
ATD008036,EMP00039,2025-09-19,Present,08:35,16:54
ATD008037,EMP01051,2026-07-14,"Work From Home",09:07,17:18
ATD008038,EMP00137,2025-07-05,Present,09:41,18:10
ATD008039,EMP00975,2024-08-07,"Half Day",08:36,12:26
ATD008040,EMP00614,2024-09-21,"Work From Home",09:03,17:53
ATD008041,EMP00523,2025-03-12,"Work From Home",09:11,17:43
ATD008042,EMP00479,2024-08-29,"Work From Home",09:06,17:06
ATD008043,EMP00302,2025-02-10,Present,09:33,18:41
ATD008044,EMP01114,2025-06-13,Present,09:36,18:09
ATD008045,EMP00895,2025-02-16,"Work From Home",09:37,18:14
ATD008046,EMP00836,2024-08-05,Present,09:40,18:37
ATD008047,EMP00420,2025-05-12,Present,08:30,16:54
ATD008048,EMP01022,2025-12-13,Present,09:26,18:53
ATD008049,EMP00680,2025-12-05,"Work From Home",09:56,18:12
ATD008050,EMP00581,2025-10-13,Present,09:43,18:52
ATD008051,EMP00101,2025-06-25,Present,08:31,17:32
ATD008052,EMP00350,2026-04-10,Present,08:55,17:03
ATD008053,EMP01042,2025-11-19,Present,08:52,17:40
ATD008054,EMP01086,2025-09-29,Absent,NULL,NULL
ATD008055,EMP00420,2025-04-03,"Half Day",08:52,12:48
ATD008056,EMP00628,2026-02-17,Present,08:48,18:05
ATD008057,EMP00871,2026-06-25,"Work From Home",09:44,18:32
ATD008058,EMP00107,2025-01-23,Present,09:10,18:40
ATD008059,EMP01162,2025-12-29,"Half Day",09:17,13:25
ATD008060,EMP00885,2025-02-19,Present,09:02,17:06
ATD008061,EMP00693,2025-02-26,Present,08:38,16:54
ATD008062,EMP01093,2025-11-07,Present,08:33,16:50
ATD008063,EMP00099,2025-06-09,Present,08:52,17:26
ATD008064,EMP01204,2026-05-09,Absent,NULL,NULL
ATD008065,EMP00696,2025-04-24,"Half Day",08:39,12:39
ATD008066,EMP00021,2025-08-24,Absent,NULL,NULL
ATD008067,EMP00161,2026-06-28,Present,09:08,18:15
ATD008068,EMP00620,2024-12-20,"Work From Home",09:48,18:19
ATD008069,EMP00067,2025-08-30,Present,09:20,18:17
ATD008070,EMP00455,2024-09-19,Present,08:30,17:47
ATD008071,EMP01016,2025-01-19,Present,08:37,17:13
ATD008072,EMP00750,2026-01-23,Present,08:42,17:42
ATD008073,EMP00807,2026-06-17,Present,08:43,17:02
ATD008074,EMP01041,2026-07-12,Present,08:31,17:35
ATD008075,EMP00723,2025-10-17,"Half Day",08:48,12:23
ATD008076,EMP00540,2025-10-22,Present,08:34,17:42
ATD008077,EMP00386,2025-10-18,Present,08:31,16:52
ATD008078,EMP00942,2025-04-07,Present,09:18,18:44
ATD008079,EMP00153,2025-09-06,"Work From Home",09:04,17:54
ATD008080,EMP00643,2026-07-13,Present,08:40,17:27
ATD008081,EMP00046,2026-06-24,Present,08:42,17:34
ATD008082,EMP00533,2024-12-17,Present,09:18,18:21
ATD008083,EMP01105,2025-03-14,Present,08:30,16:37
ATD008084,EMP01067,2025-10-22,"Half Day",08:47,12:26
ATD008085,EMP00782,2025-06-30,Present,09:19,17:56
ATD008086,EMP00536,2025-04-08,Present,09:18,18:48
ATD008087,EMP00897,2026-01-02,Absent,NULL,NULL
ATD008088,EMP00686,2025-03-03,Present,09:19,18:28
ATD008089,EMP00297,2026-07-14,Present,09:17,17:41
ATD008090,EMP00482,2025-10-09,Present,08:30,17:59
ATD008091,EMP00522,2025-03-31,"Work From Home",09:03,17:03
ATD008092,EMP00127,2025-06-12,Absent,NULL,NULL
ATD008093,EMP01023,2025-09-22,Present,09:05,17:27
ATD008094,EMP00394,2026-07-10,Present,09:43,18:05
ATD008095,EMP01077,2026-05-17,"Half Day",09:04,13:04
ATD008096,EMP00859,2025-08-09,Present,08:56,17:20
ATD008097,EMP00617,2025-06-25,Absent,NULL,NULL
ATD008098,EMP00496,2025-04-11,Present,08:46,18:01
ATD008099,EMP00305,2025-09-15,Present,08:42,17:41
ATD008100,EMP00539,2025-03-20,"Work From Home",09:08,17:10
ATD008101,EMP00185,2026-06-19,"Half Day",08:53,13:10
ATD008102,EMP01051,2025-12-03,Present,09:43,18:15
ATD008103,EMP00613,2025-01-17,Present,09:34,17:59
ATD008104,EMP00955,2025-03-20,Present,09:19,18:38
ATD008105,EMP00786,2025-05-12,Present,09:35,18:34
ATD008106,EMP00444,2025-10-14,Absent,NULL,NULL
ATD008107,EMP01062,2025-07-10,Present,09:36,18:59
ATD008108,EMP00089,2025-06-15,Present,08:49,17:05
ATD008109,EMP00027,2025-12-14,"Work From Home",09:46,18:23
ATD008110,EMP00293,2025-06-12,Present,09:01,17:17
ATD008111,EMP01098,2025-10-04,Present,09:43,18:42
ATD008112,EMP01025,2024-11-12,"Half Day",08:38,12:49
ATD008113,EMP00680,2025-10-31,"Work From Home",09:50,18:38
ATD008114,EMP00005,2024-11-06,Present,08:46,17:27
ATD008115,EMP00470,2025-08-26,Present,09:18,17:58
ATD008116,EMP00954,2025-10-12,Absent,NULL,NULL
ATD008117,EMP00853,2024-08-28,"Work From Home",09:05,17:23
ATD008118,EMP01109,2025-04-27,Absent,NULL,NULL
ATD008119,EMP00401,2026-05-23,Present,09:22,17:27
ATD008120,EMP00873,2025-03-20,Present,09:15,18:32
ATD008121,EMP00575,2026-01-10,"Work From Home",09:45,17:57
ATD008122,EMP00422,2025-06-11,Present,08:58,17:32
ATD008123,EMP00698,2025-02-03,Present,09:27,17:37
ATD008124,EMP00666,2024-09-23,"Work From Home",09:49,18:26
ATD008125,EMP00224,2024-10-22,Absent,NULL,NULL
ATD008126,EMP00848,2026-03-07,"Work From Home",09:11,17:25
ATD008127,EMP00504,2026-06-05,Present,09:07,17:27
ATD008128,EMP00467,2026-01-13,"Work From Home",09:41,18:37
ATD008129,EMP00151,2025-05-24,Present,09:17,18:44
ATD008130,EMP00112,2025-05-14,Present,09:14,17:33
ATD008131,EMP00107,2024-09-21,Present,08:33,17:44
ATD008132,EMP00865,2025-11-10,Present,08:54,17:39
ATD008133,EMP00743,2025-08-25,Present,08:35,17:13
ATD008134,EMP00522,2024-10-30,Absent,NULL,NULL
ATD008135,EMP00764,2024-09-30,Present,09:02,17:32
ATD008136,EMP00361,2024-12-11,Present,08:39,17:54
ATD008137,EMP00130,2026-05-07,Present,09:16,18:26
ATD008138,EMP00979,2024-08-23,"Work From Home",09:08,17:16
ATD008139,EMP00347,2025-04-07,"Work From Home",09:08,18:00
ATD008140,EMP00150,2025-12-22,Present,09:09,17:19
ATD008141,EMP00141,2024-09-05,Absent,NULL,NULL
ATD008142,EMP00894,2024-11-09,Present,08:47,17:26
ATD008143,EMP00572,2024-09-18,Present,08:59,18:16
ATD008144,EMP01182,2024-09-24,"Work From Home",09:09,17:46
ATD008145,EMP00081,2024-08-19,Present,09:27,18:15
ATD008146,EMP00767,2026-08-03,Present,08:36,17:50
ATD008147,EMP00701,2025-10-21,Present,09:25,17:33
ATD008148,EMP00438,2024-10-24,Present,09:01,17:56
ATD008149,EMP00584,2025-07-01,"Work From Home",09:05,17:24
ATD008150,EMP00852,2025-05-13,"Work From Home",09:15,17:25
ATD008151,EMP00719,2024-12-08,"Work From Home",09:10,17:27
ATD008152,EMP00869,2025-05-06,"Work From Home",09:03,17:45
ATD008153,EMP00444,2025-10-18,"Half Day",08:51,13:13
ATD008154,EMP01003,2026-04-10,Present,09:33,19:02
ATD008155,EMP00313,2025-02-25,"Half Day",08:42,12:46
ATD008156,EMP00646,2025-08-01,Absent,NULL,NULL
ATD008157,EMP01058,2026-05-26,"Work From Home",09:19,18:18
ATD008158,EMP00412,2025-07-19,"Half Day",08:55,12:33
ATD008159,EMP00185,2026-05-11,Absent,NULL,NULL
ATD008160,EMP01171,2024-10-04,Absent,NULL,NULL
ATD008161,EMP00775,2024-08-24,Present,08:46,18:02
ATD008162,EMP00114,2025-05-14,Present,09:35,18:29
ATD008163,EMP00726,2025-09-15,Absent,NULL,NULL
ATD008164,EMP00040,2026-06-25,Present,09:13,18:43
ATD008165,EMP00615,2025-10-29,Present,09:18,18:07
ATD008166,EMP00656,2024-09-08,Present,09:01,17:23
ATD008167,EMP00974,2026-05-31,Present,08:37,17:32
ATD008168,EMP01107,2026-02-25,Present,08:59,17:27
ATD008169,EMP00191,2025-12-15,Present,09:29,18:30
ATD008170,EMP00637,2025-03-17,Present,08:50,18:14
ATD008171,EMP00731,2026-01-06,Present,08:41,17:03
ATD008172,EMP00931,2025-04-23,Present,08:31,17:49
ATD008173,EMP00119,2026-06-10,Present,08:51,17:50
ATD008174,EMP00018,2024-11-23,Present,09:05,18:08
ATD008175,EMP00494,2024-09-25,"Half Day",09:09,12:47
ATD008176,EMP00764,2024-12-15,Present,09:21,18:40
ATD008177,EMP00372,2024-11-07,Present,09:35,18:32
ATD008178,EMP00893,2026-01-23,Absent,NULL,NULL
ATD008179,EMP00851,2024-09-23,Present,08:49,17:24
ATD008180,EMP00866,2025-06-28,Present,08:45,17:16
ATD008181,EMP01183,2026-05-09,Present,08:59,17:19
ATD008182,EMP00931,2024-08-21,Present,09:21,17:32
ATD008183,EMP00925,2025-07-17,Present,08:35,16:43
ATD008184,EMP00107,2025-08-15,Present,09:41,18:13
ATD008185,EMP00862,2026-02-04,Present,09:42,17:59
ATD008186,EMP00120,2025-12-13,Present,08:38,16:43
ATD008187,EMP00632,2025-06-17,"Half Day",08:58,12:33
ATD008188,EMP00555,2024-09-17,"Work From Home",09:57,18:18
ATD008189,EMP00934,2026-03-26,Present,08:45,17:22
ATD008190,EMP01035,2025-01-28,Present,09:02,17:19
ATD008191,EMP00428,2024-10-09,Present,08:32,17:01
ATD008192,EMP00840,2025-07-17,Present,09:04,17:56
ATD008193,EMP00387,2025-12-28,"Half Day",08:40,12:57
ATD008194,EMP00976,2025-01-12,Present,08:59,18:06
ATD008195,EMP00908,2025-03-13,"Work From Home",09:51,18:19
ATD008196,EMP00885,2024-08-08,"Half Day",09:29,13:01
ATD008197,EMP00955,2024-08-31,Present,09:34,18:11
ATD008198,EMP00071,2025-06-28,"Half Day",09:24,13:29
ATD008199,EMP00100,2026-03-19,"Work From Home",09:02,18:02
ATD008200,EMP00700,2025-02-21,Present,09:07,17:07
ATD008201,EMP00670,2025-04-26,Present,09:21,18:27
ATD008202,EMP00787,2026-02-26,Absent,NULL,NULL
ATD008203,EMP00190,2025-07-31,Absent,NULL,NULL
ATD008204,EMP01152,2025-08-22,Present,08:45,16:59
ATD008205,EMP00916,2025-04-19,Present,08:54,17:58
ATD008206,EMP00643,2024-08-04,Present,08:31,17:51
ATD008207,EMP00362,2025-11-22,Present,09:23,17:30
ATD008208,EMP01171,2025-10-06,Present,08:46,17:38
ATD008209,EMP00739,2025-10-30,"Half Day",08:51,12:38
ATD008210,EMP00617,2026-04-12,Present,09:19,18:34
ATD008211,EMP00693,2024-08-27,Present,08:43,17:15
ATD008212,EMP01117,2025-05-30,Present,08:59,17:37
ATD008213,EMP00094,2024-10-15,"Work From Home",09:48,17:49
ATD008214,EMP00424,2025-04-15,Present,09:12,18:26
ATD008215,EMP00523,2025-10-10,Present,08:42,16:54
ATD008216,EMP00640,2025-08-21,Present,09:11,18:16
ATD008217,EMP00680,2026-03-21,Present,09:20,17:20
ATD008218,EMP00539,2025-12-17,Present,09:15,18:37
ATD008219,EMP00810,2026-02-17,Present,08:54,17:53
ATD008220,EMP00804,2026-02-01,Present,08:36,16:52
ATD008221,EMP01048,2024-10-31,Present,09:28,17:56
ATD008222,EMP01021,2024-10-18,Present,08:49,17:30
ATD008223,EMP00196,2026-03-03,Present,09:04,17:51
ATD008224,EMP00265,2026-03-15,Present,09:11,17:26
ATD008225,EMP00979,2025-02-20,"Half Day",09:00,13:22
ATD008226,EMP00932,2025-10-13,"Work From Home",09:27,18:07
ATD008227,EMP00288,2024-08-29,Present,09:19,18:08
ATD008228,EMP00004,2026-03-12,Present,08:31,17:12
ATD008229,EMP00042,2026-02-20,"Half Day",09:29,13:27
ATD008230,EMP01023,2026-02-26,Absent,NULL,NULL
ATD008231,EMP01193,2025-07-07,"Half Day",08:51,12:51
ATD008232,EMP00249,2025-08-03,Present,09:33,18:07
ATD008233,EMP00578,2024-09-06,Present,09:11,18:12
ATD008234,EMP00581,2025-05-22,Present,08:57,17:51
ATD008235,EMP00284,2024-08-30,Present,09:32,18:09
ATD008236,EMP00513,2025-11-06,Present,08:33,17:33
ATD008237,EMP01136,2026-07-02,Present,09:37,18:45
ATD008238,EMP00909,2026-05-11,"Work From Home",09:12,17:25
ATD008239,EMP00083,2025-11-18,Present,09:18,18:43
ATD008240,EMP00075,2024-10-20,Present,08:40,17:23
ATD008241,EMP01187,2024-11-14,Present,08:36,17:09
ATD008242,EMP00371,2024-12-05,"Half Day",09:22,13:19
ATD008243,EMP01114,2025-05-13,"Half Day",09:22,13:38
ATD008244,EMP00055,2026-02-07,Present,08:36,18:02
ATD008245,EMP00200,2025-03-31,Present,08:38,17:50
ATD008246,EMP00125,2025-04-07,Absent,NULL,NULL
ATD008247,EMP00329,2025-08-11,Present,08:39,17:18
ATD008248,EMP00319,2026-07-02,"Work From Home",09:52,18:50
ATD008249,EMP00940,2024-12-27,"Half Day",09:06,12:46
ATD008250,EMP00647,2026-02-15,"Half Day",09:17,12:51
ATD008251,EMP00147,2025-05-04,Present,08:42,17:54
ATD008252,EMP00169,2024-09-11,Present,09:07,17:17
ATD008253,EMP00730,2025-04-07,Present,08:59,17:59
ATD008254,EMP00105,2026-02-21,Present,09:27,18:32
ATD008255,EMP00043,2024-10-22,"Work From Home",09:58,18:13
ATD008256,EMP00944,2025-10-11,Absent,NULL,NULL
ATD008257,EMP00637,2024-09-24,Present,08:33,16:46
ATD008258,EMP00156,2025-02-13,Present,09:13,17:15
ATD008259,EMP00771,2026-07-05,Present,08:53,18:19
ATD008260,EMP00742,2024-08-06,"Work From Home",09:51,17:53
ATD008261,EMP01027,2025-04-18,Present,09:24,17:48
ATD008262,EMP00494,2025-07-20,"Work From Home",09:09,17:32
ATD008263,EMP00153,2026-04-10,Present,08:40,17:47
ATD008264,EMP00829,2025-05-09,Present,09:23,18:23
ATD008265,EMP00709,2026-07-13,"Work From Home",09:38,18:04
ATD008266,EMP00614,2026-06-15,Present,08:55,18:10
ATD008267,EMP00925,2025-11-15,Present,08:54,16:55
ATD008268,EMP01054,2025-04-01,Present,08:56,17:30
ATD008269,EMP00366,2025-07-20,"Work From Home",09:50,17:51
ATD008270,EMP00290,2024-11-02,Absent,NULL,NULL
ATD008271,EMP00295,2025-06-06,Present,08:32,17:23
ATD008272,EMP01190,2025-01-02,Present,08:34,17:35
ATD008273,EMP01122,2024-09-19,Present,08:30,17:07
ATD008274,EMP00756,2026-06-21,"Work From Home",09:52,18:08
ATD008275,EMP00556,2025-03-14,"Work From Home",09:40,18:12
ATD008276,EMP01114,2025-10-12,Present,08:47,17:45
ATD008277,EMP00559,2025-09-12,Absent,NULL,NULL
ATD008278,EMP00658,2025-06-20,Present,09:02,18:18
ATD008279,EMP01162,2025-10-25,"Half Day",09:17,12:50
ATD008280,EMP01182,2025-10-20,"Half Day",08:30,12:46
ATD008281,EMP00376,2026-01-24,Absent,NULL,NULL
ATD008282,EMP01139,2024-11-03,"Work From Home",09:48,18:46
ATD008283,EMP00285,2025-12-10,Present,09:35,18:44
ATD008284,EMP01181,2025-02-03,"Work From Home",09:09,18:02
ATD008285,EMP00293,2025-08-31,"Work From Home",09:54,18:37
ATD008286,EMP01193,2024-08-31,Present,08:49,17:58
ATD008287,EMP00991,2025-04-11,Present,08:33,17:54
ATD008288,EMP00119,2025-12-10,"Work From Home",09:59,18:44
ATD008289,EMP00045,2025-06-16,Present,08:38,17:43
ATD008290,EMP01196,2025-05-30,Absent,NULL,NULL
ATD008291,EMP00317,2024-11-07,Present,08:43,17:41
ATD008292,EMP01220,2025-11-18,Present,09:44,17:58
ATD008293,EMP00485,2025-10-24,Present,08:56,17:40
ATD008294,EMP00558,2026-07-27,Absent,NULL,NULL
ATD008295,EMP00067,2024-09-06,Present,08:54,18:18
ATD008296,EMP00139,2026-05-20,"Work From Home",09:53,18:29
ATD008297,EMP00646,2025-05-12,Present,09:08,17:34
ATD008298,EMP00851,2025-01-28,"Half Day",09:07,12:58
ATD008299,EMP00833,2025-11-23,Absent,NULL,NULL
ATD008300,EMP00274,2025-10-01,Present,09:04,17:08
ATD008301,EMP00188,2026-06-11,"Half Day",09:11,12:42
ATD008302,EMP01219,2024-11-27,Present,09:24,17:54
ATD008303,EMP00337,2025-05-14,Present,08:55,18:13
ATD008304,EMP00349,2026-08-07,Present,08:50,17:52
ATD008305,EMP00219,2026-01-19,Present,08:36,17:57
ATD008306,EMP00574,2025-07-28,Present,09:30,19:00
ATD008307,EMP00686,2025-08-02,Present,09:32,18:10
ATD008308,EMP00295,2025-08-18,"Work From Home",09:55,18:15
ATD008309,EMP00990,2026-05-29,Present,08:37,17:47
ATD008310,EMP00275,2025-02-01,Present,08:46,17:52
ATD008311,EMP01174,2025-10-22,"Half Day",09:00,13:18
ATD008312,EMP00151,2025-09-25,Present,08:41,17:37
ATD008313,EMP00782,2024-10-26,"Half Day",09:07,13:11
ATD008314,EMP00707,2024-10-24,"Work From Home",09:17,17:41
ATD008315,EMP00902,2025-12-28,Present,08:54,17:35
ATD008316,EMP01195,2026-04-15,Present,09:13,17:42
ATD008317,EMP01186,2025-01-26,"Work From Home",09:55,18:04
ATD008318,EMP00655,2025-06-28,Present,08:50,16:58
ATD008319,EMP00182,2026-02-05,Present,08:44,17:11
ATD008320,EMP00969,2024-10-28,Present,09:06,18:16
ATD008321,EMP00394,2025-07-13,"Work From Home",09:53,17:57
ATD008322,EMP00042,2025-10-19,Absent,NULL,NULL
ATD008323,EMP00904,2025-01-05,Present,08:35,16:51
ATD008324,EMP00544,2025-02-12,Present,08:36,17:31
ATD008325,EMP00036,2025-10-10,Present,08:53,18:03
ATD008326,EMP00178,2025-01-29,Present,08:59,18:12
ATD008327,EMP00318,2025-11-26,Present,09:12,17:24
ATD008328,EMP00656,2025-05-11,"Half Day",09:08,13:01
ATD008329,EMP00991,2025-09-23,Present,09:09,17:37
ATD008330,EMP00157,2025-04-14,Present,09:38,19:08
ATD008331,EMP00369,2025-11-11,"Work From Home",09:41,18:04
ATD008332,EMP00792,2025-04-27,"Work From Home",09:17,17:48
ATD008333,EMP00289,2025-11-03,Present,09:05,17:25
ATD008334,EMP00094,2025-05-08,Present,08:37,16:44
ATD008335,EMP01141,2025-05-18,Present,08:54,17:40
ATD008336,EMP01187,2025-03-16,"Half Day",08:49,12:56
ATD008337,EMP00063,2024-12-17,Present,08:31,16:31
ATD008338,EMP00596,2026-05-22,"Work From Home",09:00,17:13
ATD008339,EMP00408,2024-09-18,"Work From Home",09:20,17:26
ATD008340,EMP00988,2025-06-28,Present,09:25,18:15
ATD008341,EMP00404,2026-04-18,Present,08:58,17:18
ATD008342,EMP00984,2025-06-05,Present,08:40,17:10
ATD008343,EMP00333,2025-05-23,Present,09:17,18:01
ATD008344,EMP00331,2024-12-05,"Half Day",08:56,12:39
ATD008345,EMP00703,2026-03-22,Present,09:09,17:32
ATD008346,EMP00713,2025-04-23,Present,08:50,17:11
ATD008347,EMP00698,2026-06-24,Present,09:17,17:40
ATD008348,EMP00390,2025-07-07,Present,08:44,17:13
ATD008349,EMP00147,2024-10-26,"Half Day",08:37,12:45
ATD008350,EMP01132,2026-02-01,Present,09:20,18:25
ATD008351,EMP00844,2024-12-22,Present,09:17,18:21
ATD008352,EMP00489,2025-07-26,Present,09:36,17:36
ATD008353,EMP00210,2026-06-06,Present,09:09,17:31
ATD008354,EMP00203,2025-05-31,Absent,NULL,NULL
ATD008355,EMP00009,2024-10-31,"Half Day",09:16,12:51
ATD008356,EMP00872,2025-04-04,Present,08:46,17:59
ATD008357,EMP00279,2025-11-02,Present,08:37,16:39
ATD008358,EMP00046,2025-02-02,Present,09:04,18:11
ATD008359,EMP00968,2024-11-25,"Work From Home",09:49,18:31
ATD008360,EMP01021,2024-11-14,Present,08:34,17:33
ATD008361,EMP00797,2025-07-30,Present,08:43,17:34
ATD008362,EMP00485,2025-11-14,Present,08:59,18:21
ATD008363,EMP00780,2025-05-22,"Work From Home",09:52,18:49
ATD008364,EMP01117,2026-03-13,Present,08:38,18:00
ATD008365,EMP00971,2025-05-04,"Work From Home",09:22,17:56
ATD008366,EMP00404,2025-08-30,Present,09:41,18:38
ATD008367,EMP00799,2025-11-10,"Work From Home",09:04,17:27
ATD008368,EMP00346,2025-12-02,Present,09:02,17:46
ATD008369,EMP00834,2024-08-04,Present,09:38,18:00
ATD008370,EMP01174,2024-11-08,"Work From Home",09:57,18:35
ATD008371,EMP00722,2025-03-28,Present,08:43,17:22
ATD008372,EMP00976,2025-02-03,Present,09:45,18:22
ATD008373,EMP00375,2025-01-10,Present,09:26,17:38
ATD008374,EMP00556,2026-04-18,Present,08:50,18:05
ATD008375,EMP00115,2025-09-12,Present,09:41,18:22
ATD008376,EMP01044,2025-03-04,Absent,NULL,NULL
ATD008377,EMP00520,2026-04-18,Present,08:59,17:30
ATD008378,EMP00640,2024-10-10,Present,09:43,19:12
ATD008379,EMP01113,2026-01-19,Present,08:42,17:25
ATD008380,EMP00186,2025-09-29,Present,08:58,17:42
ATD008381,EMP01062,2025-11-26,Present,08:34,16:49
ATD008382,EMP00464,2026-01-04,Absent,NULL,NULL
ATD008383,EMP00871,2025-10-28,Present,09:18,17:36
ATD008384,EMP00147,2025-05-07,Present,08:52,17:30
ATD008385,EMP00369,2026-04-01,Present,09:38,18:43
ATD008386,EMP00564,2025-08-22,Present,08:57,17:06
ATD008387,EMP00330,2025-04-09,Present,09:34,18:33
ATD008388,EMP00603,2026-08-01,Present,09:19,17:32
ATD008389,EMP00089,2024-11-02,Present,09:01,17:23
ATD008390,EMP01188,2024-09-28,Present,09:06,17:27
ATD008391,EMP00898,2025-09-12,Absent,NULL,NULL
ATD008392,EMP00424,2025-07-24,Present,08:59,17:29
ATD008393,EMP00423,2025-01-24,"Half Day",09:11,12:54
ATD008394,EMP00915,2024-09-10,Present,09:20,18:21
ATD008395,EMP00662,2025-12-18,Present,08:45,17:04
ATD008396,EMP00485,2026-02-28,Present,09:00,17:27
ATD008397,EMP01124,2025-05-14,Present,08:47,16:58
ATD008398,EMP00498,2026-07-23,Absent,NULL,NULL
ATD008399,EMP00932,2026-07-14,Present,08:45,17:36
ATD008400,EMP00550,2024-10-24,Present,09:12,18:10
ATD008401,EMP00815,2025-11-22,Present,08:33,17:56
ATD008402,EMP00326,2026-06-18,Present,08:52,17:39
ATD008403,EMP01140,2025-04-06,Present,08:47,16:57
ATD008404,EMP00281,2025-08-16,"Half Day",08:30,12:35
ATD008405,EMP00696,2024-11-04,Present,08:54,18:21
ATD008406,EMP00261,2026-07-15,"Work From Home",09:27,17:47
ATD008407,EMP00285,2025-10-18,Present,09:24,17:31
ATD008408,EMP00839,2024-11-30,Absent,NULL,NULL
ATD008409,EMP00354,2026-04-19,Absent,NULL,NULL
ATD008410,EMP01206,2024-08-20,Present,08:30,16:31
ATD008411,EMP00244,2026-07-27,Present,09:20,18:33
ATD008412,EMP00116,2024-10-23,Present,08:35,17:22
ATD008413,EMP01098,2025-04-12,Absent,NULL,NULL
ATD008414,EMP00247,2026-04-04,Present,08:48,17:20
ATD008415,EMP00715,2024-10-07,Present,09:44,17:57
ATD008416,EMP00538,2025-02-17,Present,08:53,18:00
ATD008417,EMP00786,2024-11-01,Present,08:44,16:46
ATD008418,EMP00593,2026-01-17,Present,09:26,17:33
ATD008419,EMP01216,2026-07-25,Absent,NULL,NULL
ATD008420,EMP00094,2025-09-07,Present,09:05,17:23
ATD008421,EMP00380,2025-07-19,Present,09:11,17:47
ATD008422,EMP00633,2025-01-11,Present,09:00,18:08
ATD008423,EMP01201,2024-12-04,Present,08:56,18:16
ATD008424,EMP00511,2026-06-27,Present,09:02,17:38
ATD008425,EMP00640,2025-12-10,Present,09:32,17:41
ATD008426,EMP01022,2025-03-17,Present,08:52,17:46
ATD008427,EMP00062,2025-06-06,Present,09:39,18:09
ATD008428,EMP00461,2024-08-30,Present,08:51,17:41
ATD008429,EMP00014,2026-04-02,Present,09:44,18:34
ATD008430,EMP00206,2025-10-17,Present,09:14,18:19
ATD008431,EMP00538,2025-05-27,"Half Day",08:53,13:17
ATD008432,EMP00923,2026-07-19,"Work From Home",09:49,18:28
ATD008433,EMP00585,2025-04-22,Present,08:33,16:54
ATD008434,EMP00155,2024-08-02,Present,08:52,16:56
ATD008435,EMP01183,2024-09-26,Absent,NULL,NULL
ATD008436,EMP00994,2024-09-18,Present,09:19,18:40
ATD008437,EMP00457,2026-06-13,Present,09:30,17:40
ATD008438,EMP00272,2025-06-12,Present,08:39,17:57
ATD008439,EMP00226,2025-02-16,Present,08:57,17:55
ATD008440,EMP00789,2024-09-01,Present,08:44,17:52
ATD008441,EMP00014,2025-02-07,Present,09:42,18:59
ATD008442,EMP00261,2024-10-24,Absent,NULL,NULL
ATD008443,EMP00371,2025-10-10,Present,08:51,17:22
ATD008444,EMP00742,2025-01-19,Present,09:23,18:01
ATD008445,EMP00680,2025-07-25,"Work From Home",09:31,18:31
ATD008446,EMP00985,2026-02-25,Present,09:25,17:35
ATD008447,EMP00545,2026-05-21,"Work From Home",09:51,17:58
ATD008448,EMP00753,2026-03-28,Present,09:22,17:26
ATD008449,EMP00354,2025-11-10,Present,08:41,17:35
ATD008450,EMP00146,2025-05-07,"Half Day",09:08,13:33
ATD008451,EMP00207,2025-06-22,"Half Day",08:57,12:52
ATD008452,EMP00345,2026-01-28,"Half Day",08:41,12:36
ATD008453,EMP00088,2026-06-18,"Work From Home",09:09,18:07
ATD008454,EMP00707,2026-04-21,Absent,NULL,NULL
ATD008455,EMP00279,2024-10-23,Present,09:42,18:40
ATD008456,EMP00886,2025-05-06,Present,09:07,18:21
ATD008457,EMP00691,2025-02-03,"Work From Home",09:46,18:02
ATD008458,EMP00234,2025-02-08,"Half Day",09:16,13:24
ATD008459,EMP01085,2026-07-15,Present,08:47,17:19
ATD008460,EMP01186,2025-06-11,"Half Day",08:41,13:02
ATD008461,EMP00961,2026-04-07,Present,09:16,18:21
ATD008462,EMP00142,2025-08-17,Present,08:37,17:24
ATD008463,EMP01098,2024-10-07,Present,09:14,17:34
ATD008464,EMP00493,2025-10-08,Present,08:51,16:52
ATD008465,EMP00600,2026-01-01,Present,08:57,17:44
ATD008466,EMP00086,2025-11-24,Present,08:56,17:37
ATD008467,EMP01209,2026-04-09,"Half Day",08:54,12:37
ATD008468,EMP00130,2025-06-20,Present,08:38,16:46
ATD008469,EMP00826,2026-05-03,Present,08:58,18:09
ATD008470,EMP01091,2024-08-31,Present,08:48,17:14
ATD008471,EMP00133,2026-06-10,Present,08:56,18:08
ATD008472,EMP00426,2026-07-08,Present,08:49,18:09
ATD008473,EMP00588,2024-12-05,Present,09:43,18:38
ATD008474,EMP01117,2026-01-28,Present,09:00,18:06
ATD008475,EMP00651,2025-07-08,Present,09:15,17:16
ATD008476,EMP00099,2024-11-28,Present,09:08,18:24
ATD008477,EMP00976,2025-07-22,Present,08:50,18:18
ATD008478,EMP00463,2025-11-26,Present,08:38,17:46
ATD008479,EMP00938,2026-06-05,"Half Day",09:08,13:22
ATD008480,EMP00072,2024-12-09,Present,08:36,17:01
ATD008481,EMP00737,2025-12-24,Present,08:38,16:49
ATD008482,EMP00271,2025-12-13,Absent,NULL,NULL
ATD008483,EMP00173,2025-01-28,Present,09:01,18:15
ATD008484,EMP00707,2024-08-04,"Work From Home",09:45,17:47
ATD008485,EMP00341,2025-06-14,Present,09:12,17:24
ATD008486,EMP00312,2025-01-15,Present,09:14,18:00
ATD008487,EMP00580,2026-02-10,Present,08:45,18:11
ATD008488,EMP00865,2026-01-19,"Half Day",09:22,13:36
ATD008489,EMP00731,2025-11-17,Present,09:07,18:07
ATD008490,EMP00519,2026-08-02,Present,08:43,17:04
ATD008491,EMP00339,2025-08-13,Present,09:17,17:22
ATD008492,EMP00321,2025-09-07,"Half Day",09:27,13:11
ATD008493,EMP00435,2026-05-02,"Work From Home",09:37,17:47
ATD008494,EMP00943,2025-03-19,Absent,NULL,NULL
ATD008495,EMP00672,2026-03-13,"Half Day",09:21,13:24
ATD008496,EMP00024,2025-12-29,Present,09:22,18:07
ATD008497,EMP00601,2025-01-08,"Work From Home",09:49,18:04
ATD008498,EMP01151,2025-08-18,"Half Day",09:02,13:03
ATD008499,EMP00506,2026-05-11,Present,09:39,18:03
ATD008500,EMP00495,2026-01-13,Present,08:40,16:45
ATD008501,EMP00191,2026-02-06,Present,09:28,18:09
ATD008502,EMP00378,2026-07-12,"Half Day",08:41,12:43
ATD008503,EMP00433,2026-03-18,"Half Day",08:47,13:15
ATD008504,EMP00544,2024-10-23,Absent,NULL,NULL
ATD008505,EMP01211,2025-01-16,Present,08:58,18:06
ATD008506,EMP00374,2025-04-22,"Half Day",08:45,12:43
ATD008507,EMP01113,2026-02-25,Present,09:15,17:55
ATD008508,EMP00176,2026-04-28,Present,08:38,17:34
ATD008509,EMP00252,2024-10-04,"Work From Home",09:07,17:10
ATD008510,EMP00373,2025-12-14,Present,08:37,17:58
ATD008511,EMP00682,2026-07-24,"Half Day",09:07,13:17
ATD008512,EMP00746,2025-11-14,Present,08:32,17:44
ATD008513,EMP01069,2026-07-25,"Work From Home",09:59,18:23
ATD008514,EMP00633,2025-05-10,Present,09:26,17:52
ATD008515,EMP00277,2025-04-01,Present,08:55,17:14
ATD008516,EMP00168,2025-08-08,Present,09:20,18:04
ATD008517,EMP00752,2025-12-09,Absent,NULL,NULL
ATD008518,EMP00792,2025-10-18,"Half Day",09:17,13:02
ATD008519,EMP00456,2026-05-02,Present,08:45,18:03
ATD008520,EMP01149,2025-02-27,Present,08:35,17:07
ATD008521,EMP00836,2026-06-07,Present,08:47,17:15
ATD008522,EMP01104,2024-08-14,Absent,NULL,NULL
ATD008523,EMP01116,2025-12-30,Present,08:42,17:56
ATD008524,EMP00645,2025-07-11,Present,09:05,18:25
ATD008525,EMP00298,2025-09-03,Present,08:41,17:12
ATD008526,EMP00756,2026-04-27,"Half Day",08:36,12:39
ATD008527,EMP00832,2026-02-16,Present,09:38,18:35
ATD008528,EMP00457,2025-05-24,"Work From Home",09:15,17:32
ATD008529,EMP00169,2025-05-15,Present,08:31,17:18
ATD008530,EMP00809,2025-04-30,Present,09:29,17:31
ATD008531,EMP00641,2026-02-24,Present,08:46,16:49
ATD008532,EMP00007,2025-07-12,"Work From Home",09:59,18:34
ATD008533,EMP00007,2025-12-14,"Half Day",09:06,12:51
ATD008534,EMP00514,2026-02-16,"Work From Home",09:12,17:29
ATD008535,EMP00486,2024-11-26,Present,08:37,17:49
ATD008536,EMP00053,2025-09-07,Present,08:45,16:56
ATD008537,EMP00611,2026-02-10,"Work From Home",09:50,18:38
ATD008538,EMP00321,2026-06-20,Present,08:38,16:50
ATD008539,EMP00059,2026-05-09,Present,08:52,17:16
ATD008540,EMP00310,2025-01-23,"Half Day",08:43,12:47
ATD008541,EMP00626,2025-03-16,Present,08:46,16:58
ATD008542,EMP01049,2025-12-30,Present,09:15,18:05
ATD008543,EMP00959,2026-03-22,Present,09:14,17:42
ATD008544,EMP01102,2026-04-23,Present,09:29,18:45
ATD008545,EMP00245,2026-03-07,Present,09:35,19:00
ATD008546,EMP00435,2024-08-18,Absent,NULL,NULL
ATD008547,EMP01033,2025-01-20,"Half Day",09:04,13:09
ATD008548,EMP00161,2025-12-04,Present,08:59,17:00
ATD008549,EMP00040,2025-02-20,"Work From Home",09:41,17:45
ATD008550,EMP00179,2025-06-20,Present,09:20,17:48
ATD008551,EMP00078,2025-11-14,Present,09:25,18:06
ATD008552,EMP00185,2025-09-11,"Half Day",09:12,13:22
ATD008553,EMP00797,2025-04-22,"Work From Home",09:13,17:38
ATD008554,EMP00095,2026-02-20,Absent,NULL,NULL
ATD008555,EMP00987,2025-01-01,Present,08:34,17:43
ATD008556,EMP00876,2026-01-26,"Half Day",08:53,12:26
ATD008557,EMP00346,2024-12-08,Present,09:43,18:28
ATD008558,EMP00886,2025-07-02,Present,08:50,17:38
ATD008559,EMP01167,2025-09-06,Present,08:36,16:40
ATD008560,EMP00497,2024-08-07,Present,08:51,17:30
ATD008561,EMP00507,2024-08-27,Present,08:34,17:25
ATD008562,EMP00776,2025-10-31,"Work From Home",09:28,18:02
ATD008563,EMP01174,2025-08-21,Present,08:36,17:35
ATD008564,EMP01013,2025-06-11,"Half Day",09:17,13:17
ATD008565,EMP00259,2025-02-26,Present,08:41,17:20
ATD008566,EMP00712,2026-06-22,Absent,NULL,NULL
ATD008567,EMP00018,2025-07-08,"Work From Home",09:36,18:10
ATD008568,EMP00768,2026-07-09,Present,09:32,18:44
ATD008569,EMP01155,2026-03-25,Present,09:38,18:15
ATD008570,EMP00680,2025-03-22,Present,09:08,17:39
ATD008571,EMP01020,2025-11-10,"Work From Home",09:06,17:23
ATD008572,EMP01227,2024-08-08,Absent,NULL,NULL
ATD008573,EMP01161,2024-11-19,Present,08:48,16:48
ATD008574,EMP00228,2025-12-21,Present,08:36,17:09
ATD008575,EMP00367,2025-06-06,Present,09:20,17:51
ATD008576,EMP00201,2025-09-27,Present,08:32,17:30
ATD008577,EMP01127,2024-12-20,Present,08:59,17:55
ATD008578,EMP00455,2025-04-06,Absent,NULL,NULL
ATD008579,EMP00539,2025-04-05,Present,09:07,17:20
ATD008580,EMP00827,2026-06-02,Present,09:43,18:24
ATD008581,EMP00953,2025-02-15,Present,08:33,17:17
ATD008582,EMP01180,2026-01-29,Absent,NULL,NULL
ATD008583,EMP00651,2025-04-07,"Half Day",09:06,13:13
ATD008584,EMP00674,2024-12-06,"Half Day",09:24,13:36
ATD008585,EMP01168,2025-01-04,Present,08:53,16:55
ATD008586,EMP00772,2025-02-01,"Work From Home",09:07,17:28
ATD008587,EMP00219,2026-02-25,"Half Day",09:26,13:38
ATD008588,EMP01158,2026-02-25,Present,08:56,18:25
ATD008589,EMP01013,2026-07-18,Present,09:44,17:47
ATD008590,EMP00340,2025-09-09,Present,09:37,18:16
ATD008591,EMP00872,2025-06-12,Present,08:58,17:27
ATD008592,EMP00519,2025-12-16,Present,09:37,18:34
ATD008593,EMP00378,2025-11-15,"Work From Home",09:41,18:32
ATD008594,EMP00031,2024-11-20,Present,08:34,17:04
ATD008595,EMP00923,2024-12-28,Present,09:14,17:25
ATD008596,EMP01095,2025-11-03,"Half Day",09:03,12:36
ATD008597,EMP00724,2024-08-31,Present,09:36,17:40
ATD008598,EMP00157,2026-07-25,Present,08:41,17:11
ATD008599,EMP00002,2025-05-04,Present,08:59,17:51
ATD008600,EMP00565,2024-10-04,"Half Day",09:22,12:58
ATD008601,EMP00756,2025-05-27,Present,08:42,17:06
ATD008602,EMP00608,2024-11-11,Present,08:40,17:00
ATD008603,EMP00936,2026-04-29,Present,08:59,18:21
ATD008604,EMP00309,2026-06-08,Absent,NULL,NULL
ATD008605,EMP00400,2025-12-31,Present,09:10,17:38
ATD008606,EMP00163,2026-08-01,Present,09:13,17:49
ATD008607,EMP00715,2026-05-14,Present,08:48,18:09
ATD008608,EMP00620,2025-11-21,Present,09:31,18:46
ATD008609,EMP00667,2026-05-31,Present,08:30,16:54
ATD008610,EMP01169,2025-03-31,Absent,NULL,NULL
ATD008611,EMP00708,2025-02-23,Present,08:43,17:10
ATD008612,EMP01011,2025-07-12,Present,08:51,18:20
ATD008613,EMP01176,2024-10-02,Present,08:54,17:32
ATD008614,EMP00069,2025-06-24,Present,08:58,17:12
ATD008615,EMP00892,2026-06-01,"Half Day",08:41,13:02
ATD008616,EMP01075,2025-03-15,"Work From Home",09:58,18:45
ATD008617,EMP01119,2026-07-13,Absent,NULL,NULL
ATD008618,EMP00893,2026-01-13,Absent,NULL,NULL
ATD008619,EMP00738,2026-02-10,"Work From Home",09:18,17:34
ATD008620,EMP00186,2025-03-27,Present,09:28,18:58
ATD008621,EMP01194,2025-09-21,"Work From Home",09:07,17:10
ATD008622,EMP00174,2024-12-02,"Work From Home",09:17,17:50
ATD008623,EMP00808,2025-06-05,Present,09:34,18:44
ATD008624,EMP00013,2026-03-19,"Half Day",08:59,12:47
ATD008625,EMP00224,2025-06-12,Present,08:44,18:10
ATD008626,EMP00916,2026-04-22,Present,09:06,18:04
ATD008627,EMP01046,2026-03-29,Present,09:06,17:51
ATD008628,EMP00173,2026-01-02,Present,08:48,16:49
ATD008629,EMP00169,2026-02-15,Present,09:42,18:20
ATD008630,EMP00256,2024-11-24,Present,09:14,18:34
ATD008631,EMP00761,2024-11-03,Present,09:01,17:16
ATD008632,EMP00459,2024-11-04,Present,09:15,17:53
ATD008633,EMP00534,2024-10-11,Present,08:31,17:45
ATD008634,EMP00804,2024-08-19,"Work From Home",09:54,18:40
ATD008635,EMP00100,2025-12-23,Present,08:49,17:42
ATD008636,EMP00916,2025-06-20,"Work From Home",09:37,17:58
ATD008637,EMP00595,2025-10-25,Present,09:34,17:37
ATD008638,EMP00334,2026-07-24,"Work From Home",09:29,18:04
ATD008639,EMP00293,2025-05-26,Present,09:07,18:07
ATD008640,EMP00984,2024-09-23,Present,09:10,18:38
ATD008641,EMP00803,2025-05-07,"Work From Home",09:25,17:32
ATD008642,EMP00147,2026-05-12,Present,09:19,17:53
ATD008643,EMP00747,2026-03-26,Present,08:33,17:24
ATD008644,EMP01031,2024-09-27,Present,09:35,18:23
ATD008645,EMP00853,2025-06-25,Present,08:30,16:35
ATD008646,EMP00336,2025-11-08,"Work From Home",09:42,17:49
ATD008647,EMP00121,2026-02-24,"Half Day",08:50,13:18
ATD008648,EMP00841,2024-10-02,Present,09:01,17:51
ATD008649,EMP00176,2026-02-06,"Work From Home",09:52,18:30
ATD008650,EMP00599,2025-05-04,Absent,NULL,NULL
ATD008651,EMP00552,2026-02-22,"Work From Home",09:46,18:09
ATD008652,EMP00753,2025-05-17,"Half Day",08:56,13:11
ATD008653,EMP00634,2024-10-19,Present,09:05,18:08
ATD008654,EMP01050,2026-03-31,Present,08:43,18:11
ATD008655,EMP00886,2024-11-13,Present,09:29,17:58
ATD008656,EMP01156,2026-06-23,Present,09:13,18:28
ATD008657,EMP00132,2026-05-27,Present,09:07,17:55
ATD008658,EMP00188,2024-08-29,Present,08:59,17:01
ATD008659,EMP00283,2025-06-29,Present,09:09,17:42
ATD008660,EMP00690,2026-04-27,Present,08:41,17:08
ATD008661,EMP00047,2024-12-11,"Work From Home",09:09,17:42
ATD008662,EMP01214,2026-04-20,"Half Day",09:11,13:15
ATD008663,EMP00734,2025-02-01,Absent,NULL,NULL
ATD008664,EMP00417,2024-10-12,Present,08:30,17:11
ATD008665,EMP00541,2025-07-15,Present,08:38,16:49
ATD008666,EMP00142,2025-05-20,Present,08:31,16:37
ATD008667,EMP00218,2024-09-24,Absent,NULL,NULL
ATD008668,EMP00422,2025-02-21,Present,09:37,18:59
ATD008669,EMP01176,2025-09-19,Present,09:24,17:36
ATD008670,EMP00784,2025-04-10,Absent,NULL,NULL
ATD008671,EMP00139,2025-05-04,Present,08:36,17:01
ATD008672,EMP00398,2025-05-14,Present,09:03,18:29
ATD008673,EMP00566,2025-07-30,Present,08:54,17:20
ATD008674,EMP00512,2025-08-27,Present,08:33,16:53
ATD008675,EMP00747,2024-12-26,Present,09:31,17:47
ATD008676,EMP00116,2024-12-08,Present,09:04,18:10
ATD008677,EMP00241,2025-03-06,"Half Day",09:18,12:55
ATD008678,EMP00861,2024-11-04,Present,08:39,18:09
ATD008679,EMP01121,2025-07-22,Present,08:48,16:53
ATD008680,EMP00824,2025-06-11,Absent,NULL,NULL
ATD008681,EMP00264,2025-12-06,Present,09:44,18:46
ATD008682,EMP01021,2025-12-10,Present,08:45,16:50
ATD008683,EMP00824,2025-09-23,"Half Day",09:00,13:27
ATD008684,EMP01065,2025-12-29,Present,08:30,17:13
ATD008685,EMP01111,2024-10-06,Absent,NULL,NULL
ATD008686,EMP00584,2026-07-07,Present,09:25,17:26
ATD008687,EMP00970,2024-08-17,Present,09:37,18:11
ATD008688,EMP01101,2024-08-22,"Work From Home",09:00,17:18
ATD008689,EMP00800,2025-06-11,Present,08:40,16:43
ATD008690,EMP00992,2026-03-12,"Work From Home",09:13,18:06
ATD008691,EMP00932,2025-04-05,Present,08:48,16:55
ATD008692,EMP00011,2026-06-26,Present,09:18,18:12
ATD008693,EMP01174,2026-06-16,Absent,NULL,NULL
ATD008694,EMP00388,2025-05-13,Present,08:49,17:50
ATD008695,EMP00378,2026-06-16,Absent,NULL,NULL
ATD008696,EMP00395,2025-05-21,"Work From Home",09:18,17:24
ATD008697,EMP00046,2026-05-23,Present,09:44,17:52
ATD008698,EMP00839,2025-07-28,"Half Day",08:59,13:06
ATD008699,EMP00923,2024-11-16,Absent,NULL,NULL
ATD008700,EMP00930,2025-06-11,Present,08:45,17:18
ATD008701,EMP00797,2025-07-09,Present,08:58,18:22
ATD008702,EMP00001,2025-12-08,Present,09:05,18:29
ATD008703,EMP00105,2026-04-10,Present,09:16,17:43
ATD008704,EMP00038,2025-10-28,Present,08:36,16:55
ATD008705,EMP00581,2025-01-02,Present,08:34,16:57
ATD008706,EMP00723,2026-04-27,"Half Day",08:49,13:03
ATD008707,EMP01150,2024-12-07,Present,09:37,18:06
ATD008708,EMP00808,2024-12-24,Present,08:58,17:26
ATD008709,EMP01056,2024-11-18,"Half Day",08:35,12:12
ATD008710,EMP00870,2025-06-28,"Half Day",09:16,13:34
ATD008711,EMP00094,2025-03-02,Present,09:26,17:37
ATD008712,EMP00182,2025-09-27,Absent,NULL,NULL
ATD008713,EMP00774,2025-04-14,Absent,NULL,NULL
ATD008714,EMP00303,2026-01-11,Present,09:02,17:12
ATD008715,EMP01179,2025-09-26,"Half Day",08:52,13:20
ATD008716,EMP01049,2025-03-09,Present,08:55,17:53
ATD008717,EMP00007,2025-03-01,Present,09:16,18:10
ATD008718,EMP00711,2025-03-09,Absent,NULL,NULL
ATD008719,EMP00304,2025-04-27,Absent,NULL,NULL
ATD008720,EMP00190,2025-10-16,"Work From Home",09:21,17:33
ATD008721,EMP01193,2025-05-30,Present,08:58,17:13
ATD008722,EMP00255,2024-08-12,Absent,NULL,NULL
ATD008723,EMP00966,2025-11-09,Present,09:41,18:48
ATD008724,EMP00794,2024-10-01,Present,08:33,17:40
ATD008725,EMP00557,2024-11-27,Absent,NULL,NULL
ATD008726,EMP00179,2026-02-27,Absent,NULL,NULL
ATD008727,EMP00774,2025-11-13,Absent,NULL,NULL
ATD008728,EMP00615,2025-05-21,Present,08:52,17:43
ATD008729,EMP00736,2024-10-09,Present,08:32,16:38
ATD008730,EMP00528,2025-04-11,Present,09:40,18:05
ATD008731,EMP00573,2024-12-16,Present,08:47,17:17
ATD008732,EMP00877,2024-11-29,Present,09:18,18:05
ATD008733,EMP00876,2025-06-01,Present,09:34,18:14
ATD008734,EMP00426,2026-06-01,Absent,NULL,NULL
ATD008735,EMP00306,2024-10-26,Present,08:58,17:03
ATD008736,EMP00312,2025-07-27,"Half Day",09:27,13:37
ATD008737,EMP00073,2026-01-21,"Work From Home",09:28,17:37
ATD008738,EMP01214,2026-01-04,"Work From Home",09:41,18:08
ATD008739,EMP00098,2025-01-24,"Work From Home",09:27,17:37
ATD008740,EMP00671,2025-07-23,Present,08:32,17:14
ATD008741,EMP00477,2024-10-01,Present,08:32,17:41
ATD008742,EMP00094,2025-05-13,"Work From Home",09:13,17:30
ATD008743,EMP00754,2026-03-01,Present,08:50,16:56
ATD008744,EMP01184,2025-11-18,Present,08:32,17:14
ATD008745,EMP00564,2025-09-16,Present,09:27,17:28
ATD008746,EMP00241,2024-12-05,"Work From Home",09:49,18:23
ATD008747,EMP00228,2025-02-15,Present,09:39,18:20
ATD008748,EMP01009,2025-02-16,Present,08:32,17:12
ATD008749,EMP00050,2026-02-05,Absent,NULL,NULL
ATD008750,EMP00717,2026-04-08,Present,09:08,17:38
ATD008751,EMP01159,2025-12-05,Present,09:41,17:50
ATD008752,EMP01167,2025-02-18,Present,09:29,18:33
ATD008753,EMP00741,2025-08-29,Present,08:38,17:14
ATD008754,EMP00323,2025-12-07,Present,09:02,17:44
ATD008755,EMP00170,2025-04-26,Present,09:24,18:28
ATD008756,EMP00999,2024-09-26,"Half Day",09:06,13:12
ATD008757,EMP00230,2026-03-30,Present,08:43,18:05
ATD008758,EMP00728,2026-06-05,Present,08:39,18:05
ATD008759,EMP00653,2026-07-25,"Work From Home",09:57,18:18
ATD008760,EMP00768,2025-06-14,Present,08:43,16:44
ATD008761,EMP00468,2025-10-12,"Half Day",08:58,12:46
ATD008762,EMP00055,2025-02-07,"Work From Home",09:54,18:50
ATD008763,EMP01207,2026-02-02,Present,08:44,17:10
ATD008764,EMP00074,2025-03-06,Absent,NULL,NULL
ATD008765,EMP00890,2025-04-07,Present,08:55,17:32
ATD008766,EMP01035,2025-05-19,Present,09:35,19:01
ATD008767,EMP00926,2025-06-22,Present,09:22,18:06
ATD008768,EMP00412,2025-04-29,"Half Day",09:29,13:07
ATD008769,EMP00608,2025-04-10,Present,09:44,18:35
ATD008770,EMP00993,2025-12-03,Absent,NULL,NULL
ATD008771,EMP00290,2024-10-13,Present,08:58,17:54
ATD008772,EMP00772,2025-08-07,Absent,NULL,NULL
ATD008773,EMP00539,2025-05-07,Present,08:56,16:58
ATD008774,EMP00869,2024-08-07,"Work From Home",09:45,18:02
ATD008775,EMP01157,2025-10-26,Present,08:39,16:47
ATD008776,EMP00916,2025-05-04,Present,08:51,18:14
ATD008777,EMP00522,2025-05-16,"Half Day",09:02,12:46
ATD008778,EMP00601,2026-07-10,"Work From Home",09:22,17:36
ATD008779,EMP01020,2025-03-17,Present,08:38,17:01
ATD008780,EMP01005,2026-03-10,Present,09:43,18:31
ATD008781,EMP00185,2024-09-30,Present,08:51,17:01
ATD008782,EMP00850,2026-01-07,Present,09:15,18:19
ATD008783,EMP00916,2026-07-18,Absent,NULL,NULL
ATD008784,EMP00212,2025-04-20,Present,09:04,18:20
ATD008785,EMP01030,2025-02-14,Present,08:35,17:45
ATD008786,EMP00653,2024-08-23,Present,08:41,17:34
ATD008787,EMP00055,2026-05-04,Present,09:13,17:14
ATD008788,EMP00250,2025-04-07,Present,09:37,17:52
ATD008789,EMP00812,2025-05-09,Present,08:59,18:24
ATD008790,EMP00964,2025-02-21,Present,08:44,17:54
ATD008791,EMP00084,2025-08-26,Present,08:35,17:06
ATD008792,EMP00295,2026-07-04,Present,08:53,17:53
ATD008793,EMP00234,2024-08-18,"Half Day",09:22,13:18
ATD008794,EMP00227,2026-06-25,Absent,NULL,NULL
ATD008795,EMP00722,2024-11-08,Present,09:13,17:43
ATD008796,EMP01115,2025-07-15,Present,08:41,17:05
ATD008797,EMP00535,2026-06-01,Present,09:00,17:06
ATD008798,EMP00354,2024-09-26,Present,09:34,18:11
ATD008799,EMP00489,2025-06-27,"Work From Home",09:55,18:18
ATD008800,EMP01222,2025-05-20,Present,08:39,17:39
ATD008801,EMP01064,2024-08-03,Present,09:29,18:06
ATD008802,EMP00861,2024-08-30,"Half Day",08:48,12:57
ATD008803,EMP00454,2026-02-16,"Work From Home",09:59,18:42
ATD008804,EMP00161,2026-01-06,Present,09:23,18:25
ATD008805,EMP00151,2025-06-30,Present,09:19,18:26
ATD008806,EMP00543,2025-08-31,Present,08:56,16:57
ATD008807,EMP00870,2025-12-06,Present,08:53,17:06
ATD008808,EMP00320,2026-03-03,Present,08:31,17:05
ATD008809,EMP01000,2026-02-05,Present,08:48,17:22
ATD008810,EMP00418,2026-02-26,Present,09:19,18:23
ATD008811,EMP00529,2025-08-24,Present,08:35,17:03
ATD008812,EMP00556,2025-12-20,Present,08:54,17:22
ATD008813,EMP00803,2025-08-08,"Half Day",09:14,13:14
ATD008814,EMP00983,2025-09-27,Present,08:31,16:53
ATD008815,EMP00175,2025-12-09,"Work From Home",09:19,18:07
ATD008816,EMP00767,2025-09-26,Present,09:40,18:15
ATD008817,EMP00617,2024-10-28,Present,09:20,17:52
ATD008818,EMP00693,2025-09-30,Present,09:27,18:57
ATD008819,EMP00010,2025-10-21,Present,08:31,17:50
ATD008820,EMP00400,2026-06-09,Present,08:51,18:09
ATD008821,EMP01095,2025-11-05,"Half Day",09:22,13:38
ATD008822,EMP00299,2026-06-02,Present,09:40,19:03
ATD008823,EMP00518,2025-06-04,Present,09:06,17:32
ATD008824,EMP00372,2025-07-19,Absent,NULL,NULL
ATD008825,EMP00856,2025-09-17,Present,09:31,17:52
ATD008826,EMP00313,2025-03-24,Present,09:21,18:23
ATD008827,EMP01108,2026-01-11,"Half Day",08:35,13:04
ATD008828,EMP00223,2025-02-07,"Work From Home",09:07,18:05
ATD008829,EMP00627,2025-02-19,Present,08:51,17:01
ATD008830,EMP00199,2024-08-05,Present,08:58,17:19
ATD008831,EMP00281,2026-01-11,"Half Day",08:45,12:56
ATD008832,EMP00069,2024-09-16,"Work From Home",09:25,18:14
ATD008833,EMP00182,2025-04-01,Absent,NULL,NULL
ATD008834,EMP00320,2026-04-11,Present,09:45,19:03
ATD008835,EMP00296,2026-05-08,Present,08:37,18:05
ATD008836,EMP00454,2025-01-16,Present,08:32,17:23
ATD008837,EMP00548,2026-07-13,Present,08:52,17:21
ATD008838,EMP00975,2025-02-08,Present,08:37,16:54
ATD008839,EMP00360,2025-03-02,Present,09:15,17:18
ATD008840,EMP00829,2026-06-23,Present,08:44,17:00
ATD008841,EMP01065,2024-10-16,"Work From Home",09:00,17:48
ATD008842,EMP00446,2025-07-24,Present,08:57,17:54
ATD008843,EMP00335,2026-06-08,Present,09:31,17:56
ATD008844,EMP00085,2025-08-22,"Work From Home",09:39,18:10
ATD008845,EMP01160,2025-08-08,Present,08:35,17:34
ATD008846,EMP00787,2025-05-26,Present,09:38,18:24
ATD008847,EMP00416,2025-02-18,Present,09:45,18:30
ATD008848,EMP01021,2026-05-13,Present,09:03,18:03
ATD008849,EMP00291,2024-11-23,Present,09:26,18:41
ATD008850,EMP01193,2025-12-29,Absent,NULL,NULL
ATD008851,EMP00302,2026-06-15,Present,08:31,17:17
ATD008852,EMP00234,2026-07-24,Present,08:31,17:04
ATD008853,EMP01048,2025-12-18,"Work From Home",09:23,18:07
ATD008854,EMP01120,2026-05-26,Present,08:32,17:37
ATD008855,EMP00052,2026-05-06,Absent,NULL,NULL
ATD008856,EMP01004,2024-08-27,Present,09:14,17:32
ATD008857,EMP00139,2025-04-29,Absent,NULL,NULL
ATD008858,EMP00539,2026-07-06,Present,08:44,16:49
ATD008859,EMP00105,2024-11-06,Present,09:05,17:39
ATD008860,EMP01038,2026-04-16,Present,08:37,16:49
ATD008861,EMP00061,2026-07-21,Present,09:20,18:43
ATD008862,EMP00607,2024-11-19,Present,08:35,16:55
ATD008863,EMP00991,2026-03-16,Present,09:45,18:13
ATD008864,EMP00292,2026-02-24,"Work From Home",09:44,18:08
ATD008865,EMP00747,2025-06-22,Present,08:41,17:14
ATD008866,EMP01088,2025-04-19,Present,09:38,18:03
ATD008867,EMP00642,2026-03-22,"Work From Home",09:41,18:22
ATD008868,EMP00906,2026-07-28,Absent,NULL,NULL
ATD008869,EMP00423,2025-10-07,Present,09:30,18:09
ATD008870,EMP00598,2026-04-06,Present,08:31,16:59
ATD008871,EMP00657,2026-05-21,Absent,NULL,NULL
ATD008872,EMP00648,2026-03-10,Present,09:07,17:42
ATD008873,EMP01008,2024-08-31,Present,08:49,17:56
ATD008874,EMP01183,2024-10-17,Present,08:43,18:03
ATD008875,EMP00932,2024-10-02,Present,09:10,17:33
ATD008876,EMP00348,2026-03-02,"Half Day",08:45,13:11
ATD008877,EMP00319,2026-02-14,Absent,NULL,NULL
ATD008878,EMP00700,2024-09-08,Absent,NULL,NULL
ATD008879,EMP01025,2026-01-23,Present,09:10,18:01
ATD008880,EMP00569,2026-08-06,Absent,NULL,NULL
ATD008881,EMP00202,2025-11-07,Present,08:48,17:04
ATD008882,EMP00607,2026-02-03,Present,09:13,18:35
ATD008883,EMP00504,2025-03-02,"Work From Home",09:03,17:07
ATD008884,EMP00673,2024-10-21,Present,08:43,17:01
ATD008885,EMP00011,2026-02-05,Present,08:31,17:48
ATD008886,EMP01026,2024-08-05,Present,09:25,17:41
ATD008887,EMP01133,2025-09-15,Present,08:51,18:17
ATD008888,EMP01116,2026-05-02,Present,08:45,16:55
ATD008889,EMP01146,2025-12-11,Present,08:59,17:36
ATD008890,EMP00595,2025-04-01,"Work From Home",09:16,17:34
ATD008891,EMP00990,2026-01-19,Absent,NULL,NULL
ATD008892,EMP00663,2025-12-11,Present,08:44,16:51
ATD008893,EMP00124,2024-08-11,"Half Day",09:15,13:09
ATD008894,EMP00181,2026-03-17,Present,08:46,17:16
ATD008895,EMP00798,2026-02-11,Present,08:56,18:07
ATD008896,EMP00299,2026-01-14,Absent,NULL,NULL
ATD008897,EMP01222,2026-05-18,Present,09:29,17:54
ATD008898,EMP00659,2026-04-30,Absent,NULL,NULL
ATD008899,EMP00448,2024-09-08,Absent,NULL,NULL
ATD008900,EMP00472,2026-04-05,Absent,NULL,NULL
ATD008901,EMP00883,2024-12-19,Absent,NULL,NULL
ATD008902,EMP00718,2026-04-11,Present,08:55,17:25
ATD008903,EMP00377,2026-06-12,Present,08:33,17:43
ATD008904,EMP00196,2025-08-10,Present,09:44,19:01
ATD008905,EMP00069,2025-05-17,Absent,NULL,NULL
ATD008906,EMP00950,2025-01-21,Present,08:38,17:58
ATD008907,EMP00363,2025-04-08,Present,08:49,17:42
ATD008908,EMP01177,2025-06-17,"Work From Home",09:58,18:55
ATD008909,EMP01067,2024-09-04,"Half Day",09:11,13:29
ATD008910,EMP00957,2024-10-23,Present,08:48,17:34
ATD008911,EMP00538,2024-11-15,Present,08:51,17:23
ATD008912,EMP00302,2026-07-14,Present,08:43,17:09
ATD008913,EMP00933,2026-02-01,Present,08:42,16:57
ATD008914,EMP00392,2025-06-17,Present,08:39,17:28
ATD008915,EMP00799,2026-01-13,Present,08:53,18:12
ATD008916,EMP01073,2026-03-28,Present,08:30,17:41
ATD008917,EMP00075,2026-06-07,Absent,NULL,NULL
ATD008918,EMP00673,2025-04-09,Present,08:34,17:28
ATD008919,EMP01122,2025-12-19,Present,08:56,18:22
ATD008920,EMP00593,2026-02-25,Present,09:13,17:34
ATD008921,EMP00882,2024-08-22,Present,08:57,17:30
ATD008922,EMP01166,2026-05-04,Present,08:47,18:10
ATD008923,EMP00242,2026-05-08,"Half Day",08:38,13:05
ATD008924,EMP00235,2025-04-01,Present,09:21,18:32
ATD008925,EMP00729,2025-06-01,Absent,NULL,NULL
ATD008926,EMP00080,2026-06-11,Absent,NULL,NULL
ATD008927,EMP00266,2025-06-24,Present,08:31,16:41
ATD008928,EMP00611,2025-09-22,Present,08:37,17:54
ATD008929,EMP00670,2025-05-24,Present,08:44,16:58
ATD008930,EMP00634,2025-07-11,"Work From Home",09:02,18:01
ATD008931,EMP00150,2026-05-03,Present,09:13,17:27
ATD008932,EMP00237,2024-12-28,Present,08:30,17:24
ATD008933,EMP00971,2024-10-29,Present,09:35,18:19
ATD008934,EMP01197,2024-08-29,Absent,NULL,NULL
ATD008935,EMP00505,2024-12-01,Present,08:40,17:27
ATD008936,EMP00572,2025-08-11,"Work From Home",09:41,18:31
ATD008937,EMP01132,2025-04-07,Present,08:46,16:54
ATD008938,EMP00026,2025-10-06,Present,08:37,17:53
ATD008939,EMP01023,2026-04-21,Present,08:53,17:55
ATD008940,EMP00207,2026-02-25,Present,09:43,18:30
ATD008941,EMP01170,2024-10-18,Present,08:53,18:09
ATD008942,EMP00255,2025-08-04,Present,08:35,16:43
ATD008943,EMP01067,2025-05-15,Present,09:03,18:18
ATD008944,EMP01115,2025-12-01,Present,08:36,17:19
ATD008945,EMP00186,2025-04-17,Present,09:32,18:59
ATD008946,EMP00352,2025-03-01,"Work From Home",09:27,18:27
ATD008947,EMP01053,2025-05-08,Present,09:34,18:24
ATD008948,EMP01099,2025-08-10,Present,08:56,17:14
ATD008949,EMP00357,2025-08-25,"Work From Home",09:01,17:06
ATD008950,EMP01137,2025-06-06,"Half Day",09:22,13:33
ATD008951,EMP01011,2025-06-24,Present,08:30,16:43
ATD008952,EMP00509,2024-08-08,Present,09:00,17:03
ATD008953,EMP00717,2026-01-20,Present,09:16,18:28
ATD008954,EMP00593,2025-10-06,Present,08:44,17:46
ATD008955,EMP01155,2025-05-11,Absent,NULL,NULL
ATD008956,EMP00545,2024-10-06,"Work From Home",09:02,17:53
ATD008957,EMP00328,2024-09-15,Present,09:19,18:34
ATD008958,EMP00375,2026-07-29,Present,08:45,17:21
ATD008959,EMP00369,2025-01-15,"Half Day",09:24,13:09
ATD008960,EMP01206,2026-06-02,Present,08:49,17:19
ATD008961,EMP00144,2026-06-11,Present,08:41,17:56
ATD008962,EMP01176,2025-05-03,"Work From Home",09:21,17:41
ATD008963,EMP00828,2024-12-09,"Half Day",09:08,13:21
ATD008964,EMP00698,2024-09-02,Present,08:36,16:45
ATD008965,EMP01206,2026-03-09,Present,09:23,18:02
ATD008966,EMP00280,2026-03-07,Present,08:38,17:31
ATD008967,EMP00083,2024-08-12,"Half Day",08:53,12:39
ATD008968,EMP00636,2026-04-28,Present,09:10,18:34
ATD008969,EMP00274,2025-02-11,"Work From Home",09:42,18:02
ATD008970,EMP00296,2026-04-08,Present,08:57,18:07
ATD008971,EMP01139,2026-04-28,Present,09:37,18:16
ATD008972,EMP00115,2024-09-16,Present,08:37,17:27
ATD008973,EMP00306,2025-03-31,Present,08:31,16:49
ATD008974,EMP00392,2025-07-24,Absent,NULL,NULL
ATD008975,EMP00601,2025-09-08,"Work From Home",09:48,17:51
ATD008976,EMP00384,2025-09-15,Present,09:11,17:49
ATD008977,EMP00794,2025-03-06,Present,09:31,17:35
ATD008978,EMP00737,2026-01-31,Absent,NULL,NULL
ATD008979,EMP00941,2025-07-14,Present,09:11,18:37
ATD008980,EMP00023,2025-01-09,"Work From Home",09:57,18:23
ATD008981,EMP00122,2026-03-07,Present,08:31,16:52
ATD008982,EMP00854,2026-08-01,Present,08:56,18:18
ATD008983,EMP00516,2025-05-04,"Half Day",08:58,12:49
ATD008984,EMP00019,2025-10-25,Present,09:16,17:27
ATD008985,EMP01107,2026-06-11,Present,08:46,17:53
ATD008986,EMP00022,2024-09-29,Present,08:38,17:41
ATD008987,EMP00412,2026-07-08,Present,08:48,17:04
ATD008988,EMP00575,2025-11-02,Present,09:20,17:58
ATD008989,EMP00889,2024-11-26,Present,08:38,16:52
ATD008990,EMP00203,2025-03-20,Present,09:39,17:57
ATD008991,EMP00680,2024-10-19,Present,08:44,17:02
ATD008992,EMP00536,2025-11-11,Absent,NULL,NULL
ATD008993,EMP00938,2024-11-01,Present,09:40,18:06
ATD008994,EMP01191,2026-07-15,"Half Day",08:57,12:53
ATD008995,EMP00021,2025-10-26,Present,08:33,16:50
ATD008996,EMP00214,2026-05-20,"Work From Home",09:26,17:54
ATD008997,EMP00286,2025-04-01,Present,09:21,18:17
ATD008998,EMP00136,2024-10-13,"Work From Home",09:54,18:39
ATD008999,EMP00740,2026-02-16,Present,08:44,17:04
ATD009000,EMP01148,2025-12-23,"Half Day",09:05,12:42
