salary_id,employee_id,basic_salary,bonus,deductions,net_salary,Pay_Date
SAL000001,EMP01024,32104.08,13783.11,1365.15,44522.04,2024-10-17
SAL000002,EMP00569,146315.27,8443.4,2511.16,152247.51,2026-07-07
SAL000003,EMP00643,82901.8,15487.8,4445.6,93944,2024-11-29
SAL000004,EMP00471,51527.95,10531.28,1349.92,60709.31,2026-02-03
SAL000005,EMP00326,89046.1,15193.93,14861.13,89378.9,2026-04-18
SAL000006,EMP00441,57120.75,8526.77,10056.67,55590.85,2026-02-09
SAL000007,EMP00971,132141.95,3986.26,9577.23,126550.98,2025-03-20
SAL000008,EMP00644,25343.02,9321.64,5840.24,28824.42,2025-04-26
SAL000009,EMP00969,34085.21,14143.22,4391.27,43837.16,2026-01-21
SAL000010,EMP00785,119730.81,2116.82,6408.73,115438.9,2026-07-18
SAL000011,EMP01215,26685.73,9678.5,9283.29,27080.94,2025-12-09
SAL000012,EMP00245,120843.15,13080.18,2915.64,131007.69,2025-09-11
SAL000013,EMP00516,21188.06,12047.13,10569.4,22665.79,2025-05-22
SAL000014,EMP00482,100380.57,16833.23,11147.51,106066.29,2025-06-04
SAL000015,EMP00294,126432.21,2631.05,6315.11,122748.15,2026-01-19
SAL000016,EMP00707,136816.14,9355.96,13453.14,132718.96,2025-06-21
SAL000017,EMP00240,148129.51,4940.08,13398.54,139671.05,2025-09-06
SAL000018,EMP00175,84576.84,4989.15,9741.77,79824.22,2025-11-16
SAL000019,EMP00346,65801.46,7942.87,7546.43,66197.9,2025-11-17
SAL000020,EMP00030,132721.05,7663.4,12123.34,128261.11,2024-09-10
SAL000021,EMP00416,71594.63,10908.09,10081.18,72421.54,2025-01-27
SAL000022,EMP01092,103675.44,16985.29,8401.79,112258.94,2026-01-09
SAL000023,EMP01022,22658.93,19972.12,6673.78,35957.27,2025-10-02
SAL000024,EMP00399,125050.99,13828.93,2958.07,135921.85,2026-04-16
SAL000025,EMP01118,75849.73,2287.03,3509.89,74626.87,2024-09-19
SAL000026,EMP00805,92611.05,2369.67,5109.64,89871.08,2025-01-28
SAL000027,EMP00008,121284.47,5323.25,6902.24,119705.48,2025-08-13
SAL000028,EMP00924,72332.43,6070.35,10180.72,68222.06,2026-02-09
SAL000029,EMP00477,138039.34,9964.43,6912.25,141091.52,2025-01-01
SAL000030,EMP00309,104496.05,11997.17,6718.8,109774.42,2026-02-21
SAL000031,EMP01059,114545.39,12907.4,11244.67,116208.12,2025-06-08
SAL000032,EMP00164,121342.94,5521.11,4047.61,122816.44,2025-03-23
SAL000033,EMP00468,65594.57,5592.57,11159.76,60027.38,2026-04-10
SAL000034,EMP00174,22555.79,13665.02,6003.34,30217.47,2024-10-29
SAL000035,EMP00577,66612.61,7666.72,10821.78,63457.55,2026-06-25
SAL000036,EMP01101,59419.31,7073.76,7750.09,58742.98,2025-03-26
SAL000037,EMP00909,139478.06,6076.55,2412.65,143141.96,2025-05-03
SAL000038,EMP00944,52941.6,5814.08,11560.13,47195.55,2025-01-07
SAL000039,EMP01083,51350.12,7216.2,9200.39,49365.93,2025-07-20
SAL000040,EMP01018,138290.01,11817.88,11457.78,138650.11,2026-04-19
SAL000041,EMP00493,120986,2942.4,12326.95,111601.45,2025-01-20
SAL000042,EMP00608,75869.56,18184.07,14799.54,79254.09,2025-09-20
SAL000043,EMP01100,139832.75,19206.28,7814.06,151224.97,2025-06-29
SAL000044,EMP00662,112000.96,17800.63,5815.37,123986.22,2025-03-20
SAL000045,EMP00310,29330.02,8473.99,6408.06,31395.95,2024-11-15
SAL000046,EMP00119,61870.54,12452.21,6604.46,67718.29,2026-01-04
SAL000047,EMP00128,129865.54,15776.61,8884.8,136757.35,2025-06-11
SAL000048,EMP01072,102640.08,10271.52,6772.18,106139.42,2025-07-21
SAL000049,EMP00529,99999.94,16996.71,10409.51,106587.14,2025-10-26
SAL000050,EMP01048,125080.87,16394.48,1374.82,140100.53,2024-10-29
SAL000051,EMP00640,102736.95,10283.42,13607.37,99413,2026-04-01
SAL000052,EMP00031,54764.61,3060.19,4929.76,52895.04,2026-05-25
SAL000053,EMP01102,70122.1,6129.2,13797.14,62454.16,2025-02-13
SAL000054,EMP00674,64844.51,19218.27,3020.1,81042.68,2026-03-31
SAL000055,EMP00781,46042.87,3709.79,9135.75,40616.91,2026-01-04
SAL000056,EMP00216,53830.14,12240.78,10587.93,55482.99,2025-03-18
SAL000057,EMP01015,107451.39,13719.69,6950.03,114221.05,2025-02-25
SAL000058,EMP00667,130287.55,5952.97,10846.6,125393.92,2024-10-12
SAL000059,EMP00710,46360.76,9468.01,4914.02,50914.75,2025-06-10
SAL000060,EMP01018,120247.36,3173.48,2828.92,120591.92,2025-07-07
SAL000061,EMP00640,128042.91,2075.55,8028,122090.46,2025-08-02
SAL000062,EMP00281,90103.42,10789.32,11805.59,89087.15,2025-07-29
SAL000063,EMP01171,68420.21,15873.73,11812.14,72481.8,2025-09-17
SAL000064,EMP00705,46413.63,11446.17,5283.34,52576.46,2024-11-11
SAL000065,EMP00320,44430.34,14895.83,2269.62,57056.55,2025-01-23
SAL000066,EMP00227,62081.71,7610.41,9145.69,60546.43,2025-09-24
SAL000067,EMP00287,29402.82,9280.6,9370.07,29313.35,2025-07-23
SAL000068,EMP01089,45118.67,4188.53,1889.68,47417.52,2024-12-17
SAL000069,EMP00491,139441.57,15379,5627.79,149192.78,2025-03-02
SAL000070,EMP00979,99767.7,12311.18,8275.67,103803.21,2026-07-28
SAL000071,EMP00485,24844.97,9644.73,4405.28,30084.42,2026-03-19
SAL000072,EMP00621,55639.3,2183.71,10980.59,46842.42,2026-01-25
SAL000073,EMP01042,114029.06,17109.53,3324.78,127813.81,2025-04-28
SAL000074,EMP01096,141428.19,2198.51,1749.19,141877.51,2025-06-13
SAL000075,EMP00245,71769,15613.61,9147.33,78235.28,2026-01-09
SAL000076,EMP00162,113215.52,3417.97,14868.95,101764.54,2025-09-26
SAL000077,EMP01023,126010.46,19736.2,5260.32,140486.34,2025-11-23
SAL000078,EMP00119,23957.07,4135.27,8006.38,20085.96,2024-09-06
SAL000079,EMP00352,127467.97,10830.75,7389.25,130909.47,2026-01-14
SAL000080,EMP00140,82143.34,9245.15,2209.33,89179.16,2025-01-05
SAL000081,EMP00300,56494.68,10604.71,6913.6,60185.79,2025-04-08
SAL000082,EMP00098,97238.75,13207.86,7268.42,103178.19,2025-09-04
SAL000083,EMP00652,28213.03,15551.37,10373.91,33390.49,2026-07-06
SAL000084,EMP00703,41722.69,16668.88,2544.02,55847.55,2025-06-04
SAL000085,EMP00960,89405.14,1781.16,8297.33,82888.97,2025-11-27
SAL000086,EMP00103,95810.72,4871.3,11540.3,89141.72,2025-01-11
SAL000087,EMP00881,49288.1,1442.12,6714.8,44015.42,2026-06-29
SAL000088,EMP00932,116998.44,14748.56,12474.52,119272.48,2025-02-09
SAL000089,EMP00019,119507.87,7702.83,11140.41,116070.29,2025-09-11
SAL000090,EMP00425,65987.41,1882.49,2452.83,65417.07,2025-12-22
SAL000091,EMP00378,97331.72,7997.82,14686.47,90643.07,2026-01-05
SAL000092,EMP00469,147288.05,13640.63,10084.93,150843.75,2025-07-03
SAL000093,EMP01123,57708.83,9014.21,6214.26,60508.78,2025-11-28
SAL000094,EMP00737,101268.17,13611.28,13742.84,101136.61,2024-08-19
SAL000095,EMP00476,61456.26,3772.72,10519.95,54709.03,2026-08-02
SAL000096,EMP00273,140059.2,17641.5,12521.38,145179.32,2025-09-24
SAL000097,EMP00917,80430.68,10717.81,3895.82,87252.67,2025-10-21
SAL000098,EMP00426,131850.21,4521.73,3269.19,133102.75,2025-02-13
SAL000099,EMP00574,43677.72,19470.37,6324.76,56823.33,2025-07-28
SAL000100,EMP00009,56908.94,13805.54,10739.5,59974.98,2025-11-24
SAL000101,EMP00198,56647.56,11389.75,11622.67,56414.64,2025-06-09
SAL000102,EMP00342,94939.22,7215.59,14619.31,87535.5,2024-11-08
SAL000103,EMP00159,83829.88,15771.28,5388,94213.16,2025-01-02
SAL000104,EMP00245,118152.06,8740.25,12297.54,114594.77,2026-05-12
SAL000105,EMP00255,28863.83,1226.41,8314.73,21775.51,2025-01-09
SAL000106,EMP00881,140565.4,8374.56,3977.02,144962.94,2025-08-22
SAL000107,EMP01222,57307.43,17924.16,1029.89,74201.7,2026-01-13
SAL000108,EMP00373,91340.38,4512.95,5631.58,90221.75,2025-01-20
SAL000109,EMP00065,88580.32,11245.82,8338.47,91487.67,2026-03-25
SAL000110,EMP00709,83999.99,8446.8,9504.38,82942.41,2025-07-25
SAL000111,EMP00760,143765.73,3852.8,3841.84,143776.69,2026-07-05
SAL000112,EMP00651,99256.2,16261.53,3678.14,111839.59,2025-01-08
SAL000113,EMP00713,74166.58,4298.71,7508,70957.29,2025-06-18
SAL000114,EMP00548,76892.86,3459.29,14653.87,65698.28,2025-05-04
SAL000115,EMP00300,50664.9,14568.7,9159.58,56074.02,2025-02-27
SAL000116,EMP00116,147475.73,4239.89,14917.76,136797.86,2025-06-19
SAL000117,EMP01049,117947.42,6998.02,7412.39,117533.05,2025-06-20
SAL000118,EMP00940,57871.55,9322.55,13168.69,54025.41,2025-05-27
SAL000119,EMP00854,57912.4,19048.51,2452.87,74508.04,2026-05-08
SAL000120,EMP00385,114174.14,4349.87,1064.75,117459.26,2025-04-06
SAL000121,EMP00229,85572.34,19607.75,7074.23,98105.86,2024-09-22
SAL000122,EMP00178,25230.56,5686.13,1591.07,29325.62,2026-02-11
SAL000123,EMP00856,86326.83,14980.68,11649.04,89658.47,2025-06-25
SAL000124,EMP00377,68868.73,3415.45,3216.11,69068.07,2024-08-30
SAL000125,EMP01061,117681.72,10838.85,12591.31,115929.26,2026-02-14
SAL000126,EMP00303,113623.28,10514.27,5525.05,118612.5,2026-01-24
SAL000127,EMP00857,29940.52,2365.74,1384.69,30921.57,2025-12-03
SAL000128,EMP00301,131847.72,10099.13,14598.22,127348.63,2026-04-03
SAL000129,EMP00433,27831.25,1658.22,3760.31,25729.16,2025-02-25
SAL000130,EMP01085,105682.63,16583.68,4072.03,118194.28,2026-04-18
SAL000131,EMP01056,28843.98,12718.4,8638.01,32924.37,2025-05-04
SAL000132,EMP00479,110937.25,12569.71,2186.97,121319.99,2026-05-01
SAL000133,EMP00868,68610.48,3066.44,5639.88,66037.04,2026-08-11
SAL000134,EMP00209,46581.62,8545,9510.28,45616.34,2025-09-21
SAL000135,EMP00089,122627.99,7247.85,7826.41,122049.43,2025-06-16
SAL000136,EMP00198,147614.65,3040.36,14392.77,136262.24,2026-01-31
SAL000137,EMP01216,99305.86,14495.97,1249.83,112552,2026-01-19
SAL000138,EMP00481,82598.46,7777.07,5070.74,85304.79,2025-08-16
SAL000139,EMP00429,85370.27,14696.85,5074.32,94992.8,2024-10-10
SAL000140,EMP00661,27311.61,11411.13,7977.11,30745.63,2025-04-29
SAL000141,EMP00241,27233.08,3027.05,7085.46,23174.67,2025-12-22
SAL000142,EMP00230,51678.6,1345.25,11975.94,41047.91,2024-08-22
SAL000143,EMP00070,34763.09,1149.15,6063.84,29848.4,2025-06-06
SAL000144,EMP00258,71797.97,13353.05,9003.33,76147.69,2026-06-12
SAL000145,EMP00510,47094.67,11349.15,9887.52,48556.3,2026-01-16
SAL000146,EMP00345,94542.14,1120.39,7026.6,88635.93,2025-02-18
SAL000147,EMP00870,90970.74,12175.35,13216.77,89929.32,2024-11-19
SAL000148,EMP00184,26122.59,11246.66,6536.96,30832.29,2025-10-03
SAL000149,EMP00913,117011.06,16522.23,13792.52,119740.77,2025-11-04
SAL000150,EMP00290,20350.56,16396.97,5004.22,31743.31,2025-03-09
SAL000151,EMP00702,130576.42,14977.55,1695.79,143858.18,2025-08-24
SAL000152,EMP00930,98858.81,3655.5,2867.17,99647.14,2026-08-06
SAL000153,EMP00063,137391.08,19897.39,4790.25,152498.22,2025-11-30
SAL000154,EMP00746,44808.34,5901.35,12914.76,37794.93,2025-09-12
SAL000155,EMP00494,45356.28,6832.52,4361.12,47827.68,2024-09-26
SAL000156,EMP00679,32551.7,5029.71,4277.02,33304.39,2025-07-24
SAL000157,EMP01010,64270.97,7571.44,14642.19,57200.22,2024-08-28
SAL000158,EMP00243,95288.51,1224.87,3126.56,93386.82,2026-07-17
SAL000159,EMP00454,29305.83,14112.89,2144.97,41273.75,2025-08-24
SAL000160,EMP00710,49427.07,19138.18,10148.42,58416.83,2025-10-25
SAL000161,EMP01161,80168.34,19982.74,10516.07,89635.01,2025-12-22
SAL000162,EMP00654,110280.22,7780.24,3196.93,114863.53,2024-09-10
SAL000163,EMP00982,85032.99,16534.46,4676.71,96890.74,2026-04-04
SAL000164,EMP00987,85087.5,10878.52,12179.66,83786.36,2026-01-04
SAL000165,EMP00590,71661.74,12264.04,3337.61,80588.17,2024-10-03
SAL000166,EMP00411,30772.21,9621.94,5109.03,35285.12,2026-06-11
SAL000167,EMP00065,103222.82,10910.58,7747.69,106385.71,2026-05-07
SAL000168,EMP00417,88658.82,14412.81,9324.27,93747.36,2026-08-05
SAL000169,EMP00660,50421.9,7605.32,8714.5,49312.72,2024-10-18
SAL000170,EMP00031,128386.77,11558.72,12585.75,127359.74,2026-06-12
SAL000171,EMP00626,48906.26,7160.33,13298.71,42767.88,2026-03-04
SAL000172,EMP00829,138381.13,19047.3,9337.69,148090.74,2025-02-13
SAL000173,EMP01043,142578.51,7640.95,14068.88,136150.58,2024-10-09
SAL000174,EMP01215,83282.65,8063.3,14883.73,76462.22,2025-12-19
SAL000175,EMP00481,108626.88,13324.21,7101.17,114849.92,2024-09-26
SAL000176,EMP00324,124825.83,14657.53,11720.38,127762.98,2025-09-16
SAL000177,EMP00003,62095.53,14978.97,1703.45,75371.05,2026-03-23
SAL000178,EMP00347,53833.68,10222.73,7973.81,56082.6,2025-05-28
SAL000179,EMP01125,22736.75,17855.17,10117.07,30474.85,2025-04-12
SAL000180,EMP00185,48204.82,2608.04,9612.51,41200.35,2025-06-12
SAL000181,EMP00150,112595.3,10961.09,12349.89,111206.5,2024-11-03
SAL000182,EMP00521,146740.72,5851.05,5060.84,147530.93,2024-09-26
SAL000183,EMP00454,109444.7,10254.72,7350.13,112349.29,2025-09-28
SAL000184,EMP00586,25359.59,9829.86,1237.64,33951.81,2026-04-02
SAL000185,EMP00714,123966.07,7592.69,13151.5,118407.26,2026-08-06
SAL000186,EMP00537,52752.48,16904.82,5635.87,64021.43,2024-10-27
SAL000187,EMP00571,47111.62,1434.59,3497.98,45048.23,2025-03-21
SAL000188,EMP00028,47044.46,19047.38,1070.83,65021.01,2026-04-01
SAL000189,EMP01124,94920.04,2701.03,3255.5,94365.57,2025-03-13
SAL000190,EMP00467,33025.37,13454.25,14391.18,32088.44,2026-02-24
SAL000191,EMP00516,23462.34,4133.88,4427.94,23168.28,2026-06-30
SAL000192,EMP00293,62497.01,11512.76,7351.22,66658.55,2026-05-01
SAL000193,EMP01172,109984.55,1024.36,12357.64,98651.27,2025-11-11
SAL000194,EMP00982,42881.95,16266.3,5534.65,53613.6,2026-01-26
SAL000195,EMP00784,143503.73,8549.03,3606.81,148445.95,2026-04-30
SAL000196,EMP00098,100905.26,14845.72,5078.45,110672.53,2024-11-23
SAL000197,EMP00073,27488.52,6281.49,1965.28,31804.73,2025-04-15
SAL000198,EMP00119,62115.91,18735.4,10703.28,70148.03,2026-01-30
SAL000199,EMP00208,108118.79,17093.04,6460.12,118751.71,2025-07-27
SAL000200,EMP00957,36815.66,16715.47,12347.04,41184.09,2026-02-25
SAL000201,EMP00238,107796.74,1884.71,10933.59,98747.86,2026-07-25
SAL000202,EMP00274,100381.82,18940.85,1539.04,117783.63,2026-01-23
SAL000203,EMP00212,147688.62,5568.23,8938.1,144318.75,2025-10-17
SAL000204,EMP00100,111892.25,9622.47,2601.75,118912.97,2026-01-22
SAL000205,EMP00867,41025.08,16951.03,1084.03,56892.08,2026-06-20
SAL000206,EMP01088,84963.58,16547.35,2136.37,99374.56,2024-10-22
SAL000207,EMP00155,110411.89,12798.42,5988.34,117221.97,2024-09-15
SAL000208,EMP00253,49956.93,7026.84,10976.37,46007.4,2026-03-13
SAL000209,EMP00773,148985.43,18814.22,9493,158306.65,2026-04-27
SAL000210,EMP00033,53538.72,8738.77,9520.47,52757.02,2025-12-06
SAL000211,EMP00782,37028.98,16675.21,4299.58,49404.61,2025-07-11
SAL000212,EMP01144,94049.99,17326.49,4088.11,107288.37,2025-02-23
SAL000213,EMP00047,100004.51,2768.92,8236.9,94536.53,2026-08-01
SAL000214,EMP00283,89587.29,19322.49,11626.33,97283.45,2026-01-09
SAL000215,EMP01160,94076.72,13789.48,13765.24,94100.96,2026-08-02
SAL000216,EMP00112,52668.17,2127.22,3853.86,50941.53,2025-12-07
SAL000217,EMP00147,31518.84,10981.47,8816.37,33683.94,2026-04-28
SAL000218,EMP00877,52750.18,19738.61,6216.91,66271.88,2025-01-27
SAL000219,EMP00569,80581.08,15957.86,1861.78,94677.16,2026-01-21
SAL000220,EMP00612,83677.18,15870.63,13302.73,86245.08,2024-10-21
SAL000221,EMP00903,82088.25,2593.76,6173.07,78508.94,2025-04-08
SAL000222,EMP00200,51413.09,3387.52,3890.42,50910.19,2025-07-05
SAL000223,EMP00589,139666.87,19203.45,13366.26,145504.06,2025-08-29
SAL000224,EMP01219,39257.88,15016.56,5950.21,48324.23,2026-08-08
SAL000225,EMP00311,66508.44,6090.6,13428.39,59170.65,2025-11-15
SAL000226,EMP01132,66970,13343.17,7864.81,72448.36,2024-10-29
SAL000227,EMP01105,80797.7,10910.55,9185.6,82522.65,2026-03-18
SAL000228,EMP00511,94554.49,19602.73,13420.92,100736.3,2026-02-18
SAL000229,EMP00520,75739.07,16401.67,14023.26,78117.48,2026-04-10
SAL000230,EMP00080,101494.36,3824.49,11004.78,94314.07,2026-06-26
SAL000231,EMP00995,107786.63,9985.87,11948.01,105824.49,2026-03-06
SAL000232,EMP00298,22819.41,1694.26,7756.44,16757.23,2025-08-25
SAL000233,EMP00454,83490.53,17043.65,2813.62,97720.56,2025-12-11
SAL000234,EMP01193,29117.66,11570.59,5003.9,35684.35,2024-09-21
SAL000235,EMP00987,104029.87,9728.44,13374.97,100383.34,2025-05-12
SAL000236,EMP00143,122384.4,17997.46,8517.56,131864.3,2025-06-06
SAL000237,EMP00778,140381.04,18940.78,11602.05,147719.77,2026-02-01
SAL000238,EMP00016,69165.38,3001.12,13148.66,59017.84,2024-09-26
SAL000239,EMP00490,89398.03,2338.71,5492.33,86244.41,2025-01-09
SAL000240,EMP00458,114508.59,15879.49,9849.35,120538.73,2025-02-03
SAL000241,EMP00776,54403.01,18029.82,10789.28,61643.55,2025-01-05
SAL000242,EMP01113,94108.11,13786.1,9432.8,98461.41,2025-07-23
SAL000243,EMP00064,113435.67,1354.2,1213.38,113576.49,2026-08-08
SAL000244,EMP00089,43024.81,17971.56,10130.13,50866.24,2025-04-09
SAL000245,EMP00113,75473.03,1503.95,2029.85,74947.13,2024-09-30
SAL000246,EMP00633,93931.89,15398.81,11059.28,98271.42,2024-08-24
SAL000247,EMP00510,138853.39,6298.97,5729.85,139422.51,2026-02-08
SAL000248,EMP00267,105643.05,14117.92,5586.52,114174.45,2025-05-26
SAL000249,EMP01123,63217.47,18181.75,7308.23,74090.99,2026-08-03
SAL000250,EMP00144,101459.42,19730.9,12327.41,108862.91,2025-02-09
SAL000251,EMP00923,107659.31,1002.89,12063.22,96598.98,2026-07-24
SAL000252,EMP00194,42889.87,14880.87,8328.35,49442.39,2025-03-28
SAL000253,EMP00123,82798.7,16021.94,1104.8,97715.84,2026-07-27
SAL000254,EMP00169,40318.15,2462.4,4702.86,38077.69,2026-06-24
SAL000255,EMP00171,145937.02,5084.26,2930.47,148090.81,2025-05-31
SAL000256,EMP00645,76740.14,7577.78,6081.78,78236.14,2024-10-16
SAL000257,EMP01091,132296.35,14597.42,6355.07,140538.7,2025-11-08
SAL000258,EMP00150,52097.55,6101.05,12048.74,46149.86,2025-10-14
SAL000259,EMP00509,114608.8,2257.13,6908.27,109957.66,2025-11-20
SAL000260,EMP00306,144253.95,3850.05,14633.49,133470.51,2024-11-24
SAL000261,EMP00065,134884.19,13308.22,10182.32,138010.09,2026-04-16
SAL000262,EMP00334,89057.52,10828.13,9648.27,90237.38,2025-04-20
SAL000263,EMP00436,29264.5,6395.58,2649.58,33010.5,2025-04-01
SAL000264,EMP00376,86872.98,19256.27,12008.9,94120.35,2024-10-05
SAL000265,EMP01139,107997.6,11519.47,2490.21,117026.86,2024-08-27
SAL000266,EMP00875,143530.32,13747.63,3007.28,154270.67,2025-07-06
SAL000267,EMP01001,120460.18,15240.6,2528.17,133172.61,2024-11-17
SAL000268,EMP00350,81638.91,1541.85,2959.84,80220.92,2025-03-25
SAL000269,EMP00438,22447.7,4578.45,2142.09,24884.06,2026-02-02
SAL000270,EMP00026,87964.73,17989.53,7521.33,98432.93,2026-02-14
SAL000271,EMP00068,67513.38,2340.59,13878.81,55975.16,2025-07-03
SAL000272,EMP00793,78124.6,12066.95,13326.64,76864.91,2025-01-23
SAL000273,EMP01115,50002.58,12129.91,10826.33,51306.16,2025-11-13
SAL000274,EMP01023,33334.63,10456.41,8614.55,35176.49,2025-05-20
SAL000275,EMP01127,66015.95,2143.92,3086.93,65072.94,2026-08-01
SAL000276,EMP00895,141494.8,10062.59,4978.03,146579.36,2026-02-22
SAL000277,EMP00066,27683.79,3761.33,13218.59,18226.53,2026-05-01
SAL000278,EMP00095,35746.38,4003.65,6436.85,33313.18,2025-02-26
SAL000279,EMP00625,131933.91,13660.5,9621.87,135972.54,2026-02-23
SAL000280,EMP00203,138517.64,14812.45,13790.2,139539.89,2025-06-17
SAL000281,EMP00244,96599.69,16418.55,10330.1,102688.14,2025-02-13
SAL000282,EMP01114,39910.82,16222.6,7227.6,48905.82,2024-11-05
SAL000283,EMP00515,30840.55,2431.06,4323.53,28948.08,2025-08-21
SAL000284,EMP00235,53761.5,5013.29,8422.22,50352.57,2025-11-29
SAL000285,EMP00467,98587.78,10549.42,13240.83,95896.37,2025-02-14
SAL000286,EMP00540,122177.19,11991.28,14353.67,119814.8,2024-10-21
SAL000287,EMP00469,46191.33,12532.75,10590.07,48134.01,2025-10-15
SAL000288,EMP00518,124106.75,8543.29,7315.09,125334.95,2025-09-01
SAL000289,EMP01127,126590.87,12125.35,14045.27,124670.95,2026-01-22
SAL000290,EMP01128,138967.43,10898.04,5845.07,144020.4,2026-05-07
SAL000291,EMP01220,71914.35,8038.66,13270.36,66682.65,2024-12-11
SAL000292,EMP00835,43088.35,18139.37,10314.53,50913.19,2026-07-24
SAL000293,EMP01082,77168.73,8763.96,11576,74356.69,2025-03-11
SAL000294,EMP01055,23108.34,15896.5,10974.51,28030.33,2026-02-06
SAL000295,EMP00503,118037.5,8509.66,9856.33,116690.83,2025-01-30
SAL000296,EMP00053,119900.05,9921.85,2930.16,126891.74,2026-02-18
SAL000297,EMP00692,129593.1,18610.09,6095.08,142108.11,2025-04-25
SAL000298,EMP00340,118452.26,10758.1,11534.78,117675.58,2025-08-29
SAL000299,EMP00163,112245.88,5442.49,5851.92,111836.45,2026-05-17
SAL000300,EMP00799,63483.14,2869.73,9140,57212.87,2026-02-21
SAL000301,EMP00313,147199.14,10216.54,14632.41,142783.27,2026-02-18
SAL000302,EMP00362,90295.67,9748.41,12510.94,87533.14,2026-06-12
SAL000303,EMP01123,82751.87,18548.22,5812.03,95488.06,2025-06-08
SAL000304,EMP00519,139800.25,1368.52,11080.2,130088.57,2025-02-11
SAL000305,EMP00353,127576.27,14639.15,1599.49,140615.93,2026-04-09
SAL000306,EMP00816,23893.32,13869.49,1626.57,36136.24,2025-10-12
SAL000307,EMP01204,72710.68,16170.52,13083.3,75797.9,2025-02-26
SAL000308,EMP01002,62413.59,3705.13,9944.81,56173.91,2026-07-30
SAL000309,EMP00855,41426.54,4436.29,4105.18,41757.65,2026-05-27
SAL000310,EMP00304,112447.64,17895.63,1248.23,129095.04,2026-03-19
SAL000311,EMP00034,84005.82,1185.13,11995.54,73195.41,2025-07-14
SAL000312,EMP00895,59973.96,6232.18,6524.29,59681.85,2026-03-22
SAL000313,EMP00268,87354.57,2078.23,7573.42,81859.38,2025-05-30
SAL000314,EMP00773,52987.79,8669.15,5057.23,56599.71,2025-03-11
SAL000315,EMP01044,125694.42,16775.32,8628.23,133841.51,2026-03-30
SAL000316,EMP00927,64272.19,14783.22,7757.62,71297.79,2025-10-29
SAL000317,EMP00360,60326.31,5088.58,1108.22,64306.67,2026-02-05
SAL000318,EMP00816,62172.47,15801.38,10047.15,67926.7,2024-10-06
SAL000319,EMP00288,56411.68,18974.35,6782.67,68603.36,2025-08-29
SAL000320,EMP01088,145704.28,16633.18,4197.94,158139.52,2025-06-13
SAL000321,EMP00549,59394.13,11519.49,1479.4,69434.22,2024-09-10
SAL000322,EMP00687,106350.92,11983.05,9201.81,109132.16,2026-04-21
SAL000323,EMP00498,116915.66,13624.43,1916.24,128623.85,2025-07-09
SAL000324,EMP00541,126852.03,15238.74,7718.28,134372.49,2025-07-28
SAL000325,EMP00516,32721.68,4284.57,4619.01,32387.24,2025-10-08
SAL000326,EMP01192,27375.84,17943.6,10275.52,35043.92,2025-11-09
SAL000327,EMP00738,83977.25,7400.47,6147.97,85229.75,2024-11-09
SAL000328,EMP00127,88294.56,2717.82,9459.42,81552.96,2025-01-04
SAL000329,EMP01012,55005.13,10771.61,1614.86,64161.88,2024-10-22
SAL000330,EMP00554,94562.09,18012.9,5806.18,106768.81,2025-11-21
SAL000331,EMP00266,52149.74,2744.91,9272.94,45621.71,2024-12-14
SAL000332,EMP01052,97497.47,5738.51,11329.27,91906.71,2026-01-01
SAL000333,EMP00063,114335.95,19635.72,7917.58,126054.09,2026-03-13
SAL000334,EMP00393,21292.27,9120.38,3770.45,26642.2,2026-02-09
SAL000335,EMP00814,118027.46,10667.09,3285.29,125409.26,2026-07-30
SAL000336,EMP00667,27875.66,1113.25,3190.82,25798.09,2025-08-25
SAL000337,EMP00052,148747.33,19411.33,9368.89,158789.77,2025-09-09
SAL000338,EMP01144,97322.41,8622.74,2119.39,103825.76,2025-10-08
SAL000339,EMP00664,76079.48,16870.54,2268.34,90681.68,2025-10-27
SAL000340,EMP00352,135793.01,1503.36,12231.98,125064.39,2025-08-26
SAL000341,EMP00076,106555.74,18348.02,10763.17,114140.59,2025-02-17
SAL000342,EMP00273,145544.59,8640.53,2485.17,151699.95,2026-01-07
SAL000343,EMP00811,30160.7,11089.64,11336.16,29914.18,2026-02-21
SAL000344,EMP00822,89316.4,14885.56,5883.34,98318.62,2025-04-22
SAL000345,EMP00472,53765.18,19860.01,8989.82,64635.37,2024-10-23
SAL000346,EMP00050,133840.9,9820.49,3335.49,140325.9,2025-10-14
SAL000347,EMP00143,38327.6,3479.74,12427.56,29379.78,2025-02-09
SAL000348,EMP00615,100621.11,14805.58,3394.45,112032.24,2025-04-08
SAL000349,EMP00738,145871.5,14323.87,6363.89,153831.48,2026-05-14
SAL000350,EMP00770,74180.19,5109.66,8398.73,70891.12,2026-03-15
SAL000351,EMP00677,114583.7,4669.43,6966,112287.13,2026-07-10
SAL000352,EMP00996,147215.74,16077.26,1787.43,161505.57,2025-10-11
SAL000353,EMP01032,31169.33,7502.41,9230.65,29441.09,2026-01-24
SAL000354,EMP00324,66202.66,4320,4499.46,66023.2,2025-02-08
SAL000355,EMP00936,73223.06,6263.58,5553.56,73933.08,2025-11-12
SAL000356,EMP00201,42846.04,16085.96,3791.02,55140.98,2025-09-17
SAL000357,EMP00806,107855.59,19558.3,14356.73,113057.16,2025-01-05
SAL000358,EMP00150,25083.47,17014.53,1961.28,40136.72,2025-11-20
SAL000359,EMP00691,123903.75,7159.62,1949.97,129113.4,2025-11-21
SAL000360,EMP01212,53436.84,2897.22,11850.06,44484,2024-12-22
SAL000361,EMP00602,109680.64,1536.77,10306.44,100910.97,2026-03-06
SAL000362,EMP00065,136250.88,10702.03,5401.64,141551.27,2025-03-02
SAL000363,EMP00365,26487.08,19123.5,9464.21,36146.37,2026-05-24
SAL000364,EMP01079,61629.18,19682.91,6556.7,74755.39,2025-03-02
SAL000365,EMP00505,81684.02,18370.97,3558.26,96496.73,2026-05-22
SAL000366,EMP01166,20273.42,13866.93,13416.9,20723.45,2026-02-09
SAL000367,EMP00948,76743.55,11522.95,10280.84,77985.66,2025-03-24
SAL000368,EMP00234,50435.71,1752.84,12639.75,39548.8,2024-12-05
SAL000369,EMP01186,43001,15378.89,5649.27,52730.62,2025-08-16
SAL000370,EMP00239,81151.96,2738.14,2576.83,81313.27,2025-05-10
SAL000371,EMP00380,69094.75,17881.19,14160.1,72815.84,2025-10-30
SAL000372,EMP00951,53037.24,4832.89,2481.24,55388.89,2025-08-07
SAL000373,EMP01160,92542.59,5669.07,1960.01,96251.65,2024-09-04
SAL000374,EMP00808,97644.08,7280.94,11296.46,93628.56,2025-03-11
SAL000375,EMP00525,40566.17,14352.99,8182,46737.16,2025-09-12
SAL000376,EMP00185,104193,13661.57,10362.33,107492.24,2025-12-30
SAL000377,EMP00127,106923.35,19851.65,11282.9,115492.1,2025-02-10
SAL000378,EMP00291,138938.2,15052.29,3823.47,150167.02,2025-09-17
SAL000379,EMP00489,131831.8,18521.03,5876.67,144476.16,2025-01-03
SAL000380,EMP00622,20097.46,15592.27,1390.49,34299.24,2026-02-09
SAL000381,EMP00618,74934.68,9301.81,5666.95,78569.54,2025-11-15
SAL000382,EMP00633,30331.4,12189.81,4957.89,37563.32,2025-03-22
SAL000383,EMP00121,77620.39,6420.34,7949.26,76091.47,2024-11-18
SAL000384,EMP00984,147905.54,2599.94,10100.65,140404.83,2026-08-02
SAL000385,EMP00926,85620.88,15932.8,11932.28,89621.4,2024-12-18
SAL000386,EMP00734,123032.67,15640.79,10802.25,127871.21,2025-09-30
SAL000387,EMP00104,48583.55,16796.25,3864.86,61514.94,2024-12-03
SAL000388,EMP00940,129934.81,11683.69,14340.33,127278.17,2025-03-02
SAL000389,EMP00902,66257.49,7533.14,4957.06,68833.57,2024-12-25
SAL000390,EMP00296,44840.65,4172.22,1998.15,47014.72,2026-05-10
SAL000391,EMP00467,58103.86,17354.82,3156.76,72301.92,2025-08-23
SAL000392,EMP00652,138693.42,17949.2,6972.78,149669.84,2024-10-29
SAL000393,EMP00112,121475.21,11204.04,12767.41,119911.84,2024-09-09
SAL000394,EMP00094,126406.86,17256,6666.67,136996.19,2025-10-24
SAL000395,EMP00398,108629,3662.53,9139.06,103152.47,2025-02-05
SAL000396,EMP00403,148231.85,18895.2,2984.79,164142.26,2026-02-28
SAL000397,EMP00022,44054.96,6452.35,1952.75,48554.56,2025-10-31
SAL000398,EMP00787,87623.57,4481.99,10097.97,82007.59,2025-12-12
SAL000399,EMP00333,44240.33,18194.48,12037.86,50396.95,2024-12-19
SAL000400,EMP01217,40047.34,15984.2,1966.78,54064.76,2025-01-18
SAL000401,EMP00683,33475.65,13563.09,7153.28,39885.46,2026-03-11
SAL000402,EMP00712,134201.05,19482.72,14851.68,138832.09,2026-08-03
SAL000403,EMP00726,35573.76,1084.15,3714.18,32943.73,2025-07-25
SAL000404,EMP00441,86607.13,9650.62,1295.65,94962.1,2025-07-18
SAL000405,EMP00781,116483.49,3053.14,6347.82,113188.81,2025-08-04
SAL000406,EMP00469,94170.58,17416.7,13285.99,98301.29,2024-10-31
SAL000407,EMP00091,127950.56,11461.51,13090.71,126321.36,2024-12-18
SAL000408,EMP00820,127472.85,4613,5049.51,127036.34,2024-10-19
SAL000409,EMP00872,77086.73,1737.26,9905.32,68918.67,2024-10-23
SAL000410,EMP00472,63620.03,1834.79,3215.52,62239.3,2025-04-25
SAL000411,EMP00502,34803.88,1364.72,11673.95,24494.65,2024-12-12
SAL000412,EMP00883,80455.74,4108.69,10133.05,74431.38,2026-07-12
SAL000413,EMP00577,103209.74,16373.01,13683.21,105899.54,2026-03-09
SAL000414,EMP00854,138512.85,18175.02,13142.64,143545.23,2026-07-18
SAL000415,EMP00172,54709.77,9125.07,1230.44,62604.4,2024-08-30
SAL000416,EMP00440,95291.62,11638.08,5618.19,101311.51,2026-03-30
SAL000417,EMP01187,148410.06,11547.06,1765.01,158192.11,2026-02-21
SAL000418,EMP01086,100992.61,12357.18,5283.62,108066.17,2026-01-19
SAL000419,EMP00136,56643.75,10040.38,12222.3,54461.83,2024-09-19
SAL000420,EMP01050,22156.53,17549.44,10750.38,28955.59,2026-07-20
SAL000421,EMP01090,106367.67,12916.25,1445.26,117838.66,2026-08-03
SAL000422,EMP00310,61400.44,2921.89,3171.65,61150.68,2025-11-18
SAL000423,EMP00023,90850.27,3936.67,2639.53,92147.41,2026-01-12
SAL000424,EMP00290,45304.66,17728.84,4585.93,58447.57,2025-01-05
SAL000425,EMP00340,104031.92,1341.98,12352.94,93020.96,2026-04-19
SAL000426,EMP00632,83637.6,19570.51,7894.75,95313.36,2024-10-16
SAL000427,EMP01059,61395.89,4329.71,7633.27,58092.33,2025-11-02
SAL000428,EMP00033,64696.29,18321.51,5803.49,77214.31,2026-05-22
SAL000429,EMP00584,135746.85,5578.34,2745.7,138579.49,2025-03-29
SAL000430,EMP00826,93568.95,13073.89,4464.94,102177.9,2025-07-11
SAL000431,EMP00421,62259.37,16691.36,10741.88,68208.85,2025-12-09
SAL000432,EMP00230,112621.32,7821.5,13774.02,106668.8,2024-08-22
SAL000433,EMP00702,62650.7,19919.37,4530.75,78039.32,2025-01-01
SAL000434,EMP00544,92981.52,1718.96,4768.29,89932.19,2026-03-12
SAL000435,EMP00500,93886.18,17374.19,2297.8,108962.57,2026-07-10
SAL000436,EMP00442,120711.11,9339.06,8267.41,121782.76,2024-11-18
SAL000437,EMP01215,84988.21,6257.2,7385.72,83859.69,2024-12-04
SAL000438,EMP00725,71749.45,10965.99,11492.77,71222.67,2024-09-12
SAL000439,EMP00137,56224.13,15145.73,7735.6,63634.26,2026-02-13
SAL000440,EMP01081,52581.51,4579.27,10783.79,46376.99,2026-07-29
SAL000441,EMP00440,65191.48,19454.78,12517.45,72128.81,2024-09-05
SAL000442,EMP00994,114027.34,4352.53,2370.6,116009.27,2026-02-25
SAL000443,EMP00624,28286.19,5320.93,5877.04,27730.08,2025-09-24
SAL000444,EMP00203,43874.81,9201.85,8032.97,45043.69,2025-01-26
SAL000445,EMP00865,79555.91,14064.16,11180.91,82439.16,2025-12-23
SAL000446,EMP00463,149937.82,14888.67,14145.98,150680.51,2025-08-02
SAL000447,EMP00739,108376.92,1775.24,12498.65,97653.51,2025-01-14
SAL000448,EMP01084,62101.28,19320.38,13832.98,67588.68,2025-01-25
SAL000449,EMP00603,52801.31,9008,5031.28,56778.03,2025-02-19
SAL000450,EMP01100,119260.28,6199.63,5277.58,120182.33,2024-10-26
SAL000451,EMP00174,78454.1,7719.95,9110.14,77063.91,2025-05-15
SAL000452,EMP00541,37043.65,3602.98,9184,31462.63,2025-12-26
SAL000453,EMP00086,35709.82,10399.36,2600.89,43508.29,2024-10-12
SAL000454,EMP01187,38791.84,13144.55,12800.13,39136.26,2025-08-07
SAL000455,EMP00034,97910.36,7740.93,5068.91,100582.38,2026-06-25
SAL000456,EMP00145,127932.56,14007.23,14269.88,127669.91,2025-06-28
SAL000457,EMP00724,72764.98,1595.24,6483.18,67877.04,2024-10-26
SAL000458,EMP01227,142317.77,3914.1,3609.76,142622.11,2026-03-08
SAL000459,EMP00256,46457.52,14818.45,13390.66,47885.31,2026-04-24
SAL000460,EMP00597,56298.5,1707.98,12477.58,45528.9,2024-10-29
SAL000461,EMP00635,26536.78,13980.89,8764.36,31753.31,2026-03-30
SAL000462,EMP00221,49913.81,13931.99,13496.51,50349.29,2026-05-15
SAL000463,EMP01185,45894.35,2676.38,3956.81,44613.92,2026-01-18
SAL000464,EMP00516,73810.07,7965.97,6648.85,75127.19,2026-07-02
SAL000465,EMP00421,51927.22,15701.64,9226.19,58402.67,2026-02-10
SAL000466,EMP00067,34906.11,3948.38,3543.81,35310.68,2026-01-08
SAL000467,EMP00143,69275.92,2164.7,13974.69,57465.93,2024-11-22
SAL000468,EMP00995,48109.47,2898.21,6123.9,44883.78,2026-06-02
SAL000469,EMP00294,131110.81,11835.15,14784.15,128161.81,2026-04-26
SAL000470,EMP00708,73480.38,8674.23,3918.57,78236.04,2025-04-27
SAL000471,EMP00405,80288.6,12116.85,14342.98,78062.47,2025-09-05
SAL000472,EMP01163,114924.85,16570.44,13751.97,117743.32,2026-01-16
SAL000473,EMP00289,41736.63,15133.59,14243.14,42627.08,2025-01-04
SAL000474,EMP01101,81602.39,15412.16,8316.91,88697.64,2025-04-07
SAL000475,EMP00950,104674.74,5321.96,1410.48,108586.22,2025-01-13
SAL000476,EMP00961,94756.71,5045.77,3149.61,96652.87,2026-05-10
SAL000477,EMP00058,46658.64,6267.12,12324.4,40601.36,2025-03-24
SAL000478,EMP01074,22980.89,17168.58,9639.48,30509.99,2024-10-27
SAL000479,EMP00088,144650.9,1088.4,12548.07,133191.23,2026-05-25
SAL000480,EMP01118,30899.68,3610.02,9214.32,25295.38,2026-02-03
SAL000481,EMP00821,88189.05,4170.4,9766.03,82593.42,2025-01-06
SAL000482,EMP00270,30366.61,11592.24,11788.24,30170.61,2024-08-14
SAL000483,EMP00620,130316.87,13019.59,2961.53,140374.93,2025-06-19
SAL000484,EMP00946,90573.41,2698.96,12858.88,80413.49,2026-05-14
SAL000485,EMP00533,147577.06,12532.87,11612.32,148497.61,2024-12-15
SAL000486,EMP00344,85425.48,10091.2,12932.21,82584.47,2025-07-22
SAL000487,EMP01213,82979.99,1334.15,11004.69,73309.45,2024-08-15
SAL000488,EMP00228,124974.26,7972.73,14381.28,118565.71,2025-04-29
SAL000489,EMP00215,145612.03,5881.82,2830.61,148663.24,2025-09-18
SAL000490,EMP00211,91488.06,14777.08,7070.39,99194.75,2026-02-18
SAL000491,EMP00392,116693.82,5706.36,3094.16,119306.02,2025-01-01
SAL000492,EMP00945,107056.34,9408.84,4684.79,111780.39,2025-04-02
SAL000493,EMP00415,97847.35,7428.23,10752.51,94523.07,2025-05-12
SAL000494,EMP00056,85583.77,15036.12,14606.84,86013.05,2024-08-26
SAL000495,EMP00263,114769.65,14498.12,1649.86,127617.91,2026-02-21
SAL000496,EMP00856,130414.2,19049.27,6131.9,143331.57,2026-02-15
SAL000497,EMP01206,94831.3,12976.49,8835.25,98972.54,2024-11-07
SAL000498,EMP00738,92117.5,15126.7,1664.87,105579.33,2025-06-09
SAL000499,EMP00995,100362.61,6925.35,11245.26,96042.7,2026-05-21
SAL000500,EMP00895,67915.96,2175.01,4442.93,65648.04,2026-04-21
SAL000501,EMP01045,52228.98,4435.68,8726.77,47937.89,2025-12-26
SAL000502,EMP00858,101343.58,17100.67,10997.51,107446.74,2025-01-08
SAL000503,EMP00872,37227.72,3272.03,2727.76,37771.99,2025-01-30
SAL000504,EMP00634,109489.95,10350.47,8657.73,111182.69,2025-09-07
SAL000505,EMP00584,99335.23,2207.03,3781.91,97760.35,2026-01-17
SAL000506,EMP00151,147836.49,11085.1,12862.11,146059.48,2025-08-24
SAL000507,EMP00003,28048.89,6081.02,14756.97,19372.94,2026-03-27
SAL000508,EMP00304,137237.96,18386.08,10004.52,145619.52,2026-06-11
SAL000509,EMP01028,100180.26,15663.75,14595.04,101248.97,2024-09-26
SAL000510,EMP00136,46180.56,5456.9,4064.9,47572.56,2026-06-26
SAL000511,EMP01126,95289.1,18345.26,8403.65,105230.71,2025-08-20
SAL000512,EMP00400,79667.07,17494.6,4809.91,92351.76,2025-10-16
SAL000513,EMP00802,90747.2,3043.91,11230.14,82560.97,2025-09-17
SAL000514,EMP00190,49357.27,11313.56,14584.25,46086.58,2026-01-04
SAL000515,EMP00181,133375.84,5206.07,13351.91,125230,2025-08-30
SAL000516,EMP00103,36816.72,6431.83,2062.46,41186.09,2025-08-29
SAL000517,EMP01211,44775.46,13533.03,5163.7,53144.79,2026-01-01
SAL000518,EMP00922,50355.14,7877.72,7364.59,50868.27,2025-04-06
SAL000519,EMP00005,45844.19,16250.48,2056.75,60037.92,2025-04-02
SAL000520,EMP00239,122561.71,4314.95,8226.12,118650.54,2024-09-19
SAL000521,EMP00569,39220.08,5340.5,8065.35,36495.23,2026-07-06
SAL000522,EMP01099,26961,18310.88,4105.33,41166.55,2025-10-05
SAL000523,EMP01014,147291.98,9266.84,12051.81,144507.01,2026-03-05
SAL000524,EMP00881,79392.21,11157.33,6587.55,83961.99,2025-12-23
SAL000525,EMP00285,62352.83,14120.39,14436.96,62036.26,2026-01-20
SAL000526,EMP00026,38379.38,8743.75,6036.38,41086.75,2025-01-07
SAL000527,EMP00098,134588.78,11096.89,3493.61,142192.06,2026-06-19
SAL000528,EMP00969,122146.26,5320.06,7074.06,120392.26,2025-02-13
SAL000529,EMP01146,40952.54,11884.89,5536.28,47301.15,2026-05-19
SAL000530,EMP00551,54913.12,17567.36,12751.34,59729.14,2026-04-10
SAL000531,EMP00495,29672.45,5173.85,2072.49,32773.81,2026-07-05
SAL000532,EMP00085,65592.17,1668.2,1421.64,65838.73,2026-07-24
SAL000533,EMP00347,59377.58,10123,14594.87,54905.71,2025-12-17
SAL000534,EMP00141,107289.85,2036.2,14061.95,95264.1,2026-06-04
SAL000535,EMP00692,127324.09,4604.64,13649.71,118279.02,2025-01-13
SAL000536,EMP00712,96698.79,12075.98,3490.56,105284.21,2025-10-03
SAL000537,EMP00429,69637.05,6106.92,2444.83,73299.14,2026-03-13
SAL000538,EMP00327,88362.09,15717.47,7427.03,96652.53,2025-07-10
SAL000539,EMP00032,148886.43,2751.49,7357.27,144280.65,2025-03-02
SAL000540,EMP00634,140844.19,15732.23,9329.53,147246.89,2025-12-04
SAL000541,EMP00051,145686.76,2072.4,6978.77,140780.39,2025-08-21
SAL000542,EMP00264,77515.06,16840.82,1171.76,93184.12,2024-12-31
SAL000543,EMP00426,137312.1,5781.38,8809.14,134284.34,2025-03-18
SAL000544,EMP00450,72790.31,6597.19,12439.58,66947.92,2025-04-14
SAL000545,EMP00065,119614.74,9765.46,2973.35,126406.85,2026-07-15
SAL000546,EMP00127,92526.66,11414.71,3252.83,100688.54,2024-12-31
SAL000547,EMP00558,145911.35,1222.12,2794.39,144339.08,2025-02-18
SAL000548,EMP01166,32074.6,14531.3,12132.89,34473.01,2026-03-14
SAL000549,EMP00853,78450.76,13318.79,10754.74,81014.81,2025-03-01
SAL000550,EMP00991,67061.28,19654.64,1075.78,85640.14,2024-12-16
SAL000551,EMP00349,119899.99,15368.12,3555.94,131712.17,2026-03-14
SAL000552,EMP00320,116125.42,8604.77,5269.5,119460.69,2026-01-03
SAL000553,EMP00160,81997.8,7705.46,9537.59,80165.67,2026-03-09
SAL000554,EMP00409,142065.22,6084.19,5193.73,142955.68,2024-11-17
SAL000555,EMP00307,141750.52,18992.28,3995.88,156746.92,2025-05-18
SAL000556,EMP00771,122860.69,5235.01,9843.66,118252.04,2024-10-28
SAL000557,EMP00144,121610.26,12375.68,3918.73,130067.21,2025-09-06
SAL000558,EMP00482,92850.74,16088.84,5953.99,102985.59,2025-02-27
SAL000559,EMP00798,143599.19,10262.49,13518.27,140343.41,2025-09-20
SAL000560,EMP00052,39551.49,15405.11,13259.08,41697.52,2024-12-14
SAL000561,EMP00571,77258.06,5517.03,14773.44,68001.65,2024-10-20
SAL000562,EMP00990,21656.55,6797.17,1559.22,26894.5,2025-01-20
SAL000563,EMP01219,72959.96,10545.62,5270.47,78235.11,2026-07-13
SAL000564,EMP00723,102126.06,19889.14,5489.75,116525.45,2025-01-15
SAL000565,EMP00778,107813.29,11373.1,8332.82,110853.57,2025-01-23
SAL000566,EMP00414,138792.72,16444.48,8238.01,146999.19,2025-05-12
SAL000567,EMP00541,47852.87,16309.49,13477.1,50685.26,2024-10-06
SAL000568,EMP01083,137996.89,6639.21,1921.38,142714.72,2026-03-12
SAL000569,EMP00931,78201.25,10198.2,8924.81,79474.64,2024-12-04
SAL000570,EMP00329,71674.6,13711.52,8016.81,77369.31,2026-06-29
SAL000571,EMP00694,50924.35,1154.5,9630.32,42448.53,2025-05-28
SAL000572,EMP00221,108746.79,3010.84,9177.94,102579.69,2024-10-02
SAL000573,EMP00417,107951.48,17501.68,11272.39,114180.77,2025-01-17
SAL000574,EMP00432,101160.89,14236.37,8965.63,106431.63,2025-03-23
SAL000575,EMP01098,109947.76,16760.96,11677.91,115030.81,2025-01-09
SAL000576,EMP00275,40723.39,4478.62,8792.98,36409.03,2026-06-18
SAL000577,EMP00036,124453.67,2769.59,2844.94,124378.32,2026-01-28
SAL000578,EMP00638,102470.38,11613.27,12105.29,101978.36,2025-08-03
SAL000579,EMP00422,134744.87,11414.72,4438.9,141720.69,2025-08-19
SAL000580,EMP00666,111107.36,1573.74,11903.6,100777.5,2026-04-10
SAL000581,EMP01192,48037.47,6185.11,5431.43,48791.15,2025-10-03
SAL000582,EMP00435,130609.4,5102.1,3205.12,132506.38,2026-01-06
SAL000583,EMP00432,135196.02,16329.76,8084.66,143441.12,2025-01-09
SAL000584,EMP00781,56534.67,5423.34,11637.13,50320.88,2026-06-05
SAL000585,EMP01047,37204.32,5882.09,11465.8,31620.61,2025-02-19
SAL000586,EMP00965,145917.27,9129.71,13746.26,141300.72,2026-05-30
SAL000587,EMP00342,77022.54,17082.5,8524.96,85580.08,2026-05-27
SAL000588,EMP01054,76852.2,4627.08,12716.75,68762.53,2024-09-14
SAL000589,EMP00525,61038.53,9497.92,12841.06,57695.39,2025-05-06
SAL000590,EMP00166,129817.1,2337.17,2176.53,129977.74,2025-06-11
SAL000591,EMP01227,81482.53,8627.76,3942.09,86168.2,2024-10-12
SAL000592,EMP00401,142838.55,5925.66,10325.28,138438.93,2025-10-13
SAL000593,EMP00208,50816.6,14973.48,14658.24,51131.84,2025-09-30
SAL000594,EMP00852,38286.52,17573.91,1133.83,54726.6,2026-03-06
SAL000595,EMP00198,57902.54,9724.46,5894.39,61732.61,2024-11-21
SAL000596,EMP01133,77481.38,16851.42,1112.14,93220.66,2024-09-23
SAL000597,EMP00739,70409.05,7906.07,14731.64,63583.48,2025-04-15
SAL000598,EMP01171,88765.89,1816.57,6626.05,83956.41,2025-04-24
SAL000599,EMP01140,97859.62,1926.65,7214.21,92572.06,2025-07-21
SAL000600,EMP00093,42172.34,3846.25,13447.67,32570.92,2025-11-09
SAL000601,EMP00986,32833.19,15271.3,14381.48,33723.01,2026-05-06
SAL000602,EMP00437,112754.23,15121.78,13946.4,113929.61,2024-10-13
SAL000603,EMP00208,127609.48,5482.86,5228.56,127863.78,2025-01-11
SAL000604,EMP00616,62833.56,2616.68,5565.09,59885.15,2026-06-26
SAL000605,EMP01086,22081.24,2130.35,13688.38,10523.21,2026-04-12
SAL000606,EMP00570,42017.68,4288.66,14075.11,32231.23,2025-11-16
SAL000607,EMP00053,112329.79,7074.72,10605.74,108798.77,2026-07-26
SAL000608,EMP00352,144601.58,7712.53,14861.03,137453.08,2024-09-24
SAL000609,EMP01075,128237.64,17532.96,11827.21,133943.39,2025-08-30
SAL000610,EMP00867,80463.54,2202.94,8335.19,74331.29,2025-01-22
SAL000611,EMP00634,37104.15,6713.93,13124.61,30693.47,2024-12-25
SAL000612,EMP00222,23278.45,8473.57,1350.28,30401.74,2025-05-20
SAL000613,EMP00651,123187.55,12814.99,5032.97,130969.57,2026-04-06
SAL000614,EMP00771,120154.01,12063.36,8300.96,123916.41,2024-12-20
SAL000615,EMP01034,74603.19,10183.17,10995.24,73791.12,2025-06-08
SAL000616,EMP00651,39077.16,4040.32,3958.97,39158.51,2024-09-30
SAL000617,EMP01137,20904.14,4261.04,5373.28,19791.9,2025-06-26
SAL000618,EMP00117,45309,6742.86,9377.13,42674.73,2025-01-01
SAL000619,EMP00404,40134.8,1497.85,4897.98,36734.67,2026-03-12
SAL000620,EMP01068,50712.22,2407.1,8590.46,44528.86,2026-01-01
SAL000621,EMP00491,20474.96,17978.17,12942.54,25510.59,2025-02-04
SAL000622,EMP00940,110118.64,6880.24,13337.78,103661.1,2026-03-10
SAL000623,EMP00052,69501.65,8947.48,12502.48,65946.65,2026-05-10
SAL000624,EMP01165,36708.83,12411.7,3646.57,45473.96,2025-10-28
SAL000625,EMP00355,21327.35,12686.84,14906.13,19108.06,2026-07-06
SAL000626,EMP00972,75425.58,18081.69,1906.06,91601.21,2025-06-05
SAL000627,EMP00372,135855.31,19162.38,8475.5,146542.19,2025-11-08
SAL000628,EMP00018,97380.9,1233.65,10170.69,88443.86,2025-09-27
SAL000629,EMP00955,22732.53,11948.42,12114.55,22566.4,2025-08-23
SAL000630,EMP00578,137036.23,15140.04,10838.47,141337.8,2026-02-18
SAL000631,EMP00852,41198.13,6147.52,3702.18,43643.47,2025-01-24
SAL000632,EMP01151,136682.65,5843.29,12387.73,130138.21,2025-06-08
SAL000633,EMP00971,138418.75,13476.17,11472.8,140422.12,2024-12-31
SAL000634,EMP00218,123552.11,11853,2917.04,132488.07,2025-09-09
SAL000635,EMP01022,44301.36,13030.07,13003.1,44328.33,2025-01-21
SAL000636,EMP00645,86906.05,13693.62,10140.7,90458.97,2025-11-21
SAL000637,EMP00253,144161.19,9759.27,1937.88,151982.58,2026-05-23
SAL000638,EMP01044,68710.06,8700.7,5945.27,71465.49,2025-02-16
SAL000639,EMP01205,44328.51,3442.65,14464.33,33306.83,2024-09-16
SAL000640,EMP00147,21931.23,2947.27,6969.98,17908.52,2026-07-25
SAL000641,EMP00452,56918.62,12039.76,6094.7,62863.68,2024-11-03
SAL000642,EMP00314,49478.51,7800.11,12823.32,44455.3,2026-02-11
SAL000643,EMP00090,108154,8742.62,3895.68,113000.94,2026-06-09
SAL000644,EMP00761,25084.6,18550.99,5028.49,38607.1,2025-06-08
SAL000645,EMP00967,139721,13468.79,2151.24,151038.55,2025-12-17
SAL000646,EMP00417,148887.77,3092.78,5977.4,146003.15,2025-06-21
SAL000647,EMP01041,107945.1,14985.18,8169.56,114760.72,2025-04-15
SAL000648,EMP00116,93946.19,14462.52,3734.92,104673.79,2025-09-12
SAL000649,EMP00990,35025.24,19058.69,10050.3,44033.63,2025-08-23
SAL000650,EMP00037,136894.93,2037.77,10047.75,128884.95,2025-07-11
SAL000651,EMP00938,113626.28,18896,5514.29,127007.99,2025-07-28
SAL000652,EMP00913,86171.74,10559.1,5007.68,91723.16,2024-10-20
SAL000653,EMP00476,41213.95,19141.44,12661.37,47694.02,2026-08-10
SAL000654,EMP00165,105952.28,7528.9,7475.81,106005.37,2025-04-16
SAL000655,EMP01034,131239.83,1824.76,7012.7,126051.89,2025-10-30
SAL000656,EMP00846,143860.47,13101.83,3751.41,153210.89,2026-07-03
SAL000657,EMP00196,42623.21,18349.98,8932.75,52040.44,2024-09-18
SAL000658,EMP00131,83751.28,8366.53,4034.27,88083.54,2025-08-10
SAL000659,EMP00915,24365.92,11075.09,1445.36,33995.65,2025-01-30
SAL000660,EMP00006,68482.73,9580.19,8697.15,69365.77,2026-01-15
SAL000661,EMP00047,135916.21,16508.17,1958.62,150465.76,2026-05-15
SAL000662,EMP00590,52846.15,9971.15,2388.86,60428.44,2026-05-17
SAL000663,EMP00881,37725.42,6445.86,9038.8,35132.48,2025-05-22
SAL000664,EMP01004,130867.59,8235.78,6885.3,132218.07,2024-12-23
SAL000665,EMP00313,44978.69,19557.4,12820.05,51716.04,2025-11-25
SAL000666,EMP00736,78533.24,17798.19,1991.3,94340.13,2026-05-03
SAL000667,EMP00356,24129.44,12256.49,13051.4,23334.53,2026-06-19
SAL000668,EMP00283,95300.93,14003.15,2985.81,106318.27,2025-12-25
SAL000669,EMP00939,20306.7,8271.12,11623.26,16954.56,2024-10-03
SAL000670,EMP00138,41209.99,12418.44,5763.74,47864.69,2026-07-11
SAL000671,EMP01160,77853.78,19028.88,6790.02,90092.64,2026-03-14
SAL000672,EMP01071,25704.23,3554.57,6443.49,22815.31,2026-08-01
SAL000673,EMP00222,80402.79,18348.87,10390.4,88361.26,2025-02-01
SAL000674,EMP00443,48081,8016.91,3793.62,52304.29,2025-03-27
SAL000675,EMP00202,113209.65,4018.24,9389.07,107838.82,2024-12-01
SAL000676,EMP00517,54799.25,15948.18,14989.55,55757.88,2024-12-06
SAL000677,EMP01127,27249.32,1246.23,14288.39,14207.16,2025-11-09
SAL000678,EMP00676,149237.04,12061.85,10886.64,150412.25,2025-10-06
SAL000679,EMP00005,66603.14,4090.76,6765.48,63928.42,2025-02-25
SAL000680,EMP00548,21983.49,10044.81,8860.29,23168.01,2025-12-30
SAL000681,EMP00861,97755.69,12336.57,6570.57,103521.69,2025-05-05
SAL000682,EMP00673,60968.71,5277.94,1975.18,64271.47,2024-10-03
SAL000683,EMP00627,114305.88,12559.9,4103.75,122762.03,2025-10-07
SAL000684,EMP00551,45207.13,5696.74,1200.07,49703.8,2026-01-25
SAL000685,EMP00572,76778.62,12592.06,5086.14,84284.54,2025-05-07
SAL000686,EMP00157,44320.2,8888.38,4526.76,48681.82,2024-12-22
SAL000687,EMP00921,55958.7,17021.88,14799.05,58181.53,2026-05-20
SAL000688,EMP00316,86878.18,11829.34,8002.9,90704.62,2025-07-22
SAL000689,EMP01117,53699.4,12098.85,3044.32,62753.93,2025-12-01
SAL000690,EMP00691,91428.5,8994.38,11345.28,89077.6,2025-10-04
SAL000691,EMP00498,126482.92,6660.1,10464.59,122678.43,2026-03-16
SAL000692,EMP00022,120848.94,9326.43,7676.48,122498.89,2026-01-03
SAL000693,EMP00184,106687.39,7944.01,11751.82,102879.58,2026-07-02
SAL000694,EMP00998,45281.51,13999.77,10307.7,48973.58,2025-08-25
SAL000695,EMP01155,109325.22,8264.18,12883.32,104706.08,2026-03-19
SAL000696,EMP00154,74567.79,3940.14,4865.64,73642.29,2025-03-17
SAL000697,EMP00804,21873.08,17712.09,4647.31,34937.86,2025-09-09
SAL000698,EMP00357,132594.35,5384.94,12761.48,125217.81,2025-08-28
SAL000699,EMP00102,33818.35,13047.14,5859.4,41006.09,2025-04-13
SAL000700,EMP01019,49391.91,8305.05,8924.64,48772.32,2026-04-17
SAL000701,EMP00385,78181.85,8849.63,6057.1,80974.38,2025-09-15
SAL000702,EMP00700,45447.78,13855.15,3806.98,55495.95,2025-02-01
SAL000703,EMP00166,98813.47,12224.77,7827.12,103211.12,2024-10-11
SAL000704,EMP00969,106716.3,5426.66,2124.52,110018.44,2025-06-14
SAL000705,EMP00528,21650.05,13336.3,4834.2,30152.15,2024-08-16
SAL000706,EMP01063,25549.4,6873.76,10285.4,22137.76,2025-05-05
SAL000707,EMP00560,59332.45,17748.88,5193.79,71887.54,2025-11-08
SAL000708,EMP00726,89920.03,12453.45,6360.61,96012.87,2025-11-30
SAL000709,EMP00129,122751.25,10281.56,3206.69,129826.12,2025-12-09
SAL000710,EMP01185,105452.82,17779.69,9534.91,113697.6,2024-12-31
SAL000711,EMP00184,47722.06,6552.11,12222.68,42051.49,2025-01-01
SAL000712,EMP00163,43091.58,11252.5,7906.5,46437.58,2024-09-11
SAL000713,EMP00259,92238.66,4787.21,5057.45,91968.42,2024-12-25
SAL000714,EMP00304,28314.94,4999.59,2252.9,31061.63,2026-07-24
SAL000715,EMP01046,103531.32,19973.85,4585.7,118919.47,2025-07-31
SAL000716,EMP00027,27049.8,1829.52,9173.55,19705.77,2026-04-14
SAL000717,EMP00180,122252.4,2469.25,3736.96,120984.69,2026-03-04
SAL000718,EMP00128,130893.64,15191.04,8772.62,137312.06,2025-04-01
SAL000719,EMP00991,73310.92,8427.73,11698.59,70040.06,2025-05-14
SAL000720,EMP00500,40483.52,8133.48,3514.5,45102.5,2026-03-21
SAL000721,EMP00451,68298.18,14925.31,4333.19,78890.3,2026-07-13
SAL000722,EMP00407,117014.02,15963.51,11424.5,121553.03,2026-05-31
SAL000723,EMP00676,27183.98,2216.63,10189.74,19210.87,2026-05-02
SAL000724,EMP00020,107475.22,9020.06,1198.21,115297.07,2024-10-20
SAL000725,EMP01084,57530.58,5461.49,12905.08,50086.99,2025-12-09
SAL000726,EMP00009,145443.37,13780.3,14726.23,144497.44,2025-08-14
SAL000727,EMP00067,110220.08,9304.15,9041.46,110482.77,2024-09-04
SAL000728,EMP00813,113002.94,1231.06,7017.74,107216.26,2026-07-25
SAL000729,EMP00231,55352.77,12207.62,8823.55,58736.84,2026-05-29
SAL000730,EMP00118,86797.43,11465.8,3072.27,95190.96,2026-01-08
SAL000731,EMP00306,55517.21,13151.51,14231.97,54436.75,2025-11-28
SAL000732,EMP00261,20073.76,14299.04,2161.53,32211.27,2024-09-11
SAL000733,EMP00798,70263.59,14124.83,2138.9,82249.52,2026-03-22
SAL000734,EMP00475,83986.72,7365.72,11564.2,79788.24,2025-01-17
SAL000735,EMP00830,63966.48,12674.35,7158.25,69482.58,2024-10-23
SAL000736,EMP00044,129267.06,8248.03,2106.25,135408.84,2024-12-12
SAL000737,EMP00614,39412.86,18771.85,1468.77,56715.94,2024-09-20
SAL000738,EMP00699,25080.41,14448.64,10682.2,28846.85,2025-07-28
SAL000739,EMP00195,73171.66,13899.93,5798.22,81273.37,2026-04-28
SAL000740,EMP00144,142854.79,6579.19,10944.82,138489.16,2026-05-30
SAL000741,EMP00864,47900.67,19402.78,11474.17,55829.28,2025-01-09
SAL000742,EMP00355,65524.57,9234.88,7036.96,67722.49,2026-03-06
SAL000743,EMP00546,137249.28,15707.87,7229.84,145727.31,2024-09-20
SAL000744,EMP00989,99583,18255.91,9674.79,108164.12,2025-12-09
SAL000745,EMP00951,118367.67,2317.96,12832.43,107853.2,2024-10-23
SAL000746,EMP00714,97932.66,4951.96,7451.36,95433.26,2026-03-24
SAL000747,EMP00841,139299.45,1529.03,13224.6,127603.88,2025-07-29
SAL000748,EMP00623,56640.79,8692.34,8720.29,56612.84,2026-08-11
SAL000749,EMP01163,105229.53,8516.01,1389.15,112356.39,2025-07-06
SAL000750,EMP00489,89084.51,19899.13,13938.13,95045.51,2025-06-18
SAL000751,EMP00851,83441.32,4931.99,14302.06,74071.25,2025-04-23
SAL000752,EMP01179,36575.74,3904.05,9751.83,30727.96,2026-05-26
SAL000753,EMP00447,66181.77,1550.23,10279.04,57452.96,2026-03-15
SAL000754,EMP00917,74057.06,7848.43,13601.56,68303.93,2025-12-23
SAL000755,EMP01142,34697.84,1674.25,11314.84,25057.25,2026-01-27
SAL000756,EMP00326,22257.49,11390.31,13583.19,20064.61,2026-02-10
SAL000757,EMP00896,123106.23,15562.33,2278.8,136389.76,2024-12-02
SAL000758,EMP00196,46231.8,4797.4,5684.95,45344.25,2026-07-19
SAL000759,EMP01019,36584.37,5522.12,8054.77,34051.72,2025-02-13
SAL000760,EMP00965,31297.35,16064.53,7928.38,39433.5,2025-08-12
SAL000761,EMP01133,58437.95,16279.32,9833.42,64883.85,2025-04-11
SAL000762,EMP01129,127393.2,8058.62,5012.37,130439.45,2025-10-04
SAL000763,EMP01056,73493.83,18656.11,1564.83,90585.11,2025-03-15
SAL000764,EMP01127,57861.59,13957.36,3756.65,68062.3,2025-07-13
SAL000765,EMP00063,54355.12,4983.3,7408.46,51929.96,2025-07-06
SAL000766,EMP00953,58870.58,15472.35,14526.63,59816.3,2025-09-27
SAL000767,EMP00796,100306.7,5684.48,5323.18,100668,2024-11-19
SAL000768,EMP01083,78073.96,12463.08,12463.42,78073.62,2025-01-01
SAL000769,EMP01141,116545.41,14447.41,11764.78,119228.04,2024-09-19
SAL000770,EMP00461,46928.25,1776.49,8863.02,39841.72,2025-04-26
SAL000771,EMP00958,96546.51,7248.51,3427.6,100367.42,2026-06-10
SAL000772,EMP00246,86749.92,1534.53,3307.16,84977.29,2024-08-13
SAL000773,EMP00953,64399.52,14155.52,12933.77,65621.27,2025-12-04
SAL000774,EMP00995,22253.7,17683.42,3494.49,36442.63,2025-11-06
SAL000775,EMP00336,97375.49,3581.46,5350.35,95606.6,2026-05-12
SAL000776,EMP00615,142393.68,15467.81,5822.07,152039.42,2024-11-01
SAL000777,EMP01170,113561.03,17345.45,14317.73,116588.75,2025-08-22
SAL000778,EMP01114,125706.4,10428.31,2796.43,133338.28,2024-09-22
SAL000779,EMP00011,104167.28,8032.06,8333.11,103866.23,2025-03-07
SAL000780,EMP00710,124324.19,9052.1,7340.77,126035.52,2026-08-09
SAL000781,EMP00138,127272.94,4019.81,10880.12,120412.63,2024-08-14
SAL000782,EMP00034,78322.1,10402.23,2287.9,86436.43,2026-07-21
SAL000783,EMP00440,117038.99,12398.04,4990.48,124446.55,2025-10-10
SAL000784,EMP00073,88720.39,15836.62,2442.32,102114.69,2026-05-13
SAL000785,EMP00107,54084.01,5997.24,10243.57,49837.68,2025-01-16
SAL000786,EMP00252,77068.23,18406.47,11376.18,84098.52,2026-07-09
SAL000787,EMP00337,88748.88,15946.16,4260.36,100434.68,2025-01-16
SAL000788,EMP00574,38954.66,6621.43,4188.37,41387.72,2025-06-02
SAL000789,EMP00219,35527.84,12938.15,12947.16,35518.83,2026-01-10
SAL000790,EMP00781,123499.03,19208.34,9622.5,133084.87,2025-12-09
SAL000791,EMP00147,110123.09,2029.03,6745.32,105406.8,2024-11-01
SAL000792,EMP00470,41297.88,18969.08,5090.87,55176.09,2024-11-22
SAL000793,EMP00977,43110.46,14779.36,5198.65,52691.17,2025-03-16
SAL000794,EMP00354,87556.23,13674.83,9298.57,91932.49,2025-03-10
SAL000795,EMP00487,53381.98,5558.72,10999.81,47940.89,2025-07-29
SAL000796,EMP00148,79625.13,6955.33,11661.86,74918.6,2026-02-16
SAL000797,EMP00214,87002.78,16095.72,13769.86,89328.64,2026-06-27
SAL000798,EMP00086,32874.51,6037.71,11102.41,27809.81,2025-08-03
SAL000799,EMP00611,83669.36,6820.57,9143.03,81346.9,2025-05-15
SAL000800,EMP01102,122749.22,10240.7,6226.58,126763.34,2026-08-09
SAL000801,EMP00521,70403.35,5628.07,6215.89,69815.53,2025-11-08
SAL000802,EMP00886,113063.12,15465.51,2437.78,126090.85,2026-06-16
SAL000803,EMP00310,58312.77,17379.77,2568.47,73124.07,2025-01-09
SAL000804,EMP00884,76259.02,18702.53,5517.27,89444.28,2025-07-30
SAL000805,EMP00561,100242.83,5581.24,1689.59,104134.48,2024-10-20
SAL000806,EMP00040,123208.59,14652.98,9258.69,128602.88,2026-03-18
SAL000807,EMP01195,88697.35,2683.02,10273.76,81106.61,2026-03-08
SAL000808,EMP00055,102501.31,19954.21,13476.33,108979.19,2024-09-14
SAL000809,EMP00827,133094.28,14967.44,11701.1,136360.62,2026-03-26
SAL000810,EMP00062,40193.83,17042.78,11386.68,45849.93,2025-05-15
SAL000811,EMP01072,44946.92,1668.55,7931.26,38684.21,2025-02-09
SAL000812,EMP01027,148192.14,2633.63,4425.56,146400.21,2026-07-26
SAL000813,EMP00539,102891.13,2403.53,2777.16,102517.5,2026-04-01
SAL000814,EMP00714,30730.34,5840.91,3475.3,33095.95,2025-11-24
SAL000815,EMP01053,88517.08,10225.63,5766.11,92976.6,2025-08-25
SAL000816,EMP00949,119053.74,18876.77,12870.34,125060.17,2024-09-17
SAL000817,EMP01067,145383.66,7704.14,12278.53,140809.27,2026-05-30
SAL000818,EMP01019,34044.27,15394,3395.98,46042.29,2026-05-12
SAL000819,EMP00614,28152.48,5712.11,3592.61,30271.98,2025-04-12
SAL000820,EMP00718,35134.41,12701.18,10504.27,37331.32,2024-08-16
SAL000821,EMP00403,81182.02,17325.15,7806.59,90700.58,2025-07-26
SAL000822,EMP00748,38689.78,14259.75,2326.63,50622.9,2025-03-27
SAL000823,EMP00606,51587.9,4276.05,12276.59,43587.36,2025-06-04
SAL000824,EMP00498,48291.42,13132.67,7457.42,53966.67,2025-12-04
SAL000825,EMP00490,28127.99,15942.18,12891.41,31178.76,2026-02-08
SAL000826,EMP01147,96608.09,2304,10430.34,88481.75,2025-02-04
SAL000827,EMP00678,119879.87,10321.84,13371.77,116829.94,2024-09-24
SAL000828,EMP00299,91449.79,3376.62,11421.32,83405.09,2025-01-17
SAL000829,EMP01009,116374.58,5968.81,12303.91,110039.48,2025-02-28
SAL000830,EMP00548,72806.84,2034.03,14901.91,59938.96,2025-01-13
SAL000831,EMP00634,30927.49,8959.18,2749.77,37136.9,2025-05-29
SAL000832,EMP01097,98363.58,5308.03,1129.56,102542.05,2025-03-29
SAL000833,EMP00025,34953.52,2935.96,2128.34,35761.14,2024-09-23
SAL000834,EMP00329,120617.23,7223.91,5424.73,122416.41,2024-11-20
SAL000835,EMP01041,120081.25,16111.76,2334.55,133858.46,2026-06-24
SAL000836,EMP00970,68411.54,15986.69,2960.15,81438.08,2026-05-24
SAL000837,EMP01113,28925.86,1915.85,11369.02,19472.69,2024-12-18
SAL000838,EMP00956,52038.59,7709,10210.28,49537.31,2025-01-09
SAL000839,EMP01166,27318.21,18893.3,14329.72,31881.79,2026-01-10
SAL000840,EMP01105,43962.66,10846.12,7692.02,47116.76,2025-01-15
SAL000841,EMP00716,43065.55,8866.28,1723.52,50208.31,2025-02-16
SAL000842,EMP00227,136251.42,12208.62,1337.64,147122.4,2025-01-29
SAL000843,EMP00134,83513.16,15690.03,1882.1,97321.09,2026-01-30
SAL000844,EMP00831,76627.66,1252.92,10457.61,67422.97,2026-05-12
SAL000845,EMP00713,99577.64,16146.8,9244.84,106479.6,2025-08-15
SAL000846,EMP00628,102252.61,12614.34,10525.08,104341.87,2024-09-05
SAL000847,EMP01125,87895.35,18613.3,9525.67,96982.98,2024-08-16
SAL000848,EMP01130,65384.95,15219.51,11829.56,68774.9,2025-12-30
SAL000849,EMP00326,26044.57,1650.89,5277.45,22418.01,2026-01-29
SAL000850,EMP00162,103047.12,14003.16,10630.37,106419.91,2025-03-08
SAL000851,EMP00275,98325.62,13873.77,10677.61,101521.78,2025-05-19
SAL000852,EMP00125,98430.98,3822.59,10108.66,92144.91,2024-10-18
SAL000853,EMP00374,141490.54,3484.34,9869.3,135105.58,2025-11-25
SAL000854,EMP00564,131939.93,14005.96,13476.18,132469.71,2025-09-10
SAL000855,EMP00472,96654.38,1576,2062.53,96167.85,2026-01-22
SAL000856,EMP00408,127575.33,6309.95,13501.2,120384.08,2026-07-28
SAL000857,EMP00988,115288.63,2445.23,7753.38,109980.48,2025-12-28
SAL000858,EMP01020,23423.22,2550.79,8997.44,16976.57,2026-05-24
SAL000859,EMP00676,82065.72,12812.11,7989.11,86888.72,2024-12-23
SAL000860,EMP01125,49665.29,6064.85,11520.42,44209.72,2026-05-19
SAL000861,EMP00618,37147.59,17329.37,13834.52,40642.44,2025-08-08
SAL000862,EMP00113,116462.28,19596.09,12271.54,123786.83,2024-10-06
SAL000863,EMP00415,33989.46,4417.43,9567.17,28839.72,2025-08-15
SAL000864,EMP00551,103605.69,14108.59,10731.25,106983.03,2025-08-03
SAL000865,EMP00792,34430.85,5689.3,9886.08,30234.07,2025-03-03
SAL000866,EMP00228,126157.89,19297.04,1829.28,143625.65,2025-06-22
SAL000867,EMP00342,66622.23,3883.66,10967.16,59538.73,2025-12-07
SAL000868,EMP00464,86700.3,2306.22,6838.03,82168.49,2025-10-24
SAL000869,EMP00959,54126.56,3018.41,2959.07,54185.9,2026-02-02
SAL000870,EMP00695,59767.91,10228.62,4511.77,65484.76,2025-12-09
SAL000871,EMP00130,34900.92,1597.97,3945.9,32552.99,2025-01-05
SAL000872,EMP00046,83435.95,4552.88,9992.8,77996.03,2025-07-12
SAL000873,EMP00044,56120.15,18544.41,1290.72,73373.84,2025-10-06
SAL000874,EMP00002,31109.43,10176.11,8892.74,32392.8,2025-10-15
SAL000875,EMP00227,100085.94,19007.22,6538.95,112554.21,2025-01-14
SAL000876,EMP00427,94890.25,12075.05,7795.2,99170.1,2024-12-06
SAL000877,EMP00730,73066.16,4281.93,3258.55,74089.54,2025-07-10
SAL000878,EMP00027,74849.57,13245.27,2458.76,85636.08,2025-02-21
SAL000879,EMP00223,73025.75,2366,11622.64,63769.11,2025-08-07
SAL000880,EMP00713,144392.34,3745.12,3170.31,144967.15,2026-05-28
SAL000881,EMP00792,38814.81,2978.32,1215.25,40577.88,2026-05-01
SAL000882,EMP01161,54876.16,6519.37,14429.87,46965.66,2025-05-03
SAL000883,EMP00180,62314.57,6792.36,4055.36,65051.57,2024-08-17
SAL000884,EMP01052,64266.19,4208.39,12295.57,56179.01,2026-05-08
SAL000885,EMP00785,148180.06,2681.8,11804.43,139057.43,2026-06-30
SAL000886,EMP01068,92541.9,1258.15,10130.05,83670,2025-04-13
SAL000887,EMP00343,96582.76,8357.58,4257.43,100682.91,2025-03-08
SAL000888,EMP00718,20246.55,9035.48,8919.26,20362.77,2024-11-06
SAL000889,EMP00270,92186.67,18620.5,7566.6,103240.57,2025-11-05
SAL000890,EMP00036,99771.46,12380.96,11365.25,100787.17,2025-07-03
SAL000891,EMP00586,47594.25,9384.01,6737.84,50240.42,2025-03-25
SAL000892,EMP00578,100746.85,3263.51,14512.91,89497.45,2025-11-25
SAL000893,EMP00143,69732.45,6899.29,11629.41,65002.33,2026-08-12
SAL000894,EMP00902,50862.64,18843.02,4872.83,64832.83,2026-07-25
SAL000895,EMP00580,36128.9,16996.81,12972.25,40153.46,2024-09-28
SAL000896,EMP00610,31770.83,16647.73,3532.49,44886.07,2025-02-22
SAL000897,EMP00385,94255.29,12672.66,10686.29,96241.66,2024-10-06
SAL000898,EMP01134,57312.91,5560.55,5783.77,57089.69,2026-04-30
SAL000899,EMP00970,136843.6,5556.81,2712.46,139687.95,2024-09-10
SAL000900,EMP00933,95340.17,14621.14,4233.15,105728.16,2025-11-05
SAL000901,EMP00132,71617.04,1693.83,7195.43,66115.44,2025-05-07
SAL000902,EMP00025,135420.56,19782.14,1664.05,153538.65,2025-03-10
SAL000903,EMP00828,63331.87,18428,5844.55,75915.32,2024-11-28
SAL000904,EMP01047,102171.94,11642.15,2288.38,111525.71,2025-05-07
SAL000905,EMP00503,109274.61,18753.44,1699.45,126328.6,2025-08-25
SAL000906,EMP00775,107305.42,8510.3,11686.36,104129.36,2025-07-30
SAL000907,EMP01074,81930.41,8586.05,5787.09,84729.37,2025-03-02
SAL000908,EMP01135,117307.67,1609.88,4385.6,114531.95,2026-04-04
SAL000909,EMP00558,118989.43,15350.88,13144.81,121195.5,2024-09-22
SAL000910,EMP00386,29623.7,12176.85,9117.19,32683.36,2025-09-08
SAL000911,EMP01089,108776.83,1206.91,12736.63,97247.11,2024-12-06
SAL000912,EMP00071,120978.73,6462.58,6438.56,121002.75,2026-02-11
SAL000913,EMP01079,94407.12,7543.57,1439.54,100511.15,2025-02-24
SAL000914,EMP00673,131427.64,5726.01,10685.69,126467.96,2024-12-09
SAL000915,EMP00386,117288.41,7518.72,1887.35,122919.78,2025-10-01
SAL000916,EMP00511,91977.15,15047.41,9108.55,97916.01,2025-02-20
SAL000917,EMP00889,80719,10063.05,9213.27,81568.78,2025-05-21
SAL000918,EMP00218,135905.92,13937.38,4988.04,144855.26,2026-02-03
SAL000919,EMP00945,124690.69,9483.32,14974.4,119199.61,2024-08-31
SAL000920,EMP00157,103408.29,1355.25,7927.64,96835.9,2025-10-21
SAL000921,EMP00085,120174.06,15722.07,6649.79,129246.34,2024-09-28
SAL000922,EMP01021,142894.49,11354.37,5000.94,149247.92,2025-01-08
SAL000923,EMP00615,72332.05,8271.08,1376.39,79226.74,2026-02-25
SAL000924,EMP00648,34901.36,6999.84,6525.58,35375.62,2025-12-04
SAL000925,EMP01102,122302.61,1752.24,9203.06,114851.79,2025-10-13
SAL000926,EMP00752,107280.75,16755.83,12168.23,111868.35,2024-12-26
SAL000927,EMP00472,129643.46,3459.01,10551.97,122550.5,2026-02-25
SAL000928,EMP00545,81725.89,14689.18,10803.43,85611.64,2026-02-09
SAL000929,EMP00923,128769.63,17751.28,7377.37,139143.54,2025-11-20
SAL000930,EMP00196,81322.7,8785,3885.32,86222.38,2025-09-29
SAL000931,EMP00204,88743.25,13682.11,10561.88,91863.48,2025-07-02
SAL000932,EMP00311,100928.83,7246.39,6835.88,101339.34,2026-04-27
SAL000933,EMP00127,48494.49,9263.84,9463.45,48294.88,2026-01-13
SAL000934,EMP00057,113519.27,8129.5,14802.29,106846.48,2024-10-01
SAL000935,EMP00102,55627.43,14288.85,12434.78,57481.5,2024-10-28
SAL000936,EMP00986,21544.47,6965.29,13584.46,14925.3,2025-11-29
SAL000937,EMP00152,96859.82,9123.64,9780,96203.46,2026-07-30
SAL000938,EMP00059,99363.56,7165.14,7230.03,99298.67,2026-06-15
SAL000939,EMP00959,44585.86,12373.36,5816.69,51142.53,2026-04-11
SAL000940,EMP00392,75109.63,4617.86,6069.62,73657.87,2025-03-18
SAL000941,EMP00821,92948.85,7216.02,3170.73,96994.14,2026-01-20
SAL000942,EMP00466,90078.4,3242.41,8877.72,84443.09,2025-04-18
SAL000943,EMP00089,137307.34,4525.71,9873.75,131959.3,2026-07-02
SAL000944,EMP00971,124226.14,1550.34,1255.51,124520.97,2025-01-17
SAL000945,EMP01012,88003.81,14042.71,8300.68,93745.84,2025-04-20
SAL000946,EMP00960,59747.4,14820.91,9435.11,65133.2,2024-09-28
SAL000947,EMP00129,142901.02,11509.16,6813.63,147596.55,2025-05-25
SAL000948,EMP00740,60432.85,19626.59,8200.88,71858.56,2026-04-03
SAL000949,EMP01050,121215.59,17109.6,13694.5,124630.69,2024-10-15
SAL000950,EMP00770,50316.09,7449.6,9086.47,48679.22,2025-11-30
SAL000951,EMP00844,81703.19,4819.88,7803.34,78719.73,2025-04-29
SAL000952,EMP00644,103322.6,12567.43,4450.27,111439.76,2025-12-30
SAL000953,EMP00062,133476.12,12197.03,14650.65,131022.5,2025-08-14
SAL000954,EMP01115,51250.7,3979.08,3574.09,51655.69,2025-05-25
SAL000955,EMP01001,137914.07,12426.51,5795.2,144545.38,2024-09-23
SAL000956,EMP01066,100964.81,3240.16,3378.39,100826.58,2024-08-31
SAL000957,EMP00260,90076.54,13589.09,14457.35,89208.28,2024-10-11
SAL000958,EMP00532,41333.42,14199.8,3437.75,52095.47,2026-08-09
SAL000959,EMP00567,84421.03,7216.39,6008.43,85628.99,2025-12-14
SAL000960,EMP00728,118207.48,1337.68,1995.37,117549.79,2024-09-20
SAL000961,EMP01005,140943.79,8767.88,13824.01,135887.66,2026-05-12
SAL000962,EMP00225,125616.73,8231.95,10903.74,122944.94,2026-04-06
SAL000963,EMP00718,137962.06,11886.3,6044.96,143803.4,2024-10-24
SAL000964,EMP00510,62805.18,18922.59,14604.51,67123.26,2024-12-10
SAL000965,EMP00666,37549.89,7002.6,11576.48,32976.01,2025-11-28
SAL000966,EMP00258,114119.78,8923.42,1179.64,121863.56,2025-12-22
SAL000967,EMP00456,139837.88,1850.09,11421.24,130266.73,2025-04-30
SAL000968,EMP00038,146649.63,1224.11,12001.46,135872.28,2025-03-31
SAL000969,EMP00991,37801.32,8353.82,7692.34,38462.8,2024-10-11
SAL000970,EMP00837,82221.32,19482.29,4516.04,97187.57,2025-02-14
SAL000971,EMP01066,139823.98,18024.26,12293.56,145554.68,2025-01-09
SAL000972,EMP00353,23879.46,4362.53,8596.24,19645.75,2026-02-12
SAL000973,EMP00544,131177.97,2600.07,1024.15,132753.89,2026-01-16
SAL000974,EMP00378,91513.57,19842.52,3515.32,107840.77,2025-04-28
SAL000975,EMP00611,62301.15,19132.53,12814.02,68619.66,2025-06-27
SAL000976,EMP00576,71536.92,11546.51,5082.66,78000.77,2026-02-12
SAL000977,EMP00725,67614.6,13476.19,5385.64,75705.15,2025-02-25
SAL000978,EMP00368,64918.64,9074.83,5694,68299.47,2025-06-03
SAL000979,EMP00942,65513.49,19155.88,12381.48,72287.89,2026-06-12
SAL000980,EMP00427,119192.87,4267.79,10901.55,112559.11,2025-05-19
SAL000981,EMP00075,102224.32,12368.86,7146.19,107446.99,2026-07-02
SAL000982,EMP01159,40127.74,3495.72,7616.28,36007.18,2025-12-09
SAL000983,EMP00802,27435.2,9398.61,2745.17,34088.64,2025-02-17
SAL000984,EMP00340,33129.43,5856.97,2931.28,36055.12,2025-11-26
SAL000985,EMP00965,110568.23,6825.04,8006.93,109386.34,2025-01-23
SAL000986,EMP00774,126853.16,14912.53,1971.2,139794.49,2025-03-16
SAL000987,EMP00047,38124.62,14364.62,3768.25,48720.99,2025-11-18
SAL000988,EMP01202,65707.04,19963.75,12448.98,73221.81,2024-09-24
SAL000989,EMP00529,68912.58,2444.08,6033.27,65323.39,2025-08-22
SAL000990,EMP00214,123299.12,12291.42,11952.51,123638.03,2026-08-11
SAL000991,EMP00290,45040.88,5587.9,11271.83,39356.95,2026-04-20
SAL000992,EMP00684,38718.61,1630.5,9089.8,31259.31,2026-03-08
SAL000993,EMP00718,148446.73,7243.1,10987.04,144702.79,2025-11-24
SAL000994,EMP00664,134843.23,3247.94,5630.05,132461.12,2025-11-06
SAL000995,EMP00933,96214.31,3771.97,2763.49,97222.79,2025-10-25
SAL000996,EMP01031,49618.2,8436.49,10331.86,47722.83,2026-07-09
SAL000997,EMP00202,96365.96,1124.22,11734.5,85755.68,2025-12-23
SAL000998,EMP00340,102533.26,3451.64,10229.36,95755.54,2025-10-18
SAL000999,EMP00847,96389.73,12400.2,4737.76,104052.17,2026-07-20
SAL001000,EMP00591,145915.63,11237,5764.46,151388.17,2026-01-25
SAL001001,EMP00130,57241.38,18867.74,9262.12,66847,2024-12-02
SAL001002,EMP00276,138762.07,5539.61,7802.32,136499.36,2026-04-01
SAL001003,EMP01038,83007.98,4665.43,9209.06,78464.35,2026-04-10
SAL001004,EMP00631,28685.52,3679.48,12168.54,20196.46,2025-07-10
SAL001005,EMP00366,102841.62,18315.49,3422.55,117734.56,2025-01-11
SAL001006,EMP01163,138933.43,1123.49,14508.36,125548.56,2025-02-20
SAL001007,EMP00123,45045.66,13125.94,4049.11,54122.49,2026-05-02
SAL001008,EMP00100,106863.2,13443.88,2876.02,117431.06,2026-04-12
SAL001009,EMP00911,89890.64,18489.84,14552.26,93828.22,2024-11-11
SAL001010,EMP00291,70944.14,18964.95,1929.13,87979.96,2025-05-06
SAL001011,EMP00740,65525.76,11389.94,10991.34,65924.36,2025-01-09
SAL001012,EMP00546,67807.95,14907.64,3188.18,79527.41,2025-07-04
SAL001013,EMP00179,141196.96,10032.84,8824.48,142405.32,2024-12-24
SAL001014,EMP01207,81311.45,19545.77,2802.01,98055.21,2025-06-21
SAL001015,EMP01049,92290.48,2840.4,13884.25,81246.63,2024-10-24
SAL001016,EMP00679,65182.55,17331.82,13642.48,68871.89,2026-03-05
SAL001017,EMP01024,124480.01,5724.91,2902.81,127302.11,2026-03-02
SAL001018,EMP00225,125093.56,15267.89,2290.04,138071.41,2025-09-09
SAL001019,EMP00023,97266.59,8927.99,5471.66,100722.92,2025-05-31
SAL001020,EMP01053,28323.32,16760.91,5474.31,39609.92,2026-02-14
SAL001021,EMP01134,70612.13,11593.5,8689.76,73515.87,2026-06-10
SAL001022,EMP00744,54620.8,4789.48,12427.74,46982.54,2024-09-13
SAL001023,EMP00312,60848.08,17099.05,7553.63,70393.5,2024-11-29
SAL001024,EMP00097,88409.72,7900.22,9983.13,86326.81,2024-09-18
SAL001025,EMP00039,105154.55,12736.9,1935.63,115955.82,2025-10-10
SAL001026,EMP00621,53168.35,10075.62,11318.84,51925.13,2024-08-13
SAL001027,EMP00937,63313.25,2634.55,9271.77,56676.03,2024-12-04
SAL001028,EMP00241,121564.38,7715.37,12719.69,116560.06,2024-11-07
SAL001029,EMP00543,95871.92,12770.41,4312.54,104329.79,2025-05-02
SAL001030,EMP00534,97220.59,1449.64,5860.6,92809.63,2025-08-26
SAL001031,EMP00215,102640.83,15916.2,12693.1,105863.93,2026-08-01
SAL001032,EMP01016,79868.37,14708.6,3305.86,91271.11,2024-11-10
SAL001033,EMP00906,78480.35,13788.73,6867.84,85401.24,2026-03-19
SAL001034,EMP00557,35528.44,11896.19,7488.58,39936.05,2025-10-02
SAL001035,EMP00436,135783.93,4031.61,12882.22,126933.32,2026-05-18
SAL001036,EMP00445,85758.33,13530.1,1887.67,97400.76,2025-08-29
SAL001037,EMP01094,124430.87,8293.2,5461.93,127262.14,2026-01-23
SAL001038,EMP01208,56504.39,8102.68,4429.9,60177.17,2025-06-25
SAL001039,EMP01154,33823.36,16523.49,10781.1,39565.75,2025-05-04
SAL001040,EMP01077,108978.5,11910.65,3644.81,117244.34,2025-04-29
SAL001041,EMP00093,132977.51,3080.15,13488.27,122569.39,2025-12-25
SAL001042,EMP01230,100841.64,5173.66,5539.92,100475.38,2026-08-10
SAL001043,EMP00976,95802.14,14703.57,9324.38,101181.33,2025-01-19
SAL001044,EMP00944,92897.19,10094.27,2779.56,100211.9,2026-08-03
SAL001045,EMP00100,103017.93,16973.76,12534.29,107457.4,2025-08-18
SAL001046,EMP01083,110397.46,8802.92,7036.73,112163.65,2026-03-10
SAL001047,EMP00348,98128.79,19507.26,13954.66,103681.39,2026-04-02
SAL001048,EMP00091,136521.45,15456.84,4956.39,147021.9,2024-09-02
SAL001049,EMP00919,98667.04,11280.88,7249.53,102698.39,2026-06-16
SAL001050,EMP00968,137928.45,15829.18,10387.74,143369.89,2025-10-10
SAL001051,EMP00313,149897.3,4208.92,8264.91,145841.31,2026-06-15
SAL001052,EMP01135,89212.48,17901.84,12099.6,95014.72,2025-01-25
SAL001053,EMP00130,148760.76,11380.45,3650.68,156490.53,2026-01-20
SAL001054,EMP00616,141596.92,14297.16,14842.04,141052.04,2025-07-10
SAL001055,EMP00671,84946.72,3277.97,7819.01,80405.68,2025-06-22
SAL001056,EMP00683,32325.94,14754.73,8953.47,38127.2,2025-09-13
SAL001057,EMP00113,143576.72,10277.43,8214.09,145640.06,2025-01-09
SAL001058,EMP00818,84718.15,5211.3,4347.62,85581.83,2026-03-10
SAL001059,EMP00137,144414.12,4908.33,1004.54,148317.91,2026-06-01
SAL001060,EMP00187,85050.22,19400.98,7032.45,97418.75,2025-08-17
SAL001061,EMP00874,62506.64,6468.39,11656.56,57318.47,2025-05-11
SAL001062,EMP00018,101881.46,4389.38,10464.96,95805.88,2024-08-17
SAL001063,EMP00949,111287.94,3039.02,6484.37,107842.59,2026-06-01
SAL001064,EMP00722,107438.58,19392.98,10321.69,116509.87,2026-03-16
SAL001065,EMP00844,107106.34,1666.71,12788.95,95984.1,2026-03-18
SAL001066,EMP00081,113232.06,8190.55,9098.35,112324.26,2024-09-22
SAL001067,EMP00493,122287.39,5914.28,5717.19,122484.48,2025-05-14
SAL001068,EMP01012,87480.13,11982.66,5675.51,93787.28,2025-12-12
SAL001069,EMP00925,98662.63,4625.26,6934.69,96353.2,2025-12-20
SAL001070,EMP01086,130032.48,16623.86,5947.58,140708.76,2026-05-20
SAL001071,EMP00712,121371,7331.81,10522.86,118179.95,2024-08-17
SAL001072,EMP00801,145710.94,9523.87,2785.42,152449.39,2025-05-13
SAL001073,EMP00011,28685.91,10227.18,3132.28,35780.81,2024-08-23
SAL001074,EMP01211,83643.58,7621.63,11758.88,79506.33,2026-05-30
SAL001075,EMP00740,68375.81,13039.25,8930.74,72484.32,2025-11-13
SAL001076,EMP00200,43385.19,17483.74,7602.39,53266.54,2024-09-06
SAL001077,EMP00966,92050.67,6257.37,12869.52,85438.52,2026-03-09
SAL001078,EMP01067,102269.23,4088.99,6411.53,99946.69,2024-10-23
SAL001079,EMP00077,23825.24,2604.2,9249.99,17179.45,2025-04-26
SAL001080,EMP00255,50562.13,17601.68,10741,57422.81,2026-02-09
SAL001081,EMP00153,133536.45,9812.67,5350.39,137998.73,2024-09-01
SAL001082,EMP00870,112195.45,5726.17,5638.79,112282.83,2024-12-17
SAL001083,EMP00436,88776.98,10732.29,1529.59,97979.68,2026-03-06
SAL001084,EMP00840,69935.3,12351.86,7507.94,74779.22,2024-10-01
SAL001085,EMP01226,133836.88,17984.23,5127.39,146693.72,2025-03-03
SAL001086,EMP00051,142673.95,12393.77,13663.41,141404.31,2024-10-30
SAL001087,EMP01040,139644.86,7642.62,10142.45,137145.03,2025-04-14
SAL001088,EMP01158,77677.67,2762.41,1674.23,78765.85,2025-10-19
SAL001089,EMP00553,35715.42,3396.03,11539.86,27571.59,2024-11-12
SAL001090,EMP00275,57065.82,3146.64,1852.1,58360.36,2025-07-31
SAL001091,EMP00566,64035.1,8520.62,10999.49,61556.23,2025-11-30
SAL001092,EMP00292,130410.34,19198.14,5852.33,143756.15,2024-12-24
SAL001093,EMP00783,20921.67,10515.98,7917.79,23519.86,2025-07-05
SAL001094,EMP00455,105260.63,11844.75,6189.01,110916.37,2026-06-24
SAL001095,EMP00138,103623.95,10647.92,10175.11,104096.76,2025-11-13
SAL001096,EMP01079,136878.47,6265.22,2799.01,140344.68,2026-06-15
SAL001097,EMP00835,20072.73,17559.42,5419.66,32212.49,2025-12-28
SAL001098,EMP00221,102815.14,9236.51,10649.51,101402.14,2026-03-22
SAL001099,EMP00107,123237.41,16778.38,3154.08,136861.71,2025-01-04
SAL001100,EMP01208,110511.61,13428.21,1128.15,122811.67,2025-10-28
SAL001101,EMP01013,62915.05,1773.48,3713.24,60975.29,2026-01-07
SAL001102,EMP00454,144145.62,14599.87,2699.65,156045.84,2026-03-08
SAL001103,EMP00905,111389.95,18725.64,7342.26,122773.33,2026-03-17
SAL001104,EMP01121,109365.57,15644.43,1166.31,123843.69,2025-02-24
SAL001105,EMP00301,83413.92,5633.92,14740.62,74307.22,2025-04-18
SAL001106,EMP00671,31208.19,18750.21,7916.23,42042.17,2026-03-10
SAL001107,EMP01200,99559.35,11694.47,3268.58,107985.24,2024-12-05
SAL001108,EMP00151,52456.58,4044.2,5581.5,50919.28,2024-10-15
SAL001109,EMP00676,26573.12,15865,12022.14,30415.98,2025-04-23
SAL001110,EMP00553,136632.43,8999.26,7772.51,137859.18,2025-11-04
SAL001111,EMP01186,102792.38,5736.27,2393.55,106135.1,2026-04-04
SAL001112,EMP00547,28582.46,5796.84,11510.1,22869.2,2025-01-03
SAL001113,EMP00822,124528.5,1319.35,6008.75,119839.1,2025-03-29
SAL001114,EMP00310,66411.12,2795.17,14206.6,54999.69,2025-06-10
SAL001115,EMP00226,113253.83,3676.27,1790.27,115139.83,2026-07-12
SAL001116,EMP00840,50181.54,2297.96,8265.85,44213.65,2025-10-03
SAL001117,EMP00956,29096.52,16098.49,12404.83,32790.18,2024-10-30
SAL001118,EMP01011,60151.01,11024.08,9698.65,61476.44,2024-09-23
SAL001119,EMP00756,124450.3,1593.76,1975.44,124068.62,2025-07-01
SAL001120,EMP00617,22679.98,5575.25,2724.59,25530.64,2025-10-25
SAL001121,EMP00074,123354.68,2040.31,14477.64,110917.35,2025-08-28
SAL001122,EMP00378,105948.73,16117.7,10954.4,111112.03,2024-12-26
SAL001123,EMP00679,48062.83,19791.14,14209.57,53644.4,2025-06-05
SAL001124,EMP00118,131400.95,17971.56,5736.53,143635.98,2026-04-05
SAL001125,EMP01106,23473.05,4320.93,13509.96,14284.02,2025-03-31
SAL001126,EMP00834,36517.45,8568.72,11169.11,33917.06,2025-04-10
SAL001127,EMP00128,118034.62,15875.68,2548.81,131361.49,2026-02-20
SAL001128,EMP01108,131001.75,2719.57,3373.09,130348.23,2025-07-19
SAL001129,EMP00016,62888.48,19397.87,14721.48,67564.87,2026-04-14
SAL001130,EMP00864,56288.72,2035.23,11601.89,46722.06,2024-12-03
SAL001131,EMP00722,86034.08,11535.46,6372.41,91197.13,2025-10-26
SAL001132,EMP00095,74543.2,10265.5,3120.42,81688.28,2025-08-10
SAL001133,EMP00916,132092.01,14950.5,13427.54,133614.97,2025-04-14
SAL001134,EMP00787,56205.72,16439.86,6841.57,65804.01,2026-04-04
SAL001135,EMP00140,108123.14,10032.28,6902.69,111252.73,2026-05-17
SAL001136,EMP00346,103986.55,6920.23,8447.54,102459.24,2024-09-15
SAL001137,EMP00472,26338.61,3303.54,10862.56,18779.59,2025-11-13
SAL001138,EMP00398,98252.69,11007.99,1708.72,107551.96,2025-08-30
SAL001139,EMP00331,95740.53,1858.77,3196.76,94402.54,2026-06-23
SAL001140,EMP00178,96347.7,8202.14,6873.41,97676.43,2024-09-27
SAL001141,EMP01179,56612.94,15012.77,13727.7,57898.01,2026-01-03
SAL001142,EMP00441,119317.27,11218.21,9173.22,121362.26,2026-02-20
SAL001143,EMP00817,85336.58,10449.57,12217.47,83568.68,2025-08-23
SAL001144,EMP01165,23328.24,10589.59,3228.24,30689.59,2026-03-26
SAL001145,EMP00616,30649.51,12647.43,1063.19,42233.75,2025-01-11
SAL001146,EMP00563,60228.58,1060.47,8107.34,53181.71,2025-07-26
SAL001147,EMP00209,82665.79,18092.25,6167.88,94590.16,2025-08-19
SAL001148,EMP00940,42377.85,9930.55,13561.95,38746.45,2026-03-18
SAL001149,EMP00333,46656.43,18128.08,3545.82,61238.69,2025-07-18
SAL001150,EMP01229,79969.83,16639.88,7837.27,88772.44,2025-03-22
SAL001151,EMP00065,55104.05,4428.63,8162.48,51370.2,2025-06-03
SAL001152,EMP01168,64025.14,15700.72,6763.18,72962.68,2025-11-28
SAL001153,EMP01052,127822.46,5009.18,5464.73,127366.91,2026-08-02
SAL001154,EMP00350,102729.9,2784.13,9017.16,96496.87,2025-08-25
SAL001155,EMP00933,117816.03,12163.09,9426.08,120553.04,2025-12-07
SAL001156,EMP00283,113448.49,17672.97,9116.6,122004.86,2026-04-05
SAL001157,EMP00353,109392.67,15347.55,13181.93,111558.29,2025-05-08
SAL001158,EMP00364,62207.46,19263.5,13670.95,67800.01,2025-06-06
SAL001159,EMP00543,53456.23,14140.9,7851.03,59746.1,2025-10-03
SAL001160,EMP00975,114543,10957.71,5129.7,120371.01,2026-06-14
SAL001161,EMP01219,93933.93,17886.84,3418.9,108401.87,2025-09-16
SAL001162,EMP00197,85883.31,12189.99,4354.25,93719.05,2025-03-02
SAL001163,EMP00069,75376.98,1940.45,2063.19,75254.24,2025-08-12
SAL001164,EMP00277,54921.77,11947.78,4779.97,62089.58,2024-10-17
SAL001165,EMP00831,60942.93,17459.41,12458.23,65944.11,2025-07-03
SAL001166,EMP00960,58660.08,3672.9,1022.78,61310.2,2026-07-07
SAL001167,EMP01193,130742.38,18322.25,7684.83,141379.8,2025-03-06
SAL001168,EMP00848,117919.33,12158.05,4450.95,125626.43,2025-03-23
SAL001169,EMP00221,133182.52,9843.82,8393.44,134632.9,2025-04-10
SAL001170,EMP00901,39331.23,8662.39,8712.05,39281.57,2025-04-02
SAL001171,EMP01175,78845.08,9403.51,9218.05,79030.54,2026-06-08
SAL001172,EMP01047,147538.38,16678.66,6374.47,157842.57,2026-01-10
SAL001173,EMP00541,138914.95,4075.28,5836.53,137153.7,2024-09-29
SAL001174,EMP00853,79288.99,16307.33,10213.11,85383.21,2026-03-31
SAL001175,EMP00072,70577.35,15129.95,2121.49,83585.81,2025-11-26
SAL001176,EMP00806,23458.06,3911.26,5211.76,22157.56,2024-10-11
SAL001177,EMP00920,59756.58,13238.73,10950.54,62044.77,2025-08-16
SAL001178,EMP00624,142531.43,14408.88,2570.34,154369.97,2025-05-30
SAL001179,EMP00773,127844.4,13619.49,4717.46,136746.43,2025-03-28
SAL001180,EMP00730,126026.03,14190.27,6379.18,133837.12,2024-12-14
SAL001181,EMP00887,92580.9,12093.45,7230.47,97443.88,2026-02-05
SAL001182,EMP01180,73333.31,5694.93,8459.72,70568.52,2025-10-14
SAL001183,EMP00746,21070.25,14805.36,9491.02,26384.59,2026-06-21
SAL001184,EMP00422,36551.04,3958.36,13062.14,27447.26,2024-08-31
SAL001185,EMP00287,83604.43,7635.5,12955.35,78284.58,2026-05-18
SAL001186,EMP00667,107684.68,6941.62,11232.86,103393.44,2025-10-17
SAL001187,EMP00580,140992.99,11870.17,12706.67,140156.49,2025-08-18
SAL001188,EMP00919,70405.4,7101.16,7283.46,70223.1,2026-01-04
SAL001189,EMP00483,98782.44,2628.59,9620.98,91790.05,2026-01-07
SAL001190,EMP00226,51262.33,13071.97,1585.16,62749.14,2025-08-05
SAL001191,EMP00891,135646.4,4260.58,11649.79,128257.19,2026-04-28
SAL001192,EMP00761,61767.07,15415.12,3847.09,73335.1,2025-04-29
SAL001193,EMP00184,28483.67,7640.4,12403.19,23720.88,2026-07-08
SAL001194,EMP00122,124184.69,9371.95,9167.53,124389.11,2025-04-23
SAL001195,EMP00774,79881.55,2710.61,7080.15,75512.01,2025-07-05
SAL001196,EMP00743,74034.64,14152.33,9702.68,78484.29,2026-07-08
SAL001197,EMP00540,135446.26,3362.2,10769.76,128038.7,2025-01-02
SAL001198,EMP00722,143065.07,17333.07,5456.41,154941.73,2025-07-06
SAL001199,EMP00719,98991.15,7207.45,13439.38,92759.22,2026-02-25
SAL001200,EMP00358,146320.42,14754.13,8185.2,152889.35,2026-07-30
SAL001201,EMP00125,121691.25,3834.76,8889.14,116636.87,2025-04-26
SAL001202,EMP00917,107154.28,12228.52,7813.45,111569.35,2025-10-23
SAL001203,EMP00689,85092.36,1171.41,5956.06,80307.71,2024-11-28
SAL001204,EMP00144,36104.22,11118.5,9760.98,37461.74,2025-02-21
SAL001205,EMP01211,116401.12,4163.2,5865.32,114699,2025-11-14
SAL001206,EMP00528,41751.7,11158.47,14210.78,38699.39,2026-04-20
SAL001207,EMP00151,130147.31,8959.22,7962.78,131143.75,2025-11-08
SAL001208,EMP00787,130143.15,18223.04,4889.33,143476.86,2025-04-24
SAL001209,EMP01180,77553.23,18343.24,14023.53,81872.94,2025-12-25
SAL001210,EMP00882,22883.8,2091.16,3339.36,21635.6,2024-12-30
SAL001211,EMP00144,146136.11,19027.32,14245.22,150918.21,2025-02-07
SAL001212,EMP01148,135637.57,7045.19,11969.72,130713.04,2025-04-30
SAL001213,EMP01160,41366.43,4841.91,8798.26,37410.08,2024-11-06
SAL001214,EMP00291,71871.61,13792.26,1037.57,84626.3,2025-01-13
SAL001215,EMP00635,149923.96,4875.82,2299.27,152500.51,2025-01-16
SAL001216,EMP00472,136747.88,4575.71,13144.64,128178.95,2025-08-30
SAL001217,EMP00688,95234.15,5725.03,2753.64,98205.54,2026-07-01
SAL001218,EMP00583,74633.72,8768.89,4584.67,78817.94,2025-07-30
SAL001219,EMP00759,141531.28,4870.14,13734.83,132666.59,2025-09-27
SAL001220,EMP00385,130596.36,14178.78,3102,141673.14,2025-11-04
SAL001221,EMP00745,39678.01,12974.21,14409.66,38242.56,2026-04-12
SAL001222,EMP00784,82925.86,12293.64,11956.4,83263.1,2025-10-28
SAL001223,EMP00132,53688.91,3551.54,1009.29,56231.16,2025-05-13
SAL001224,EMP00383,140724.38,14848.4,2342.4,153230.38,2025-01-17
SAL001225,EMP00770,63033.53,15731.5,12311.78,66453.25,2025-12-19
SAL001226,EMP00921,129262.13,1461.07,3705.99,127017.21,2024-10-22
SAL001227,EMP00687,41029.66,2258.16,5827.73,37460.09,2026-01-23
SAL001228,EMP00135,32675.36,6015.43,6167.13,32523.66,2025-05-31
SAL001229,EMP00877,51823.93,4684.71,2114.75,54393.89,2024-10-23
SAL001230,EMP00242,38661.49,4900.48,12717.69,30844.28,2025-07-22
SAL001231,EMP00813,98710.49,8659.81,5861.98,101508.32,2026-03-05
SAL001232,EMP00295,138165.66,5935.23,5286.28,138814.61,2025-08-09
SAL001233,EMP01104,53134.25,15476.01,5382.31,63227.95,2024-09-20
SAL001234,EMP00879,24947.49,18542.07,6754.96,36734.6,2025-12-21
SAL001235,EMP01060,93870.89,8133.14,6705.94,95298.09,2026-06-08
SAL001236,EMP00814,127444.78,6944.49,7939.02,126450.25,2025-03-18
SAL001237,EMP01225,123851.28,17990.22,9768.14,132073.36,2025-01-27
SAL001238,EMP00826,105058.62,19348.51,5272.41,119134.72,2026-06-30
SAL001239,EMP00689,148855.27,10147.11,7179.83,151822.55,2025-08-13
SAL001240,EMP00954,137296.99,17818.01,8336.08,146778.92,2025-02-18
SAL001241,EMP00170,72232.65,19749.98,12661.44,79321.19,2025-06-01
SAL001242,EMP00052,133076.08,16507.36,14365.96,135217.48,2024-08-20
SAL001243,EMP00774,75431.78,19790.13,1571.44,93650.47,2026-02-13
SAL001244,EMP00270,127229.96,10632.51,9011.79,128850.68,2026-04-29
SAL001245,EMP00225,94062.59,16832.28,8240.53,102654.34,2026-04-30
SAL001246,EMP01144,133547.98,17940.27,9352.32,142135.93,2025-12-20
SAL001247,EMP00722,103884.81,19481.47,9949.64,113416.64,2024-08-23
SAL001248,EMP00009,91598.27,12856.29,10238.09,94216.47,2024-11-08
SAL001249,EMP01117,23917.5,9893.54,1195.27,32615.77,2025-11-15
SAL001250,EMP01122,104364.86,8293.89,11379.51,101279.24,2025-01-18
SAL001251,EMP00688,90146.4,4346.96,1121.85,93371.51,2026-02-01
SAL001252,EMP01166,113118.68,18760.26,1670.07,130208.87,2024-10-26
SAL001253,EMP01117,71870.98,17224.75,5866.5,83229.23,2026-06-22
SAL001254,EMP01176,145400.12,8636.3,8492.94,145543.48,2025-09-06
SAL001255,EMP00561,24003.69,17111.5,6883.5,34231.69,2025-08-19
SAL001256,EMP00057,135559.38,16509.72,2008.74,150060.36,2024-10-01
SAL001257,EMP00097,45401.11,19317.72,9301.28,55417.55,2026-06-23
SAL001258,EMP00621,20339.46,13032.51,11737.08,21634.89,2026-06-26
SAL001259,EMP00920,47886.43,10093.93,2962.61,55017.75,2024-12-23
SAL001260,EMP00731,30788.93,1560.07,10216.45,22132.55,2024-11-11
SAL001261,EMP00963,126907.25,8170.31,2413.98,132663.58,2024-12-09
SAL001262,EMP00862,81533.17,18720.96,4136.76,96117.37,2025-11-25
SAL001263,EMP00662,82143.6,2807.6,6159.92,78791.28,2025-12-11
SAL001264,EMP01212,142544.85,5384.26,2593.4,145335.71,2025-03-02
SAL001265,EMP00014,83302.08,17455.25,3515.55,97241.78,2025-10-23
SAL001266,EMP00893,130270.23,7259.14,6971.21,130558.16,2024-10-12
SAL001267,EMP00722,51345.84,1434.49,14852.16,37928.17,2026-07-16
SAL001268,EMP00188,75224.96,11305.4,8305.13,78225.23,2026-06-03
SAL001269,EMP00593,22200.55,14829.41,1035.67,35994.29,2026-01-25
SAL001270,EMP00862,89523.78,15732.81,2773.34,102483.25,2025-10-16
SAL001271,EMP00110,72544.7,15271.76,13678.82,74137.64,2025-04-06
SAL001272,EMP00379,57419,13828.23,8864.65,62382.58,2025-08-19
SAL001273,EMP00546,89060.82,2388.26,9541.83,81907.25,2025-06-24
SAL001274,EMP00922,30911.31,3228.75,12013.29,22126.77,2026-05-24
SAL001275,EMP00244,71206,19007.79,14522.69,75691.1,2025-05-03
SAL001276,EMP00884,117769.46,11601.56,11740.63,117630.39,2026-06-21
SAL001277,EMP00773,79080.66,18530.98,4719.37,92892.27,2025-10-08
SAL001278,EMP00939,27494.64,13717.56,12005.07,29207.13,2025-04-02
SAL001279,EMP00973,144805.17,17176.53,1155.91,160825.79,2025-08-31
SAL001280,EMP01011,45610.42,18562.17,9601.23,54571.36,2025-04-21
SAL001281,EMP00449,78820.9,3080.55,12061.55,69839.9,2024-08-24
SAL001282,EMP00776,33212.57,8683.13,12914.59,28981.11,2025-11-26
SAL001283,EMP01138,111082.87,5640.66,7572.89,109150.64,2026-06-24
SAL001284,EMP00579,86207.37,7636.33,3279.91,90563.79,2024-10-26
SAL001285,EMP01178,27677.33,9945.32,2426.61,35196.04,2026-02-03
SAL001286,EMP00416,58489.21,14519.72,14665.91,58343.02,2026-07-30
SAL001287,EMP00722,58739.71,2509.14,4455.69,56793.16,2026-01-01
SAL001288,EMP01042,89226.52,11581.64,13440.21,87367.95,2026-03-29
SAL001289,EMP00241,109838.01,16719.36,2095.67,124461.7,2025-02-12
SAL001290,EMP00963,141667.15,2692.81,5264.44,139095.52,2025-11-30
SAL001291,EMP00181,84510.25,16757.33,7087.29,94180.29,2026-01-15
SAL001292,EMP00686,56115.88,6930.06,11048.57,51997.37,2026-03-14
SAL001293,EMP00457,34192.08,11285.94,3449.88,42028.14,2025-03-15
SAL001294,EMP00462,137439.92,7735.06,14093.89,131081.09,2025-05-21
SAL001295,EMP00239,147175.61,12483.85,7070.06,152589.4,2025-12-22
SAL001296,EMP00390,29776.02,11119.9,10227.62,30668.3,2025-09-22
SAL001297,EMP00502,67727.65,13212.61,5063.61,75876.65,2025-01-28
SAL001298,EMP00831,145177.21,1048.27,8948.7,137276.78,2025-09-28
SAL001299,EMP00836,61537.33,17470.95,8340.4,70667.88,2026-03-18
SAL001300,EMP01047,20357.49,16848.41,8371.97,28833.93,2026-06-26
SAL001301,EMP01221,94392.09,5220.87,12651.8,86961.16,2025-07-12
SAL001302,EMP01079,59169.34,5020.74,4586.42,59603.66,2025-04-03
SAL001303,EMP00607,138152.42,14401.91,9109.3,143445.03,2025-01-02
SAL001304,EMP00675,110758.93,1736.59,3548.82,108946.7,2025-09-16
SAL001305,EMP00841,23647.35,9858.08,11345.64,22159.79,2026-06-05
SAL001306,EMP00529,119452.77,3623.47,7210.4,115865.84,2025-03-20
SAL001307,EMP00140,123885.18,15248.36,7565.34,131568.2,2025-07-11
SAL001308,EMP00702,51615.18,16471.74,10774.72,57312.2,2025-11-08
SAL001309,EMP01133,33345.29,7965.63,9490.87,31820.05,2025-02-18
SAL001310,EMP01007,99621.19,11139.23,9046.05,101714.37,2026-03-08
SAL001311,EMP01029,50875.67,5018.67,12663.74,43230.6,2024-11-11
SAL001312,EMP00143,84555.21,3285.16,3006.78,84833.59,2026-05-02
SAL001313,EMP00462,93750.19,7947.21,13636.94,88060.46,2025-12-11
SAL001314,EMP01144,129989.27,9925.5,5552.66,134362.11,2025-03-08
SAL001315,EMP01121,89138.03,5807.27,5172.49,89772.81,2024-11-04
SAL001316,EMP00571,35307.94,17418.66,3888.8,48837.8,2026-02-07
SAL001317,EMP00056,90281.74,3962.56,14299.86,79944.44,2025-07-15
SAL001318,EMP00018,43708.93,5805.68,7900.01,41614.6,2026-02-28
SAL001319,EMP00372,110457.17,5498.07,3059.61,112895.63,2026-06-17
SAL001320,EMP00614,76117.08,13856.04,2794.07,87179.05,2025-01-31
SAL001321,EMP00208,28127.85,5000.48,3808.46,29319.87,2026-02-02
SAL001322,EMP01180,62922.48,5963.52,9267.86,59618.14,2025-12-18
SAL001323,EMP00578,95953.04,18227.78,13286.48,100894.34,2024-11-25
SAL001324,EMP00280,43622.8,5481.23,3922.61,45181.42,2024-12-06
SAL001325,EMP00524,118588.34,17680.21,3709.91,132558.64,2026-04-10
SAL001326,EMP00719,117382.45,1857.7,7261.66,111978.49,2025-12-17
SAL001327,EMP00943,49061.81,18925.66,11751.07,56236.4,2025-09-08
SAL001328,EMP01079,97373.93,3306.21,5949.93,94730.21,2025-06-13
SAL001329,EMP00334,133382.76,16906.4,3876.4,146412.76,2025-09-12
SAL001330,EMP01189,127830.32,17107.68,14554.76,130383.24,2025-01-13
SAL001331,EMP00426,127923.95,9801.53,14177.09,123548.39,2025-05-18
SAL001332,EMP01053,73202.18,5201.08,10301.88,68101.38,2026-03-16
SAL001333,EMP01181,95674.11,6852.02,12153.86,90372.27,2025-06-17
SAL001334,EMP00210,110985.59,1573.54,11067.11,101492.02,2024-08-20
SAL001335,EMP00857,95801.47,14825.54,9363.3,101263.71,2024-08-20
SAL001336,EMP00964,62556.85,10652.66,6837.9,66371.61,2025-06-28
SAL001337,EMP00349,76889.88,14784.77,14922.63,76752.02,2025-05-20
SAL001338,EMP00389,119948.02,19282.67,7569.05,131661.64,2025-10-29
SAL001339,EMP00410,122435.31,5828.81,13455.98,114808.14,2025-04-15
SAL001340,EMP00704,100588.5,18680.9,6915.68,112353.72,2024-11-19
SAL001341,EMP00989,80234.55,14673.7,11234.97,83673.28,2025-06-24
SAL001342,EMP01123,77185.63,7036.14,2027.02,82194.75,2025-01-23
SAL001343,EMP00955,111153.83,7225.49,6126.14,112253.18,2026-08-08
SAL001344,EMP00583,56400.49,10350.71,4276.31,62474.89,2025-10-11
SAL001345,EMP01050,105533.66,18336.37,2701.47,121168.56,2024-09-16
SAL001346,EMP00865,36544.13,6512.21,8539.09,34517.25,2026-08-03
SAL001347,EMP00811,129704.25,11791.09,3129.53,138365.81,2025-11-02
SAL001348,EMP00255,70245.37,3488.91,4833.63,68900.65,2024-09-25
SAL001349,EMP01160,56008.36,13561.7,4181.02,65389.04,2025-03-30
SAL001350,EMP00987,41975.86,14149.35,11294.17,44831.04,2024-09-24
SAL001351,EMP00050,42817.5,14021.72,8365.62,48473.6,2025-08-18
SAL001352,EMP00531,40569.96,14013.06,8316.52,46266.5,2026-01-09
SAL001353,EMP00528,88060.7,15414.87,3773.44,99702.13,2025-11-02
SAL001354,EMP00979,126595.12,2226.9,9201.5,119620.52,2025-11-20
SAL001355,EMP00307,74945.85,16385.45,7112.78,84218.52,2026-01-02
SAL001356,EMP01211,52364.74,8119.76,9206.59,51277.91,2025-03-11
SAL001357,EMP00925,95039.32,12613.92,1758.83,105894.41,2026-02-14
SAL001358,EMP00961,89544.4,9648.03,3575.64,95616.79,2025-02-27
SAL001359,EMP00714,147274.66,18785.11,10491.99,155567.78,2025-08-30
SAL001360,EMP00636,38193.04,16711.63,3252.38,51652.29,2025-05-30
SAL001361,EMP00359,70785.16,12461.03,10580.44,72665.75,2025-06-03
SAL001362,EMP00706,102457.49,2061.38,14824.77,89694.1,2024-12-18
SAL001363,EMP00868,131099.25,1079.77,5946.98,126232.04,2026-06-09
SAL001364,EMP01088,59049.26,19222.27,9590.55,68680.98,2024-08-12
SAL001365,EMP00433,102217.17,10689.6,8590.88,104315.89,2025-01-20
SAL001366,EMP01077,36561.33,19137.56,3789.52,51909.37,2025-12-07
SAL001367,EMP00295,74590.63,13713.73,5728.14,82576.22,2026-02-03
SAL001368,EMP00994,84039.29,9439.1,2701.26,90777.13,2025-01-23
SAL001369,EMP00454,140035.89,19429.9,7290.15,152175.64,2025-01-05
SAL001370,EMP00729,138135.91,1149.42,6675.74,132609.59,2025-09-30
SAL001371,EMP00299,24105.67,18944.24,1174.16,41875.75,2024-08-26
SAL001372,EMP00167,133734.32,16191.7,14407.58,135518.44,2026-05-22
SAL001373,EMP01079,121015.66,6067.78,6745.79,120337.65,2024-08-28
SAL001374,EMP01086,97299.93,3191,9077.37,91413.56,2026-04-19
SAL001375,EMP00691,44436.76,6613.51,7243.24,43807.03,2026-01-26
SAL001376,EMP01173,121827.74,9547.73,2426.01,128949.46,2026-04-02
SAL001377,EMP00464,118346.67,9138.96,4184.69,123300.94,2026-06-19
SAL001378,EMP01027,73441.15,4068.77,7544.43,69965.49,2025-02-14
SAL001379,EMP00362,144526.11,3116.67,9400.77,138242.01,2026-05-27
SAL001380,EMP00409,51198.7,16744.18,5893.09,62049.79,2026-08-01
SAL001381,EMP01217,138081.36,1806.96,1822.66,138065.66,2025-09-01
SAL001382,EMP00865,134271.99,4958.67,2440.14,136790.52,2024-12-26
SAL001383,EMP00687,132879.37,5635.59,11098.89,127416.07,2025-07-04
SAL001384,EMP01182,66699.15,19603.67,5100.05,81202.77,2025-07-14
SAL001385,EMP00561,44622.64,9064.27,8319.38,45367.53,2024-10-28
SAL001386,EMP00597,122474.83,19237.02,11744.12,129967.73,2025-12-12
SAL001387,EMP00088,73322.33,7550.96,11884.9,68988.39,2024-11-08
SAL001388,EMP01141,129532.29,9533.5,1437.45,137628.34,2025-05-15
SAL001389,EMP00491,27755.15,19701.32,5137.61,42318.86,2024-08-22
SAL001390,EMP00138,27202.32,15183.83,12665.96,29720.19,2026-06-23
SAL001391,EMP00399,129090.23,5121.95,5400.04,128812.14,2025-01-03
SAL001392,EMP00529,25292.65,4583.38,1123.08,28752.95,2025-04-10
SAL001393,EMP00083,118350,7901.26,11233.18,115018.08,2025-01-15
SAL001394,EMP00330,100794.14,6552.23,4953.13,102393.24,2025-10-27
SAL001395,EMP00129,56639.49,1405.16,3105.23,54939.42,2026-02-24
SAL001396,EMP00389,148176.27,1218.46,7071.99,142322.74,2026-04-09
SAL001397,EMP00237,46576.41,16673.66,3283.11,59966.96,2025-12-26
SAL001398,EMP01070,132856.62,16541.01,5845.14,143552.49,2025-09-17
SAL001399,EMP00896,114369.55,10474.17,13239.78,111603.94,2026-06-03
SAL001400,EMP00298,70348.31,7139.31,6269.8,71217.82,2024-09-12
SAL001401,EMP00273,73100.4,19800.29,13625.53,79275.16,2025-08-08
SAL001402,EMP00464,62927.71,12995.53,5194.59,70728.65,2025-10-11
SAL001403,EMP00890,130242.8,1567.61,10391.82,121418.59,2025-10-17
SAL001404,EMP00857,121371.37,8336.78,1384.68,128323.47,2026-06-22
SAL001405,EMP00561,110321.8,1092.32,11930.98,99483.14,2025-07-18
SAL001406,EMP00648,23942.65,9867.61,10738.24,23072.02,2025-12-27
SAL001407,EMP00572,106123.41,12038.71,10456.28,107705.84,2025-08-11
SAL001408,EMP00266,128841.55,2013.25,9519.57,121335.23,2025-07-24
SAL001409,EMP01070,94099.34,17287.16,13037.02,98349.48,2026-05-23
SAL001410,EMP00412,55990.55,11991.22,6320.88,61660.89,2024-10-05
SAL001411,EMP00696,114053.78,2322.92,14769.99,101606.71,2025-08-07
SAL001412,EMP00794,125330.75,2805.08,7117.6,121018.23,2024-10-29
SAL001413,EMP00911,128848.98,14984.95,14255.29,129578.64,2025-10-24
SAL001414,EMP00833,25745.06,13806.38,10514.54,29036.9,2024-11-07
SAL001415,EMP00712,44130.5,17271.08,11850.85,49550.73,2025-08-09
SAL001416,EMP00870,133765.24,16295.8,8970.01,141091.03,2025-05-27
SAL001417,EMP00497,66437.03,19409.84,13622.28,72224.59,2024-11-15
SAL001418,EMP00714,72803.61,7639.79,7965.64,72477.76,2025-10-08
SAL001419,EMP00663,92797.31,12075.37,6369.58,98503.1,2025-02-03
SAL001420,EMP00251,45302.24,2174.35,13542.31,33934.28,2025-12-08
SAL001421,EMP00322,39485.45,18006.95,9609.89,47882.51,2024-09-28
SAL001422,EMP00756,111201.04,8940.94,7299.62,112842.36,2025-02-07
SAL001423,EMP00609,134570.07,17889.1,13190.53,139268.64,2026-05-07
SAL001424,EMP01032,25961.13,4959.43,10632.94,20287.62,2026-03-11
SAL001425,EMP00250,94781.68,12905.39,12565.59,95121.48,2025-02-09
SAL001426,EMP00415,106039.58,15089.77,7206.12,113923.23,2025-03-16
SAL001427,EMP00935,21740,4939.56,10167.33,16512.23,2024-11-17
SAL001428,EMP00726,32267.93,11041.8,13960.55,29349.18,2026-01-21
SAL001429,EMP00112,40338.64,5886.78,2570.23,43655.19,2025-05-29
SAL001430,EMP00585,126899.79,17895.65,6450.58,138344.86,2025-05-01
SAL001431,EMP00715,40837.49,18785.55,5038.45,54584.59,2026-06-22
SAL001432,EMP00391,52105.51,4746.96,11836.17,45016.3,2026-07-31
SAL001433,EMP00114,90741.48,4776.59,12478.5,83039.57,2026-02-27
SAL001434,EMP00775,66641.24,3634.9,9959.56,60316.58,2026-06-29
SAL001435,EMP01095,43275.33,6689.5,4253.84,45710.99,2024-11-14
SAL001436,EMP00128,134663.71,14238.02,9969.41,138932.32,2026-03-01
SAL001437,EMP00095,143091.22,11173.9,12873.51,141391.61,2025-07-14
SAL001438,EMP00099,46080.28,15462.23,14473.61,47068.9,2024-10-27
SAL001439,EMP00790,105503.55,16008.62,11175.81,110336.36,2025-03-28
SAL001440,EMP01097,87537.2,16186.04,13864.5,89858.74,2026-05-13
SAL001441,EMP01182,120045.74,16476.41,1012.59,135509.56,2026-01-23
SAL001442,EMP00650,112060.88,5871.91,7232.85,110699.94,2025-06-16
SAL001443,EMP01216,36456.98,2339.72,3717.3,35079.4,2025-05-25
SAL001444,EMP01069,89846.22,1589.67,6484.77,84951.12,2026-05-07
SAL001445,EMP00249,96913.48,5217.49,1889.17,100241.8,2024-10-24
SAL001446,EMP00280,58987.15,7775.61,8538.45,58224.31,2026-07-25
SAL001447,EMP00454,50968.79,7355.96,12074.42,46250.33,2025-06-23
SAL001448,EMP00272,83650.16,9034.97,7279.97,85405.16,2026-05-28
SAL001449,EMP01113,114073.22,19189.09,2636.18,130626.13,2026-06-02
SAL001450,EMP00766,26244.49,7390.05,7452.78,26181.76,2025-07-27
SAL001451,EMP01137,40683.05,8235.63,4844.43,44074.25,2024-09-17
SAL001452,EMP00116,58587.96,15385.58,8924.04,65049.5,2025-09-30
SAL001453,EMP01015,49273.06,17956.4,13140.49,54088.97,2026-04-03
SAL001454,EMP00604,54137.43,3213.88,6238.28,51113.03,2025-09-13
SAL001455,EMP01180,146942.49,12951.71,6000.6,153893.6,2026-04-14
SAL001456,EMP00276,127970.36,19378.73,8008.07,139341.02,2025-09-20
SAL001457,EMP00941,108893.16,1988.46,8709.34,102172.28,2026-08-07
SAL001458,EMP00271,91156.47,2567.78,4201.24,89523.01,2026-07-06
SAL001459,EMP01027,24165.51,19060.6,13858.05,29368.06,2025-02-07
SAL001460,EMP00569,79722.67,4386.01,1815.15,82293.53,2024-11-12
SAL001461,EMP00073,126004.93,8610.5,6370.69,128244.74,2025-09-02
SAL001462,EMP00916,37187.63,10996.22,8044.51,40139.34,2025-06-10
SAL001463,EMP01015,46037.45,2619.1,11023.61,37632.94,2025-02-15
SAL001464,EMP00567,75266.77,16413.28,1413.88,90266.17,2025-05-16
SAL001465,EMP00585,52382.36,11449.2,4155.89,59675.67,2024-09-10
SAL001466,EMP00025,56473.81,12254.68,9059.75,59668.74,2026-02-17
SAL001467,EMP00839,147140.11,3026.44,6548.08,143618.47,2024-09-11
SAL001468,EMP01067,118190.57,12339.02,14342.82,116186.77,2026-01-17
SAL001469,EMP00744,47757.56,9046.91,11208.03,45596.44,2025-10-11
SAL001470,EMP00861,134251.74,19421.3,5906.17,147766.87,2026-01-16
SAL001471,EMP00687,45344.18,15243.67,6741.55,53846.3,2025-01-22
SAL001472,EMP00120,139174.52,15582.57,13817.21,140939.88,2025-02-28
SAL001473,EMP00233,82282.28,10725.34,3842,89165.62,2025-12-21
SAL001474,EMP01008,59006.08,14241.35,5402.18,67845.25,2025-12-09
SAL001475,EMP00966,62022.56,2125.59,12340.7,51807.45,2026-07-17
SAL001476,EMP00180,38738.48,9826.56,1675.91,46889.13,2025-04-15
SAL001477,EMP00326,83718.31,2371.38,3212.69,82877,2026-01-19
SAL001478,EMP00774,107619.78,2787.47,8238.33,102168.92,2025-09-15
SAL001479,EMP01007,70757.93,3062.24,13912,59908.17,2025-12-08
SAL001480,EMP01134,109023.16,2908.13,1602.02,110329.27,2025-07-16
SAL001481,EMP00077,51181.46,12235.92,9776.39,53640.99,2025-09-23
SAL001482,EMP00172,50429.52,6601.99,14326.8,42704.71,2025-08-20
SAL001483,EMP01202,139438.28,1144.26,11468.28,129114.26,2024-12-23
SAL001484,EMP00159,55583.7,15849.32,6230.25,65202.77,2024-11-30
SAL001485,EMP00982,30715.16,8432.7,5805.53,33342.33,2025-10-11
SAL001486,EMP00840,83720.01,12595.84,2305.8,94010.05,2026-04-18
SAL001487,EMP00387,86363.59,3695.2,3569.66,86489.13,2026-01-28
SAL001488,EMP00716,30736.25,15325.76,12868.97,33193.04,2025-10-27
SAL001489,EMP00244,53817.5,13848.9,11218.45,56447.95,2024-10-16
SAL001490,EMP00311,97110.6,19151.91,10918.9,105343.61,2026-06-23
SAL001491,EMP00687,37686.19,4778.46,5194.51,37270.14,2025-07-03
SAL001492,EMP00001,113178.35,9417.26,10740.93,111854.68,2024-10-21
SAL001493,EMP00379,25166.51,1344.6,3382.61,23128.5,2024-09-09
SAL001494,EMP00243,77262.52,14290.13,9548.49,82004.16,2026-07-01
SAL001495,EMP00210,95620.2,11090.55,10246.87,96463.88,2024-11-04
SAL001496,EMP01020,24203.07,17312.7,3818.4,37697.37,2026-06-16
SAL001497,EMP00736,131024.86,16778.44,3294.23,144509.07,2025-04-14
SAL001498,EMP01098,124304.89,11714.45,1817.72,134201.62,2026-05-14
SAL001499,EMP00337,70646.76,7292.33,6648.23,71290.86,2025-03-24
SAL001500,EMP01197,54284.6,10699.27,5118.39,59865.48,2026-02-03
SAL001501,EMP00858,129985.03,12306.6,14610.43,127681.2,2025-12-23
SAL001502,EMP00688,95480.44,16793.5,13587.09,98686.85,2025-01-06
SAL001503,EMP00223,145398.61,8979.63,3184.82,151193.42,2026-03-29
SAL001504,EMP01088,137437.58,10992.82,11429.29,137001.11,2026-05-16
SAL001505,EMP01190,21698.24,12172.18,13832.04,20038.38,2024-09-13
SAL001506,EMP01169,145583.48,9226.12,14094.35,140715.25,2025-01-31
SAL001507,EMP00049,36095.25,9051.52,6481.72,38665.05,2026-07-30
SAL001508,EMP00531,77594.67,9073.02,13941.21,72726.48,2025-02-10
SAL001509,EMP00443,93541.35,10623.18,8252.02,95912.51,2026-03-24
SAL001510,EMP00216,147912.55,1130.19,1054.18,147988.56,2025-06-10
SAL001511,EMP00138,55953.76,15069.77,13628.05,57395.48,2024-12-26
SAL001512,EMP00198,50564.84,2007.65,13934.56,38637.93,2026-07-27
SAL001513,EMP00190,136859.1,7486.99,1529.92,142816.17,2025-10-24
SAL001514,EMP00059,148639.34,4515.26,14948.17,138206.43,2026-07-22
SAL001515,EMP00977,32747.62,1767.19,2701.28,31813.53,2025-09-24
SAL001516,EMP00496,141636.27,8616.78,9171.22,141081.83,2025-11-05
SAL001517,EMP00635,77947.62,6911.18,3955.26,80903.54,2026-03-01
SAL001518,EMP00336,97886.46,1204.99,2271.12,96820.33,2025-12-09
SAL001519,EMP00714,44789.93,8347.25,13153.71,39983.47,2025-06-17
SAL001520,EMP00528,56200.35,17954.32,4212.77,69941.9,2025-06-26
SAL001521,EMP00744,121392.8,10924.99,13785.74,118532.05,2026-04-28
SAL001522,EMP00624,25781.73,7804.51,12779.06,20807.18,2025-08-07
SAL001523,EMP01074,131184.25,18380.4,11859.03,137705.62,2024-08-17
SAL001524,EMP00233,121104.53,11232.5,5898.31,126438.72,2025-11-21
SAL001525,EMP00670,120214.11,16844.9,9532.01,127527,2025-12-02
SAL001526,EMP00775,147188.16,4551.61,4091.03,147648.74,2025-11-28
SAL001527,EMP01065,93641.24,15668.78,10687.14,98622.88,2026-02-19
SAL001528,EMP01147,102331.75,15617.94,6809.45,111140.24,2026-02-21
SAL001529,EMP00920,25069.32,14982.11,8224.19,31827.24,2024-12-06
SAL001530,EMP00090,60963.33,13183.31,8992.08,65154.56,2026-07-08
SAL001531,EMP00395,68665.89,2424.89,13473.62,57617.16,2025-08-05
SAL001532,EMP00064,28045.82,17285.74,2961.16,42370.4,2026-07-04
SAL001533,EMP00484,121558.25,19273.85,10634.09,130198.01,2025-07-03
SAL001534,EMP00577,27054,3197.65,3605.59,26646.06,2025-11-15
SAL001535,EMP01079,36310.17,10401.9,6041.99,40670.08,2025-09-29
SAL001536,EMP00708,108895.48,7658.05,4372.34,112181.19,2026-07-05
SAL001537,EMP00383,34930.05,4886.75,14932.59,24884.21,2025-03-21
SAL001538,EMP00134,44162.18,17022.18,14229.13,46955.23,2025-12-22
SAL001539,EMP00762,60165.47,9771.09,14389.61,55546.95,2025-05-21
SAL001540,EMP01012,90178.52,5215.73,6074.64,89319.61,2026-05-27
SAL001541,EMP00896,143586.04,15950.75,10550.05,148986.74,2025-09-09
SAL001542,EMP00243,90614.15,18738.76,5850.92,103501.99,2025-11-03
SAL001543,EMP01173,48391.06,14648.23,10987.4,52051.89,2026-01-24
SAL001544,EMP00822,28797.15,19951.39,7442.26,41306.28,2024-08-29
SAL001545,EMP00189,23736.71,14268.27,1374.08,36630.9,2025-01-19
SAL001546,EMP00848,91031.69,18114.02,13382.25,95763.46,2025-01-07
SAL001547,EMP00560,29938.88,12288.6,13906.71,28320.77,2025-01-30
SAL001548,EMP00483,133091.46,5653.24,1312.67,137432.03,2025-12-20
SAL001549,EMP00257,70949.2,6048.47,4417.69,72579.98,2024-09-17
SAL001550,EMP00883,84824.73,9373.43,13101.21,81096.95,2026-06-29
SAL001551,EMP00978,98072.65,3768.01,7575.58,94265.08,2026-07-11
SAL001552,EMP00115,74378.12,17465.79,11097.07,80746.84,2026-04-13
SAL001553,EMP00670,110162.85,19823.28,9393.14,120592.99,2024-11-17
SAL001554,EMP00389,68296.08,9943.97,9035.48,69204.57,2025-07-20
SAL001555,EMP00369,135155.85,14266.91,12692.29,136730.47,2026-08-01
SAL001556,EMP01045,49106.23,19422.94,12387.18,56141.99,2026-06-16
SAL001557,EMP00761,141472.94,17850.85,11101.22,148222.57,2026-02-23
SAL001558,EMP00605,54550.41,12363.45,10985.81,55928.05,2025-01-22
SAL001559,EMP01084,64690.17,10743.31,9078.71,66354.77,2025-10-24
SAL001560,EMP00439,147193.52,9010.36,9711.08,146492.8,2026-05-03
SAL001561,EMP00952,57511.41,13479.96,14733.76,56257.61,2026-05-12
SAL001562,EMP00041,103887.94,16703.59,12706.91,107884.62,2025-01-16
SAL001563,EMP01195,110255.94,18237.43,2104.95,126388.42,2025-05-11
SAL001564,EMP00028,140410.94,19924.83,2261.77,158074,2025-02-11
SAL001565,EMP00942,75755.72,10446.85,1035.79,85166.78,2024-10-25
SAL001566,EMP01123,128833.67,5390.6,5874.09,128350.18,2025-12-23
SAL001567,EMP00290,149662.73,8835.94,6711.41,151787.26,2026-06-18
SAL001568,EMP00925,68331.77,12137.77,9423.61,71045.93,2025-03-02
SAL001569,EMP00461,43374.6,14629.4,6273.56,51730.44,2025-12-04
SAL001570,EMP01066,74099.73,2450.8,3551.39,72999.14,2024-09-16
SAL001571,EMP01194,146175.32,12140.47,1286.29,157029.5,2024-11-11
SAL001572,EMP01069,75804.41,19009.98,2147.62,92666.77,2025-04-13
SAL001573,EMP00682,60823.38,15768.73,12384.64,64207.47,2024-09-14
SAL001574,EMP00170,68418.83,7727.03,2896.32,73249.54,2026-04-27
SAL001575,EMP00122,39391.84,15363.66,10879.36,43876.14,2025-05-02
SAL001576,EMP00607,110518.49,3790.05,4388.78,109919.76,2026-04-26
SAL001577,EMP00803,60415.37,3322.05,13955.02,49782.4,2025-07-19
SAL001578,EMP00337,25114.92,12059.61,1715.15,35459.38,2025-12-26
SAL001579,EMP00705,47836.68,17565.65,14499.64,50902.69,2026-03-24
SAL001580,EMP00008,146941.68,6543.9,2144.26,151341.32,2025-07-17
SAL001581,EMP00069,136263.06,16666.31,5641.88,147287.49,2026-07-28
SAL001582,EMP01081,48710.2,4892.25,12097.97,41504.48,2024-12-31
SAL001583,EMP00627,91339.86,3125.26,4077.42,90387.7,2024-09-25
SAL001584,EMP00225,66420.25,8326.43,6782.76,67963.92,2025-08-23
SAL001585,EMP00494,97666.17,14777.82,2374.31,110069.68,2024-10-16
SAL001586,EMP00353,54296.95,18827.41,8971.17,64153.19,2025-03-22
SAL001587,EMP00568,42120.16,7439.14,5511.89,44047.41,2025-10-16
SAL001588,EMP00872,81146.2,18997.21,1074.46,99068.95,2024-12-24
SAL001589,EMP00298,29647.41,11378.8,9237.15,31789.06,2024-11-23
SAL001590,EMP01224,104177.78,15822.02,14260.9,105738.9,2025-03-26
SAL001591,EMP00797,41128.04,4572.91,12766.63,32934.32,2025-01-01
SAL001592,EMP00931,48439.42,1490.77,8064.89,41865.3,2025-05-02
SAL001593,EMP00905,90962.4,13353.94,13917.53,90398.81,2024-10-05
SAL001594,EMP00385,131951.97,5855.77,4684.29,133123.45,2026-06-27
SAL001595,EMP00922,81685.5,18633.5,12658.19,87660.81,2026-07-29
SAL001596,EMP00106,121764.93,17278.13,14595.64,124447.42,2026-06-20
SAL001597,EMP00353,148876.63,15064.72,9310.03,154631.32,2025-02-26
SAL001598,EMP00192,116848.57,18957.86,7378.79,128427.64,2026-06-16
SAL001599,EMP00193,83697.82,5039.24,13003.51,75733.55,2026-02-24
SAL001600,EMP01138,134542.4,6845.29,12580.29,128807.4,2025-04-19
SAL001601,EMP00138,42069.41,16297.59,14285.77,44081.23,2025-12-25
SAL001602,EMP00821,40120.05,6879.87,2212.75,44787.17,2025-11-26
SAL001603,EMP01075,22707.89,15545.53,3752.56,34500.86,2025-09-02
SAL001604,EMP00578,21838.22,9936.68,5456.79,26318.11,2024-12-23
SAL001605,EMP00404,91563.37,10914.24,2507.18,99970.43,2025-10-02
SAL001606,EMP00595,146072.84,14802.83,1023.04,159852.63,2026-02-12
SAL001607,EMP00707,21563.24,19380.01,5551.5,35391.75,2025-05-02
SAL001608,EMP00613,65809.87,2817.99,1232.26,67395.6,2026-01-15
SAL001609,EMP01002,47377.9,6968.39,8255.11,46091.18,2026-05-30
SAL001610,EMP00564,74503.02,15533.5,1184.97,88851.55,2025-07-21
SAL001611,EMP00024,20835,7574.51,10088.23,18321.28,2024-10-09
SAL001612,EMP00474,106429.87,2970,5348.91,104050.96,2025-02-17
SAL001613,EMP01174,146271.74,5549.15,14612.08,137208.81,2025-09-22
SAL001614,EMP00337,35462.49,14324.11,13060.5,36726.1,2024-10-18
SAL001615,EMP00834,119991.46,19227.47,14227.32,124991.61,2024-10-26
SAL001616,EMP00497,93768.32,4701.92,4899.22,93571.02,2025-01-13
SAL001617,EMP00045,135160.74,19849.93,10983.93,144026.74,2026-05-08
SAL001618,EMP00688,29774.99,19456.49,5987.17,43244.31,2025-10-13
SAL001619,EMP00701,67897.83,12130.77,8813.62,71214.98,2026-06-03
SAL001620,EMP00300,45329.34,7891.55,5471.76,47749.13,2026-06-04
SAL001621,EMP00706,107220.37,1020.6,10066.57,98174.4,2026-04-28
SAL001622,EMP00777,48592.62,1966.44,3518.57,47040.49,2025-07-12
SAL001623,EMP00544,93524.97,7102.83,11282.79,89345.01,2025-12-06
SAL001624,EMP01217,85299.28,6953.11,13841.89,78410.5,2025-05-26
SAL001625,EMP00679,58790.52,5425.33,7845.17,56370.68,2025-06-14
SAL001626,EMP00822,27317.78,5526.8,10756.14,22088.44,2024-08-13
SAL001627,EMP00806,132711.97,13101.62,10600.36,135213.23,2025-12-24
SAL001628,EMP00280,92694.68,14575.24,8214.95,99054.97,2026-06-29
SAL001629,EMP00778,34807.11,6364.84,2090.67,39081.28,2025-02-02
SAL001630,EMP00751,104841.26,5088.25,8068.23,101861.28,2025-07-21
SAL001631,EMP01029,107085.97,8039.45,11304.24,103821.18,2025-01-02
SAL001632,EMP00995,102618.76,18916.75,4330.5,117205.01,2026-04-20
SAL001633,EMP00372,85811.68,3507.79,6018.47,83301,2026-03-02
SAL001634,EMP00269,86611.66,5540.66,12825.6,79326.72,2025-08-23
SAL001635,EMP00225,40335.16,17685.09,4001.81,54018.44,2025-06-10
SAL001636,EMP00592,112800.72,15111.64,4754.12,123158.24,2025-09-23
SAL001637,EMP00051,127028.81,1907.94,2234.33,126702.42,2025-11-29
SAL001638,EMP01122,101901.46,5316.73,14792.11,92426.08,2026-07-25
SAL001639,EMP00207,145795.23,7612.73,11886.27,141521.69,2024-09-01
SAL001640,EMP00977,22134.01,3206.38,6934.83,18405.56,2026-03-02
SAL001641,EMP00536,52490.89,19444.93,1463.98,70471.84,2025-03-08
SAL001642,EMP01101,47284.06,11046.45,4380.68,53949.83,2026-03-02
SAL001643,EMP00909,34827.58,1503.36,4607.9,31723.04,2024-10-27
SAL001644,EMP00277,100119.24,6725,2294,104550.24,2025-03-13
SAL001645,EMP00720,34600.31,6570.16,5423.07,35747.4,2025-11-23
SAL001646,EMP00523,132787.05,4774.44,8887.05,128674.44,2026-05-06
SAL001647,EMP01182,113571.81,19193.09,9169.16,123595.74,2025-04-16
SAL001648,EMP00646,85654.44,4419.35,10128.91,79944.88,2026-01-04
SAL001649,EMP00405,97763.51,9651.33,1119.38,106295.46,2025-11-01
SAL001650,EMP01178,136333.95,18718.84,2222.61,152830.18,2025-08-27
SAL001651,EMP00839,127343.25,16915.48,5045.11,139213.62,2026-03-24
SAL001652,EMP01125,140667.96,6638.45,4073.18,143233.23,2024-12-07
SAL001653,EMP00104,23215.6,14280.13,1410.15,36085.58,2025-08-05
SAL001654,EMP00719,124257.01,8205.22,5390.95,127071.28,2026-02-11
SAL001655,EMP00652,119792.05,19936.87,9668.17,130060.75,2025-09-14
SAL001656,EMP00120,110654.53,4097.37,3733.28,111018.62,2026-02-09
SAL001657,EMP00682,79357.7,11120.13,5814.27,84663.56,2026-02-03
SAL001658,EMP00738,59833.51,14224.32,3362.8,70695.03,2026-04-12
SAL001659,EMP00766,35101.38,19119.94,5405.02,48816.3,2024-11-24
SAL001660,EMP00813,110380.1,9019.75,7910.43,111489.42,2025-10-07
SAL001661,EMP00739,117155.83,2138.94,13062.39,106232.38,2025-08-07
SAL001662,EMP00221,148719.36,3630.76,14253.64,138096.48,2026-02-22
SAL001663,EMP00399,106105.49,15441.65,3550.73,117996.41,2025-01-26
SAL001664,EMP00112,149525.06,9013.29,2375.98,156162.37,2025-12-25
SAL001665,EMP00809,130783.53,4039.38,2107.28,132715.63,2025-05-07
SAL001666,EMP01019,63279.31,3393.14,5642.97,61029.48,2025-02-15
SAL001667,EMP00541,129115.72,2647.51,4165.84,127597.39,2025-10-07
SAL001668,EMP00991,21393.92,14350.98,9650.11,26094.79,2026-03-09
SAL001669,EMP00214,70053.61,6765.65,1477.43,75341.83,2025-01-03
SAL001670,EMP00005,56746.78,9451.03,8071.57,58126.24,2025-07-20
SAL001671,EMP00718,56017.95,5195.6,10183.89,51029.66,2026-02-15
SAL001672,EMP00323,129881.3,5404.26,4223.08,131062.48,2025-10-18
SAL001673,EMP00397,46366.15,1081.32,13595.93,33851.54,2025-03-04
SAL001674,EMP00936,146079.17,17311.51,8628.93,154761.75,2025-05-18
SAL001675,EMP00186,82177.21,17595.63,6954.66,92818.18,2026-02-12
SAL001676,EMP00487,145709.79,7755.05,2350.83,151114.01,2024-10-25
SAL001677,EMP00883,92535.25,2836.84,4803.4,90568.69,2026-04-25
SAL001678,EMP00868,24469.37,8521.17,14932.72,18057.82,2024-09-03
SAL001679,EMP00977,80821.74,12863.84,12940.58,80745,2026-01-07
SAL001680,EMP00034,127052.17,4106.24,11515.73,119642.68,2026-08-12
SAL001681,EMP00963,118655.31,17588.61,7928.44,128315.48,2024-12-12
SAL001682,EMP00678,20749.95,13455.05,14515.43,19689.57,2026-06-11
SAL001683,EMP00381,102506.66,2325.75,2188.61,102643.8,2024-08-22
SAL001684,EMP01216,124574.1,19019.13,3797.45,139795.78,2024-11-29
SAL001685,EMP00594,102261.89,14059.8,6741.87,109579.82,2026-08-12
SAL001686,EMP00012,111075.13,4836.46,14981.24,100930.35,2025-09-19
SAL001687,EMP00701,129332.94,19402.57,2779.16,145956.35,2024-10-04
SAL001688,EMP00067,86651.89,13770.28,4551.45,95870.72,2024-11-24
SAL001689,EMP00388,140331.42,18620.53,5777.71,153174.24,2025-01-05
SAL001690,EMP00453,67581.64,11945.42,14495.76,65031.3,2024-09-22
SAL001691,EMP00216,115251.5,15074.89,7431.71,122894.68,2026-03-12
SAL001692,EMP01203,66221.89,8648.21,4811.17,70058.93,2025-03-17
SAL001693,EMP00237,66087.88,1346.98,5011.72,62423.14,2024-12-11
SAL001694,EMP01218,118087.39,17152.09,13056.79,122182.69,2026-01-30
SAL001695,EMP00667,41499.61,19223.04,4578.22,56144.43,2024-08-22
SAL001696,EMP00319,24808.9,12769.94,9042.43,28536.41,2025-03-01
SAL001697,EMP00493,47439.93,6647.42,1442.74,52644.61,2024-09-16
SAL001698,EMP00421,132919.65,15961.68,5583.32,143298.01,2026-01-30
SAL001699,EMP00270,133767.62,5877.49,11574.29,128070.82,2025-10-03
SAL001700,EMP00779,113112.87,9798.92,6444.88,116466.91,2024-10-16
SAL001701,EMP00887,64264.83,7544.99,11555.6,60254.22,2025-02-17
SAL001702,EMP01024,29733.44,3760.29,1550.78,31942.95,2025-02-08
SAL001703,EMP01061,93802.42,15014.58,11654.11,97162.89,2026-06-09
SAL001704,EMP00212,79929.9,15260.9,12222.51,82968.29,2024-08-30
SAL001705,EMP00413,112323.23,3286.29,5727.18,109882.34,2026-04-05
SAL001706,EMP00516,141636.52,16576.47,8282.14,149930.85,2025-05-15
SAL001707,EMP01080,35225.83,3917.09,6064.42,33078.5,2025-02-27
SAL001708,EMP00122,95419.33,8070.87,7131.57,96358.63,2025-12-20
SAL001709,EMP00969,113497.48,16006.79,7873.7,121630.57,2026-03-02
SAL001710,EMP00792,121777.06,1442.93,4985.11,118234.88,2025-07-29
SAL001711,EMP00656,129390.12,17774.56,1664.37,145500.31,2025-09-01
SAL001712,EMP00350,135517.01,12396.74,8149.81,139763.94,2025-07-28
SAL001713,EMP00764,69205.41,7188.85,9158.29,67235.97,2026-03-14
SAL001714,EMP01037,81995.96,13567.75,4091.15,91472.56,2026-06-01
SAL001715,EMP00426,49178.71,5680.4,5958.76,48900.35,2025-10-18
SAL001716,EMP00041,112459.99,4196.92,11853.83,104803.08,2026-02-06
SAL001717,EMP01040,45962.33,10681.34,2436.57,54207.1,2024-08-25
SAL001718,EMP01195,44360.1,4086.35,8047.27,40399.18,2025-08-06
SAL001719,EMP00918,85581.76,2513.3,10784.45,77310.61,2025-01-15
SAL001720,EMP00220,50167.56,16025.24,5077.97,61114.83,2025-11-28
SAL001721,EMP01002,41079.74,2953.94,12727.38,31306.3,2025-10-27
SAL001722,EMP00466,67604.18,5417.09,6494.31,66526.96,2026-04-03
SAL001723,EMP00019,123509.46,15969.73,7033.22,132445.97,2026-01-07
SAL001724,EMP00225,78432.18,4867.04,4104.79,79194.43,2024-10-12
SAL001725,EMP00247,137380.42,10079.95,1839.77,145620.6,2026-05-19
SAL001726,EMP00250,45987.78,18067.56,14499.13,49556.21,2025-12-22
SAL001727,EMP00096,121152.49,19591.42,3884.64,136859.27,2025-06-25
SAL001728,EMP00637,72824.91,7674.67,9211.91,71287.67,2025-04-20
SAL001729,EMP01047,99386.18,16779.36,12186.37,103979.17,2025-01-18
SAL001730,EMP01012,82599.36,9543.94,3528.95,88614.35,2025-02-10
SAL001731,EMP00553,110817.07,13638.37,3192.41,121263.03,2025-10-21
SAL001732,EMP01109,121952.38,18362.56,13267.43,127047.51,2024-11-16
SAL001733,EMP01045,127820.48,1643.45,9125.81,120338.12,2026-07-03
SAL001734,EMP01158,142433.85,5521.09,7733.76,140221.18,2024-10-11
SAL001735,EMP01088,48869.9,12221.22,4702.31,56388.81,2025-01-24
SAL001736,EMP00458,114210.97,15165.05,4636.12,124739.9,2024-09-16
SAL001737,EMP00332,56645.59,14998.66,9157.68,62486.57,2026-03-29
SAL001738,EMP00015,125015.45,11281.78,7298.52,128998.71,2026-04-10
SAL001739,EMP00440,124640.33,1103.62,12063.13,113680.82,2025-03-04
SAL001740,EMP00039,121772.15,7705.83,7901.38,121576.6,2025-06-02
SAL001741,EMP00629,36534.47,17297.2,12261.24,41570.43,2025-02-06
SAL001742,EMP00051,45420.28,2880.15,13091.72,35208.71,2026-03-28
SAL001743,EMP00362,30536.23,19725.8,4233.35,46028.68,2024-09-29
SAL001744,EMP00140,93946.87,8380.47,10333.93,91993.41,2025-12-10
SAL001745,EMP00136,47301.61,6367.01,11659.33,42009.29,2025-07-30
SAL001746,EMP00909,94596.99,18625.3,2079.2,111143.09,2025-02-10
SAL001747,EMP00616,95547.36,11935.14,3601.7,103880.8,2025-09-22
SAL001748,EMP00162,124222.81,14204.88,3823.85,134603.84,2026-01-20
SAL001749,EMP00908,119662.65,19186.58,3331.06,135518.17,2025-09-01
SAL001750,EMP01206,27779.91,7344.1,12399.28,22724.73,2026-05-12
SAL001751,EMP01115,56366.98,19710.53,13115.19,62962.32,2024-08-31
SAL001752,EMP00590,103703.1,17875.53,7875.51,113703.12,2025-04-29
SAL001753,EMP00858,139525.06,2642.7,11513.2,130654.56,2024-09-11
SAL001754,EMP00782,95036.12,3336.71,5240.08,93132.75,2025-10-07
SAL001755,EMP01123,83245.74,5019.55,11520.26,76745.03,2025-12-10
SAL001756,EMP00318,79742.03,6600.31,14738.24,71604.1,2025-09-12
SAL001757,EMP00141,50394.03,13557.23,14831.46,49119.8,2025-10-30
SAL001758,EMP01063,68014.53,19011.1,3749.32,83276.31,2026-03-19
SAL001759,EMP00464,46579.6,6209.95,1506.14,51283.41,2025-04-20
SAL001760,EMP00837,119568.53,9934.68,8032.1,121471.11,2026-01-19
SAL001761,EMP00253,125660.33,3281.39,9374.44,119567.28,2024-11-04
SAL001762,EMP00982,111337.99,3798.24,11061,104075.23,2024-12-07
SAL001763,EMP01120,103131.85,7596.85,8219.42,102509.28,2025-11-24
SAL001764,EMP00360,88850.01,8125.96,8742.21,88233.76,2026-07-19
SAL001765,EMP00703,147369.77,9390.06,5638.03,151121.8,2024-10-29
SAL001766,EMP01003,101824.96,6128.8,6281.54,101672.22,2025-07-28
SAL001767,EMP01158,145512.36,15068.18,5791.99,154788.55,2025-01-13
SAL001768,EMP00226,29951.62,7640.18,2790.69,34801.11,2025-10-17
SAL001769,EMP00838,102830.77,8538.12,1007.8,110361.09,2026-01-22
SAL001770,EMP00298,76698.49,6137.34,8118.59,74717.24,2025-02-02
SAL001771,EMP00104,103671.98,5657.82,10083.32,99246.48,2026-04-15
SAL001772,EMP00876,118608.63,15266.4,3569.63,130305.4,2026-03-12
SAL001773,EMP00705,146809.1,15231.68,1037.68,161003.1,2024-12-05
SAL001774,EMP00180,127910.12,8270.23,9933.67,126246.68,2026-07-10
SAL001775,EMP00448,129142.17,3747.37,9157.09,123732.45,2025-12-03
SAL001776,EMP00168,106273.41,17805.97,2453.44,121625.94,2024-12-24
SAL001777,EMP00320,107456.94,11521.88,4489.04,114489.78,2025-10-27
SAL001778,EMP01085,98138.08,6938.16,9217.32,95858.92,2026-07-21
SAL001779,EMP00156,141919.26,9467.22,12056.37,139330.11,2025-08-04
SAL001780,EMP00747,34117.86,9711.58,10267.18,33562.26,2026-01-20
SAL001781,EMP00235,149361.71,15270.69,10311.47,154320.93,2024-11-09
SAL001782,EMP00881,110023.44,19290.74,2627.4,126686.78,2024-11-05
SAL001783,EMP00014,78705.51,18185.48,8134.05,88756.94,2026-07-27
SAL001784,EMP00581,147567.03,15194.93,14005.27,148756.69,2025-12-29
SAL001785,EMP00033,93723.2,13092.1,11183.2,95632.1,2024-09-07
SAL001786,EMP00701,82376.44,5762.43,4166.08,83972.79,2026-05-29
SAL001787,EMP00522,101579.8,17533.98,10938.12,108175.66,2026-03-28
SAL001788,EMP00063,29590.49,3312.49,9069.9,23833.08,2025-09-24
SAL001789,EMP00912,65141.6,18092.39,10605.53,72628.46,2026-06-29
SAL001790,EMP00902,81906.63,19306.87,11550.82,89662.68,2025-01-18
SAL001791,EMP00610,110973.68,10602.25,13559.95,108015.98,2025-04-05
SAL001792,EMP00901,68936.7,15135.82,1932.25,82140.27,2026-07-23
SAL001793,EMP01104,88129.74,11781.17,4627.33,95283.58,2024-11-24
SAL001794,EMP00748,109086.14,11633.34,1196.08,119523.4,2025-12-04
SAL001795,EMP00861,149670.41,13897.87,5085.38,158482.9,2026-07-15
SAL001796,EMP01190,81697.96,13610.59,12444.94,82863.61,2025-07-15
SAL001797,EMP00292,65491.49,15523.19,4610.66,76404.02,2025-08-09
SAL001798,EMP01136,131749.4,15877.83,1569.96,146057.27,2026-06-07
SAL001799,EMP00046,110389.51,1500.73,8047.09,103843.15,2026-03-05
SAL001800,EMP00507,142973.89,11223.15,11738.16,142458.88,2025-03-08
SAL001801,EMP01230,53294.78,16896.17,8171.11,62019.84,2026-02-16
SAL001802,EMP00362,37146.62,15452.47,14007.15,38591.94,2026-05-28
SAL001803,EMP00116,89612.37,11818.07,7002.34,94428.1,2026-03-02
SAL001804,EMP01001,93033.83,5428.12,10995.31,87466.64,2025-09-10
SAL001805,EMP01037,141912.8,6895.37,6759.42,142048.75,2025-08-22
SAL001806,EMP00268,43578.98,6633.2,4281.85,45930.33,2025-12-06
SAL001807,EMP00249,143834.98,6025.45,13325.94,136534.49,2026-02-28
SAL001808,EMP00197,81105.73,7616.19,3625.79,85096.13,2026-07-22
SAL001809,EMP01097,79057.2,12892.55,2893.77,89055.98,2025-11-21
SAL001810,EMP01148,80594.75,6259.68,3937.03,82917.4,2026-05-04
SAL001811,EMP01165,103245.58,5354.6,12402.23,96197.95,2025-07-26
SAL001812,EMP00685,28892.05,10455.49,7709.16,31638.38,2025-10-11
SAL001813,EMP01090,119761.52,4704.21,6464.64,118001.09,2026-04-21
SAL001814,EMP01229,51926.33,5522.7,11016.66,46432.37,2024-09-08
SAL001815,EMP00305,109081.75,5177.56,10059.13,104200.18,2025-07-19
SAL001816,EMP00033,139909.15,12824.53,6701.18,146032.5,2025-03-30
SAL001817,EMP00798,117773.85,2365.12,10718.45,109420.52,2026-02-06
SAL001818,EMP00945,126763.9,13513.79,13486.5,126791.19,2024-10-07
SAL001819,EMP00759,138050.22,8293.86,9267.25,137076.83,2024-11-03
SAL001820,EMP00103,140191.6,1359.12,12074.31,129476.41,2025-01-03
SAL001821,EMP00437,127636.36,16734.44,13269.93,131100.87,2026-01-23
SAL001822,EMP00501,62237.93,15923.21,12605.18,65555.96,2024-09-04
SAL001823,EMP00735,127988.17,16842.79,9692.43,135138.53,2024-12-25
SAL001824,EMP00107,89211.42,12575.53,14185.72,87601.23,2024-08-14
SAL001825,EMP00291,126102.25,16172.74,10978.77,131296.22,2026-01-28
SAL001826,EMP01007,86070.26,14002.65,7757.81,92315.1,2026-03-27
SAL001827,EMP00425,45345.93,6174.4,7782.08,43738.25,2025-05-07
SAL001828,EMP00754,91224.21,1659.63,1334.58,91549.26,2024-09-07
SAL001829,EMP00692,119279.11,2775.71,11439.87,110614.95,2025-08-20
SAL001830,EMP00517,45497.65,4085.49,7326.24,42256.9,2024-12-01
SAL001831,EMP00174,74596.3,18409.64,5314.14,87691.8,2024-09-28
SAL001832,EMP01191,54723.45,5030.41,2674.56,57079.3,2025-02-06
SAL001833,EMP00014,105972.11,2373.27,10665.48,97679.9,2025-02-25
SAL001834,EMP00204,123640.24,1688.33,12264.34,113064.23,2025-11-30
SAL001835,EMP01208,50175.5,14894.72,8554.77,56515.45,2026-03-19
SAL001836,EMP00133,149815.3,9625.81,1784.89,157656.22,2026-06-11
SAL001837,EMP00374,106036.35,1737.92,4590.35,103183.92,2024-08-13
SAL001838,EMP00984,75171.23,13264.05,1796.58,86638.7,2026-04-09
SAL001839,EMP00797,79709.98,16008.75,1960.74,93757.99,2025-01-23
SAL001840,EMP00163,111785.48,3962.89,4185.11,111563.26,2025-12-16
SAL001841,EMP00142,62521.3,13853.57,3401.99,72972.88,2025-07-29
SAL001842,EMP00561,136834.56,6280.82,8600.14,134515.24,2025-09-14
SAL001843,EMP00988,110327.25,9532.66,8618.56,111241.35,2025-06-28
SAL001844,EMP01120,133189.55,17198.77,12892.47,137495.85,2025-04-16
SAL001845,EMP00402,47259.74,13450.02,4905.93,55803.83,2025-04-13
SAL001846,EMP00762,93853.72,13220.59,7852.25,99222.06,2025-03-14
SAL001847,EMP00220,51182.25,8032.28,6642.7,52571.83,2025-08-01
SAL001848,EMP00199,35265.91,16257.2,14007.06,37516.05,2025-08-02
SAL001849,EMP00582,67561.84,3676.6,11354.02,59884.42,2025-05-05
SAL001850,EMP00221,138288.22,15255.87,9278.25,144265.84,2025-12-16
SAL001851,EMP00872,148485.68,18116.21,6083.8,160518.09,2024-11-09
SAL001852,EMP01008,78727.14,10293.39,8231.15,80789.38,2024-08-24
SAL001853,EMP00951,41569.58,7763.77,11714,37619.35,2025-02-05
SAL001854,EMP00332,70545.07,13509.35,13072.55,70981.87,2025-09-08
SAL001855,EMP00982,79928.76,11752.99,4238.19,87443.56,2025-02-07
SAL001856,EMP00907,128642.79,12121.25,13182.69,127581.35,2026-08-10
SAL001857,EMP00559,83630.51,7688.72,5209.49,86109.74,2024-09-30
SAL001858,EMP00119,108522.18,8669.29,14380.07,102811.4,2025-05-12
SAL001859,EMP00083,133324.23,3830.21,1536.93,135617.51,2025-12-22
SAL001860,EMP00357,134314.53,19928.17,6037.77,148204.93,2025-09-23
SAL001861,EMP00737,24842.13,4563.52,3695.41,25710.24,2026-04-12
SAL001862,EMP00420,54540.67,4117.63,8766.46,49891.84,2026-05-11
SAL001863,EMP00411,74899.04,12081.34,2483.25,84497.13,2026-07-02
SAL001864,EMP00655,98844.05,12450.96,1767.37,109527.64,2026-04-04
SAL001865,EMP00934,147062.18,4847.47,1250.75,150658.9,2024-11-01
SAL001866,EMP00415,139079.23,16187.94,1969.97,153297.2,2026-03-20
SAL001867,EMP00374,81835.31,10806.31,6431.49,86210.13,2024-09-11
SAL001868,EMP01047,143791.61,14349.82,1895.67,156245.76,2026-02-27
SAL001869,EMP00945,65773.66,10434.67,8853.06,67355.27,2026-01-10
SAL001870,EMP00512,128096.76,18249.13,6530.79,139815.1,2026-05-11
SAL001871,EMP00663,103186.91,3143.66,6195.85,100134.72,2025-09-23
SAL001872,EMP00047,143580.45,7631.56,5346.72,145865.29,2025-02-11
SAL001873,EMP01185,22063.4,8200.43,13581.07,16682.76,2026-06-29
SAL001874,EMP01221,100812.52,5941.9,2475.97,104278.45,2025-09-05
SAL001875,EMP01034,73196.57,17462.13,1999.42,88659.28,2025-04-12
SAL001876,EMP00104,144943.19,6072.73,4483.91,146532.01,2025-07-15
SAL001877,EMP00115,49064.49,7317.42,14667.97,41713.94,2026-05-11
SAL001878,EMP00360,90329.91,2142.96,5335.6,87137.27,2025-11-13
SAL001879,EMP00437,69865.11,4291.49,12879.94,61276.66,2024-10-27
SAL001880,EMP00305,22549.55,16224.35,11351.72,27422.18,2025-08-07
SAL001881,EMP00631,128036.68,10690.13,11851.17,126875.64,2025-03-17
SAL001882,EMP00050,115940.7,3758.93,11903.95,107795.68,2025-10-24
SAL001883,EMP01225,20716.62,8602.51,12601.86,16717.27,2025-02-27
SAL001884,EMP01128,71630.3,14122.93,2099.2,83654.03,2025-03-20
SAL001885,EMP00462,76829.31,17937.6,1679.43,93087.48,2026-05-25
SAL001886,EMP00975,54511.69,17363.36,1641.58,70233.47,2025-12-31
SAL001887,EMP00282,108211.29,12389.2,9583.63,111016.86,2026-03-04
SAL001888,EMP00293,28312.02,14149.06,4553.31,37907.77,2025-06-25
SAL001889,EMP00436,92038.61,11550.1,6600.68,96988.03,2025-01-27
SAL001890,EMP00510,141790.36,13756.63,5053.17,150493.82,2026-07-30
SAL001891,EMP00083,103025.1,12669.69,12268.14,103426.65,2025-10-24
SAL001892,EMP01107,63398.91,14377.75,11059.37,66717.29,2026-03-20
SAL001893,EMP01040,49583.88,18939.74,1243.21,67280.41,2025-06-18
SAL001894,EMP01148,105059.47,3107.61,5717.25,102449.83,2024-09-04
SAL001895,EMP00531,92372.55,8289.55,1257.41,99404.69,2024-09-03
SAL001896,EMP00570,65606.67,12712.1,12535.62,65783.15,2026-07-11
SAL001897,EMP00635,64132.7,17189.91,6220.21,75102.4,2024-08-15
SAL001898,EMP00275,47329.52,7631.29,6942.32,48018.49,2025-11-23
SAL001899,EMP00651,131280.1,7320.51,12282.03,126318.58,2025-01-04
SAL001900,EMP00539,97345.44,1317.98,3827.01,94836.41,2025-04-16
SAL001901,EMP00271,106214.36,10414.22,7171.47,109457.11,2025-07-25
SAL001902,EMP00601,49484.32,6655.95,14424.15,41716.12,2024-12-05
SAL001903,EMP00685,53384.19,1084.6,12312.23,42156.56,2026-04-15
SAL001904,EMP00482,146220.77,15687.36,5712.77,156195.36,2025-12-24
SAL001905,EMP00551,81341.65,8236.49,7423.72,82154.42,2024-10-21
SAL001906,EMP00350,136464.03,17033.71,12634.75,140862.99,2026-02-02
SAL001907,EMP00522,35992.91,7006.55,2520.57,40478.89,2026-06-24
SAL001908,EMP00503,130060.35,10459.25,5830.46,134689.14,2026-02-12
SAL001909,EMP00231,53703.68,10433.61,10910.65,53226.64,2026-03-13
SAL001910,EMP00607,77440.46,9505.08,10466.6,76478.94,2026-02-12
SAL001911,EMP00521,31030.83,14996.26,10434.22,35592.87,2025-01-09
SAL001912,EMP00396,123704.45,8184.67,8991.32,122897.8,2025-10-12
SAL001913,EMP00416,134460.72,2592.68,13672.33,123381.07,2025-05-22
SAL001914,EMP01101,71457.1,17806.21,5394.89,83868.42,2026-04-06
SAL001915,EMP00995,127546.54,15238.43,7522.61,135262.36,2025-10-09
SAL001916,EMP00219,145637.88,15582.82,13278.36,147942.34,2025-08-02
SAL001917,EMP00186,105112.5,7409.69,13880.46,98641.73,2025-08-28
SAL001918,EMP00197,89981.92,10133.4,14664.25,85451.07,2026-04-24
SAL001919,EMP00334,93803.76,12998.81,1715.18,105087.39,2026-01-06
SAL001920,EMP00400,42092.95,5546.89,1342.06,46297.78,2025-06-18
SAL001921,EMP00916,57264.44,5631.61,9534.72,53361.33,2026-02-24
SAL001922,EMP00569,61593.55,15878.82,2813.97,74658.4,2026-02-21
SAL001923,EMP00953,47067.87,8681.67,14181.63,41567.91,2024-08-21
SAL001924,EMP01091,38866.92,15597.95,9578.2,44886.67,2025-01-06
SAL001925,EMP00676,89797.72,14779.14,4278.48,100298.38,2026-05-04
SAL001926,EMP00455,83811.94,15162.52,13995.21,84979.25,2024-11-27
SAL001927,EMP00565,63873.39,16922.2,5941.46,74854.13,2026-04-19
SAL001928,EMP00488,128421.27,7062.46,7733.81,127749.92,2025-10-31
SAL001929,EMP00197,117372.45,17690.85,2276.23,132787.07,2026-07-10
SAL001930,EMP01021,82745.61,13301.72,9766.54,86280.79,2024-12-03
SAL001931,EMP00671,108047.48,9154.41,7100.91,110100.98,2025-05-27
SAL001932,EMP00545,122502.04,17247.43,9207.06,130542.41,2026-07-27
SAL001933,EMP00859,64403.46,14376.97,6389.86,72390.57,2025-08-30
SAL001934,EMP01128,76206.81,9211.9,9238.44,76180.27,2025-09-24
SAL001935,EMP01149,39837.48,19025.49,5959.65,52903.32,2026-06-08
SAL001936,EMP00845,148082.08,9425.87,4055.36,153452.59,2025-08-20
SAL001937,EMP00224,149376.55,14611.82,14393.25,149595.12,2026-04-25
SAL001938,EMP01151,54233.02,12069.41,10320.79,55981.64,2025-11-25
SAL001939,EMP00206,131023.59,4623.73,14007.86,121639.46,2026-08-05
SAL001940,EMP00625,43847.34,15986.09,3970.53,55862.9,2026-02-24
SAL001941,EMP00505,33783.5,18541.85,4382.14,47943.21,2024-09-13
SAL001942,EMP00459,105776.17,2310.26,11464.65,96621.78,2025-12-20
SAL001943,EMP00369,78934.28,8861.88,11217.19,76578.97,2024-11-09
SAL001944,EMP00561,49248.08,1719.76,4616.47,46351.37,2025-01-06
SAL001945,EMP00404,64260.34,17574.21,12713.71,69120.84,2024-10-21
SAL001946,EMP00532,73488.01,19938.45,4958.22,88468.24,2025-07-31
SAL001947,EMP00039,136680.27,7119.45,11916.93,131882.79,2026-06-25
SAL001948,EMP00813,118689.88,10139.53,6126.83,122702.58,2025-01-19
SAL001949,EMP01096,78319.49,5033.44,6386.94,76965.99,2024-10-12
SAL001950,EMP00338,78006.88,1468.63,10280.39,69195.12,2025-09-25
SAL001951,EMP00536,57788.33,8659.71,14281.76,52166.28,2024-08-26
SAL001952,EMP00374,57612.67,10193.47,4540.74,63265.4,2025-05-31
SAL001953,EMP00508,115005.78,10961.73,11095.22,114872.29,2025-08-24
SAL001954,EMP00265,114348.85,19053.36,7620.94,125781.27,2025-09-02
SAL001955,EMP00927,86287.83,18513.15,4337.58,100463.4,2026-07-21
SAL001956,EMP01054,31762.09,5725.51,3157.93,34329.67,2024-09-21
SAL001957,EMP00339,28978.45,11633.2,12814.59,27797.06,2024-12-07
SAL001958,EMP00673,52202.96,8145.67,6712.82,53635.81,2026-06-03
SAL001959,EMP01111,39654.43,1523.61,3457.55,37720.49,2026-04-23
SAL001960,EMP00143,122828.55,16312.49,6421.49,132719.55,2026-02-21
SAL001961,EMP00922,37298.39,11472.8,12879.61,35891.58,2025-12-05
SAL001962,EMP00272,73693.18,1997.07,12705.24,62985.01,2025-03-15
SAL001963,EMP00632,98524.48,11861.42,13952.2,96433.7,2024-11-23
SAL001964,EMP00675,69782.53,11329.62,4201.29,76910.86,2026-07-13
SAL001965,EMP01096,84861.05,13964.11,9448.49,89376.67,2026-06-19
SAL001966,EMP00585,27994.72,14193.21,4021.32,38166.61,2026-06-14
SAL001967,EMP00755,26876.43,16051.79,2540.84,40387.38,2024-11-18
SAL001968,EMP00120,135191.83,12883.24,7265.29,140809.78,2024-12-14
SAL001969,EMP00289,118506.44,12344.32,1137.36,129713.4,2025-09-12
SAL001970,EMP00330,117183.48,11841.34,13133.81,115891.01,2025-12-30
SAL001971,EMP00674,107187.46,15062.19,9545.05,112704.6,2025-05-25
SAL001972,EMP00157,69537.48,19861.46,2383.81,87015.13,2026-02-21
SAL001973,EMP01088,105386.65,1789.61,9293.61,97882.65,2025-05-04
SAL001974,EMP00955,105592.41,17016.17,8289.17,114319.41,2026-04-16
SAL001975,EMP01212,60139.18,13518.99,5512.83,68145.34,2026-02-24
SAL001976,EMP00506,25313.61,10080.44,4036.2,31357.85,2025-10-10
SAL001977,EMP00166,78660.79,15956.43,3772.14,90845.08,2025-03-23
SAL001978,EMP00305,21719.29,12529.01,5636.09,28612.21,2024-10-18
SAL001979,EMP00990,27028.92,10387.36,9909.7,27506.58,2024-11-09
SAL001980,EMP00634,76031.26,7818.8,10498.29,73351.77,2025-02-21
SAL001981,EMP00736,84663.09,14169.56,12913.37,85919.28,2025-04-05
SAL001982,EMP00001,135420.33,12421.97,13747.66,134094.64,2026-05-19
SAL001983,EMP00884,36987.33,19801.82,7112.86,49676.29,2025-09-17
SAL001984,EMP00775,48775.46,5891.21,5417.4,49249.27,2025-09-11
SAL001985,EMP00305,98761.42,5102.04,12736.18,91127.28,2025-03-10
SAL001986,EMP01106,115538.52,18013.13,1143.37,132408.28,2025-02-07
SAL001987,EMP00625,37702.06,3149.59,2188.98,38662.67,2024-11-07
SAL001988,EMP00251,129789.12,1213.66,1915.46,129087.32,2026-01-16
SAL001989,EMP00142,55803.96,17278.74,8945.64,64137.06,2025-05-17
SAL001990,EMP01059,124980.3,14719.46,14201.54,125498.22,2025-09-07
SAL001991,EMP00767,88563.8,6798.55,12317.92,83044.43,2024-11-16
SAL001992,EMP01102,102242.6,16348.15,5198.09,113392.66,2026-03-08
SAL001993,EMP00737,60585.68,9185.39,6222.31,63548.76,2024-12-28
SAL001994,EMP00957,85532.21,1980.85,2467.81,85045.25,2025-03-23
SAL001995,EMP00425,77685.47,15870,10646.89,82908.58,2025-12-28
SAL001996,EMP00023,109128.84,12892.05,5076.35,116944.54,2026-01-11
SAL001997,EMP00101,115811.63,11104.54,10211.44,116704.73,2024-11-18
SAL001998,EMP01177,78391.72,17200.34,7616.56,87975.5,2025-11-16
SAL001999,EMP00056,81815.62,2308.43,13395.36,70728.69,2026-01-19
SAL002000,EMP00639,91025.91,4551.41,6355.42,89221.9,2026-07-26
SAL002001,EMP01193,31504.09,3388.2,11380.7,23511.59,2024-12-31
SAL002002,EMP01016,148951.81,11657.11,5880.25,154728.67,2024-09-10
SAL002003,EMP00715,126264.29,7471.5,11651.57,122084.22,2025-10-02
SAL002004,EMP00762,78837.93,16108.05,2376.11,92569.87,2025-05-13
SAL002005,EMP00180,58036.91,14618.4,11486.28,61169.03,2025-06-15
SAL002006,EMP00465,40527.01,2019.2,6953.38,35592.83,2025-02-07
SAL002007,EMP00637,37707.83,9139.69,9691.91,37155.61,2025-04-13
SAL002008,EMP00560,35746.11,4923.05,9029.53,31639.63,2026-06-20
SAL002009,EMP00432,55109.45,11726.81,8224.81,58611.45,2025-02-04
SAL002010,EMP00898,73000.13,18752.64,8225.55,83527.22,2026-05-12
SAL002011,EMP00345,39239.75,6075.93,2078.76,43236.92,2025-05-21
SAL002012,EMP00731,91907,19060.21,13272.09,97695.12,2025-12-19
SAL002013,EMP00781,54786.86,18093.86,13845.61,59035.11,2026-04-08
SAL002014,EMP00212,128876.07,9341.31,2568.06,135649.32,2026-01-22
SAL002015,EMP00420,73549.96,16645.82,4215.4,85980.38,2025-03-05
SAL002016,EMP00123,86827.92,12798.52,12432.65,87193.79,2026-02-09
SAL002017,EMP00942,23045.01,7348.03,6334.29,24058.75,2026-04-18
SAL002018,EMP00333,92289.12,18354,3580.3,107062.82,2026-01-12
SAL002019,EMP01211,61604.84,7556.6,11310.88,57850.56,2026-03-15
SAL002020,EMP00156,32974.65,10043.9,12210.32,30808.23,2025-10-21
SAL002021,EMP00877,115155.85,16832.12,12369.5,119618.47,2025-05-22
SAL002022,EMP00987,41155.78,17271.96,13546.46,44881.28,2024-11-18
SAL002023,EMP00971,108246,9275.84,9261.41,108260.43,2026-03-06
SAL002024,EMP00303,70878.56,17506.6,11566.46,76818.7,2025-01-23
SAL002025,EMP00090,110122.36,16664.99,10222.14,116565.21,2025-02-18
SAL002026,EMP00977,21776.34,1589.51,4260.42,19105.43,2025-05-23
SAL002027,EMP00036,130696.8,16529.28,7170.29,140055.79,2025-04-25
SAL002028,EMP00567,42566.22,14325.24,9882.64,47008.82,2025-02-17
SAL002029,EMP00126,71870.04,11076.88,9497.07,73449.85,2025-10-15
SAL002030,EMP01146,104793.89,11910.4,2183.16,114521.13,2024-08-21
SAL002031,EMP01144,89619.88,19815.99,5459.43,103976.44,2025-06-14
SAL002032,EMP00720,137288.05,6743.8,1166.4,142865.45,2025-11-04
SAL002033,EMP00680,88109.84,16401.69,4051.65,100459.88,2026-04-21
SAL002034,EMP01172,32127.58,16076.96,7213.77,40990.77,2025-10-22
SAL002035,EMP00639,107907.24,10841.67,7645.91,111103,2026-06-23
SAL002036,EMP01138,68228.48,14500.26,5054.61,77674.13,2025-08-20
SAL002037,EMP00139,130284.13,8412.86,5074.07,133622.92,2025-05-22
SAL002038,EMP00467,63409.71,4007.13,6218.34,61198.5,2024-11-23
SAL002039,EMP00697,107498.92,3474.12,10890.64,100082.4,2026-01-09
SAL002040,EMP01016,35198.38,17220.04,10306.78,42111.64,2026-02-06
SAL002041,EMP00996,28562.35,7868.12,13995.42,22435.05,2026-01-05
SAL002042,EMP01225,26245.42,7473.92,10669.81,23049.53,2024-12-07
SAL002043,EMP00517,118797.57,7677.87,13552.84,112922.6,2025-06-23
SAL002044,EMP00866,107876.89,3210.87,1894.45,109193.31,2024-10-17
SAL002045,EMP00013,38422.9,11617.29,14310.96,35729.23,2026-03-03
SAL002046,EMP00603,125020.63,17458.63,1598.82,140880.44,2025-10-06
SAL002047,EMP00106,85356.7,13522.77,4437.1,94442.37,2024-08-21
SAL002048,EMP00063,89045.51,18021.55,1039.25,106027.81,2025-11-09
SAL002049,EMP01224,126245.01,2777.75,6721.43,122301.33,2025-08-19
SAL002050,EMP00190,144677.54,13678.16,3971.36,154384.34,2024-11-13
SAL002051,EMP01163,146837.36,6021.73,7215.39,145643.7,2026-01-24
SAL002052,EMP00074,79049.53,15047.34,1407.48,92689.39,2024-12-26
SAL002053,EMP00196,123986.4,7615.27,7093.92,124507.75,2025-08-15
SAL002054,EMP00463,119386.72,19333.48,6344.48,132375.72,2026-06-26
SAL002055,EMP00530,144063.1,11582.5,8339.55,147306.05,2025-10-30
SAL002056,EMP00415,38110.38,4554.07,3998.88,38665.57,2025-03-28
SAL002057,EMP00390,91861.25,17651.61,14612.55,94900.31,2024-10-07
SAL002058,EMP00567,130294.57,16440.21,7490.33,139244.45,2024-11-28
SAL002059,EMP00606,126694.47,19873.92,12006.65,134561.74,2026-05-06
SAL002060,EMP00937,25125.03,15182.8,4267.58,36040.25,2026-01-08
SAL002061,EMP01156,146509.49,16861.96,13115.82,150255.63,2026-05-20
SAL002062,EMP00485,23512.38,5805.84,9082.32,20235.9,2025-06-16
SAL002063,EMP01142,102194.5,15783.86,14100.48,103877.88,2025-02-17
SAL002064,EMP00783,86449.89,13789.23,4544.33,95694.79,2025-12-16
SAL002065,EMP00185,52594.88,10599.62,3414.37,59780.13,2026-03-09
SAL002066,EMP00113,47619.22,12873.13,2921.5,57570.85,2024-09-01
SAL002067,EMP00427,47530.19,14073.66,8020.01,53583.84,2024-09-19
SAL002068,EMP00552,47092.18,1944.01,4330.08,44706.11,2025-12-04
SAL002069,EMP00054,42098.34,11848.4,13727.39,40219.35,2024-12-06
SAL002070,EMP00967,119213.57,11172.54,4595.08,125791.03,2025-02-09
SAL002071,EMP00992,89304.59,13008.91,11960.27,90353.23,2026-02-15
SAL002072,EMP01201,114075.54,18212.24,9666.69,122621.09,2025-09-16
SAL002073,EMP00583,100154.96,11341.6,1811.74,109684.82,2025-11-14
SAL002074,EMP01182,100459.52,9492.05,14636.5,95315.07,2025-10-24
SAL002075,EMP00114,33729.09,8247.37,9909.85,32066.61,2025-07-10
SAL002076,EMP00290,31187.44,19712.11,14609.1,36290.45,2025-07-03
SAL002077,EMP00140,93423.24,15638.73,8387.56,100674.41,2026-07-28
SAL002078,EMP00818,50323.66,13709.66,12377.64,51655.68,2025-08-01
SAL002079,EMP01163,22619.77,13299.72,3945.34,31974.15,2025-01-01
SAL002080,EMP00861,31459.86,19559.02,7943.07,43075.81,2026-01-02
SAL002081,EMP00597,68557.25,10570.15,1103.75,78023.65,2026-06-29
SAL002082,EMP00671,95752.69,13823.18,5950.69,103625.18,2024-11-10
SAL002083,EMP00611,30479.22,3140.63,3401.8,30218.05,2026-03-08
SAL002084,EMP00353,97828.91,12765.19,4553.74,106040.36,2024-11-27
SAL002085,EMP00738,42496.02,7289.54,10913.19,38872.37,2024-10-09
SAL002086,EMP00679,62555.89,14538.73,10733.67,66360.95,2025-06-30
SAL002087,EMP00905,98870.67,3512.17,12303.52,90079.32,2024-10-17
SAL002088,EMP00889,53791.12,18800.15,3917.68,68673.59,2026-03-09
SAL002089,EMP00165,110270.11,16907.95,3421.02,123757.04,2025-01-11
SAL002090,EMP00995,58623.14,7526.3,10850.57,55298.87,2026-08-11
SAL002091,EMP00962,50676.95,15992.22,10059.73,56609.44,2025-10-09
SAL002092,EMP00054,120536.39,17420.73,8676.32,129280.8,2026-07-24
SAL002093,EMP00081,132247.23,3480.79,14063.58,121664.44,2026-04-12
SAL002094,EMP00531,66831.75,5410.21,4335.14,67906.82,2025-07-12
SAL002095,EMP01083,130903.1,5097.24,1052.1,134948.24,2024-11-01
SAL002096,EMP00106,103167.89,2569.82,2492.74,103244.97,2025-12-13
SAL002097,EMP00926,143178.13,15520.68,4651.39,154047.42,2026-05-04
SAL002098,EMP01121,99057.78,6836.71,13393,92501.49,2026-07-30
SAL002099,EMP00133,76351.27,18013.02,4933.84,89430.45,2026-02-24
SAL002100,EMP01160,28331.5,16513.64,7423.4,37421.74,2024-08-23
SAL002101,EMP01183,77892.13,13224.73,2734.9,88381.96,2024-10-07
SAL002102,EMP01133,37334.6,13784.87,1388.9,49730.57,2026-05-05
SAL002103,EMP00436,108882.61,16464.43,2157.88,123189.16,2026-03-25
SAL002104,EMP00199,65848.13,15630.27,2846.86,78631.54,2024-08-29
SAL002105,EMP00753,52443.66,13419.67,11933.13,53930.2,2026-07-12
SAL002106,EMP00554,52304.62,8884.9,6038.93,55150.59,2026-06-14
SAL002107,EMP00796,107976.2,5389.38,6710.06,106655.52,2024-11-14
SAL002108,EMP00601,109071.49,9205.42,11044.87,107232.04,2024-12-05
SAL002109,EMP01119,145129.9,11022.7,9480.36,146672.24,2025-01-19
SAL002110,EMP00547,113604.92,2195.27,7444.41,108355.78,2025-01-12
SAL002111,EMP00459,31707.57,8170.62,3565.94,36312.25,2025-06-12
SAL002112,EMP00165,71386.54,4078.14,2685.86,72778.82,2026-06-10
SAL002113,EMP00526,60810.92,16971.65,3027.44,74755.13,2025-08-28
SAL002114,EMP00947,103583.87,15105.66,12892.21,105797.32,2025-03-11
SAL002115,EMP00064,87414.59,8373.02,3871.66,91915.95,2025-08-07
SAL002116,EMP00113,101220.59,1537.02,11573.68,91183.93,2025-06-23
SAL002117,EMP00566,112604.94,4270.8,2841.97,114033.77,2025-10-11
SAL002118,EMP00604,77357.14,7237.23,11451.82,73142.55,2024-10-19
SAL002119,EMP00819,136732.74,3369.86,10536.04,129566.56,2025-04-02
SAL002120,EMP00523,66178.2,13345.06,14813.33,64709.93,2025-12-23
SAL002121,EMP01003,90309.24,2958.35,11537.49,81730.1,2025-07-19
SAL002122,EMP01147,37460.52,16310.52,13185.77,40585.27,2026-03-02
SAL002123,EMP00459,103533.01,3726.08,1043.02,106216.07,2025-06-29
SAL002124,EMP01038,70493.97,5484.58,14768.06,61210.49,2025-07-29
SAL002125,EMP00267,70122.95,2281.48,14020.76,58383.67,2025-02-06
SAL002126,EMP01184,27997.03,5371.48,7942.88,25425.63,2026-07-14
SAL002127,EMP00103,35418.37,7574.52,9772.38,33220.51,2024-12-27
SAL002128,EMP00285,116700.89,17039.95,13220.64,120520.2,2024-11-02
SAL002129,EMP00404,61984.41,14659.66,14556.41,62087.66,2025-04-13
SAL002130,EMP01192,72593.54,18395.18,4031.89,86956.83,2026-05-10
SAL002131,EMP00683,74382.63,12083.59,13439.57,73026.65,2025-08-17
SAL002132,EMP00061,91166.62,19959.99,11111.81,100014.8,2025-10-26
SAL002133,EMP00549,110347.11,16094.43,10269.77,116171.77,2025-02-19
SAL002134,EMP00120,116736.9,11551.12,13683.6,114604.42,2026-02-08
SAL002135,EMP00052,59310,4468.3,2362.06,61416.24,2026-01-02
SAL002136,EMP00373,75283.35,4990.29,14396.74,65876.9,2025-03-02
SAL002137,EMP00713,38099.25,12053.36,11626.58,38526.03,2025-02-14
SAL002138,EMP00691,148361.16,4563.84,12737.22,140187.78,2026-07-15
SAL002139,EMP01215,41740.37,7159.29,9433.3,39466.36,2026-03-06
SAL002140,EMP00433,82400.18,5821.86,5332.84,82889.2,2026-05-15
SAL002141,EMP00146,54184.37,16463.18,10891.48,59756.07,2024-09-08
SAL002142,EMP00947,46883.84,5234.41,13403.6,38714.65,2024-12-05
SAL002143,EMP00723,133720.53,13257.2,13190.72,133787.01,2026-07-29
SAL002144,EMP01035,81643.41,11018.37,2569.67,90092.11,2025-02-17
SAL002145,EMP01031,107686.59,9357.39,2135.61,114908.37,2025-02-05
SAL002146,EMP00775,141003.26,3473.87,10927.98,133549.15,2025-10-28
SAL002147,EMP01111,116563.2,1669.5,2097.13,116135.57,2024-08-20
SAL002148,EMP00135,145356.61,5888.14,5725.28,145519.47,2025-05-21
SAL002149,EMP00773,38899.23,4052.99,3929.54,39022.68,2026-01-14
SAL002150,EMP00972,49562.43,5449.14,11752.27,43259.3,2025-07-20
SAL002151,EMP01168,90093.54,2674.66,13865.98,78902.22,2025-09-01
SAL002152,EMP00509,113496.09,1242.23,1517.26,113221.06,2026-01-03
SAL002153,EMP00916,45368.61,16776.74,10591.11,51554.24,2025-07-30
SAL002154,EMP00520,36469.98,5964.64,6687.56,35747.06,2025-02-21
SAL002155,EMP00374,63618,1401.21,1743.29,63275.92,2025-01-10
SAL002156,EMP00781,98635.67,11596.76,6814.02,103418.41,2024-11-18
SAL002157,EMP00265,31345.08,14899.05,4473.31,41770.82,2025-03-07
SAL002158,EMP00767,141470.86,4127.34,10440.61,135157.59,2025-07-16
SAL002159,EMP00974,21373.84,12480.61,13436.9,20417.55,2026-01-29
SAL002160,EMP00332,133876.52,6785.22,13790.76,126870.98,2025-01-29
SAL002161,EMP00977,88755.36,3652.36,5517.25,86890.47,2026-03-08
SAL002162,EMP01120,131994.31,16438.59,11126.07,137306.83,2024-12-04
SAL002163,EMP00522,112195.97,7969.1,12321.58,107843.49,2026-07-13
SAL002164,EMP00478,131688.01,3648.55,1711.98,133624.58,2025-10-27
SAL002165,EMP00389,39825.29,5474.45,11839.03,33460.71,2026-03-24
SAL002166,EMP00133,65255.86,5808.75,3822.72,67241.89,2025-01-30
SAL002167,EMP01172,37795.3,3617.25,6058.01,35354.54,2024-09-03
SAL002168,EMP00953,147492.27,9543.7,5921.85,151114.12,2026-06-09
SAL002169,EMP00626,121173.42,19043.12,11674.33,128542.21,2026-05-31
SAL002170,EMP00313,99251.08,3502.61,3957.92,98795.77,2026-06-03
SAL002171,EMP00090,39494.74,13843.83,3805.89,49532.68,2025-08-03
SAL002172,EMP00761,93306.35,15493.11,2921.03,105878.43,2026-03-05
SAL002173,EMP00856,111771.27,19551.32,10545.25,120777.34,2024-09-01
SAL002174,EMP00185,67202.48,2883.22,8317.63,61768.07,2025-04-20
SAL002175,EMP00891,73187.79,9653.01,6536.21,76304.59,2025-05-25
SAL002176,EMP00444,86028.14,9179.79,8694.79,86513.14,2024-09-05
SAL002177,EMP01183,93489.77,14971.35,7862.03,100599.09,2025-04-10
SAL002178,EMP00257,51646.57,10155.52,2526.64,59275.45,2025-03-29
SAL002179,EMP00247,72788.99,17872.8,3400.3,87261.49,2025-07-15
SAL002180,EMP00379,87507.34,16700.59,13671.2,90536.73,2026-05-11
SAL002181,EMP00052,38721.91,19743.12,8499.46,49965.57,2024-10-07
SAL002182,EMP00796,25826.2,12971,13204.31,25592.89,2025-02-26
SAL002183,EMP00429,141714.19,7357.07,13262.79,135808.47,2026-03-21
SAL002184,EMP00213,120432.33,9939.79,6396.78,123975.34,2025-12-06
SAL002185,EMP00949,133342.44,2008.03,10204.83,125145.64,2025-03-25
SAL002186,EMP00940,86615.51,2445.33,4630.13,84430.71,2026-02-17
SAL002187,EMP00294,55960.8,2230.28,14162.23,44028.85,2025-04-05
SAL002188,EMP00019,67850.7,10820.31,6726.69,71944.32,2026-02-12
SAL002189,EMP00882,129125.14,12648.88,13661.65,128112.37,2026-02-13
SAL002190,EMP00358,121976.97,5226.57,9655.03,117548.51,2025-03-05
SAL002191,EMP00047,71382.44,7876.16,14960.65,64297.95,2025-12-26
SAL002192,EMP01019,126940.93,6977.77,10406.43,123512.27,2026-06-10
SAL002193,EMP00402,125875.95,1394.11,13172.21,114097.85,2025-06-20
SAL002194,EMP01176,117641.44,9644.94,14443.35,112843.03,2025-03-20
SAL002195,EMP00001,78658.6,15194.24,4288.51,89564.33,2025-02-07
SAL002196,EMP00497,83350.48,11548.07,2800.92,92097.63,2026-02-22
SAL002197,EMP00673,20316.98,7605.62,5018.69,22903.91,2026-04-19
SAL002198,EMP00836,92127.97,6908.16,11933.33,87102.8,2025-06-27
SAL002199,EMP01125,90108.62,18226.22,7054.1,101280.74,2026-03-28
SAL002200,EMP00200,37955.18,10858.23,14947.9,33865.51,2025-12-02
SAL002201,EMP00802,106585.83,6627.12,10389.18,102823.77,2025-09-11
SAL002202,EMP00753,76617.29,8631.77,6749.53,78499.53,2026-02-26
SAL002203,EMP00132,147018.18,6758.2,6249.84,147526.54,2026-02-12
SAL002204,EMP00860,135129.87,14900.55,4695.37,145335.05,2025-07-10
SAL002205,EMP00282,36921.78,9587.84,12746.72,33762.9,2025-11-26
SAL002206,EMP00973,92223.01,1916.75,1176.99,92962.77,2026-07-13
SAL002207,EMP00261,94590.24,10861.76,5548.43,99903.57,2025-05-17
SAL002208,EMP00598,93598.66,9519.7,1083.23,102035.13,2024-10-16
SAL002209,EMP00912,146698,9419.12,10981.24,145135.88,2026-07-01
SAL002210,EMP00621,75394.18,13269.12,8529.19,80134.11,2025-04-28
SAL002211,EMP00915,79675.77,4901.7,12340.76,72236.71,2026-08-02
SAL002212,EMP01160,92788.56,1908.48,3195.78,91501.26,2025-06-07
SAL002213,EMP00141,84808.53,9092.16,4508.59,89392.1,2025-11-23
SAL002214,EMP00357,146985.31,13971.79,2449.97,158507.13,2024-12-27
SAL002215,EMP00917,114900.47,5406.55,10097.29,110209.73,2024-12-01
SAL002216,EMP00050,51468.88,4520.22,11915.67,44073.43,2026-06-18
SAL002217,EMP00001,113064.72,16129.46,8269.26,120924.92,2025-04-24
SAL002218,EMP00821,86964.96,19979.46,13809.83,93134.59,2024-12-11
SAL002219,EMP00816,80036.15,19512.64,4334.76,95214.03,2025-08-29
SAL002220,EMP00754,134020.55,2854.93,8048.2,128827.28,2025-10-18
SAL002221,EMP01223,56754.01,8062.56,14486.37,50330.2,2025-04-23
SAL002222,EMP00688,114896.7,17096.36,2530.19,129462.87,2026-07-01
SAL002223,EMP00745,86105.68,2078.67,4951.91,83232.44,2026-05-30
SAL002224,EMP00148,90576.86,18594.01,6183.19,102987.68,2024-09-02
SAL002225,EMP00610,95372.49,16367.39,7965.5,103774.38,2025-06-04
SAL002226,EMP01201,28444.18,14259.52,10118.28,32585.42,2025-08-18
SAL002227,EMP00066,116094.98,7866.98,13593.78,110368.18,2026-01-07
SAL002228,EMP00753,64794.78,5561.98,8763.65,61593.11,2025-09-22
SAL002229,EMP00989,131781.88,17872.12,8228.19,141425.81,2024-09-09
SAL002230,EMP00070,22364.45,9097.88,10830.85,20631.48,2024-09-28
SAL002231,EMP00041,104342.62,5290.19,7735.87,101896.94,2024-10-07
SAL002232,EMP00340,35412.72,12804.41,4768.51,43448.62,2025-09-25
SAL002233,EMP01002,29295.73,15924.48,5188.43,40031.78,2025-08-21
SAL002234,EMP01058,69293.7,7148.82,7624.91,68817.61,2025-12-18
SAL002235,EMP00172,125418.37,16391.91,5694.48,136115.8,2025-05-17
SAL002236,EMP00617,81704.56,5492.16,14600.44,72596.28,2024-10-18
SAL002237,EMP00152,87942.82,11171.11,7071.7,92042.23,2025-10-05
SAL002238,EMP01178,30673.31,1043.68,10279.79,21437.2,2025-08-07
SAL002239,EMP00050,72117.33,4983.73,13858.09,63242.97,2026-02-08
SAL002240,EMP00335,78562.63,11612.91,6835.82,83339.72,2026-06-29
SAL002241,EMP00140,76049.57,7775.45,4960.61,78864.41,2026-07-06
SAL002242,EMP00002,91269.56,12237.44,4373.4,99133.6,2025-07-31
SAL002243,EMP00936,65422.63,11268.65,13917.43,62773.85,2026-07-23
SAL002244,EMP01111,80507.94,14934.49,10566.05,84876.38,2025-10-18
SAL002245,EMP00579,53231.43,7292.24,4349.36,56174.31,2025-10-12
SAL002246,EMP00725,101095.1,4695.56,11205.56,94585.1,2025-05-22
SAL002247,EMP00885,116943.17,9584,14092.05,112435.12,2025-12-20
SAL002248,EMP01224,28001.84,18503.08,3588.34,42916.58,2025-03-07
SAL002249,EMP00053,115223.58,18334.08,5876.86,127680.8,2026-05-20
SAL002250,EMP00426,98979.5,18174.05,14142.03,103011.52,2025-10-04
SAL002251,EMP00533,59684.39,1381.47,2222.92,58842.94,2025-03-27
SAL002252,EMP00910,55481.04,14020.63,5764.37,63737.3,2025-01-11
SAL002253,EMP00238,77600.38,8358.62,8383.44,77575.56,2024-09-19
SAL002254,EMP00141,93175.7,15028.19,5243.45,102960.44,2025-01-21
SAL002255,EMP01168,78707.84,15152.28,6591.77,87268.35,2025-10-21
SAL002256,EMP00885,101108.31,18444.84,4460.09,115093.06,2024-09-18
SAL002257,EMP00161,134612.94,6459.14,10639.14,130432.94,2025-06-01
SAL002258,EMP00395,54383.64,3469.73,1773.88,56079.49,2025-10-09
SAL002259,EMP00324,66130.24,7769.31,5391.35,68508.2,2025-10-11
SAL002260,EMP00513,146581.8,16116.28,8280.89,154417.19,2026-04-01
SAL002261,EMP00321,120030.58,18679.01,14712.09,123997.5,2025-05-29
SAL002262,EMP00214,46913.55,10056.11,3190.53,53779.13,2026-03-14
SAL002263,EMP00403,46104.15,1739.65,1751.75,46092.05,2026-03-08
SAL002264,EMP01063,69911.21,6107.67,5437.89,70580.99,2026-01-23
SAL002265,EMP00725,119088.56,17051.81,14581.71,121558.66,2026-08-05
SAL002266,EMP00377,141332.21,2868.92,3464.02,140737.11,2025-01-09
SAL002267,EMP00121,136347.32,15630.28,10786.93,141190.67,2024-10-17
SAL002268,EMP00988,20316.39,18159.14,4846.99,33628.54,2024-12-23
SAL002269,EMP00193,106923.53,2094.39,7767.71,101250.21,2025-08-24
SAL002270,EMP00731,101613.05,9339.26,6241.68,104710.63,2025-02-27
SAL002271,EMP00816,30597.63,2245.68,14414.48,18428.83,2026-01-31
SAL002272,EMP00281,28099.04,19486.55,5251.44,42334.15,2026-03-24
SAL002273,EMP00617,137129.95,17621.75,2238.62,152513.08,2025-09-12
SAL002274,EMP00840,41423.22,17187.27,12967.4,45643.09,2025-11-12
SAL002275,EMP01073,115060.22,5605.96,9764.32,110901.86,2025-11-11
SAL002276,EMP00569,145398.17,1018.88,4849.06,141567.99,2024-10-13
SAL002277,EMP00513,88701.16,12700.6,11152.23,90249.53,2026-05-22
SAL002278,EMP00510,129881.66,12302.83,9713.44,132471.05,2026-02-25
SAL002279,EMP00822,130986.89,8303.49,8545.11,130745.27,2025-09-04
SAL002280,EMP00228,107517.95,12383.9,10303.99,109597.86,2025-04-29
SAL002281,EMP00062,132558.89,15526.6,13817.29,134268.2,2025-05-02
SAL002282,EMP00547,51208.38,4470.93,7606.33,48072.98,2026-03-16
SAL002283,EMP00248,105049.29,12844.22,1817.56,116075.95,2025-10-06
SAL002284,EMP00548,50399.85,6399.47,7233.1,49566.22,2025-07-25
SAL002285,EMP01010,127904.25,3998.58,2912.19,128990.64,2025-05-02
SAL002286,EMP01145,127493.67,2416.65,8844.82,121065.5,2024-10-07
SAL002287,EMP00006,130709.33,10989.6,9745.98,131952.95,2026-02-02
SAL002288,EMP00120,133194.57,8199.24,8223.52,133170.29,2026-07-18
SAL002289,EMP00218,109094.94,14845.36,5078.02,118862.28,2025-02-16
SAL002290,EMP00344,21708.75,11052.01,8178.7,24582.06,2025-09-07
SAL002291,EMP01140,101555.61,1424.75,11428.53,91551.83,2025-02-21
SAL002292,EMP01028,65411.1,15074.94,4602.25,75883.79,2024-12-05
SAL002293,EMP00055,83448.04,17330.06,14982.95,85795.15,2025-08-13
SAL002294,EMP00019,60794.72,7230.34,13889.63,54135.43,2026-02-25
SAL002295,EMP00978,145163.08,18566.54,12560.1,151169.52,2025-10-18
SAL002296,EMP00045,140195.59,16019.29,14660.11,141554.77,2025-11-25
SAL002297,EMP00911,117512.02,11106.49,7952.47,120666.04,2025-10-03
SAL002298,EMP00355,137221.37,7058.39,4746.47,139533.29,2025-02-17
SAL002299,EMP00459,97878.17,6134.87,11775.6,92237.44,2026-07-10
SAL002300,EMP00747,77027.12,14232.57,1654.97,89604.72,2025-01-09
SAL002301,EMP00710,97141.24,1892.13,12481.75,86551.62,2025-12-29
SAL002302,EMP01068,72755.07,4600.74,1751.6,75604.21,2024-11-28
SAL002303,EMP00888,78916.4,7628.33,1784.84,84759.89,2026-03-12
SAL002304,EMP00611,76443.86,12093.49,9915.81,78621.54,2026-02-16
SAL002305,EMP00925,38358.63,10306.23,13825.55,34839.31,2026-04-20
SAL002306,EMP00828,77621.99,17434.56,8237.05,86819.5,2026-08-02
SAL002307,EMP01227,123492.25,7825.55,11012.86,120304.94,2024-12-05
SAL002308,EMP00090,119591.55,14776.43,13859.67,120508.31,2024-11-18
SAL002309,EMP00349,60141.09,2166.79,11108.54,51199.34,2024-08-12
SAL002310,EMP00137,122248.31,9394.29,8831.36,122811.24,2024-08-22
SAL002311,EMP00731,149199.03,17838.94,12068.85,154969.12,2025-06-22
SAL002312,EMP00095,20710.02,3499.72,2707.15,21502.59,2025-11-29
SAL002313,EMP00060,137565.2,12788.28,10838.42,139515.06,2025-02-24
SAL002314,EMP01164,123428.67,13441.84,12070.27,124800.24,2026-06-03
SAL002315,EMP00714,104883.42,8035.12,3013.44,109905.1,2025-04-04
SAL002316,EMP00611,92735.84,7296.47,2608.78,97423.53,2025-02-03
SAL002317,EMP00526,66671.22,12886.79,14554.78,65003.23,2025-02-27
SAL002318,EMP00106,100349.05,19054.7,1916.79,117486.96,2025-12-15
SAL002319,EMP00374,98469.42,7051.78,4036.06,101485.14,2024-09-18
SAL002320,EMP00426,106497.73,3536.11,13244.46,96789.38,2025-03-07
SAL002321,EMP00371,123445.61,15617.01,13885.74,125176.88,2025-02-21
SAL002322,EMP00014,53468.58,19086.54,1451.74,71103.38,2025-08-15
SAL002323,EMP00500,113452.57,15600.72,6511.71,122541.58,2026-06-23
SAL002324,EMP00188,59125.28,2120.55,8469.55,52776.28,2026-03-25
SAL002325,EMP00047,32454.3,19895.66,10835.41,41514.55,2025-09-26
SAL002326,EMP00073,39962.56,5580.48,1249.14,44293.9,2026-07-03
SAL002327,EMP00425,46269.9,14382.12,7845.02,52807,2025-01-20
SAL002328,EMP00636,92514.03,18241.67,7476.45,103279.25,2025-11-20
SAL002329,EMP00366,85377.46,8794.06,14463.6,79707.92,2026-06-02
SAL002330,EMP00248,77811.87,5229.73,7076.93,75964.67,2025-06-23
SAL002331,EMP00374,38786.55,15463.3,2947.3,51302.55,2025-12-31
SAL002332,EMP00884,99773.44,12249.7,10936.94,101086.2,2026-07-26
SAL002333,EMP00611,86919.46,1869.89,9262.6,79526.75,2024-11-19
SAL002334,EMP00746,56137.39,5884.34,12970.51,49051.22,2026-04-20
SAL002335,EMP00401,78088.76,16943.19,10771.32,84260.63,2026-07-26
SAL002336,EMP00706,103913.83,10773.48,3275.93,111411.38,2025-09-30
SAL002337,EMP00017,64834.57,18899.88,5906.38,77828.07,2026-07-01
SAL002338,EMP00683,62962.68,5737.08,2377.32,66322.44,2025-09-26
SAL002339,EMP00402,121464.43,8100.51,6835.9,122729.04,2024-10-08
SAL002340,EMP00599,95121.67,6864.6,8601.93,93384.34,2026-03-30
SAL002341,EMP00509,121253.3,17953.93,1724.24,137482.99,2026-04-30
SAL002342,EMP00043,28978.65,4781.13,11654.15,22105.63,2025-12-14
SAL002343,EMP00216,141253.06,3133.81,9607.9,134778.97,2025-12-13
SAL002344,EMP01143,47261.9,5974.81,12600.66,40636.05,2026-07-25
SAL002345,EMP01189,137606.06,13992.72,5915.39,145683.39,2026-06-05
SAL002346,EMP01045,125328.46,7192.9,14905.49,117615.87,2025-03-09
SAL002347,EMP00099,36506.68,10586.64,4152.85,42940.47,2025-11-19
SAL002348,EMP01208,94457.22,6609.9,9300.75,91766.37,2025-04-08
SAL002349,EMP00140,51305.42,15227.96,5178.07,61355.31,2025-04-16
SAL002350,EMP01127,111570.39,15457.5,5870,121157.89,2026-07-08
SAL002351,EMP00062,55393.48,6672.26,12558.58,49507.16,2024-10-16
SAL002352,EMP01142,135903.97,15125.99,2596.93,148433.03,2024-10-03
SAL002353,EMP00726,88412.35,13578.29,10339.33,91651.31,2024-09-10
SAL002354,EMP00124,143506.56,17051.25,7050.84,153506.97,2025-01-20
SAL002355,EMP00454,115547.69,15403.08,9947.38,121003.39,2025-10-13
SAL002356,EMP00064,119733.21,14786.62,7764.18,126755.65,2026-03-01
SAL002357,EMP00431,53400.42,19231.46,9496.16,63135.72,2024-12-19
SAL002358,EMP00210,149452.65,15426.15,8684.69,156194.11,2024-11-01
SAL002359,EMP01211,146748.56,6324.21,6989.29,146083.48,2025-06-11
SAL002360,EMP00228,135418.49,8413.71,10165.99,133666.21,2025-07-16
SAL002361,EMP01103,46559.17,4154.69,5177.95,45535.91,2025-03-18
SAL002362,EMP00501,80526.79,8048.55,8780.11,79795.23,2025-03-10
SAL002363,EMP00524,59781.8,16505.33,14000.64,62286.49,2025-04-26
SAL002364,EMP00974,70650.97,3787.19,6928.34,67509.82,2026-04-06
SAL002365,EMP00794,70982.73,8635.88,8222.94,71395.67,2025-11-11
SAL002366,EMP00908,106593.68,8121.47,14492.4,100222.75,2024-10-09
SAL002367,EMP00189,70332.54,8155.68,3566.2,74922.02,2024-10-28
SAL002368,EMP00199,75969.45,9990.17,5280.15,80679.47,2025-04-26
SAL002369,EMP00106,55839.66,1924.13,1797.36,55966.43,2025-05-17
SAL002370,EMP00530,120107.37,3681.48,13627.09,110161.76,2025-01-12
SAL002371,EMP01185,143640.41,18098.2,5462.9,156275.71,2025-05-29
SAL002372,EMP00425,85998.3,1149.25,13673.19,73474.36,2025-11-29
SAL002373,EMP00074,22510.61,8747.83,1708.61,29549.83,2025-07-24
SAL002374,EMP00296,77678.45,6316.13,11375.8,72618.78,2025-08-07
SAL002375,EMP00851,98380.7,6938.22,1816.09,103502.83,2025-09-30
SAL002376,EMP00064,61725.12,17892.43,10863.15,68754.4,2024-12-20
SAL002377,EMP00832,83343.74,5037.09,7898.38,80482.45,2026-02-28
SAL002378,EMP00264,43030.79,15603.53,13100.69,45533.63,2025-03-21
SAL002379,EMP00450,115603.33,11303.91,10347.37,116559.87,2025-02-17
SAL002380,EMP00552,88069.34,13120.19,4828.82,96360.71,2025-05-07
SAL002381,EMP00869,136441.87,13236.16,6857.11,142820.92,2025-04-25
SAL002382,EMP00715,86257.57,11629.3,2806,95080.87,2025-05-24
SAL002383,EMP00246,81863.95,13043.91,5825.28,89082.58,2026-03-12
SAL002384,EMP00458,45997.93,19349.7,7093.1,58254.53,2025-06-25
SAL002385,EMP01142,26353.19,4070.05,11219.67,19203.57,2025-12-05
SAL002386,EMP01069,96195.21,11933.64,3141.63,104987.22,2026-06-30
SAL002387,EMP00595,71155.67,17030.78,7191.32,80995.13,2026-03-05
SAL002388,EMP01051,59874.37,13070.17,10304.46,62640.08,2025-04-15
SAL002389,EMP00654,104002.89,8574.11,3702.94,108874.06,2026-06-10
SAL002390,EMP01099,41018.72,9281.24,6224.17,44075.79,2024-12-21
SAL002391,EMP01056,74876.51,11386.81,13974.49,72288.83,2025-12-28
SAL002392,EMP00442,66428.85,15905.97,10614.32,71720.5,2026-04-22
SAL002393,EMP01092,61874.4,8552.61,11131.91,59295.1,2024-11-29
SAL002394,EMP00643,92075.81,2389.16,6819.56,87645.41,2024-10-08
SAL002395,EMP00337,122416.44,12607.68,7149.51,127874.61,2025-08-02
SAL002396,EMP00659,36273.08,1437.25,12538.92,25171.41,2026-06-10
SAL002397,EMP00986,25645.65,17281.49,1689.47,41237.67,2025-02-13
SAL002398,EMP00865,129265.14,13257.4,5739.8,136782.74,2025-06-02
SAL002399,EMP00636,123882.85,8924.36,10148.21,122659,2024-12-31
SAL002400,EMP00511,28105.52,15717.23,8404.18,35418.57,2025-11-15
SAL002401,EMP00220,122357.74,13111.24,14188.7,121280.28,2025-10-21
SAL002402,EMP00720,43192.11,5172.26,6867.66,41496.71,2026-05-13
SAL002403,EMP00054,101038.37,12890.77,6868.42,107060.72,2025-04-07
SAL002404,EMP00193,148411.55,3925.47,3747.6,148589.42,2025-05-04
SAL002405,EMP00796,36143.17,18665.09,8947.54,45860.72,2026-04-18
SAL002406,EMP00190,80112.83,9273.08,4241.86,85144.05,2025-12-07
SAL002407,EMP00856,149043.39,14299.5,4101.26,159241.63,2026-01-10
SAL002408,EMP00965,20943.22,10341.55,3200.83,28083.94,2026-08-03
SAL002409,EMP00701,111969.87,5561.33,2665.34,114865.86,2024-11-14
SAL002410,EMP00141,91203.61,19158.23,14319.45,96042.39,2025-03-01
SAL002411,EMP00294,137642.82,9153.52,8709.11,138087.23,2025-02-21
SAL002412,EMP00899,34457.34,14687.06,4220.71,44923.69,2024-12-19
SAL002413,EMP00770,138539.17,9805.3,3687.81,144656.66,2025-05-20
SAL002414,EMP00404,109217.76,5053.24,4979.44,109291.56,2024-09-16
SAL002415,EMP00517,80471.6,2853.71,11094.27,72231.04,2025-01-16
SAL002416,EMP00500,48793.47,14442.96,10627.34,52609.09,2024-08-29
SAL002417,EMP00695,132635.07,4823.94,5976.72,131482.29,2025-07-12
SAL002418,EMP01125,73844.78,1778.1,5420.18,70202.7,2025-08-06
SAL002419,EMP00619,53289.5,19464.92,12896.09,59858.33,2024-11-22
SAL002420,EMP01028,45958.4,10690.05,1642.57,55005.88,2025-07-02
SAL002421,EMP00564,101957.32,6209.96,12869.59,95297.69,2025-08-18
SAL002422,EMP00283,23404.9,7957.94,3374.04,27988.8,2024-08-14
SAL002423,EMP00939,73255.06,17812.82,14282.5,76785.38,2024-11-16
SAL002424,EMP00810,101876.04,10103.12,10239.11,101740.05,2026-03-31
SAL002425,EMP00471,103994.88,7834.17,14302.34,97526.71,2026-04-17
SAL002426,EMP00677,69617.71,16998.71,3210.18,83406.24,2025-04-24
SAL002427,EMP00310,134371.76,7494.72,7655.62,134210.86,2026-01-13
SAL002428,EMP00759,120871.03,12787.85,11201.56,122457.32,2026-05-17
SAL002429,EMP00993,46212.31,3797.62,6904.69,43105.24,2025-07-20
SAL002430,EMP00042,65165.44,7769.88,13329.54,59605.78,2024-10-15
SAL002431,EMP01083,58578.4,10703.84,13958.77,55323.47,2026-05-25
SAL002432,EMP01224,79672.91,19151.05,1313.69,97510.27,2025-03-07
SAL002433,EMP00818,135199.17,15013.93,8132.68,142080.42,2026-02-01
SAL002434,EMP01186,109140.79,2543.28,8839.47,102844.6,2025-08-29
SAL002435,EMP00701,81622.57,10608.16,14450.04,77780.69,2024-10-30
SAL002436,EMP00925,23111.5,12883.08,1935.41,34059.17,2026-05-23
SAL002437,EMP01108,32889.31,8747.36,11151.31,30485.36,2024-12-30
SAL002438,EMP00456,53874.94,17672.25,2677.12,68870.07,2026-05-16
SAL002439,EMP00101,45696.95,13323.75,11183.18,47837.52,2024-09-18
SAL002440,EMP00126,74457.77,9655.35,7674.22,76438.9,2026-04-24
SAL002441,EMP00404,132342.54,8212.98,11691.71,128863.81,2026-04-30
SAL002442,EMP00521,145206.38,19685.2,3765.52,161126.06,2026-03-05
SAL002443,EMP00555,55203.15,15267.94,11807.54,58663.55,2025-11-04
SAL002444,EMP00245,144168.42,13332.46,10911.51,146589.37,2024-12-03
SAL002445,EMP00763,33606.14,17528.66,13009.9,38124.9,2025-04-28
SAL002446,EMP00873,69737.52,15426.01,9894.79,75268.74,2024-12-03
SAL002447,EMP00608,25687.77,13625.47,7369.78,31943.46,2026-08-11
SAL002448,EMP00694,102892.67,1884.5,5759.59,99017.58,2025-06-19
SAL002449,EMP00512,32795.03,5807.15,12723.34,25878.84,2025-01-12
SAL002450,EMP00089,110326.44,8880.8,5759.69,113447.55,2024-11-22
SAL002451,EMP00848,31883.31,14627.4,3684.72,42825.99,2024-11-05
SAL002452,EMP00405,29088.21,12249.21,1101.83,40235.59,2025-07-12
SAL002453,EMP00288,131747.5,1004.86,3521.42,129230.94,2024-09-22
SAL002454,EMP00562,61373.47,19221.04,8539.69,72054.82,2026-02-05
SAL002455,EMP00190,58328.39,19864.67,1830.68,76362.38,2025-11-04
SAL002456,EMP00313,107804.83,19807.71,12414.22,115198.32,2026-01-12
SAL002457,EMP00941,82251.12,15540.15,6297.97,91493.3,2025-10-01
SAL002458,EMP00240,101156.51,5626.64,1954.09,104829.06,2024-12-03
SAL002459,EMP01110,62966.81,7061.73,6373.79,63654.75,2025-11-03
SAL002460,EMP00453,108317.63,15945.28,1030.13,123232.78,2024-08-16
SAL002461,EMP00581,74384.2,1217.01,1375.14,74226.07,2025-12-10
SAL002462,EMP00999,136526.68,18471.77,10786.1,144212.35,2026-06-15
SAL002463,EMP00426,47573.58,12870.99,1128.08,59316.49,2024-10-04
SAL002464,EMP01077,139454.78,18288.94,10582.25,147161.47,2025-05-02
SAL002465,EMP00037,106981.1,17476.77,2958.17,121499.7,2025-01-15
SAL002466,EMP01053,60009.76,8991.78,4218.5,64783.04,2025-03-12
SAL002467,EMP00840,127020.82,13549.07,12678.81,127891.08,2026-02-24
SAL002468,EMP01121,70064.56,15724.65,3510.05,82279.16,2025-02-02
SAL002469,EMP00653,39388.31,12064.1,12493.76,38958.65,2025-11-24
SAL002470,EMP00562,145081.1,17674.45,10443.53,152312.02,2026-03-08
SAL002471,EMP01001,48146.57,13873.03,3647.29,58372.31,2025-05-24
SAL002472,EMP00280,114293.13,7886.11,4620.67,117558.57,2025-07-24
SAL002473,EMP00890,49717.86,6273.65,10686.6,45304.91,2024-10-11
SAL002474,EMP00572,22857.1,6008.94,13095.49,15770.55,2026-07-22
SAL002475,EMP01102,30738.09,1708.37,13890.72,18555.74,2025-07-16
SAL002476,EMP00250,90746.35,1107.12,2620.49,89232.98,2026-05-28
SAL002477,EMP00338,52161.23,13657.08,1193.98,64624.33,2026-05-01
SAL002478,EMP01039,93901.49,2691,10167.82,86424.67,2025-04-15
SAL002479,EMP00171,31407.95,19162.39,6445.32,44125.02,2025-10-31
SAL002480,EMP00757,48116.37,6825.61,3253.14,51688.84,2025-08-15
SAL002481,EMP00154,130238.6,3823.22,6501.1,127560.72,2025-10-03
SAL002482,EMP00063,136668.47,19092.68,11807.53,143953.62,2026-05-23
SAL002483,EMP00016,60016.04,10200.37,1162.2,69054.21,2025-03-11
SAL002484,EMP00872,113776.95,11107.68,5129.74,119754.89,2026-07-01
SAL002485,EMP00301,142933.39,8034.72,5489.3,145478.81,2026-05-19
SAL002486,EMP00043,51635.41,18896.67,10626.71,59905.37,2025-06-08
SAL002487,EMP00357,64103.21,2390.92,7588.77,58905.36,2024-11-22
SAL002488,EMP00591,50648.69,11825.19,4250.93,58222.95,2025-11-30
SAL002489,EMP00803,131908.6,1726.37,12937.94,120697.03,2025-04-19
SAL002490,EMP01185,95953.46,15503.33,1837.01,109619.78,2026-06-17
SAL002491,EMP01086,100697.56,2234.51,5758.8,97173.27,2025-02-12
SAL002492,EMP00300,115009.03,15752.88,7848.45,122913.46,2025-06-10
SAL002493,EMP00928,58745,3002.35,8509.3,53238.05,2025-02-11
SAL002494,EMP00219,109524.85,17357.91,5252.35,121630.41,2025-12-09
SAL002495,EMP00164,143239.53,18093.9,11387.07,149946.36,2024-11-22
SAL002496,EMP00877,138916.82,8250.71,7466.95,139700.58,2025-10-19
SAL002497,EMP00346,119572.97,7295.17,6960.21,119907.93,2024-12-29
SAL002498,EMP00495,109658.4,7338.08,4841.95,112154.53,2025-03-03
SAL002499,EMP01031,138405.11,5199.46,14553.96,129050.61,2025-06-06
SAL002500,EMP01029,47582.27,13705.92,10001.17,51287.02,2024-11-20
SAL002501,EMP00316,29681.73,1629.71,9726.45,21584.99,2026-06-02
SAL002502,EMP01132,72219.66,16231.24,13369.14,75081.76,2024-12-28
SAL002503,EMP00025,68919.58,18061.34,9664.1,77316.82,2026-01-08
SAL002504,EMP00353,58058.84,14578.35,6465.98,66171.21,2025-10-15
SAL002505,EMP00609,70912.55,19057.24,9976.1,79993.69,2026-07-13
SAL002506,EMP00373,74283.19,6764.97,3540.45,77507.71,2025-08-02
SAL002507,EMP00058,144850.97,18440.06,8643.96,154647.07,2026-05-23
SAL002508,EMP00569,56323.15,17944.06,6138.65,68128.56,2024-08-19
SAL002509,EMP00370,107204.8,13139.98,1570.63,118774.15,2026-02-05
SAL002510,EMP01143,25181.53,14539.95,14122.53,25598.95,2025-07-12
SAL002511,EMP00546,104941.35,14719.93,11261.06,108400.22,2025-11-04
SAL002512,EMP00221,24270.21,14253.64,14601.2,23922.65,2024-11-26
SAL002513,EMP00550,34223.13,6301.59,7887.42,32637.3,2025-09-17
SAL002514,EMP00345,29547.23,5193.58,7395.49,27345.32,2026-07-01
SAL002515,EMP00006,40286.35,12175.85,11472.46,40989.74,2025-09-14
SAL002516,EMP00042,146407.43,6968.54,4631.93,148744.04,2024-11-20
SAL002517,EMP00500,142579.31,5419.58,6676.96,141321.93,2026-06-21
SAL002518,EMP00101,97103.68,9350.96,6035.4,100419.24,2025-09-04
SAL002519,EMP00984,110819.51,4323.77,7239.04,107904.24,2026-08-09
SAL002520,EMP00223,147186.14,9522.51,4836.45,151872.2,2025-04-30
SAL002521,EMP00188,111738.32,6643.49,6363.59,112018.22,2025-03-08
SAL002522,EMP00488,20306.72,14808.97,7738.28,27377.41,2025-03-19
SAL002523,EMP00673,72572.54,14185.14,13760.74,72996.94,2026-06-23
SAL002524,EMP00743,55074.97,6299.27,5877.86,55496.38,2025-01-12
SAL002525,EMP00354,142955.79,15290.27,4420.8,153825.26,2025-11-26
SAL002526,EMP00864,80621.6,6186.53,12596.76,74211.37,2026-07-13
SAL002527,EMP01148,74870.78,8360.63,1694.34,81537.07,2024-09-16
SAL002528,EMP00539,143964.01,10406.14,6123.82,148246.33,2024-11-15
SAL002529,EMP00583,36623.48,4852.55,8883.87,32592.16,2025-03-17
SAL002530,EMP00145,137851.62,16696.18,9598.9,144948.9,2026-05-02
SAL002531,EMP00031,42875.46,9198.98,8220.39,43854.05,2025-02-22
SAL002532,EMP00973,95185.67,6115.43,1283.21,100017.89,2025-08-20
SAL002533,EMP01108,112890.8,15586.91,4707.13,123770.58,2025-07-14
SAL002534,EMP00219,105954.08,16179.59,13137.21,108996.46,2026-05-30
SAL002535,EMP01141,28296.94,9523.44,8651.35,29169.03,2025-05-12
SAL002536,EMP00083,85593.97,14345.19,13708.15,86231.01,2025-08-30
SAL002537,EMP01167,47674.16,16568.02,12390.05,51852.13,2026-03-10
SAL002538,EMP00307,32568.82,18895.17,3410.14,48053.85,2025-08-28
SAL002539,EMP01055,136026.2,17204.25,12239.76,140990.69,2025-07-04
SAL002540,EMP00965,137831.96,3452.48,1153.85,140130.59,2025-08-01
SAL002541,EMP00217,59419.75,6866.87,2791.21,63495.41,2024-12-13
SAL002542,EMP00867,26719.28,15254.16,14940.51,27032.93,2024-09-16
SAL002543,EMP01070,123624.48,11501.67,3752.64,131373.51,2025-03-26
SAL002544,EMP01051,140055.66,15977.85,7926.11,148107.4,2025-05-18
SAL002545,EMP00868,53350.26,2626.14,3056.03,52920.37,2026-04-20
SAL002546,EMP00975,34910.94,4920.68,2919.75,36911.87,2025-01-23
SAL002547,EMP01151,77763.31,3525.9,9724.13,71565.08,2024-11-05
SAL002548,EMP00944,85839.99,4503.55,7938.85,82404.69,2024-09-19
SAL002549,EMP00615,145022.04,19931.91,3120.09,161833.86,2024-11-04
SAL002550,EMP01122,49674.97,16189.57,11394.04,54470.5,2025-02-20
SAL002551,EMP00423,114229.82,10530.34,9010.47,115749.69,2025-04-12
SAL002552,EMP00855,35973.18,19049.38,14225.86,40796.7,2025-11-19
SAL002553,EMP00435,83797.9,15976.47,13854.5,85919.87,2025-10-11
SAL002554,EMP00271,48399.67,11485.29,3707.84,56177.12,2024-11-23
SAL002555,EMP00439,146962.61,2612.31,11443.71,138131.21,2026-01-27
SAL002556,EMP00863,118422.35,3925.03,7392.09,114955.29,2025-02-05
SAL002557,EMP00999,35034.16,5462.83,10356.8,30140.19,2025-11-03
SAL002558,EMP00646,125619.53,12977.81,6596.33,132001.01,2026-01-13
SAL002559,EMP01138,74531.48,14121.84,2766.43,85886.89,2026-06-28
SAL002560,EMP00675,132753.94,16752.17,6437.71,143068.4,2026-03-19
SAL002561,EMP00399,86085.96,1898.76,12167.63,75817.09,2025-02-14
SAL002562,EMP00664,62730.37,14996.56,14570.37,63156.56,2025-06-17
SAL002563,EMP00410,110482.46,4282.39,12714.62,102050.23,2025-02-26
SAL002564,EMP01227,69953.2,9186.68,12225.9,66913.98,2025-05-16
SAL002565,EMP00853,48724.21,11405.94,1598.69,58531.46,2026-05-25
SAL002566,EMP01121,68132.89,11688.11,1823.7,77997.3,2026-03-06
SAL002567,EMP01191,95663.92,6550.68,4343.43,97871.17,2024-08-27
SAL002568,EMP00045,106200.46,6414.86,1248.63,111366.69,2025-02-19
SAL002569,EMP00641,140234.54,7583.5,7681.22,140136.82,2026-04-12
SAL002570,EMP01018,98046.2,3203.22,11223.03,90026.39,2025-01-04
SAL002571,EMP01091,94222.1,11951.95,9358.07,96815.98,2024-12-15
SAL002572,EMP00469,77274.22,1338.08,7841.32,70770.98,2024-12-08
SAL002573,EMP00776,127742.02,9044.9,14908.62,121878.3,2025-01-25
SAL002574,EMP00419,39580.58,8868.99,10121.54,38328.03,2025-11-21
SAL002575,EMP00754,140043.77,14106.86,11035.49,143115.14,2024-11-03
SAL002576,EMP00995,82887.86,16084.1,11714.44,87257.52,2024-10-16
SAL002577,EMP00337,105936.35,4147.6,9001.39,101082.56,2026-06-14
SAL002578,EMP00896,84838.2,9446.02,13076.01,81208.21,2026-07-27
SAL002579,EMP00658,96597.23,13519.02,13087.27,97028.98,2025-11-14
SAL002580,EMP00031,145788.16,18290.35,2099.58,161978.93,2025-09-07
SAL002581,EMP00855,61396.9,16729.01,8351.04,69774.87,2024-08-14
SAL002582,EMP00192,105560.05,14430.64,6164.82,113825.87,2026-01-06
SAL002583,EMP00600,61400.99,11326.5,3530.9,69196.59,2025-05-28
SAL002584,EMP00126,85061.32,10098.52,11107.12,84052.72,2026-02-21
SAL002585,EMP00516,67195.48,8343.81,3530.24,72009.05,2024-12-20
SAL002586,EMP00134,39581.99,19768.1,5568.21,53781.88,2025-09-11
SAL002587,EMP00357,134739.49,8855.34,1329.16,142265.67,2025-02-13
SAL002588,EMP00776,28306.98,17428.6,13657.38,32078.2,2026-06-26
SAL002589,EMP00080,125021.05,17404.01,13653.92,128771.14,2025-08-20
SAL002590,EMP00416,64523.07,8312.62,4713.69,68122,2024-11-30
SAL002591,EMP00484,20518.07,19041.82,1152.54,38407.35,2025-03-01
SAL002592,EMP00226,130546.8,16793.49,14592.31,132747.98,2024-11-25
SAL002593,EMP00712,149342.58,4826.58,4880.94,149288.22,2024-09-01
SAL002594,EMP01142,90620.52,18563.38,8444.63,100739.27,2025-07-08
SAL002595,EMP00692,73212.36,6245.83,4249.17,75209.02,2024-12-04
SAL002596,EMP00512,56374.09,1784.93,12506.08,45652.94,2025-11-18
SAL002597,EMP00607,149197.98,4273.62,2557.36,150914.24,2026-03-26
SAL002598,EMP00280,32405.71,8623.69,11019.9,30009.5,2025-02-04
SAL002599,EMP00213,118959.4,14404.34,9701.29,123662.45,2024-12-14
SAL002600,EMP00759,107205.49,19446.99,3788.08,122864.4,2026-07-05
SAL002601,EMP00251,131038.38,10782.86,7244.08,134577.16,2024-11-18
SAL002602,EMP00824,136943.7,3303.61,4616.59,135630.72,2024-11-07
SAL002603,EMP00491,116177.91,15993.22,9556.65,122614.48,2025-10-14
SAL002604,EMP00875,75760.38,18864.85,12212.32,82412.91,2025-07-27
SAL002605,EMP01036,20054.1,9585.04,11294.79,18344.35,2024-12-13
SAL002606,EMP00635,32987.53,11833.58,10546.98,34274.13,2024-08-31
SAL002607,EMP00016,132426.14,13264.93,7848.28,137842.79,2025-06-13
SAL002608,EMP01021,131000.41,3388.29,6787.54,127601.16,2026-05-28
SAL002609,EMP00988,101332.15,19141.98,2679.82,117794.31,2026-06-26
SAL002610,EMP01227,51182.47,16532.93,6220.87,61494.53,2025-07-03
SAL002611,EMP01082,79831,13260.31,1074.48,92016.83,2025-05-21
SAL002612,EMP00669,77925.3,9823.64,4933.76,82815.18,2025-07-27
SAL002613,EMP00842,76343.47,6264.53,9546.77,73061.23,2025-01-05
SAL002614,EMP01227,93430.56,17451.57,14260.1,96622.03,2025-07-05
SAL002615,EMP00569,29547.82,2597.85,13841.24,18304.43,2025-08-01
SAL002616,EMP00842,36330.22,16327.56,8860.93,43796.85,2025-04-20
SAL002617,EMP00203,22071.53,10155.69,6679.78,25547.44,2024-08-24
SAL002618,EMP00759,128514.18,14610.06,8975.81,134148.43,2025-04-07
SAL002619,EMP00631,98128.27,10307.31,6920.33,101515.25,2025-10-14
SAL002620,EMP01103,110971.42,19838.04,4862.48,125946.98,2024-10-11
SAL002621,EMP01145,83456.47,18222.2,4968.35,96710.32,2024-10-15
SAL002622,EMP00857,120613.07,2637.77,10183.51,113067.33,2025-03-17
SAL002623,EMP01154,113325.26,17939.41,5113.12,126151.55,2025-01-07
SAL002624,EMP00577,44965.35,7157.39,12834.47,39288.27,2024-09-25
SAL002625,EMP01030,71701.78,5275.69,1417.68,75559.79,2025-02-21
SAL002626,EMP00214,84730.92,12850.83,7800.66,89781.09,2026-04-04
SAL002627,EMP00093,50690.45,19589.96,5676.91,64603.5,2024-10-15
SAL002628,EMP00621,132214.63,15939.88,12152.58,136001.93,2025-04-06
SAL002629,EMP01200,70785.98,16616.89,14691.53,72711.34,2026-08-07
SAL002630,EMP00148,97763.19,17913.56,14382.58,101294.17,2026-06-19
SAL002631,EMP01022,140919.59,14243.52,13275.85,141887.26,2025-01-16
SAL002632,EMP00709,39981.07,19062.55,9347.24,49696.38,2025-07-22
SAL002633,EMP01102,112462.61,3023.6,14253.04,101233.17,2026-04-27
SAL002634,EMP00280,40052.4,8445.38,5480.06,43017.72,2025-06-11
SAL002635,EMP00095,25903.59,4596.78,13610.3,16890.07,2025-03-29
SAL002636,EMP00920,109541.26,2829.16,1762.19,110608.23,2026-07-23
SAL002637,EMP00448,109405,10142.02,7771.26,111775.76,2026-04-10
SAL002638,EMP01202,143518.99,11482,6942.17,148058.82,2024-08-25
SAL002639,EMP01080,142731.42,8923.64,1024.5,150630.56,2025-11-10
SAL002640,EMP01151,65774.99,10444.14,10497.44,65721.69,2026-06-06
SAL002641,EMP00478,29400.26,8046.68,5498.84,31948.1,2025-07-06
SAL002642,EMP01194,57910.49,11930.55,9527.63,60313.41,2025-05-02
SAL002643,EMP01217,39501.2,9903.82,13215.11,36189.91,2025-10-25
SAL002644,EMP00820,53467.52,4441.35,14090.9,43817.97,2024-12-30
SAL002645,EMP00914,64179.94,3263.52,10568.27,56875.19,2025-12-30
SAL002646,EMP00457,100255.79,1888.85,14740.91,87403.73,2025-07-29
SAL002647,EMP00990,70797.52,7743.14,7076.66,71464,2025-04-20
SAL002648,EMP00562,45961.09,5620.83,7162.33,44419.59,2025-04-11
SAL002649,EMP00059,85758.44,4066.27,12291.47,77533.24,2024-11-14
SAL002650,EMP00459,96941.14,13265.14,9270.63,100935.65,2025-12-10
SAL002651,EMP00738,124524.21,15585.49,5129.47,134980.23,2024-09-13
SAL002652,EMP00500,53880.21,6869.64,5915.09,54834.76,2025-02-16
SAL002653,EMP00322,147883.41,15862.21,14299.53,149446.09,2025-01-08
SAL002654,EMP00200,99673.21,10382.07,9542.37,100512.91,2025-03-05
SAL002655,EMP00474,53064.11,16437.89,3799.77,65702.23,2025-08-22
SAL002656,EMP00920,43565.85,16411.42,11365.28,48611.99,2025-12-02
SAL002657,EMP00872,69987.5,18956.15,12066.1,76877.55,2025-07-11
SAL002658,EMP00417,41334.68,12104.16,11656.17,41782.67,2025-09-15
SAL002659,EMP00425,46926.31,5077.51,2783.46,49220.36,2025-06-08
SAL002660,EMP00869,22907.66,4358.75,4373.85,22892.56,2025-08-07
SAL002661,EMP00738,115997.09,13134.26,13037.41,116093.94,2024-10-25
SAL002662,EMP00077,35621.69,16046.18,6719.71,44948.16,2025-01-11
SAL002663,EMP00406,111478.31,17030.1,9964.31,118544.1,2025-10-04
SAL002664,EMP00592,79327.52,17136.83,10643.84,85820.51,2024-08-30
SAL002665,EMP00460,113182.28,5266.44,13090.55,105358.17,2025-04-12
SAL002666,EMP01008,52665.08,13461.79,8020.37,58106.5,2025-07-19
SAL002667,EMP00838,101060.34,11722.58,10102.82,102680.1,2025-11-13
SAL002668,EMP01059,37195.78,2330.95,4859.02,34667.71,2024-08-23
SAL002669,EMP00541,77730.06,11363.06,9242.79,79850.33,2025-04-09
SAL002670,EMP01070,87206.27,17249.83,10831.78,93624.32,2024-08-14
SAL002671,EMP00456,68492.78,14282.57,11730.4,71044.95,2025-12-23
SAL002672,EMP00901,98549.66,17547.09,7645.98,108450.77,2026-04-25
SAL002673,EMP00208,62811.74,2218.15,8803.02,56226.87,2025-10-05
SAL002674,EMP00708,118196.28,1494.73,9448.93,110242.08,2024-11-10
SAL002675,EMP00465,73047.47,6470.63,3330.47,76187.63,2024-09-11
SAL002676,EMP01186,72322.91,3597.71,11848.83,64071.79,2025-01-28
SAL002677,EMP00149,103066.48,11684.25,14368.89,100381.84,2026-06-05
SAL002678,EMP00449,110958.68,1603.21,3945.34,108616.55,2025-11-13
SAL002679,EMP00161,43577.52,5496.7,7883.62,41190.6,2025-05-06
SAL002680,EMP00604,65029.46,11707.68,10902.58,65834.56,2026-02-21
SAL002681,EMP00336,34743.04,6880.57,11586.27,30037.34,2025-12-19
SAL002682,EMP00750,53597.84,18327.66,12360.16,59565.34,2026-05-08
SAL002683,EMP00239,86185.77,16110.32,6925.58,95370.51,2025-06-21
SAL002684,EMP00289,88019.63,11743.83,13593.58,86169.88,2026-06-10
SAL002685,EMP00537,57947.27,9528.39,1305.73,66169.93,2025-02-21
SAL002686,EMP00380,145079.87,12325.52,7570.08,149835.31,2026-03-06
SAL002687,EMP01180,92327.24,2341.77,14717.66,79951.35,2024-12-03
SAL002688,EMP00265,118833.6,6627.78,3796.19,121665.19,2024-10-02
SAL002689,EMP00610,110865.32,7894.13,4127.79,114631.66,2025-03-28
SAL002690,EMP00597,131042.66,17651.54,13254.97,135439.23,2025-05-17
SAL002691,EMP00932,34808.87,14473.24,11254.78,38027.33,2026-01-09
SAL002692,EMP00989,125172.55,19519.12,2271.02,142420.65,2024-09-26
SAL002693,EMP00361,55733.3,13563.75,8641.65,60655.4,2024-10-12
SAL002694,EMP00677,127640.64,12338.77,1946.24,138033.17,2025-05-01
SAL002695,EMP00319,68766,15832.04,4635.33,79962.71,2025-05-28
SAL002696,EMP00039,117098.47,15703.09,8490.4,124311.16,2025-07-01
SAL002697,EMP01189,69481.74,10401.78,3609.97,76273.55,2026-02-02
SAL002698,EMP00465,60095.96,17359.12,4261.23,73193.85,2024-08-12
SAL002699,EMP00009,101991.86,12865.09,4442.37,110414.58,2025-12-30
SAL002700,EMP00772,139734.72,15017.53,7269.17,147483.08,2024-12-24
SAL002701,EMP00846,56040.6,1666.55,11228.32,46478.83,2025-11-03
SAL002702,EMP01137,144610.68,17390.04,7673.43,154327.29,2024-12-10
SAL002703,EMP00146,138671.53,18560.1,12038.86,145192.77,2025-03-21
SAL002704,EMP00486,24633.52,2791.04,12623.66,14800.9,2024-09-25
SAL002705,EMP01037,64184.58,9919.3,3810.55,70293.33,2025-08-10
SAL002706,EMP00639,64093.19,14198.02,5935.13,72356.08,2025-09-17
SAL002707,EMP00522,30144.4,2411.04,8496.2,24059.24,2024-09-14
SAL002708,EMP00376,67369.07,8790.23,3898.64,72260.66,2025-05-11
SAL002709,EMP00977,25794.09,4597.79,6272.24,24119.64,2026-07-10
SAL002710,EMP00783,82914.68,5860.46,5497.97,83277.17,2024-08-27
SAL002711,EMP00479,48035.93,13049.97,10409.69,50676.21,2025-08-10
SAL002712,EMP00875,59530.85,8263.78,5332.66,62461.97,2026-03-17
SAL002713,EMP00624,24133.64,14856.14,14831.84,24157.94,2025-10-11
SAL002714,EMP00879,85657.05,8090.93,14217.43,79530.55,2025-12-09
SAL002715,EMP00549,122370.83,15304.2,4009.87,133665.16,2026-06-04
SAL002716,EMP00475,67733.49,11479.4,12471.02,66741.87,2025-01-29
SAL002717,EMP00895,120781.96,10571.72,12872.61,118481.07,2025-01-04
SAL002718,EMP00022,82590.51,3265.89,9398.13,76458.27,2026-03-27
SAL002719,EMP00523,36869.28,5237.44,14428.09,27678.63,2025-05-19
SAL002720,EMP00932,84533.05,16146.45,5533.41,95146.09,2025-06-08
SAL002721,EMP00913,33074.32,10305.56,8649.19,34730.69,2026-02-25
SAL002722,EMP00419,36801.92,19175.14,3393.06,52584,2026-02-12
SAL002723,EMP00761,104714.4,2866.04,6445.92,101134.52,2024-10-17
SAL002724,EMP01212,55743.29,15779.19,13247.79,58274.69,2024-11-07
SAL002725,EMP00074,88729.12,11439.77,12832.68,87336.21,2025-03-25
SAL002726,EMP00447,67199.77,19252.05,12117.13,74334.69,2024-09-30
SAL002727,EMP00988,115427.94,4420.45,1970.82,117877.57,2025-09-09
SAL002728,EMP00588,94671.77,9617.11,9385.78,94903.1,2025-05-09
SAL002729,EMP00260,36458.33,2306.36,14040.37,24724.32,2024-11-17
SAL002730,EMP00212,101230.98,15902.92,4210.91,112922.99,2025-09-09
SAL002731,EMP00694,100836.62,17465.08,12277.63,106024.07,2025-08-01
SAL002732,EMP01184,132691.53,16803.12,6380.02,143114.63,2024-10-20
SAL002733,EMP00284,145556.88,1034.39,7700.69,138890.58,2026-02-20
SAL002734,EMP00504,57910.64,6689.01,14365.18,50234.47,2026-05-05
SAL002735,EMP00691,27263.65,6521.68,5980.36,27804.97,2025-07-06
SAL002736,EMP00026,32496.76,8383.7,12806.98,28073.48,2024-09-28
SAL002737,EMP01047,76994.67,13963.57,10323.98,80634.26,2026-05-06
SAL002738,EMP01114,75473.8,8180.45,9170.22,74484.03,2024-08-25
SAL002739,EMP00598,108108.68,16076.06,1674.81,122509.93,2025-01-26
SAL002740,EMP00324,120513.83,13177.04,2347.78,131343.09,2025-10-21
SAL002741,EMP00952,88227.99,17826.01,9699.27,96354.73,2026-06-26
SAL002742,EMP00864,35546.67,9983.55,14091.35,31438.87,2025-02-06
SAL002743,EMP01099,124107.02,6604.33,1822.09,128889.26,2024-12-16
SAL002744,EMP00942,136245.67,10483.9,8544.38,138185.19,2025-11-11
SAL002745,EMP00389,145013.99,13073.74,14490.47,143597.26,2026-06-26
SAL002746,EMP00748,21923.43,8310.98,7438.17,22796.24,2025-02-19
SAL002747,EMP00491,106842.65,5917.75,6791.09,105969.31,2025-12-16
SAL002748,EMP00530,116871.02,18538.24,10567.81,124841.45,2024-11-12
SAL002749,EMP00247,99422.54,8683.45,6521.87,101584.12,2026-07-29
SAL002750,EMP00160,70916.98,4011.99,8231.88,66697.09,2026-02-04
SAL002751,EMP00228,114421.77,2814.01,11775.04,105460.74,2024-08-28
SAL002752,EMP00998,44912.9,16021.57,14476.09,46458.38,2026-05-10
SAL002753,EMP00343,123920.94,17285.98,1451.34,139755.58,2026-06-15
SAL002754,EMP00671,78674.07,18798.71,14409.16,83063.62,2025-04-11
SAL002755,EMP00403,132804.68,6671.01,10124.81,129350.88,2025-08-05
SAL002756,EMP00897,63314.99,8264.98,8760.08,62819.89,2025-09-03
SAL002757,EMP00023,60675.69,2840.53,6479.9,57036.32,2025-09-13
SAL002758,EMP00173,126049.26,11652.08,13855.79,123845.55,2024-12-17
SAL002759,EMP01166,72782.47,13767.21,1746.85,84802.83,2025-06-03
SAL002760,EMP00070,105097.16,15363.48,12053.63,108407.01,2026-03-24
SAL002761,EMP00386,23394,18945.44,9292.4,33047.04,2025-05-23
SAL002762,EMP00472,140009.27,17902.73,8499.25,149412.75,2026-07-16
SAL002763,EMP01084,65016.53,4590.92,4090.47,65516.98,2025-05-05
SAL002764,EMP00651,49225.46,12123.79,4907.65,56441.6,2024-09-26
SAL002765,EMP00053,20275.73,12248.15,12165.94,20357.94,2025-08-01
SAL002766,EMP00940,45114.55,13973.32,2656.47,56431.4,2024-09-05
SAL002767,EMP00098,145116.04,15308.06,11488.34,148935.76,2024-09-03
SAL002768,EMP00736,110331.92,5542.48,9999.34,105875.06,2026-05-24
SAL002769,EMP00208,141631.69,7560.73,13496.88,135695.54,2026-06-01
SAL002770,EMP00692,67139.62,19488.54,10249.96,76378.2,2024-10-08
SAL002771,EMP00636,37544.28,16860.21,9015.45,45389.04,2025-06-21
SAL002772,EMP01154,35958.03,11992.55,12989.61,34960.97,2026-05-28
SAL002773,EMP00405,108428.41,6085.55,8040.78,106473.18,2025-03-30
SAL002774,EMP00354,45680.01,1566.2,8287.68,38958.53,2025-03-25
SAL002775,EMP01133,118484.98,12817.04,14864.45,116437.57,2026-07-14
SAL002776,EMP01052,98894.55,6152.36,14425.31,90621.6,2025-12-11
SAL002777,EMP00552,144692.89,13471.9,7165.19,150999.6,2026-01-17
SAL002778,EMP00243,134939.92,6978.86,1775.52,140143.26,2026-01-04
SAL002779,EMP00082,29166.18,17651.56,1498.13,45319.61,2024-10-30
SAL002780,EMP00165,23363.62,7216.75,14711.54,15868.83,2026-07-10
SAL002781,EMP00824,124169.01,9721.86,7120.4,126770.47,2025-01-18
SAL002782,EMP00322,54130.77,19742.49,4531.2,69342.06,2025-04-26
SAL002783,EMP00946,41324.55,3002.99,3228.52,41099.02,2026-05-04
SAL002784,EMP00965,143855.97,5691.66,1266.83,148280.8,2025-08-03
SAL002785,EMP00120,33812.93,17943.03,10798.44,40957.52,2025-08-27
SAL002786,EMP00339,103295.63,11592.31,8118.5,106769.44,2026-08-05
SAL002787,EMP00975,103850,7299.43,3403.18,107746.25,2025-03-29
SAL002788,EMP01158,117729.98,18500.43,7160.45,129069.96,2026-03-23
SAL002789,EMP00120,125752.46,15353.64,5231.25,135874.85,2024-10-16
SAL002790,EMP00556,79413.42,6624.46,1528.59,84509.29,2025-10-09
SAL002791,EMP00194,148899.75,16268.52,6079.9,159088.37,2026-05-11
SAL002792,EMP00419,51457.59,2840.74,7628.46,46669.87,2025-02-01
SAL002793,EMP01087,43443.46,15422.54,2977.7,55888.3,2026-07-23
SAL002794,EMP00384,33888.41,18952.58,5087.35,47753.64,2024-10-13
SAL002795,EMP01040,70528.37,5309.83,7981.37,67856.83,2025-11-28
SAL002796,EMP00362,81055.28,17579.66,7420.33,91214.61,2024-08-14
SAL002797,EMP01131,128571.26,11605.93,4628.53,135548.66,2024-09-04
SAL002798,EMP00220,46461.59,5402.43,2505.83,49358.19,2026-04-15
SAL002799,EMP00347,60703.93,14105.41,12397.98,62411.36,2025-05-27
SAL002800,EMP00452,144549.6,19252.27,12218.98,151582.89,2025-03-27
SAL002801,EMP01203,28733.42,13296.09,12378.02,29651.49,2026-07-13
SAL002802,EMP00629,25514.8,15324.92,9903.87,30935.85,2024-10-07
SAL002803,EMP01083,109762.33,18998.8,2975.27,125785.86,2026-03-31
SAL002804,EMP00219,110321.68,5171.65,9177.2,106316.13,2026-02-28
SAL002805,EMP00992,30714.64,8035.01,3343.91,35405.74,2025-07-01
SAL002806,EMP00840,63629.63,2612.76,13858.03,52384.36,2024-08-25
SAL002807,EMP00521,119895.57,5344.04,5574.43,119665.18,2026-06-18
SAL002808,EMP00946,107502.76,17096.17,9795.03,114803.9,2025-04-17
SAL002809,EMP00818,29919.15,15205.75,4231.86,40893.04,2025-02-13
SAL002810,EMP00988,56374.75,7342.52,8314.63,55402.64,2026-06-04
SAL002811,EMP00383,139553.72,11222.24,2688.91,148087.05,2025-05-15
SAL002812,EMP01040,79234.72,10588.58,4769.45,85053.85,2025-06-14
SAL002813,EMP01204,99201.69,8422.31,14138.84,93485.16,2026-01-23
SAL002814,EMP00120,148897.75,9685.92,7613.69,150969.98,2025-07-03
SAL002815,EMP00280,34348.46,3933.34,9685.26,28596.54,2026-07-25
SAL002816,EMP00071,46130.69,17478.46,7996.97,55612.18,2025-05-01
SAL002817,EMP00570,77207.77,7295.8,5463.3,79040.27,2024-10-12
SAL002818,EMP01164,129657.48,6186.47,12104.56,123739.39,2026-02-23
SAL002819,EMP00763,77926.38,16458.58,14367.52,80017.44,2025-11-23
SAL002820,EMP00007,98553.13,15316.97,3559.61,110310.49,2025-03-28
SAL002821,EMP01135,36108.69,14899.01,2852.14,48155.56,2025-05-05
SAL002822,EMP00059,145355.63,3726.9,13360.49,135722.04,2024-09-02
SAL002823,EMP00212,62434.4,16231.19,13053.69,65611.9,2025-04-04
SAL002824,EMP00049,137188.31,5047.49,7143.09,135092.71,2026-06-23
SAL002825,EMP00073,97229.42,17884.99,5480.46,109633.95,2025-03-20
SAL002826,EMP00368,120814.23,18631.2,12864.88,126580.55,2025-03-31
SAL002827,EMP00680,51570.78,10797.95,4489.18,57879.55,2025-05-02
SAL002828,EMP00190,118603.16,14984.25,6781.43,126805.98,2026-01-20
SAL002829,EMP01140,48080.78,13841.08,1639.78,60282.08,2024-12-28
SAL002830,EMP01072,58791.84,17011,4360.75,71442.09,2025-04-18
SAL002831,EMP00034,106029.24,4191.33,10986.31,99234.26,2026-03-01
SAL002832,EMP01031,32309.67,1296.34,14729.25,18876.76,2025-11-12
SAL002833,EMP01152,56771.01,13341.09,9739.96,60372.14,2026-04-27
SAL002834,EMP00060,20600.71,1651.77,6139.7,16112.78,2026-06-30
SAL002835,EMP01092,129933.68,3105.72,14071.93,118967.47,2026-03-19
SAL002836,EMP00324,127438.81,9086.41,6739.01,129786.21,2026-06-08
SAL002837,EMP00713,65298.57,5324.77,5857.28,64766.06,2025-08-23
SAL002838,EMP00057,105746.72,10023.65,10666.76,105103.61,2026-01-30
SAL002839,EMP00893,42784.03,17753.57,1741.93,58795.67,2026-03-10
SAL002840,EMP00716,84240.79,7150.9,13961.89,77429.8,2026-02-09
SAL002841,EMP01125,146159.55,9604.21,6236.04,149527.72,2025-03-27
SAL002842,EMP00732,117752.48,2115.47,13698.5,106169.45,2025-08-14
SAL002843,EMP00367,119196.64,11318.31,10025.92,120489.03,2025-04-19
SAL002844,EMP00267,62442.32,18089.23,13228.98,67302.57,2024-10-25
SAL002845,EMP00110,105690.71,3537.05,1562.64,107665.12,2025-10-22
SAL002846,EMP00367,113666.31,16479.28,12828.11,117317.48,2025-11-19
SAL002847,EMP01161,123012.77,17846.96,6865.08,133994.65,2026-06-12
SAL002848,EMP00413,21732.26,16934.27,8850.96,29815.57,2026-04-03
SAL002849,EMP00446,33241.38,8810.56,5157.48,36894.46,2025-02-28
SAL002850,EMP00828,25352.32,19603.46,7204.06,37751.72,2026-04-08
SAL002851,EMP00434,78658.3,5508.4,4060.1,80106.6,2025-11-17
SAL002852,EMP00815,146781.63,14981.55,8157.35,153605.83,2024-12-04
SAL002853,EMP00924,143281.63,6143.75,11683.68,137741.7,2026-06-19
SAL002854,EMP01203,73111.15,13084.84,13123.12,73072.87,2024-11-14
SAL002855,EMP00987,144877.83,3227.66,5261.16,142844.33,2025-10-23
SAL002856,EMP00612,29725.28,7021.61,6414.83,30332.06,2025-02-02
SAL002857,EMP00995,124334.99,12362.34,3262.51,133434.82,2026-04-17
SAL002858,EMP00606,67838.68,11807.91,8006.35,71640.24,2025-08-04
SAL002859,EMP00400,65752.78,8267.98,5446.14,68574.62,2026-02-26
SAL002860,EMP01160,37999.13,14210.42,4197.97,48011.58,2024-12-15
SAL002861,EMP00794,122343.06,13241.97,4461.24,131123.79,2026-05-24
SAL002862,EMP00693,109031.19,10396.97,14222.93,105205.23,2025-10-07
SAL002863,EMP00358,67479.56,19815.65,4388.9,82906.31,2025-07-29
SAL002864,EMP00278,141750.49,17828.89,1310.99,158268.39,2025-06-01
SAL002865,EMP00876,139676.38,2127.24,8002.57,133801.05,2025-11-14
SAL002866,EMP00915,76040.32,12702.07,14407.85,74334.54,2024-11-29
SAL002867,EMP01170,30314.23,17329.66,7344.27,40299.62,2026-03-21
SAL002868,EMP00125,41388.77,18633.19,3297.27,56724.69,2025-11-18
SAL002869,EMP00615,34984.24,4882.96,8314.82,31552.38,2024-08-22
SAL002870,EMP00296,58936.12,17904.04,10712.92,66127.24,2025-10-29
SAL002871,EMP00804,70428.98,6894.81,1777.85,75545.94,2025-08-16
SAL002872,EMP00070,122799.51,7360,1405.32,128754.19,2024-10-26
SAL002873,EMP00937,129715.92,14957,13719.55,130953.37,2025-09-26
SAL002874,EMP01005,140958.82,14407.87,8200.68,147166.01,2025-08-22
SAL002875,EMP00424,30061.32,14603.25,11435.22,33229.35,2026-07-27
SAL002876,EMP00195,117634.19,12920.03,10623.73,119930.49,2025-07-18
SAL002877,EMP00446,146823.49,14743.02,6189.15,155377.36,2026-06-06
SAL002878,EMP00432,102894.83,8908.7,3708.68,108094.85,2025-11-18
SAL002879,EMP00375,34939.28,13470.9,11250.84,37159.34,2026-07-17
SAL002880,EMP01166,22777.69,1510.69,13633.02,10655.36,2026-01-20
SAL002881,EMP00298,25969.83,19389.35,7400.7,37958.48,2025-01-09
SAL002882,EMP00282,90602.91,6766.65,4935.69,92433.87,2025-01-16
SAL002883,EMP00015,35597.27,2341.27,8135.81,29802.73,2025-09-01
SAL002884,EMP00623,130618.93,17394.88,5429.49,142584.32,2025-08-12
SAL002885,EMP00585,143852.9,17624.38,3398.28,158079,2024-08-31
SAL002886,EMP00492,142359.33,6781.86,6188.57,142952.62,2025-08-15
SAL002887,EMP00697,115636.14,1247.09,4748,112135.23,2026-05-21
SAL002888,EMP01111,24703.87,18284.09,4882.77,38105.19,2025-06-20
SAL002889,EMP00723,115569.33,15054.16,2675.67,127947.82,2024-12-21
SAL002890,EMP00927,29813.56,13507.35,9960.34,33360.57,2025-03-10
SAL002891,EMP01055,98466.23,10274.81,11418.96,97322.08,2024-10-11
SAL002892,EMP00351,62477.49,1844.24,1547.38,62774.35,2025-11-14
SAL002893,EMP00228,66956.54,14522.85,6826.55,74652.84,2026-01-03
SAL002894,EMP01161,84053.18,3621.67,2210.1,85464.75,2026-01-08
SAL002895,EMP00112,134320.51,7804.75,6852.86,135272.4,2025-02-14
SAL002896,EMP00011,103912.16,2721.35,6254.13,100379.38,2025-02-10
SAL002897,EMP00411,63115.93,7050.5,8301.82,61864.61,2025-01-31
SAL002898,EMP00698,147170.71,5340.83,10784.54,141727,2026-01-08
SAL002899,EMP00389,55383.34,16447.74,9988.2,61842.88,2026-07-04
SAL002900,EMP00844,31514.25,19213.99,12425.69,38302.55,2025-07-28
SAL002901,EMP00421,68371.26,4336.34,4415.44,68292.16,2025-10-19
SAL002902,EMP00185,110465.17,2595.23,6449.51,106610.89,2024-08-30
SAL002903,EMP00586,106017.52,18891.22,9112.55,115796.19,2026-03-29
SAL002904,EMP01144,110876.65,11414.7,6633.65,115657.7,2025-09-21
SAL002905,EMP00960,119488.45,11817.82,12760.68,118545.59,2026-05-04
SAL002906,EMP01033,87757.41,19371.76,11766.66,95362.51,2026-02-01
SAL002907,EMP01198,36949.09,13146.37,5114.71,44980.75,2026-05-07
SAL002908,EMP00299,35001.39,16990.03,4747.25,47244.17,2026-01-29
SAL002909,EMP00429,127535.75,16353.48,5209.89,138679.34,2025-08-08
SAL002910,EMP00611,31674.07,11222.49,13882.38,29014.18,2024-10-15
SAL002911,EMP00668,32635.54,7122.02,10431.67,29325.89,2025-03-19
SAL002912,EMP00106,21956.29,17698,9383.85,30270.44,2026-05-08
SAL002913,EMP00059,134346.83,1607.9,11288.46,124666.27,2026-05-18
SAL002914,EMP00519,51604.66,4856.65,13338.23,43123.08,2026-02-24
SAL002915,EMP01049,107394.77,9202.38,5588.6,111008.55,2025-03-18
SAL002916,EMP00947,149316.92,4762.35,1407.62,152671.65,2025-03-10
SAL002917,EMP00793,99055.69,8060.34,10221.41,96894.62,2024-08-22
SAL002918,EMP01079,92657.68,6903.17,7960.33,91600.52,2025-01-27
SAL002919,EMP00783,129710.07,14946.75,10348.22,134308.6,2025-08-30
SAL002920,EMP00740,55413.43,3908.78,5060.65,54261.56,2026-03-18
SAL002921,EMP00506,107823.91,19865.08,7181.73,120507.26,2025-10-13
SAL002922,EMP00292,26209.92,1582.75,4234.71,23557.96,2025-04-25
SAL002923,EMP00759,133183.45,18844.86,1199.78,150828.53,2025-12-10
SAL002924,EMP00954,52380.49,12261.78,7207.25,57435.02,2025-03-27
SAL002925,EMP00949,63977.95,10497.53,14112.01,60363.47,2025-09-16
SAL002926,EMP00772,43865.35,1951.87,3241.3,42575.92,2025-09-19
SAL002927,EMP00829,126291.4,3713.49,1752.05,128252.84,2025-08-08
SAL002928,EMP00462,140532.1,14888.5,13153.58,142267.02,2026-04-07
SAL002929,EMP00644,102240.81,3878.66,9207.79,96911.68,2025-05-30
SAL002930,EMP00191,125693.31,2428.93,13758.87,114363.37,2025-04-03
SAL002931,EMP00159,145498.96,12216.56,7763.49,149952.03,2024-12-21
SAL002932,EMP00558,69843.31,13001.93,13954.76,68890.48,2026-03-17
SAL002933,EMP00801,123486.41,14399.86,13434.64,124451.63,2024-12-23
SAL002934,EMP00527,66819.04,7560.29,11740.91,62638.42,2025-02-01
SAL002935,EMP00863,114656.48,13468.95,4721.19,123404.24,2024-12-31
SAL002936,EMP00301,22099.64,11588.91,12048.74,21639.81,2025-12-26
SAL002937,EMP00365,92496.09,17981.12,9229.58,101247.63,2024-11-07
SAL002938,EMP00177,36535.41,4949.04,3020.55,38463.9,2024-12-03
SAL002939,EMP00364,43651.98,9102.87,11564.8,41190.05,2026-04-29
SAL002940,EMP01009,31613.77,10738.99,14839.46,27513.3,2026-01-23
SAL002941,EMP01145,49430.17,16644.01,3510.32,62563.86,2025-12-30
SAL002942,EMP00067,102607.75,5342.61,7143.84,100806.52,2026-08-05
SAL002943,EMP00905,111081.78,15010.41,3316.22,122775.97,2025-09-25
SAL002944,EMP00245,31043.38,15766.74,1781.77,45028.35,2025-05-05
SAL002945,EMP00490,33414.62,12308.36,5671.2,40051.78,2025-06-18
SAL002946,EMP00084,140470.36,2900.1,11005.16,132365.3,2024-11-17
SAL002947,EMP00016,29166.26,5183.32,6719.5,27630.08,2026-02-03
SAL002948,EMP01038,116538.15,3794.16,14217.61,106114.7,2024-09-22
SAL002949,EMP00050,80887.42,16869.48,14367.82,83389.08,2025-10-29
SAL002950,EMP00762,55301.48,19415.02,4789.29,69927.21,2025-08-16
SAL002951,EMP00345,111917.65,14597.28,14969.01,111545.92,2026-03-21
SAL002952,EMP00362,105782.41,8460.37,13065.74,101177.04,2025-01-08
SAL002953,EMP00693,148618.01,1537.34,1847.45,148307.9,2026-05-09
SAL002954,EMP00618,124148.23,16873.68,4055.54,136966.37,2026-03-30
SAL002955,EMP00640,115699.82,9535.13,8588.29,116646.66,2024-10-25
SAL002956,EMP00081,48331.23,15047.8,2337.31,61041.72,2024-08-18
SAL002957,EMP00765,143302.94,6921.31,12311.12,137913.13,2026-03-24
SAL002958,EMP01043,66266.15,11784.62,6631.24,71419.53,2025-08-07
SAL002959,EMP00438,110664.97,13782.83,7171.11,117276.69,2025-07-02
SAL002960,EMP00311,22033.08,19076.1,13643.73,27465.45,2024-12-02
SAL002961,EMP00821,34557.31,8873.2,5621.3,37809.21,2026-07-20
SAL002962,EMP00397,59386.13,17059.22,11154.42,65290.93,2025-06-05
SAL002963,EMP00662,62425.16,14173.79,12249.47,64349.48,2025-09-07
SAL002964,EMP00524,136265.7,12288.55,7846.9,140707.35,2025-05-30
SAL002965,EMP00806,144240.4,9650.78,6286.51,147604.67,2025-02-01
SAL002966,EMP00441,46496,14458.4,14134.5,46819.9,2025-12-12
SAL002967,EMP01060,103586.94,5050.68,9314.45,99323.17,2026-04-19
SAL002968,EMP00598,23301.88,14094.79,4660.44,32736.23,2026-05-18
SAL002969,EMP00373,66895.92,16263.2,14189.69,68969.43,2025-12-20
SAL002970,EMP00651,53597.02,18172.25,3275.92,68493.35,2026-04-28
SAL002971,EMP00021,135286.99,2939.37,11933.31,126293.05,2025-04-14
SAL002972,EMP00866,102823.08,14844.76,10112.97,107554.87,2025-03-24
SAL002973,EMP01228,100130.53,3480.61,9796.99,93814.15,2025-05-03
SAL002974,EMP01142,21063.57,12752.14,6556.16,27259.55,2025-02-23
SAL002975,EMP00033,147309.3,11230.01,1070.32,157468.99,2025-10-07
SAL002976,EMP00344,107735.46,3137.14,12864.94,98007.66,2024-12-13
SAL002977,EMP00235,87263.7,12266.92,13158.11,86372.51,2025-04-18
SAL002978,EMP00452,119395.48,18440.08,4537.7,133297.86,2025-03-05
SAL002979,EMP00494,125109.74,11222.8,9965.69,126366.85,2025-08-10
SAL002980,EMP01027,25105.8,2093.5,9932.18,17267.12,2025-09-06
SAL002981,EMP01130,64756.33,6592.98,3298.82,68050.49,2026-07-21
SAL002982,EMP00610,87632.87,5559.21,5091.65,88100.43,2024-11-26
SAL002983,EMP00533,47656.69,13767.89,9630.8,51793.78,2026-07-24
SAL002984,EMP00598,95557.2,11278.74,9396.82,97439.12,2025-04-09
SAL002985,EMP00893,145049.45,9700.24,9721.73,145027.96,2024-09-12
SAL002986,EMP00936,96855.96,10663.16,2418.54,105100.58,2024-11-21
SAL002987,EMP00850,136627.67,10038.21,2993.4,143672.48,2024-10-14
SAL002988,EMP00558,102247.54,10175.78,1531.49,110891.83,2025-12-08
SAL002989,EMP00074,138278.36,9516.06,14641.64,133152.78,2024-11-27
SAL002990,EMP00108,148841.21,8253.33,11016.78,146077.76,2025-08-14
SAL002991,EMP01119,53529.33,12805.09,7631.38,58703.04,2025-12-15
SAL002992,EMP00156,72971.55,18823.66,9425.02,82370.19,2025-08-14
SAL002993,EMP01073,74914.81,9639.18,1758.15,82795.84,2025-01-05
SAL002994,EMP00078,147717.55,12515.8,3731.56,156501.79,2026-07-03
SAL002995,EMP00179,72512.06,7548.94,3441.77,76619.23,2026-03-20
SAL002996,EMP00189,30126.61,8976.4,13326.3,25776.71,2026-08-05
SAL002997,EMP01077,119379.1,10714.08,1484.36,128608.82,2025-05-10
SAL002998,EMP00206,27333.06,13858.64,10469.79,30721.91,2025-11-03
SAL002999,EMP00462,117008.28,18292.94,4106.84,131194.38,2024-09-21
SAL003000,EMP01168,97132.19,11411.77,9591.31,98952.65,2024-11-21
SAL003001,EMP01079,27485.24,7657.4,11904.42,23238.22,2026-01-20
SAL003002,EMP01089,30541.65,8386.29,13051.36,25876.58,2025-05-20
SAL003003,EMP00275,36845.01,15434.57,11446.28,40833.3,2026-01-31
SAL003004,EMP00602,55852.14,7818.37,8750.81,54919.7,2024-09-14
SAL003005,EMP00459,109076.31,5946.17,11789.4,103233.08,2025-03-01
SAL003006,EMP01103,30894.56,11434.83,3872.58,38456.81,2025-12-13
SAL003007,EMP00098,94715,9203.38,6452.08,97466.3,2026-06-09
SAL003008,EMP00551,32773.73,15592.19,12196.51,36169.41,2025-05-16
SAL003009,EMP00112,58344.76,13869.49,7985.49,64228.76,2025-03-15
SAL003010,EMP00926,28562.45,10026.45,10066.2,28522.7,2025-06-25
SAL003011,EMP01022,75406.08,11151.94,10001.92,76556.1,2024-09-26
SAL003012,EMP00894,41650.52,6495.04,2195.91,45949.65,2025-04-28
SAL003013,EMP00327,91291.39,11653.11,12358.26,90586.24,2024-10-04
SAL003014,EMP00555,49950.94,18235.62,8734.42,59452.14,2026-03-24
SAL003015,EMP00396,105652.3,18534.82,4006.44,120180.68,2025-06-02
SAL003016,EMP00959,90067.61,16142.47,13364.52,92845.56,2026-06-01
SAL003017,EMP00832,117326.52,10990.07,8483.22,119833.37,2026-04-15
SAL003018,EMP00641,53222.53,6747.74,14440.54,45529.73,2026-06-30
SAL003019,EMP00080,43871.87,19722.41,14963.98,48630.3,2026-07-17
SAL003020,EMP00788,23291.22,6009.66,13164.9,16135.98,2026-06-16
SAL003021,EMP00504,108546.92,16695.01,1281.53,123960.4,2025-04-25
SAL003022,EMP00508,33195.06,15143.13,12073.57,36264.62,2026-05-24
SAL003023,EMP00703,115565.65,10942.17,11536.11,114971.71,2026-02-26
SAL003024,EMP00426,22494.47,14224.15,14542.6,22176.02,2025-03-09
SAL003025,EMP01146,118347,14450.78,3990.31,128807.47,2026-06-25
SAL003026,EMP00004,89102.64,9688.21,7492.97,91297.88,2025-11-17
SAL003027,EMP00491,69746.69,14357.29,13815.52,70288.46,2024-10-29
SAL003028,EMP01213,69384.18,12782.67,4568.51,77598.34,2025-03-11
SAL003029,EMP00888,101603.22,4284.26,7020.46,98867.02,2025-01-10
SAL003030,EMP00601,116562.12,19837.53,4424.03,131975.62,2026-04-11
SAL003031,EMP01210,133318.3,8679.18,12791.01,129206.47,2025-03-23
SAL003032,EMP00960,76843.52,5526.33,11530.58,70839.27,2025-05-28
SAL003033,EMP00681,112770.12,8041.41,11140.37,109671.16,2026-03-02
SAL003034,EMP00367,106826.93,15504.46,5210.63,117120.76,2026-03-10
SAL003035,EMP00773,113205.75,17376.25,2301.99,128280.01,2024-11-05
SAL003036,EMP00341,98713.57,19397.95,5165.41,112946.11,2025-01-08
SAL003037,EMP00228,139350.99,16212.97,1608.22,153955.74,2024-12-17
SAL003038,EMP00518,54722.54,3694.19,4899.08,53517.65,2026-05-15
SAL003039,EMP00881,109929.88,14167.03,7205.41,116891.5,2025-02-18
SAL003040,EMP00004,103166.82,17588.12,5825.77,114929.17,2025-10-27
SAL003041,EMP00469,124116.02,18735.48,11352.04,131499.46,2025-03-09
SAL003042,EMP01029,50415.99,4627.23,7887.7,47155.52,2025-07-24
SAL003043,EMP01014,57755.23,12413.66,2798.21,67370.68,2026-03-29
SAL003044,EMP00974,74672.95,9679.58,2872.31,81480.22,2025-02-25
SAL003045,EMP00968,62131.45,8359.13,7042.09,63448.49,2025-01-31
SAL003046,EMP00924,133684.4,12461.89,1595.57,144550.72,2025-08-24
SAL003047,EMP00307,84310.52,3069.59,8206.29,79173.82,2026-02-22
SAL003048,EMP00953,27955.21,9337.31,9006.74,28285.78,2025-12-24
SAL003049,EMP00368,80818.17,4728.62,4683.36,80863.43,2025-12-09
SAL003050,EMP01027,138062.62,7798.39,4658.74,141202.27,2024-10-08
SAL003051,EMP00548,99821.9,5806.13,2158.65,103469.38,2025-03-05
SAL003052,EMP01190,139663.13,10133.42,14981.87,134814.68,2026-04-09
SAL003053,EMP00515,27361.45,3320.5,12008.47,18673.48,2024-12-31
SAL003054,EMP01037,64818.53,2984.12,3081.47,64721.18,2026-02-11
SAL003055,EMP01192,35869.81,16428.13,10803.77,41494.17,2026-06-15
SAL003056,EMP01221,25460.72,19756.82,6249.04,38968.5,2026-07-09
SAL003057,EMP00313,147707.1,18079.44,11850.64,153935.9,2025-04-26
SAL003058,EMP00512,60349.7,9190.1,9548.37,59991.43,2026-07-17
SAL003059,EMP00267,109090.99,5064.3,1080.29,113075,2025-02-06
SAL003060,EMP00608,50045.06,6296.26,2145.25,54196.07,2025-01-25
SAL003061,EMP00741,96248.54,12071.22,6842.13,101477.63,2025-03-11
SAL003062,EMP00165,128967.13,18268.82,5402.99,141832.96,2025-02-09
SAL003063,EMP00006,96963.21,8860.96,11960.73,93863.44,2024-12-20
SAL003064,EMP01079,33702.2,19838.55,7621.14,45919.61,2026-02-16
SAL003065,EMP00902,90677.04,9991.69,9451.89,91216.84,2025-01-12
SAL003066,EMP01078,49579.28,10101.19,2827.54,56852.93,2026-04-23
SAL003067,EMP00254,141809.31,19586.89,14194.64,147201.56,2025-11-29
SAL003068,EMP00597,51874.74,4946.44,2156.91,54664.27,2025-04-17
SAL003069,EMP00458,115833.06,17658.09,7491,126000.15,2024-09-05
SAL003070,EMP01080,67629.6,18344.7,2284.38,83689.92,2025-02-05
SAL003071,EMP00600,113191.77,3973.72,2300.03,114865.46,2025-12-05
SAL003072,EMP00745,33998.27,2938.02,4352.97,32583.32,2025-06-07
SAL003073,EMP00973,104331.07,14673.91,14078,104926.98,2025-07-03
SAL003074,EMP00855,133771.64,2376.94,4511.95,131636.63,2026-01-18
SAL003075,EMP01041,144813.4,8110.18,13493.8,139429.78,2026-04-27
SAL003076,EMP00549,76808.14,6260.55,3824.38,79244.31,2024-11-03
SAL003077,EMP00973,125877.14,9048.91,3180.05,131746,2025-10-21
SAL003078,EMP00398,129583.32,2780.42,8984.29,123379.45,2026-01-31
SAL003079,EMP00511,52307.02,11537.09,6510.73,57333.38,2025-06-01
SAL003080,EMP00886,136920.93,5728.41,11720.44,130928.9,2025-11-19
SAL003081,EMP00182,108587.61,14297.68,2065.17,120820.12,2025-11-04
SAL003082,EMP00649,55547.38,1071.07,13999.96,42618.49,2024-11-10
SAL003083,EMP00389,93562.72,12875.44,12697.72,93740.44,2024-11-25
SAL003084,EMP00735,141138.02,8021.64,8944.82,140214.84,2025-09-18
SAL003085,EMP01212,76646.27,7097.42,11043.48,72700.21,2024-12-23
SAL003086,EMP01051,23848.48,11100.72,7515.92,27433.28,2025-10-31
SAL003087,EMP01061,33827.46,5239.7,2871.13,36196.03,2026-06-30
SAL003088,EMP00094,87433.39,13804.46,7875.9,93361.95,2026-01-07
SAL003089,EMP00343,123570.53,4578.56,10543.07,117606.02,2024-11-18
SAL003090,EMP00917,103739.69,8608.94,9136.69,103211.94,2024-12-14
SAL003091,EMP00291,52953.02,5766.42,1746.82,56972.62,2024-12-01
SAL003092,EMP01150,69337.73,1529.69,6242.1,64625.32,2026-05-27
SAL003093,EMP00871,93289.81,4881.81,14760.85,83410.77,2026-07-10
SAL003094,EMP00548,146324.95,16045.56,12776.69,149593.82,2025-07-17
SAL003095,EMP00319,33357.96,1812.12,1163.36,34006.72,2025-01-31
SAL003096,EMP00510,91911.64,13478.95,12434.74,92955.85,2024-12-23
SAL003097,EMP00012,101436.31,5001.08,7308.88,99128.51,2025-07-11
SAL003098,EMP00798,109949.99,15747.53,3399.45,122298.07,2026-02-13
SAL003099,EMP00714,39266.2,15592.72,5546.53,49312.39,2025-12-25
SAL003100,EMP00992,128231.26,14661.17,12603.26,130289.17,2026-06-22
SAL003101,EMP00345,115071.28,7440.83,3270.48,119241.63,2025-05-15
SAL003102,EMP00759,68244.92,4202.46,13397.22,59050.16,2025-11-11
SAL003103,EMP00967,40319.12,14665.9,14323.1,40661.92,2025-12-28
SAL003104,EMP00790,30863.91,19699.96,13633.96,36929.91,2026-02-02
SAL003105,EMP00506,21785.42,8450.48,4335.32,25900.58,2025-08-02
SAL003106,EMP00597,41907.22,5229.98,10927.16,36210.04,2025-04-04
SAL003107,EMP00140,33046.51,4539.97,4687.86,32898.62,2026-03-15
SAL003108,EMP00941,125692.49,9520.52,1858.88,133354.13,2026-07-13
SAL003109,EMP00305,129513.17,18621.91,4773.84,143361.24,2025-11-07
SAL003110,EMP01200,128359.16,10859.41,8158.24,131060.33,2025-01-13
SAL003111,EMP00383,27494.89,17081.37,12194.31,32381.95,2025-04-01
SAL003112,EMP00557,89232.48,13164.5,11863.13,90533.85,2026-03-24
SAL003113,EMP01077,100880.27,16039.63,1393.63,115526.27,2026-07-10
SAL003114,EMP00276,35152.91,6083.05,13096.71,28139.25,2025-12-27
SAL003115,EMP01172,66311.67,11989.76,14189.74,64111.69,2026-02-05
SAL003116,EMP00950,99957.94,18026.92,2824.02,115160.84,2026-05-15
SAL003117,EMP00240,93279.69,1663.18,6619.02,88323.85,2024-11-01
SAL003118,EMP00263,98198.87,7561.87,6097.9,99662.84,2024-10-05
SAL003119,EMP01203,54955.78,11319.72,7671.48,58604.02,2026-06-02
SAL003120,EMP00120,66827.12,7138.45,11932.63,62032.94,2025-03-04
SAL003121,EMP01050,48382.17,4719.05,1321.46,51779.76,2026-02-09
SAL003122,EMP00301,64206.08,18283.14,12892.43,69596.79,2025-12-10
SAL003123,EMP00785,33508.71,4779.18,4925.91,33361.98,2025-01-02
SAL003124,EMP01070,108416.78,5328.41,14318.29,99426.9,2025-01-09
SAL003125,EMP00082,31692.72,16911.65,1616.47,46987.9,2025-10-18
SAL003126,EMP00035,36924.15,13087.96,4848.05,45164.06,2025-03-16
SAL003127,EMP00741,37983.76,19595.93,8683.72,48895.97,2024-11-20
SAL003128,EMP00367,127099.78,18388.3,4234.25,141253.83,2025-04-08
SAL003129,EMP00502,114390.21,8778.82,12863.47,110305.56,2025-10-30
SAL003130,EMP00663,56077.11,17282.48,3669.61,69689.98,2025-03-10
SAL003131,EMP00430,77558.26,7213.54,12174.01,72597.79,2025-04-13
SAL003132,EMP00465,39358.81,19503.56,13674.77,45187.6,2026-04-01
SAL003133,EMP00720,97929.42,19097.98,4412.44,112614.96,2026-01-06
SAL003134,EMP00656,72655,17572.44,7583.43,82644.01,2025-02-11
SAL003135,EMP00670,135882.48,7935.01,13743.96,130073.53,2024-12-13
SAL003136,EMP00082,54231.53,3886.68,7825.39,50292.82,2025-10-13
SAL003137,EMP00963,117389.89,9906.21,12617.81,114678.29,2025-09-15
SAL003138,EMP00548,69142.04,7934.28,3904.25,73172.07,2024-10-02
SAL003139,EMP01001,147371.52,19592.31,4338.8,162625.03,2025-09-11
SAL003140,EMP00298,101610.03,12710.67,6981,107339.7,2024-11-10
SAL003141,EMP00751,72925.65,10531.61,4013.79,79443.47,2025-07-10
SAL003142,EMP00134,139489.52,19718.55,10006.87,149201.2,2025-01-16
SAL003143,EMP00916,32347.38,16634.04,2437.92,46543.5,2026-02-11
SAL003144,EMP00738,46490.37,14009.63,6245.74,54254.26,2026-03-30
SAL003145,EMP00176,125609.27,7032.35,11287.4,121354.22,2026-07-15
SAL003146,EMP00122,64205.56,13670.03,1692.94,76182.65,2024-11-18
SAL003147,EMP00395,86755.18,2233.31,12958.93,76029.56,2025-01-03
SAL003148,EMP00280,24575.81,17052.62,8347.01,33281.42,2026-03-31
SAL003149,EMP00153,148038.91,5389.76,9477.85,143950.82,2026-05-10
SAL003150,EMP00655,105076.51,13088.25,2516.4,115648.36,2026-02-21
SAL003151,EMP01070,28470.86,15953.01,1336.25,43087.62,2025-10-17
SAL003152,EMP01071,50642.85,16694.24,3929.66,63407.43,2025-03-14
SAL003153,EMP00019,63196.76,1188.47,7860.8,56524.43,2024-12-25
SAL003154,EMP00161,124258.05,15774.6,5910.42,134122.23,2025-10-02
SAL003155,EMP00907,118532.25,10682.22,6369.02,122845.45,2024-12-16
SAL003156,EMP00459,134203.25,13441.09,10875.29,136769.05,2025-12-13
SAL003157,EMP00055,146082.25,11583.06,6012.59,151652.72,2025-12-30
SAL003158,EMP01207,93112.76,6101.32,7066.76,92147.32,2026-03-22
SAL003159,EMP01093,92788.31,7583.55,12346.47,88025.39,2024-11-22
SAL003160,EMP00845,55063.02,4934.78,2448.03,57549.77,2025-09-17
SAL003161,EMP00387,95882.23,15807.88,13735.51,97954.6,2024-11-14
SAL003162,EMP00727,49623.99,9296.47,8953.56,49966.9,2025-06-04
SAL003163,EMP00434,55139.75,5029.72,4208.63,55960.84,2026-04-07
SAL003164,EMP01161,72104.85,3176.83,4555.02,70726.66,2024-09-05
SAL003165,EMP01156,83410.38,9336.21,3371.31,89375.28,2026-08-08
SAL003166,EMP00624,141964.06,3568.08,11291.47,134240.67,2025-11-24
SAL003167,EMP00885,110542.07,12719.94,9449.26,113812.75,2025-01-16
SAL003168,EMP00727,77979.12,11266.15,13725.5,75519.77,2026-06-25
SAL003169,EMP01160,54746.81,2183.9,6849.32,50081.39,2026-01-16
SAL003170,EMP01202,30728.47,19389.53,5898.78,44219.22,2024-12-21
SAL003171,EMP00850,41838.34,5689.78,3233.42,44294.7,2026-08-06
SAL003172,EMP00712,77284.79,16382.06,5008.17,88658.68,2025-11-29
SAL003173,EMP00470,127185.83,16437.56,14615.32,129008.07,2024-11-07
SAL003174,EMP00651,56350.06,7545.7,5594.2,58301.56,2025-05-05
SAL003175,EMP00298,104438.41,12860.12,10446.54,106851.99,2025-02-10
SAL003176,EMP01033,147987.8,2325.02,8111.2,142201.62,2025-10-30
SAL003177,EMP00325,21260.96,16436.7,4946.34,32751.32,2024-12-28
SAL003178,EMP00507,47025.18,19493.24,7215.57,59302.85,2026-02-22
SAL003179,EMP01211,80726.52,7392.04,9961.95,78156.61,2024-09-14
SAL003180,EMP00682,140572.9,6360.9,12265.91,134667.89,2024-10-30
SAL003181,EMP00114,71924.59,11465.97,7937.61,75452.95,2025-04-02
SAL003182,EMP01093,64682.84,12934.19,9784.31,67832.72,2026-03-11
SAL003183,EMP00926,20259.08,14096.51,7804.45,26551.14,2025-07-13
SAL003184,EMP00883,143024.7,6071.71,10336.86,138759.55,2025-10-31
SAL003185,EMP01097,144184.21,8759.96,7296.22,145647.95,2024-10-15
SAL003186,EMP00887,93243.12,15892.88,5606.5,103529.5,2025-04-02
SAL003187,EMP00486,94894.78,7332.31,4636.7,97590.39,2025-09-17
SAL003188,EMP00864,112895.87,3009.88,2612.85,113292.9,2025-12-21
SAL003189,EMP01034,99675.36,18988.74,14547.75,104116.35,2024-09-10
SAL003190,EMP00233,121075.03,19031.89,1583.18,138523.74,2025-05-25
SAL003191,EMP00128,89416.09,15706.01,5086.39,100035.71,2026-01-06
SAL003192,EMP00562,105445.68,19708.34,1428.58,123725.44,2025-01-17
SAL003193,EMP00337,57880.18,9405.11,4629.63,62655.66,2026-06-01
SAL003194,EMP00626,71705.11,14909.37,3297.7,83316.78,2025-07-30
SAL003195,EMP00418,25335.7,7705.41,3143.78,29897.33,2024-09-14
SAL003196,EMP00014,109095.07,4540.33,1438.13,112197.27,2026-03-08
SAL003197,EMP00740,32031.03,14820.8,2043.79,44808.04,2026-05-14
SAL003198,EMP00054,93162.04,13865.6,7864.71,99162.93,2026-05-18
SAL003199,EMP00300,82323.53,12010.75,11294.31,83039.97,2025-02-19
SAL003200,EMP00593,88387.02,5971.06,6027.22,88330.86,2024-10-14
SAL003201,EMP01124,35530.43,15563.34,7891.43,43202.34,2025-04-26
SAL003202,EMP00643,74758.39,9579.61,8749.79,75588.21,2025-09-01
SAL003203,EMP00410,84337.82,11184.82,1776.01,93746.63,2025-04-22
SAL003204,EMP00382,106456.05,5255.33,12216.61,99494.77,2026-05-30
SAL003205,EMP00314,48735.77,8098.1,2513.24,54320.63,2024-09-06
SAL003206,EMP01217,43602.49,16223.55,1470.26,58355.78,2025-03-22
SAL003207,EMP00434,129301.44,15141.47,6851.31,137591.6,2025-08-31
SAL003208,EMP01197,77109.97,14553.59,2999.09,88664.47,2024-10-11
SAL003209,EMP00750,35698.73,18439.84,4933.45,49205.12,2025-02-01
SAL003210,EMP00200,135658.5,5017.58,2893.78,137782.3,2026-05-03
SAL003211,EMP00830,128164.19,10537.95,2813.15,135888.99,2024-12-07
SAL003212,EMP00703,87696.04,8989.48,3868.52,92817,2025-12-28
SAL003213,EMP00502,42726.39,8084.16,13327.5,37483.05,2024-08-17
SAL003214,EMP00577,81942.46,13912.65,9925.05,85930.06,2025-05-07
SAL003215,EMP00713,141061.19,7326,9139.39,139247.8,2026-02-23
SAL003216,EMP00325,78033.65,9444.66,12519.19,74959.12,2024-10-22
SAL003217,EMP00705,72263.4,7162.42,7657.46,71768.36,2025-05-12
SAL003218,EMP00894,61954.06,3052.31,4388.14,60618.23,2026-04-15
SAL003219,EMP00948,88070.42,12826.42,5274.37,95622.47,2025-05-05
SAL003220,EMP00320,136248.91,17890.13,10681.4,143457.64,2026-05-22
SAL003221,EMP00058,117674.14,7494.72,13822.95,111345.91,2025-07-01
SAL003222,EMP00831,46305.41,13562.51,10598.15,49269.77,2026-01-04
SAL003223,EMP00875,55760.31,12758.01,12240.68,56277.64,2026-02-28
SAL003224,EMP00006,47984.66,14650.63,11446.81,51188.48,2026-05-26
SAL003225,EMP00248,39412.15,2484.19,5849.56,36046.78,2026-05-14
SAL003226,EMP00574,142845.98,1486.55,4916.5,139416.03,2024-08-16
SAL003227,EMP00462,113242.31,7359.3,2631.6,117970.01,2024-11-07
SAL003228,EMP00814,113191.18,16630.31,12734.45,117087.04,2025-07-04
SAL003229,EMP00601,149539.68,16673.22,2685.06,163527.84,2025-08-09
SAL003230,EMP00222,124070.14,16977.46,8510.82,132536.78,2024-12-23
SAL003231,EMP01225,88984.05,9839.75,6998.12,91825.68,2024-08-20
SAL003232,EMP00494,97741.72,3454.42,3674.72,97521.42,2025-07-22
SAL003233,EMP00176,74837.36,4776.34,6152.54,73461.16,2025-04-14
SAL003234,EMP00438,31029.5,13454.1,2797.12,41686.48,2024-12-17
SAL003235,EMP00782,53219.21,15680.68,5685.51,63214.38,2024-12-07
SAL003236,EMP00798,139141.66,8623.43,11788.31,135976.78,2025-11-28
SAL003237,EMP01175,28803.43,7070.13,4241.81,31631.75,2026-02-06
SAL003238,EMP01107,90004.33,6558.17,14262.4,82300.1,2025-06-23
SAL003239,EMP00836,76894.86,2894.21,10882.69,68906.38,2025-02-20
SAL003240,EMP01230,143643.85,19689.25,1508.41,161824.69,2026-08-03
SAL003241,EMP00826,25636.21,8398.8,5185.99,28849.02,2025-08-15
SAL003242,EMP00842,81953.96,10349.33,2536.03,89767.26,2025-08-27
SAL003243,EMP00937,129217.44,13725.84,1596.17,141347.11,2025-01-01
SAL003244,EMP01194,108861.73,5331.78,11236.87,102956.64,2024-10-30
SAL003245,EMP01217,83191.81,10218.84,10311.25,83099.4,2025-11-04
SAL003246,EMP00356,80900.31,16514.56,11030.66,86384.21,2026-01-18
SAL003247,EMP01213,54790.24,3782.83,3645.91,54927.16,2026-07-10
SAL003248,EMP00115,96779.03,5654.68,12412.04,90021.67,2026-05-11
SAL003249,EMP00450,133136.59,6578.68,13424.8,126290.47,2025-04-03
SAL003250,EMP01179,114537.74,10347.05,12898.07,111986.72,2024-10-15
SAL003251,EMP00897,83982.22,18317.24,5621.8,96677.66,2026-02-03
SAL003252,EMP00309,123930.43,14477.48,14941.4,123466.51,2026-08-01
SAL003253,EMP00325,48332.47,7243.43,3976.4,51599.5,2024-10-26
SAL003254,EMP00750,127150.6,15024.04,8793.63,133381.01,2026-02-14
SAL003255,EMP00005,120762.58,14773.24,3481.25,132054.57,2026-01-27
SAL003256,EMP00398,121743.86,3549.73,7805.03,117488.56,2026-02-02
SAL003257,EMP00190,68749.81,17123.89,6160.74,79712.96,2026-06-25
SAL003258,EMP00972,108052.06,3232.61,10169.04,101115.63,2025-06-16
SAL003259,EMP00070,118547.63,16369.49,2651.23,132265.89,2026-05-31
SAL003260,EMP00847,83862.87,13232.58,14214.25,82881.2,2025-09-05
SAL003261,EMP00856,140938.41,9325.86,11715.92,138548.35,2026-03-11
SAL003262,EMP00315,84141.86,17362.58,6246.84,95257.6,2025-11-20
SAL003263,EMP01171,74211.31,15416.75,10858.72,78769.34,2025-12-21
SAL003264,EMP00165,130716.28,19333.39,6002.32,144047.35,2026-02-03
SAL003265,EMP00866,23330.23,7366.62,11913.54,18783.31,2025-04-30
SAL003266,EMP00489,84300.52,2838.52,14770.89,72368.15,2025-10-26
SAL003267,EMP00589,52958.32,6519.79,13650.16,45827.95,2025-05-29
SAL003268,EMP01033,80102.18,19961.24,2318.46,97744.96,2024-10-26
SAL003269,EMP00769,56819.57,4398.89,9091.82,52126.64,2025-04-27
SAL003270,EMP00777,112727.35,9346.68,13493.79,108580.24,2025-11-02
SAL003271,EMP00763,20385.85,9630.74,11964.8,18051.79,2025-02-17
SAL003272,EMP00375,126368.51,15234.55,14835.54,126767.52,2025-10-23
SAL003273,EMP00009,97148.54,15390.38,2138.87,110400.05,2026-05-31
SAL003274,EMP00301,25663.11,1698.19,4653.32,22707.98,2026-06-28
SAL003275,EMP00989,75802.98,11961.28,2956.31,84807.95,2026-03-19
SAL003276,EMP00300,70574.37,4837.2,6943.95,68467.62,2025-09-06
SAL003277,EMP00786,50065.92,17028.44,9462.83,57631.53,2024-12-17
SAL003278,EMP01101,149744.71,11250.23,11386.83,149608.11,2026-06-15
SAL003279,EMP00911,118346.98,12141.21,6691.08,123797.11,2026-07-23
SAL003280,EMP00431,53945.02,3412.34,13143.67,44213.69,2025-01-02
SAL003281,EMP01123,121145.71,19103.41,6992.71,133256.41,2026-01-28
SAL003282,EMP00695,136939.15,1422.77,10386.57,127975.35,2026-07-26
SAL003283,EMP00017,134253.92,1922.67,4986.72,131189.87,2024-08-12
SAL003284,EMP01113,30519.75,13700.24,14012.6,30207.39,2026-05-02
SAL003285,EMP00315,116708.2,10755.03,14381.52,113081.71,2026-07-13
SAL003286,EMP00150,143373.66,6260.43,5098.92,144535.17,2025-12-09
SAL003287,EMP00921,64725.44,15684.82,1564.41,78845.85,2025-08-17
SAL003288,EMP00559,78382.75,10234.93,6259.66,82358.02,2026-04-11
SAL003289,EMP00676,24962.07,12333.51,6993.75,30301.83,2026-03-01
SAL003290,EMP00896,137853.12,3530.14,3140.16,138243.1,2026-07-21
SAL003291,EMP00323,129896.28,5327.94,4308.15,130916.07,2025-08-23
SAL003292,EMP00321,87242.3,9277.15,7192.83,89326.62,2025-11-21
SAL003293,EMP01222,109464.25,7390.08,11453.75,105400.58,2025-06-20
SAL003294,EMP01109,46095.06,7629.3,9873.45,43850.91,2025-02-06
SAL003295,EMP00025,129620.07,4431.39,14238.9,119812.56,2025-03-12
SAL003296,EMP01132,116275.51,9812.39,8795.68,117292.22,2025-02-19
SAL003297,EMP01005,91376.43,15268.81,9356.41,97288.83,2025-03-05
SAL003298,EMP00463,108493.77,12090.62,4386.02,116198.37,2025-12-01
SAL003299,EMP00691,115302.39,5306.79,12557.27,108051.91,2025-08-17
SAL003300,EMP00702,44366.41,11575.68,14440.79,41501.3,2026-04-06
SAL003301,EMP00290,49214.76,15764.16,3323.06,61655.86,2024-12-22
SAL003302,EMP00734,31665.9,14886.53,10065.9,36486.53,2025-07-20
SAL003303,EMP00044,118579.49,18850.27,13507.34,123922.42,2025-12-14
SAL003304,EMP01001,90082.3,15100.14,1887.28,103295.16,2026-05-27
SAL003305,EMP00494,94656.27,17022.46,3292.24,108386.49,2025-11-14
SAL003306,EMP01049,89121.96,9706.17,9662.73,89165.4,2024-11-15
SAL003307,EMP01222,105891.75,9584.09,7532.49,107943.35,2025-11-10
SAL003308,EMP00024,104705.62,16252.47,11138.24,109819.85,2026-07-23
SAL003309,EMP00814,132359.57,6211.56,7948.64,130622.49,2026-07-17
SAL003310,EMP00193,53756.89,3831.54,14192.75,43395.68,2025-01-03
SAL003311,EMP00638,31022.23,1710.08,11531.8,21200.51,2026-05-09
SAL003312,EMP00032,95877.32,4869.51,5302.2,95444.63,2026-05-16
SAL003313,EMP00658,56117.19,3230.63,13371.36,45976.46,2024-11-29
SAL003314,EMP01107,96686.75,15516.1,4948.31,107254.54,2025-12-08
SAL003315,EMP00570,25764.43,16414.65,11685.01,30494.07,2025-07-04
SAL003316,EMP00912,99202.72,15041.96,9016.79,105227.89,2026-01-29
SAL003317,EMP00575,20263.3,16046.6,7943.48,28366.42,2026-04-11
SAL003318,EMP00817,116195.5,4537,1492.28,119240.22,2025-09-25
SAL003319,EMP00842,69944.06,16196.07,3634.06,82506.07,2025-08-21
SAL003320,EMP01181,91014.34,16255.79,11787.71,95482.42,2026-03-18
SAL003321,EMP00378,118196.41,6318.98,6566.8,117948.59,2025-03-19
SAL003322,EMP00760,28190.74,10648.86,8925.21,29914.39,2025-03-18
SAL003323,EMP01112,79590.05,15328.4,5614.56,89303.89,2025-07-10
SAL003324,EMP00115,115620.02,19782.33,13319.32,122083.03,2025-06-26
SAL003325,EMP01060,108634.84,18949.1,13938.26,113645.68,2025-09-27
SAL003326,EMP00723,110464.44,14419.66,3383.43,121500.67,2025-10-29
SAL003327,EMP00526,109237.42,9316.04,5678.54,112874.92,2024-11-10
SAL003328,EMP01144,133166.07,6046.53,8083.74,131128.86,2025-12-04
SAL003329,EMP00101,145296.5,6309.65,10820.34,140785.81,2026-05-27
SAL003330,EMP01038,122470.78,12017.82,8312.19,126176.41,2026-05-15
SAL003331,EMP00892,62026.2,4121.11,1184.2,64963.11,2025-10-31
SAL003332,EMP00430,32793.92,14134.44,14072.07,32856.29,2024-10-04
SAL003333,EMP00618,127475.1,6261.62,13024.33,120712.39,2026-02-04
SAL003334,EMP00736,95836.34,15204.59,11213.81,99827.12,2025-07-29
SAL003335,EMP00828,121937.14,12684.22,12480.75,122140.61,2024-08-21
SAL003336,EMP00463,140711.08,15307.34,11987.85,144030.57,2025-01-28
SAL003337,EMP00537,136110.66,7169.03,6372,136907.69,2024-09-13
SAL003338,EMP00852,82734.79,8942.56,14002.45,77674.9,2025-03-15
SAL003339,EMP01037,68816.81,1512.07,11265.08,59063.8,2026-01-16
SAL003340,EMP00785,60938.95,1536.08,8352.88,54122.15,2025-03-11
SAL003341,EMP01052,103506.62,10297.17,9213.23,104590.56,2025-02-25
SAL003342,EMP00685,56572.42,7853.9,3593.13,60833.19,2026-05-17
SAL003343,EMP00661,56761.17,3499.58,3980.35,56280.4,2024-12-03
SAL003344,EMP01094,105554.83,8084.38,4132.91,109506.3,2026-07-28
SAL003345,EMP00501,73154.66,16783.16,14534.35,75403.47,2025-09-19
SAL003346,EMP00416,71249.02,1134.83,4616.04,67767.81,2026-04-19
SAL003347,EMP00622,143556.34,18905.09,5377.98,157083.45,2025-07-09
SAL003348,EMP00777,71169.53,17982.82,6933.33,82219.02,2024-08-25
SAL003349,EMP00310,47554.45,10309.51,6759.37,51104.59,2025-09-03
SAL003350,EMP01185,125457.38,17115.71,9733.49,132839.6,2024-11-09
SAL003351,EMP00723,21778.33,6255.75,3949.6,24084.48,2025-12-08
SAL003352,EMP01129,101940.2,15427.45,6401.89,110965.76,2026-04-04
SAL003353,EMP00702,148887.96,10868.93,11135.91,148620.98,2025-04-06
SAL003354,EMP00598,100714.57,5052.17,1569.46,104197.28,2026-03-15
SAL003355,EMP00235,94225.75,18161.93,5105.36,107282.32,2025-07-18
SAL003356,EMP00035,89001.51,11850.13,2888.66,97962.98,2025-12-05
SAL003357,EMP00928,63058.74,19453.86,11585.27,70927.33,2024-10-20
SAL003358,EMP00223,74923.68,8547.26,8744.5,74726.44,2024-09-12
SAL003359,EMP00463,88418.2,1703.51,3113.24,87008.47,2026-07-03
SAL003360,EMP01216,147977.19,16450.07,7229.43,157197.83,2025-04-22
SAL003361,EMP00625,86475.03,3121.92,4097.08,85499.87,2025-04-22
SAL003362,EMP00206,130868.57,3432.37,7197.11,127103.83,2025-08-07
SAL003363,EMP01087,126082.35,11514.78,12544.7,125052.43,2025-08-06
SAL003364,EMP01188,64684.67,7873.38,9397.02,63161.03,2024-11-29
SAL003365,EMP00139,81360,18963.9,2278.36,98045.54,2025-08-09
SAL003366,EMP00528,77140.13,17416.09,5597.9,88958.32,2024-10-08
SAL003367,EMP00728,139245.47,6675.15,1924.43,143996.19,2026-04-06
SAL003368,EMP00167,28026.4,19648.9,8627.5,39047.8,2024-12-03
SAL003369,EMP01062,99853.62,7130.53,14040.43,92943.72,2025-09-16
SAL003370,EMP00684,115226.69,7649.97,5173.49,117703.17,2025-08-28
SAL003371,EMP00914,120648.36,19866.22,10094.24,130420.34,2026-05-15
SAL003372,EMP00107,110416.9,19199.04,2952.26,126663.68,2025-03-01
SAL003373,EMP00108,34555.04,13778.55,2723.42,45610.17,2026-02-21
SAL003374,EMP00577,47172.35,7580.56,8011.57,46741.34,2025-04-18
SAL003375,EMP00661,30249.61,12310.07,10004.3,32555.38,2025-12-19
SAL003376,EMP01127,109680.31,17313.89,7721.87,119272.33,2025-05-17
SAL003377,EMP00127,45190.3,7182.88,6499.93,45873.25,2025-08-09
SAL003378,EMP00867,77136.38,18428.94,14105.51,81459.81,2026-02-19
SAL003379,EMP00710,27777.41,18345.56,1920.48,44202.49,2025-06-09
SAL003380,EMP00567,62824.95,6406.61,2310.24,66921.32,2025-12-09
SAL003381,EMP00645,91310.04,4970.55,7821.23,88459.36,2025-02-06
SAL003382,EMP00388,81642.68,1252.84,13788.19,69107.33,2026-01-25
SAL003383,EMP00719,119952.15,13073.38,1650.69,131374.84,2025-08-23
SAL003384,EMP00866,31742.98,13731.22,6799.3,38674.9,2026-04-22
SAL003385,EMP00985,29498.12,6619.87,7128.48,28989.51,2024-10-22
SAL003386,EMP01218,30480.68,6962.72,1231.49,36211.91,2026-02-06
SAL003387,EMP00802,76076.26,5814.98,1028.46,80862.78,2024-11-27
SAL003388,EMP01207,127609.08,18798.64,5729.31,140678.41,2025-01-16
SAL003389,EMP00832,69365.12,1879.96,1796.83,69448.25,2024-09-27
SAL003390,EMP00937,38294.51,14004.35,13850.42,38448.44,2025-11-10
SAL003391,EMP01069,50890.41,7053.8,2527.57,55416.64,2025-08-20
SAL003392,EMP00719,149942.99,13114.77,5490.1,157567.66,2025-03-09
SAL003393,EMP00924,67209.41,14905.54,4334.69,77780.26,2025-11-13
SAL003394,EMP00134,69509.73,4277.45,1536.57,72250.61,2024-12-15
SAL003395,EMP00747,101711.4,8974.83,1673.46,109012.77,2025-08-26
SAL003396,EMP00646,66404.51,14470.9,13903.75,66971.66,2024-10-11
SAL003397,EMP00421,73384.83,9995.12,2020.87,81359.08,2024-11-13
SAL003398,EMP01206,51191.01,18990.86,13977.3,56204.57,2026-05-24
SAL003399,EMP01114,29850.14,4483.44,5780.93,28552.65,2026-06-19
SAL003400,EMP00619,75447.9,12020.93,4466.28,83002.55,2026-03-04
SAL003401,EMP00444,127242.53,3722.02,4658.47,126306.08,2025-11-20
SAL003402,EMP01221,148274.67,1877.92,3126.2,147026.39,2026-01-21
SAL003403,EMP01069,129343.3,14107,10256.71,133193.59,2025-07-23
SAL003404,EMP01199,46072.46,13795.21,1716.78,58150.89,2025-03-05
SAL003405,EMP00916,59187.52,12632.92,8123.97,63696.47,2025-02-19
SAL003406,EMP00169,64847,10066.27,14563.51,60349.76,2025-06-09
SAL003407,EMP00164,54358.83,15524.3,11784.09,58099.04,2024-11-25
SAL003408,EMP00411,101334.83,13052.08,11427.08,102959.83,2025-05-31
SAL003409,EMP01068,48211.81,8246.15,2454.24,54003.72,2024-08-20
SAL003410,EMP00485,40183.99,19721.97,4332.55,55573.41,2024-11-19
SAL003411,EMP00496,21782.97,16174.24,9505.46,28451.75,2026-01-05
SAL003412,EMP00524,74839.88,4509.13,6706.74,72642.27,2025-04-10
SAL003413,EMP00097,81121.63,19255.42,12095.27,88281.78,2025-09-03
SAL003414,EMP00802,64179.93,14340.57,11316.8,67203.7,2025-12-11
SAL003415,EMP00069,82551.42,13975.22,4146.11,92380.53,2024-10-31
SAL003416,EMP00941,117027.86,12337.7,13511.18,115854.38,2025-12-16
SAL003417,EMP01069,96962.92,4560.2,4372.14,97150.98,2026-03-05
SAL003418,EMP00407,110363.26,14016.43,7534.32,116845.37,2025-07-30
SAL003419,EMP00214,86475.11,15070.41,2708.56,98836.96,2025-09-01
SAL003420,EMP00588,44038.29,9905.25,14417.41,39526.13,2025-07-18
SAL003421,EMP00266,127494.4,6732.22,8907.75,125318.87,2026-04-11
SAL003422,EMP00825,98158.71,2379.98,8222.51,92316.18,2025-06-07
SAL003423,EMP00650,68445.07,19445.55,13984.46,73906.16,2025-05-20
SAL003424,EMP00552,113505.96,9551.81,1772.94,121284.83,2025-11-06
SAL003425,EMP00672,124488.74,3795,14656.76,113626.98,2024-08-28
SAL003426,EMP00523,20172.42,7312.19,5543,21941.61,2026-06-28
SAL003427,EMP00983,47723.43,4113.04,7720.97,44115.5,2024-08-25
SAL003428,EMP00308,86844.93,2152.08,14476.25,74520.76,2025-03-19
SAL003429,EMP00704,53337.12,2397.66,10171.82,45562.96,2026-02-04
SAL003430,EMP01121,83333.87,1435.24,4562.59,80206.52,2026-07-14
SAL003431,EMP01150,73695.41,7005.83,3340.74,77360.5,2025-10-20
SAL003432,EMP00755,75536.14,8517.04,12445.74,71607.44,2026-07-11
SAL003433,EMP00225,64570.98,1858.43,9272.72,57156.69,2025-11-08
SAL003434,EMP00153,21045.86,9131.48,10235.28,19942.06,2025-12-16
SAL003435,EMP01031,24993.01,13712.89,13683.91,25021.99,2025-08-27
SAL003436,EMP00657,28491.61,7915.93,4288.61,32118.93,2025-11-29
SAL003437,EMP00869,138347.23,14762.44,13411.34,139698.33,2025-11-26
SAL003438,EMP00082,90193.72,6157.54,9295.25,87056.01,2025-02-07
SAL003439,EMP00762,52746.18,18215.51,5426.12,65535.57,2024-10-31
SAL003440,EMP01155,76871.13,12324.7,4746.98,84448.85,2025-05-14
SAL003441,EMP00392,30163.03,6442.21,7667.45,28937.79,2025-11-28
SAL003442,EMP00323,76729.31,1661.49,4727.73,73663.07,2025-04-15
SAL003443,EMP00284,141276.82,19506.21,1298.25,159484.78,2025-08-15
SAL003444,EMP00342,89747.66,15347.91,13195.78,91899.79,2025-03-27
SAL003445,EMP00054,100229.52,18147.49,9924.83,108452.18,2026-07-29
SAL003446,EMP00035,114827.62,11745.25,6534.27,120038.6,2024-08-27
SAL003447,EMP01061,107537.23,7742.63,12427.42,102852.44,2024-10-27
SAL003448,EMP00896,32588.19,17374.79,3905.88,46057.1,2025-12-22
SAL003449,EMP00754,93149.69,13551.89,2761.27,103940.31,2024-08-29
SAL003450,EMP00137,93413.24,7512.66,8112.51,92813.39,2025-12-15
SAL003451,EMP00325,83630.71,11695.92,2413.03,92913.6,2025-02-13
SAL003452,EMP00552,135412.76,4040.6,11105.27,128348.09,2026-02-08
SAL003453,EMP00943,86346.53,10108.96,7132.26,89323.23,2024-09-10
SAL003454,EMP00543,138429.97,8345.21,5888.34,140886.84,2025-09-05
SAL003455,EMP00673,107533.49,5324.1,1227.18,111630.41,2025-02-08
SAL003456,EMP00931,108523.9,8071.52,1983.73,114611.69,2026-06-20
SAL003457,EMP00328,124216.67,9191.18,10513.19,122894.66,2025-05-13
SAL003458,EMP00069,113410.06,10663.96,11569.61,112504.41,2026-06-07
SAL003459,EMP00194,134209.65,7584.49,11661.8,130132.34,2026-04-19
SAL003460,EMP00667,121381.89,3428.35,12058.1,112752.14,2025-04-13
SAL003461,EMP00629,111361.05,11438.12,11267.29,111531.88,2026-06-20
SAL003462,EMP00615,124748.93,17477.95,2705.73,139521.15,2025-06-20
SAL003463,EMP01089,24584.95,19668.64,8780.42,35473.17,2025-02-04
SAL003464,EMP00451,80778.14,9121.92,13908.93,75991.13,2025-01-10
SAL003465,EMP01214,26853.74,5097.47,2897.01,29054.2,2025-12-05
SAL003466,EMP00650,138124.25,17239.38,2625.84,152737.79,2024-12-06
SAL003467,EMP00003,100568.05,5482.92,14768.8,91282.17,2026-04-28
SAL003468,EMP00423,119895.79,3608.76,6731.78,116772.77,2025-12-12
SAL003469,EMP00036,41050.81,8087.4,7738.78,41399.43,2024-09-09
SAL003470,EMP00457,37939.86,6276.37,6705.14,37511.09,2025-04-06
SAL003471,EMP00660,64117.34,13705.62,11924.17,65898.79,2026-04-04
SAL003472,EMP00483,82452.91,17734.34,8307.18,91880.07,2026-02-04
SAL003473,EMP00998,36523.44,12267.7,8786.76,40004.38,2024-09-05
SAL003474,EMP00394,64226.51,19942.5,1283.97,82885.04,2025-02-21
SAL003475,EMP01164,66650.86,12654.74,3569.99,75735.61,2026-04-05
SAL003476,EMP01140,98884.7,11115.39,14093.14,95906.95,2024-10-12
SAL003477,EMP00910,123010.69,15056.61,5416.91,132650.39,2024-09-12
SAL003478,EMP00455,36368.54,11058.41,7799.11,39627.84,2025-10-19
SAL003479,EMP01179,27132.52,3465.04,12354.04,18243.52,2025-05-11
SAL003480,EMP01098,53531.92,3769.97,3802.07,53499.82,2024-12-19
SAL003481,EMP00815,24692.91,13296.84,6417.81,31571.94,2026-05-25
SAL003482,EMP00201,69133.4,15058.54,8812.08,75379.86,2025-05-09
SAL003483,EMP00922,20688.59,2355.63,12032.92,11011.3,2025-10-08
SAL003484,EMP00659,113067.76,8889.9,12522.59,109435.07,2025-08-24
SAL003485,EMP00301,107699.65,14048.38,9774.64,111973.39,2025-09-22
SAL003486,EMP00425,38389.26,12403.2,1167.51,49624.95,2025-06-10
SAL003487,EMP00245,91789.67,1879.08,14978.99,78689.76,2026-01-17
SAL003488,EMP00796,81039.33,14719.22,3202.32,92556.23,2025-05-02
SAL003489,EMP00441,139576.55,18366.51,11007.57,146935.49,2025-02-27
SAL003490,EMP01229,130346.05,2839.47,8994.65,124190.87,2024-09-19
SAL003491,EMP00682,111672.12,7011.54,12742.98,105940.68,2026-02-05
SAL003492,EMP00002,103439.04,11044.25,3647.86,110835.43,2026-02-01
SAL003493,EMP00756,58313.04,18325.8,6193.64,70445.2,2025-11-21
SAL003494,EMP00864,55146.26,17096.16,7846.04,64396.38,2025-04-12
SAL003495,EMP00830,98994.37,9087.78,2357.55,105724.6,2026-06-16
SAL003496,EMP00380,135124.51,4364.6,13382.64,126106.47,2024-08-17
SAL003497,EMP01056,112943.33,4612.43,3177.7,114378.06,2025-05-05
SAL003498,EMP00017,117971.48,7020.41,4971.96,120019.93,2026-04-14
SAL003499,EMP00751,132570.07,9676.59,8793.82,133452.84,2025-01-07
SAL003500,EMP01065,124420.37,14675.71,11715.34,127380.74,2026-04-25
SAL003501,EMP00958,140010.09,2729.44,3088.77,139650.76,2024-12-19
SAL003502,EMP00584,46253.1,15704.83,14450.32,47507.61,2026-06-09
SAL003503,EMP00735,82146.38,3641.98,14500.9,71287.46,2025-06-09
SAL003504,EMP00543,127243.62,5183.58,3325.12,129102.08,2026-04-23
SAL003505,EMP00393,42633.44,8370.75,12775.22,38228.97,2024-10-12
SAL003506,EMP00655,99777.75,19089.77,10267.08,108600.44,2025-08-10
SAL003507,EMP00913,68120.93,1113.44,10884.34,58350.03,2025-10-14
SAL003508,EMP00470,20236.71,1032.29,2275.55,18993.45,2025-07-13
SAL003509,EMP00169,61316.45,16481.05,7606.36,70191.14,2026-06-04
SAL003510,EMP00637,115779.78,8950.91,2269.8,122460.89,2025-07-04
SAL003511,EMP00626,116623.74,15131.53,2728.49,129026.78,2024-08-18
SAL003512,EMP00508,76312.68,18722.48,2520.45,92514.71,2025-01-05
SAL003513,EMP00683,63844.27,15920.72,2354.63,77410.36,2025-08-10
SAL003514,EMP01100,84341.5,14288.88,7741.92,90888.46,2025-02-28
SAL003515,EMP01106,62254.02,4248.18,2055.72,64446.48,2025-02-26
SAL003516,EMP00419,125519.65,13573.53,7398.14,131695.04,2025-08-02
SAL003517,EMP00851,71967.38,14473.76,9128.33,77312.81,2026-05-21
SAL003518,EMP00240,137384.32,12472.54,6575.5,143281.36,2025-10-09
SAL003519,EMP01133,94686.94,10068.06,3527.34,101227.66,2026-07-14
SAL003520,EMP01119,87746.05,2142.32,6791.74,83096.63,2026-08-05
SAL003521,EMP00116,75128.78,5813.6,8893.24,72049.14,2024-09-12
SAL003522,EMP01197,32254.16,13175.11,2990.02,42439.25,2024-10-23
SAL003523,EMP00667,67334.98,7514.46,5138.92,69710.52,2024-08-12
SAL003524,EMP01210,71212.12,19809.47,13416.37,77605.22,2026-05-01
SAL003525,EMP00219,35733.28,12154.54,8552.85,39334.97,2025-02-18
SAL003526,EMP01207,31182.47,16119.67,8738.39,38563.75,2025-09-07
SAL003527,EMP00605,51106.95,3031.49,3235.74,50902.7,2026-03-10
SAL003528,EMP00551,146469.45,8302.71,1098.61,153673.55,2026-07-21
SAL003529,EMP00637,36368.72,5839.64,1654.22,40554.14,2026-03-02
SAL003530,EMP00216,102257.17,9720.18,7763.02,104214.33,2025-05-31
SAL003531,EMP01218,97529.98,11163.74,11282.98,97410.74,2025-12-21
SAL003532,EMP01077,70097.03,10911.29,11131.59,69876.73,2024-10-12
SAL003533,EMP01047,71105.13,12539.49,13320.36,70324.26,2025-12-24
SAL003534,EMP00469,55527.55,1737.63,2750.33,54514.85,2024-09-21
SAL003535,EMP00350,64204.8,13119.24,5206.2,72117.84,2024-08-15
SAL003536,EMP00604,43596,17331.75,10267.18,50660.57,2025-09-21
SAL003537,EMP00084,45910.45,4865.83,3003.37,47772.91,2026-01-22
SAL003538,EMP00190,113626.14,19944.61,13204.65,120366.1,2025-12-31
SAL003539,EMP00485,118548.18,16291.03,6998.05,127841.16,2025-01-12
SAL003540,EMP00588,141522.63,15912.54,5353.86,152081.31,2025-01-29
SAL003541,EMP01195,131454.09,12516.58,9668.64,134302.03,2026-04-19
SAL003542,EMP01002,55613.66,18369.57,6631.61,67351.62,2024-11-05
SAL003543,EMP00385,34846.85,16760.16,9911.39,41695.62,2026-05-23
SAL003544,EMP00054,127198.19,8642.1,3833.89,132006.4,2025-08-05
SAL003545,EMP00060,106332.93,9884.52,6057.93,110159.52,2024-11-07
SAL003546,EMP00790,73596.52,8042.97,13669.41,67970.08,2024-09-08
SAL003547,EMP01070,125529.5,10534.39,13108.81,122955.08,2025-11-17
SAL003548,EMP00218,145166,17068.65,4254.27,157980.38,2024-10-09
SAL003549,EMP00825,125868.12,16407.46,13217.09,129058.49,2025-06-08
SAL003550,EMP01209,108704.84,18170.71,6801.47,120074.08,2025-04-13
SAL003551,EMP00827,31050.16,5128.01,1125.32,35052.85,2026-06-23
SAL003552,EMP01227,69723.91,13605.65,14814.41,68515.15,2025-10-03
SAL003553,EMP00995,69287.09,6481.89,8318.97,67450.01,2025-09-16
SAL003554,EMP00758,34099.68,5928.76,13989.33,26039.11,2026-01-30
SAL003555,EMP00632,101371,5991.71,12776.71,94586,2025-04-03
SAL003556,EMP00456,128343.87,7130.4,9135.97,126338.3,2025-10-10
SAL003557,EMP00251,77000.78,17208.72,7417.8,86791.7,2024-11-19
SAL003558,EMP00251,46253.79,4721.21,7788.52,43186.48,2024-09-30
SAL003559,EMP01153,99146.59,8758.88,13033.24,94872.23,2025-04-07
SAL003560,EMP01228,63067.31,10157.87,4836.15,68389.03,2026-04-19
SAL003561,EMP00263,26976.51,9720.85,9578.25,27119.11,2024-09-02
SAL003562,EMP01154,76930.2,6168.98,11570.89,71528.29,2024-11-01
SAL003563,EMP01019,76291.16,12638.89,12196.34,76733.71,2026-04-01
SAL003564,EMP00365,107365.09,13301.51,13754.5,106912.1,2025-08-11
SAL003565,EMP00681,82822.46,15060.8,3397.96,94485.3,2025-12-20
SAL003566,EMP00799,117534.74,7637.1,5798.2,119373.64,2025-01-04
SAL003567,EMP00618,148542.37,19309.34,6066.51,161785.2,2025-12-31
SAL003568,EMP00763,127841.62,15412.77,13307.71,129946.68,2025-08-09
SAL003569,EMP01112,102841.39,2581.29,9452.98,95969.7,2025-08-25
SAL003570,EMP01147,40294.4,5735.5,12299.09,33730.81,2025-06-30
SAL003571,EMP01042,20244.64,1008.13,3458.08,17794.69,2025-02-28
SAL003572,EMP00961,37969,5984.23,6844.29,37108.94,2026-03-23
SAL003573,EMP01107,137636.81,15895.86,12869.98,140662.69,2026-03-29
SAL003574,EMP00747,71961.75,7567.43,13391.88,66137.3,2024-11-20
SAL003575,EMP00708,67610.02,6571.38,11865.4,62316,2024-08-31
SAL003576,EMP00614,134863.72,19171.96,11932.82,142102.86,2026-01-21
SAL003577,EMP00277,42175.02,9689.91,5239.4,46625.53,2025-02-10
SAL003578,EMP00566,99988.11,9715.23,2799.1,106904.24,2025-08-19
SAL003579,EMP00563,58002.35,10569.79,9840.48,58731.66,2026-03-13
SAL003580,EMP00827,146745.88,18197.23,3694.6,161248.51,2025-06-08
SAL003581,EMP00989,38037.44,16172.26,5046.77,49162.93,2025-12-03
SAL003582,EMP00685,64881,5086.15,5764.05,64203.1,2024-12-12
SAL003583,EMP00424,46416.69,4610,2917.77,48108.92,2025-07-17
SAL003584,EMP00551,74451.69,8610.02,5574.04,77487.67,2026-07-24
SAL003585,EMP00224,78391.12,19725.48,7604.73,90511.87,2025-04-30
SAL003586,EMP00423,143457.09,17309.66,12671.5,148095.25,2026-03-01
SAL003587,EMP01073,23952.9,14418.96,12536.47,25835.39,2025-04-23
SAL003588,EMP00168,35703.88,17874.64,14969.37,38609.15,2026-06-18
SAL003589,EMP00909,73264.02,18628.46,12878.54,79013.94,2025-06-02
SAL003590,EMP00132,63838.45,6389.23,9002.14,61225.54,2025-01-08
SAL003591,EMP01046,69052.83,10250.38,8521.24,70781.97,2025-08-03
SAL003592,EMP01097,87352.73,12391.14,12443.13,87300.74,2025-05-16
SAL003593,EMP01211,91706.35,16027.28,13456.99,94276.64,2025-06-27
SAL003594,EMP00618,106081.17,19671.74,5739.43,120013.48,2024-11-29
SAL003595,EMP00028,119545.45,3793.35,6302.94,117035.86,2025-08-01
SAL003596,EMP01082,131087.43,17961.23,5136.69,143911.97,2026-07-31
SAL003597,EMP00155,54690.12,13867.35,8360.99,60196.48,2025-07-31
SAL003598,EMP01054,126544.09,16803.2,6816.91,136530.38,2025-06-17
SAL003599,EMP00602,67483.02,17119.08,8775.02,75827.08,2025-06-09
SAL003600,EMP01019,121894.15,17561.41,12931.87,126523.69,2024-09-05
SAL003601,EMP00164,91215.02,10595.01,8712.64,93097.39,2026-03-04
SAL003602,EMP00553,71481.09,6679.19,11467.54,66692.74,2026-02-14
SAL003603,EMP00549,134310.04,11680.98,9551.66,136439.36,2026-07-05
SAL003604,EMP01019,117930.95,5702.98,14305.53,109328.4,2024-09-22
SAL003605,EMP00176,103176.92,7765.26,3102.91,107839.27,2025-09-26
SAL003606,EMP00475,32055.77,2656.26,13385.83,21326.2,2025-12-10
SAL003607,EMP00811,59623.96,7264.42,7043.94,59844.44,2025-09-03
SAL003608,EMP00862,53140.97,8700.48,6471.21,55370.24,2026-03-19
SAL003609,EMP00202,47794.89,12836.64,7503.84,53127.69,2026-01-12
SAL003610,EMP00584,136572.77,18830.11,12256.14,143146.74,2025-09-28
SAL003611,EMP00604,64458.63,2018.44,4480.49,61996.58,2025-01-29
SAL003612,EMP00072,137698.34,17639.52,12282.87,143054.99,2025-04-25
SAL003613,EMP01075,100126.93,19709.92,11667.26,108169.59,2025-09-04
SAL003614,EMP00366,139227.46,19009.48,2091.87,156145.07,2025-01-30
SAL003615,EMP00338,62889.85,17051.22,1994.83,77946.24,2024-10-02
SAL003616,EMP00977,131068.16,11412.06,7097.11,135383.11,2025-03-07
SAL003617,EMP00914,63478.94,4199.61,6738.22,60940.33,2026-06-29
SAL003618,EMP00623,122331.29,8821.27,2564.42,128588.14,2026-05-29
SAL003619,EMP00039,127441.56,16531.42,7615.49,136357.49,2025-07-28
SAL003620,EMP00687,92409.28,14204.02,1364.92,105248.38,2024-10-27
SAL003621,EMP01229,21138.14,2244.73,10201,13181.87,2026-07-11
SAL003622,EMP00476,85547.56,9202.91,6311.3,88439.17,2026-04-28
SAL003623,EMP00024,51993.37,18260.58,2013.46,68240.49,2025-05-14
SAL003624,EMP00966,27567.27,6453.52,8659.82,25360.97,2026-03-02
SAL003625,EMP00548,94882.35,19984.85,2284.13,112583.07,2025-09-21
SAL003626,EMP00275,29563.22,19443.6,5013.89,43992.93,2025-09-16
SAL003627,EMP00548,115510.51,17063.66,4668.76,127905.41,2026-07-16
SAL003628,EMP00798,45442.28,4788.37,4081.67,46148.98,2026-06-22
SAL003629,EMP00062,113190.84,19204.42,13027.63,119367.63,2024-09-22
SAL003630,EMP00373,137612.19,19655.81,6242.35,151025.65,2026-08-04
SAL003631,EMP01073,73387.38,2563.94,11787.67,64163.65,2025-12-15
SAL003632,EMP00918,67000.65,12890.84,12805.14,67086.35,2024-12-02
SAL003633,EMP00966,43717.53,16598.25,7821.68,52494.1,2025-06-14
SAL003634,EMP00634,105716.94,4905.29,3376,107246.23,2026-03-02
SAL003635,EMP00593,62639.09,1691.62,3123.43,61207.28,2025-12-15
SAL003636,EMP00649,99324.72,15538.9,9792.29,105071.33,2025-08-10
SAL003637,EMP00541,124343.86,6115.72,12932.8,117526.78,2025-09-17
SAL003638,EMP00013,75496.49,9354.71,2150.15,82701.05,2025-01-27
SAL003639,EMP01111,137462.47,5676.87,10607.85,132531.49,2025-12-28
SAL003640,EMP00781,24536.48,7570.33,9465.84,22640.97,2025-01-13
SAL003641,EMP00141,144190.74,7597.87,7055.8,144732.81,2025-04-20
SAL003642,EMP00153,24693.41,12093.05,7636.23,29150.23,2025-11-16
SAL003643,EMP00019,96897.8,19630.02,12648.48,103879.34,2024-09-09
SAL003644,EMP00290,77104.77,7630.28,6411.45,78323.6,2026-01-31
SAL003645,EMP00775,48112.66,1685.28,13047.24,36750.7,2024-10-19
SAL003646,EMP01211,56831.56,8505.94,10383,54954.5,2024-12-20
SAL003647,EMP00227,38665.45,6859.71,8877.93,36647.23,2025-02-27
SAL003648,EMP00856,85347.34,6456.23,3556.2,88247.37,2026-04-16
SAL003649,EMP00279,56230,14195.33,10218.74,60206.59,2025-08-10
SAL003650,EMP00106,116076.72,19187.05,2274.01,132989.76,2026-07-04
SAL003651,EMP00873,94149.32,4847.23,10434.75,88561.8,2026-05-03
SAL003652,EMP00215,23432.34,2526.26,2418.37,23540.23,2025-03-09
SAL003653,EMP00809,52169.99,7530.11,14786.54,44913.56,2025-04-15
SAL003654,EMP00323,76646.92,10665.8,6358.81,80953.91,2025-12-31
SAL003655,EMP00840,122963.57,1916.39,14999.84,109880.12,2026-03-08
SAL003656,EMP01150,53377.58,3715.58,14173.41,42919.75,2025-06-04
SAL003657,EMP01168,109335.81,4710.27,13700.9,100345.18,2026-08-04
SAL003658,EMP00948,23088.65,4909.12,10165.52,17832.25,2025-09-28
SAL003659,EMP00322,119483.61,4268.01,14283.72,109467.9,2025-10-05
SAL003660,EMP00465,22144.61,3158.46,11410.08,13892.99,2026-03-30
SAL003661,EMP00969,75027.08,19736.5,6745.98,88017.6,2025-06-27
SAL003662,EMP00803,47707.81,14500.68,13618.29,48590.2,2025-01-12
SAL003663,EMP00651,43520.63,17572.41,12007.7,49085.34,2024-11-15
SAL003664,EMP00891,139598.37,16615.96,7501.71,148712.62,2025-03-26
SAL003665,EMP00343,53118.31,5663.86,4743.3,54038.87,2025-07-31
SAL003666,EMP00993,74791.26,5013.64,3959.79,75845.11,2026-05-19
SAL003667,EMP00192,49610.22,6561.26,7810.2,48361.28,2025-05-22
SAL003668,EMP01180,74628.41,6394.7,9618.31,71404.8,2024-09-16
SAL003669,EMP00081,136813.24,1844.45,6242.46,132415.23,2024-09-05
SAL003670,EMP00201,137794.42,10165.22,13100.25,134859.39,2025-04-17
SAL003671,EMP00322,24481.77,6395.64,12721.66,18155.75,2026-02-06
SAL003672,EMP00926,125806.37,3770.7,9775.24,119801.83,2025-12-23
SAL003673,EMP01160,129592.97,17373.71,14604.6,132362.08,2026-01-15
SAL003674,EMP00808,102766.57,4684.32,11979.92,95470.97,2025-06-05
SAL003675,EMP00086,39509.14,12115.72,6860.98,44763.88,2026-04-06
SAL003676,EMP01181,98256.46,10472,10806.69,97921.77,2026-03-17
SAL003677,EMP00259,108933.38,7165.82,10000.85,106098.35,2024-11-17
SAL003678,EMP00644,88092.06,10963.72,4578.91,94476.87,2024-08-30
SAL003679,EMP00494,141474.84,11366.54,6020.16,146821.22,2026-07-01
SAL003680,EMP00443,89507.45,19446,12635.43,96318.02,2024-09-01
SAL003681,EMP00484,70359.58,5918.94,7996.26,68282.26,2024-12-04
SAL003682,EMP00316,108749.28,15988.76,11685.69,113052.35,2025-12-02
SAL003683,EMP00023,134104.36,13881.23,7844.84,140140.75,2025-04-16
SAL003684,EMP00665,91401.64,9976.31,1863.47,99514.48,2024-11-01
SAL003685,EMP00286,128260.85,11041.56,13014.55,126287.86,2026-06-22
SAL003686,EMP00452,63486.7,3615.93,8943.05,58159.58,2026-07-24
SAL003687,EMP01075,50594.7,19513.57,12748.18,57360.09,2024-11-15
SAL003688,EMP00009,56381.84,6628.03,10597.61,52412.26,2026-03-16
SAL003689,EMP00948,75407.8,8854.56,2974.02,81288.34,2024-09-11
SAL003690,EMP00752,24285.29,14915.22,14426.13,24774.38,2026-01-22
SAL003691,EMP00907,69629.98,5691.78,9153.03,66168.73,2024-09-27
SAL003692,EMP00881,51317.43,15849.66,11341.12,55825.97,2025-04-25
SAL003693,EMP01224,139957.2,3833.31,13565.98,130224.53,2026-02-10
SAL003694,EMP00958,140133.68,15144.73,5618.67,149659.74,2025-07-27
SAL003695,EMP00808,89838.37,1353.84,1888.92,89303.29,2024-08-29
SAL003696,EMP00138,42350.16,16576.31,3822.23,55104.24,2026-01-22
SAL003697,EMP01120,22613.57,1155.83,5546.42,18222.98,2026-05-25
SAL003698,EMP00396,90678.47,1206.58,1235.99,90649.06,2024-08-30
SAL003699,EMP01063,60004.55,16499.67,12751.22,63753,2025-06-08
SAL003700,EMP01048,62602.79,7641.08,3703.21,66540.66,2026-04-28
SAL003701,EMP00235,87516.13,16942.58,5658.74,98799.97,2025-05-18
SAL003702,EMP01060,96037.15,19226.44,2369.56,112894.03,2025-04-13
SAL003703,EMP00614,76126.9,2919.32,5225.77,73820.45,2026-02-21
SAL003704,EMP00275,136469.13,12953.55,14237.37,135185.31,2025-02-15
SAL003705,EMP00182,35949.64,18709.83,3076.71,51582.76,2025-02-18
SAL003706,EMP00979,147147.28,9115.12,14644.21,141618.19,2026-07-19
SAL003707,EMP00150,60520.75,17652.09,13570.69,64602.15,2025-06-26
SAL003708,EMP00140,135445.55,17593.88,2129.36,150910.07,2025-03-14
SAL003709,EMP00941,55428.39,17292.13,11622.06,61098.46,2026-06-18
SAL003710,EMP00309,112658.35,8176.11,10462.47,110371.99,2026-04-26
SAL003711,EMP00028,23750.67,13661,6215.09,31196.58,2025-12-10
SAL003712,EMP00270,86158.34,1859.73,13259.27,74758.8,2026-06-23
SAL003713,EMP00688,57004.16,7108.21,12061.61,52050.76,2025-12-04
SAL003714,EMP00348,129128.18,6561.99,5066.13,130624.04,2026-04-09
SAL003715,EMP00647,109341.24,5199.46,3882.49,110658.21,2026-02-16
SAL003716,EMP00814,30293.41,2371.61,1441.93,31223.09,2026-06-03
SAL003717,EMP00531,145693.86,9203.95,1541.19,153356.62,2025-12-30
SAL003718,EMP00504,61540.43,7058.08,14591.48,54007.03,2026-03-11
SAL003719,EMP01163,60484.6,14213.62,3296.49,71401.73,2026-07-22
SAL003720,EMP00791,104782.31,5195.43,13541.96,96435.78,2026-04-20
SAL003721,EMP00066,148463.19,16434.29,7082.4,157815.08,2026-05-19
SAL003722,EMP01068,141788.34,17585.8,7140.87,152233.27,2024-12-25
SAL003723,EMP00500,90861.75,18720.01,7537.76,102044,2025-12-01
SAL003724,EMP00619,29109.87,3160.23,6870.44,25399.66,2024-12-04
SAL003725,EMP01226,110277.34,18589,14318.59,114547.75,2026-07-07
SAL003726,EMP00396,99068.89,19395.78,3716.07,114748.6,2026-07-03
SAL003727,EMP01208,63353.83,5748.59,4435.19,64667.23,2025-12-04
SAL003728,EMP01107,142855.62,17889.56,14869.95,145875.23,2026-02-06
SAL003729,EMP00803,139774.89,5611.39,13512.18,131874.1,2026-06-05
SAL003730,EMP00984,45200.09,15964,1801.89,59362.2,2026-05-30
SAL003731,EMP00710,43485.92,1624.57,8413.98,36696.51,2025-08-13
SAL003732,EMP00408,118452.59,12468.29,1074.72,129846.16,2026-04-07
SAL003733,EMP00616,145206.72,8759.16,9199.7,144766.18,2026-06-18
SAL003734,EMP00879,71973.54,13883,12205.73,73650.81,2025-12-10
SAL003735,EMP00653,65208.49,16321.08,11745.21,69784.36,2024-08-29
SAL003736,EMP01209,63097.98,13161.38,3945.97,72313.39,2026-08-02
SAL003737,EMP00052,73737.9,7164.92,13540.88,67361.94,2025-02-04
SAL003738,EMP00432,112913.68,18251.03,10774.68,120390.03,2025-07-19
SAL003739,EMP00828,79338.61,13257.61,2280.32,90315.9,2025-12-25
SAL003740,EMP00276,38947.92,15938.03,14110.81,40775.14,2025-10-11
SAL003741,EMP00230,99127.67,15474.8,4099.29,110503.18,2025-12-10
SAL003742,EMP00865,108135.42,1479.67,14436.95,95178.14,2026-01-07
SAL003743,EMP00517,22915.31,10334.93,8574.29,24675.95,2025-06-06
SAL003744,EMP01066,90055.56,4274.93,1475.78,92854.71,2025-06-22
SAL003745,EMP01102,96062.03,1525.22,1822.05,95765.2,2025-09-03
SAL003746,EMP00827,38591.82,3433.28,5262.95,36762.15,2024-12-11
SAL003747,EMP00236,104780.31,5228.66,11457.1,98551.87,2024-09-20
SAL003748,EMP00411,86561.08,6145.46,12964.34,79742.2,2025-03-03
SAL003749,EMP01097,77473.53,15312.06,13151.12,79634.47,2025-06-02
SAL003750,EMP00120,112774.7,19910.12,7743.58,124941.24,2025-08-26
SAL003751,EMP01111,127962.87,10725.04,3591.04,135096.87,2025-09-24
SAL003752,EMP00655,111062.89,7029.21,10771.2,107320.9,2026-07-12
SAL003753,EMP00953,116410.79,9488.81,9046.74,116852.86,2025-02-08
SAL003754,EMP01061,91916.97,13752.29,4104.71,101564.55,2025-12-23
SAL003755,EMP01058,100738.21,5669.84,2756.11,103651.94,2025-03-23
SAL003756,EMP01186,47458.78,12941.07,2297.37,58102.48,2026-02-06
SAL003757,EMP00671,31632.39,4184.62,8661.75,27155.26,2025-12-11
SAL003758,EMP00491,68478.94,6235.01,6932.02,67781.93,2025-03-03
SAL003759,EMP00640,106325.77,1277.81,4679.96,102923.62,2025-03-07
SAL003760,EMP00409,41154.17,5025.34,4570.21,41609.3,2025-08-09
SAL003761,EMP01127,137118.86,16065.23,10292.85,142891.24,2025-08-02
SAL003762,EMP00903,26947.27,3061.8,12560.67,17448.4,2025-12-13
SAL003763,EMP00856,127400.21,18528.34,12984.67,132943.88,2025-08-21
SAL003764,EMP00346,23789.81,6801.46,14749.23,15842.04,2025-03-07
SAL003765,EMP00456,107110.32,4522.06,7483.53,104148.85,2026-03-27
SAL003766,EMP00086,125123.81,5905.92,11880.89,119148.84,2024-10-20
SAL003767,EMP00569,144815.93,12852.14,13816.04,143852.03,2025-08-05
SAL003768,EMP00740,75902.84,19328.82,9211.27,86020.39,2026-03-11
SAL003769,EMP00969,147620.64,2386.13,12957.37,137049.4,2025-06-27
SAL003770,EMP00627,107885.09,1678.86,1353.16,108210.79,2026-03-21
SAL003771,EMP00019,64840.96,17453.2,2465.04,79829.12,2025-01-16
SAL003772,EMP00746,111163.51,16112.04,9915.31,117360.24,2026-03-17
SAL003773,EMP01058,117818.61,14896.32,11501.35,121213.58,2025-01-09
SAL003774,EMP00372,107546.11,13401.34,12047.59,108899.86,2025-10-24
SAL003775,EMP00977,54613.27,7634.53,12962.59,49285.21,2024-12-18
SAL003776,EMP01116,27184.52,2910.73,9630.94,20464.31,2025-08-19
SAL003777,EMP00548,29768.27,11245.03,1778.97,39234.33,2026-01-27
SAL003778,EMP00504,32999.14,2132.92,7315.12,27816.94,2024-08-30
SAL003779,EMP00252,64212.79,16712.58,13880.62,67044.75,2026-08-09
SAL003780,EMP00281,122533.59,18356.59,11702.19,129187.99,2026-07-09
SAL003781,EMP01174,103005.84,13027.45,3817.87,112215.42,2025-05-29
SAL003782,EMP00488,129276.27,16466.59,9548.21,136194.65,2026-07-07
SAL003783,EMP00162,47843.96,7524.29,12858.41,42509.84,2024-08-18
SAL003784,EMP00352,37943.1,14151.96,13627.18,38467.88,2025-03-18
SAL003785,EMP01090,97148.82,1584.14,11862.1,86870.86,2026-08-07
SAL003786,EMP00419,107139.82,16821.97,10376.25,113585.54,2025-05-14
SAL003787,EMP01115,115351.88,12027.6,13078.91,114300.57,2026-05-14
SAL003788,EMP00365,149367.43,11870.64,10303.84,150934.23,2025-08-11
SAL003789,EMP00828,119858.13,3089.09,6892.91,116054.31,2026-01-30
SAL003790,EMP00914,40975.4,1636.79,11639.49,30972.7,2024-10-02
SAL003791,EMP00565,105252.92,17151.88,4642.15,117762.65,2024-10-24
SAL003792,EMP00682,144173.73,9742.13,9698.3,144217.56,2025-08-17
SAL003793,EMP00238,106090.12,4468.45,13217.54,97341.03,2026-01-16
SAL003794,EMP00034,40618.48,6878.68,5905.1,41592.06,2025-09-24
SAL003795,EMP01227,55576.89,17744.31,1349.1,71972.1,2025-09-28
SAL003796,EMP00816,46113.75,17159.89,13610.55,49663.09,2026-07-16
SAL003797,EMP00387,25423.57,16196.94,9336.56,32283.95,2026-04-24
SAL003798,EMP00229,39490.95,4294.53,11736.26,32049.22,2025-01-05
SAL003799,EMP00575,70590.09,19211.66,7558.6,82243.15,2024-08-26
SAL003800,EMP00990,125704.97,11369.43,9132.97,127941.43,2025-03-17
SAL003801,EMP00682,44782.77,17228.02,12974.48,49036.31,2026-05-09
SAL003802,EMP00251,123335.62,15908.66,6280.98,132963.3,2026-06-23
SAL003803,EMP00563,135040.04,8474.41,13868.77,129645.68,2026-01-16
SAL003804,EMP00192,83646.51,2750.56,9637.54,76759.53,2025-01-28
SAL003805,EMP00970,66602.94,15685.8,11594.07,70694.67,2026-06-17
SAL003806,EMP00827,40946.63,18735.94,12577.88,47104.69,2024-09-12
SAL003807,EMP00910,71535.66,12619.2,1568.68,82586.18,2025-03-12
SAL003808,EMP00698,34186.05,18993.16,14686.58,38492.63,2025-09-02
SAL003809,EMP01071,98995.2,10461.78,4608.47,104848.51,2025-06-18
SAL003810,EMP00281,79369.97,4376.14,3598.07,80148.04,2024-09-16
SAL003811,EMP00461,142866.86,4572.03,10648.29,136790.6,2025-05-01
SAL003812,EMP00480,34551.16,9759.72,10623.81,33687.07,2025-10-26
SAL003813,EMP00211,29556.54,6779.22,12166.69,24169.07,2024-09-21
SAL003814,EMP00564,26645.03,12362.49,4790.78,34216.74,2025-08-09
SAL003815,EMP00545,26337.06,15474.37,8450.91,33360.52,2025-09-01
SAL003816,EMP00068,109673.32,18174.81,2653.69,125194.44,2025-12-04
SAL003817,EMP00696,129054.03,15197.18,1443.46,142807.75,2025-05-06
SAL003818,EMP00940,55543.91,19751.62,5284.16,70011.37,2025-11-02
SAL003819,EMP00346,64277.09,13281.46,1446.93,76111.62,2025-12-01
SAL003820,EMP00258,88882.58,14917.75,6306.72,97493.61,2025-06-17
SAL003821,EMP00490,105104.16,2530.16,4738.8,102895.52,2026-06-03
SAL003822,EMP00698,67807.61,3176.53,10609.39,60374.75,2026-03-27
SAL003823,EMP00782,77798.05,14629.49,6591.63,85835.91,2025-06-08
SAL003824,EMP01186,111701.12,19534.97,7352.24,123883.85,2026-03-16
SAL003825,EMP00570,42110.72,12176.66,9950.13,44337.25,2026-07-20
SAL003826,EMP00763,75894.62,17572.08,9696.07,83770.63,2024-09-09
SAL003827,EMP00601,135911.14,10550.4,12048.46,134413.08,2024-10-05
SAL003828,EMP00965,115030.22,13939.13,13121.14,115848.21,2026-04-25
SAL003829,EMP01161,20929.75,4960.07,13403.87,12485.95,2025-07-14
SAL003830,EMP00876,111717.69,16941.73,8169.12,120490.3,2025-03-13
SAL003831,EMP01172,74818.86,9260.97,14287.78,69792.05,2025-06-05
SAL003832,EMP01016,130624.58,18880.1,14802.06,134702.62,2025-12-06
SAL003833,EMP00113,111120.37,11883.25,4182.59,118821.03,2025-06-10
SAL003834,EMP00147,137477.52,19736.93,5900.29,151314.16,2025-06-19
SAL003835,EMP00503,62170.1,16363.92,7315.86,71218.16,2024-08-21
SAL003836,EMP01119,130130.92,8636.22,8340.13,130427.01,2026-06-12
SAL003837,EMP01225,36354.75,12407.73,13533.75,35228.73,2026-06-21
SAL003838,EMP00014,65408.55,4908.04,13412.72,56903.87,2025-07-28
SAL003839,EMP00337,68590.36,16904.47,2076.12,83418.71,2026-05-27
SAL003840,EMP00194,91078.04,11084.99,3932.61,98230.42,2025-05-01
SAL003841,EMP00641,71727.79,15463.83,1281.55,85910.07,2026-03-11
SAL003842,EMP00609,79719.89,7039.29,11159.16,75600.02,2025-03-05
SAL003843,EMP00848,66618.79,3216.98,2314.35,67521.42,2024-09-06
SAL003844,EMP01107,43946.08,3207.84,3472.83,43681.09,2025-11-20
SAL003845,EMP00161,63436.81,15373.88,11215.07,67595.62,2025-05-26
SAL003846,EMP00705,64401.9,7576.13,3053.51,68924.52,2026-05-15
SAL003847,EMP00255,89147.34,1605.1,4466.45,86285.99,2025-01-22
SAL003848,EMP01147,62749.05,5873.2,10817.3,57804.95,2025-04-02
SAL003849,EMP01053,120056.49,14945.01,3882.59,131118.91,2025-09-01
SAL003850,EMP00937,39959.7,15210.75,14371.77,40798.68,2026-08-03
SAL003851,EMP00726,96502.83,8228.89,7433.98,97297.74,2024-08-27
SAL003852,EMP00724,68476.64,15910.99,11893.53,72494.1,2025-04-06
SAL003853,EMP00071,100001.26,1976.27,11766.01,90211.52,2025-04-17
SAL003854,EMP00282,87246.67,9314.06,11957.26,84603.47,2025-11-06
SAL003855,EMP00696,134994.17,17332.71,8120.64,144206.24,2025-10-12
SAL003856,EMP00275,89059.75,4046.27,3057.21,90048.81,2024-08-15
SAL003857,EMP00829,28885.14,9469.63,5524.4,32830.37,2025-04-12
SAL003858,EMP00996,68265.37,8593.74,5697.46,71161.65,2026-03-02
SAL003859,EMP00112,142152.97,16596.36,2849.95,155899.38,2025-05-05
SAL003860,EMP00068,129634.72,8571.99,6094.97,132111.74,2025-10-10
SAL003861,EMP00537,135331.69,10959.36,2514.15,143776.9,2026-04-01
SAL003862,EMP00962,55500.93,17567.17,5067.06,68001.04,2026-03-10
SAL003863,EMP00135,141496.74,15393.97,14501.85,142388.86,2024-09-11
SAL003864,EMP00738,85012.15,9587.68,14196.07,80403.76,2024-10-12
SAL003865,EMP00988,51792.87,11895.5,3874.1,59814.27,2026-07-02
SAL003866,EMP00363,143796.33,2478.74,6052.66,140222.41,2024-12-19
SAL003867,EMP00590,104883.13,5507.51,8344.43,102046.21,2024-10-13
SAL003868,EMP01185,28186.65,18990.07,13521.07,33655.65,2024-12-11
SAL003869,EMP01177,25395.66,8083.19,5763.27,27715.58,2025-01-06
SAL003870,EMP00551,59729.36,12631.81,1428.57,70932.6,2026-02-21
SAL003871,EMP00094,69814.46,1592.63,4213,67194.09,2026-02-19
SAL003872,EMP01038,110760.49,19000.16,14161.75,115598.9,2026-01-23
SAL003873,EMP00803,78598.97,10998.01,3527.79,86069.19,2025-02-23
SAL003874,EMP01211,71971.04,6514.53,12850.72,65634.85,2026-07-26
SAL003875,EMP00644,49562.4,19876.65,1761.16,67677.89,2024-11-21
SAL003876,EMP00752,68656.06,17392.11,3691.97,82356.2,2024-11-03
SAL003877,EMP00817,64198.24,4405.12,6516.71,62086.65,2026-05-22
SAL003878,EMP01199,36253.43,11846.67,8442.84,39657.26,2024-11-03
SAL003879,EMP00475,23505.84,12888.31,9271.9,27122.25,2026-01-12
SAL003880,EMP00448,24488.72,11605.04,2427.24,33666.52,2026-01-30
SAL003881,EMP00613,90130.5,14871.18,10155.04,94846.64,2026-02-18
SAL003882,EMP00822,142101.85,6459.91,8022.18,140539.58,2024-10-09
SAL003883,EMP00649,58271.11,15201.65,6134.47,67338.29,2024-09-19
SAL003884,EMP00657,147328.77,1514.66,10796.4,138047.03,2025-07-12
SAL003885,EMP00811,63116.01,3205.66,11894.31,54427.36,2026-01-06
SAL003886,EMP00665,65970.16,5326.98,2193.49,69103.65,2026-08-11
SAL003887,EMP00168,24581.9,9781.55,4684.68,29678.77,2025-05-12
SAL003888,EMP00514,32860,14784.5,12140.58,35503.92,2025-01-14
SAL003889,EMP00325,71103.93,9273.12,5886.95,74490.1,2026-03-13
SAL003890,EMP00944,107194.9,8098.09,13864.07,101428.92,2025-10-06
SAL003891,EMP01007,70927.68,13446.08,8944.83,75428.93,2024-10-28
SAL003892,EMP00701,73400.22,9488.65,4222.56,78666.31,2025-02-11
SAL003893,EMP00817,57685.18,18924.99,11951.03,64659.14,2026-06-14
SAL003894,EMP00036,124802.7,9004.14,10118.58,123688.26,2024-11-13
SAL003895,EMP00146,82126.9,7585.64,8348.32,81364.22,2026-06-30
SAL003896,EMP00779,65296.95,15774.69,5345.18,75726.46,2025-10-04
SAL003897,EMP00506,24527.12,8000.06,7253.42,25273.76,2025-04-17
SAL003898,EMP00964,106083.66,2349.61,3920.99,104512.28,2026-06-15
SAL003899,EMP00491,28049,8181.21,6526.6,29703.61,2026-04-23
SAL003900,EMP00209,110158.39,8324.41,14912.12,103570.68,2025-01-13
SAL003901,EMP00173,35923.15,16027.96,14028.18,37922.93,2025-08-31
SAL003902,EMP00351,140786.64,14005.29,4273.28,150518.65,2026-01-21
SAL003903,EMP00371,36639.46,15207.93,5847.83,45999.56,2025-04-29
SAL003904,EMP01064,98529.72,6712.33,9384.38,95857.67,2026-05-12
SAL003905,EMP00450,28264.95,19124.36,12520.3,34869.01,2025-11-17
SAL003906,EMP01032,94620.87,2969.16,5815.03,91775,2026-01-11
SAL003907,EMP01019,61759.55,14453.34,7220.55,68992.34,2025-09-24
SAL003908,EMP00484,79130.6,11389.61,7853.22,82666.99,2024-08-25
SAL003909,EMP00113,135418.53,10863.01,7019.89,139261.65,2026-01-18
SAL003910,EMP01084,37707.57,6846.94,7511.26,37043.25,2025-07-23
SAL003911,EMP00656,56780.78,4398.77,12174.56,49004.99,2024-10-19
SAL003912,EMP00435,137364.21,19505.45,6535.31,150334.35,2025-01-07
SAL003913,EMP01052,31086.88,1353.35,14723.63,17716.6,2026-03-11
SAL003914,EMP01053,73953.44,3138.14,10641.24,66450.34,2025-08-19
SAL003915,EMP00899,60491.58,1380.04,10360.8,51510.82,2026-03-15
SAL003916,EMP00793,146199.43,15440.15,1714.55,159925.03,2026-02-07
SAL003917,EMP01136,96029.41,6914.44,11131.99,91811.86,2025-12-14
SAL003918,EMP00595,129223.62,1072.58,8708.2,121588,2026-02-25
SAL003919,EMP01096,109775.35,12591.63,11397.3,110969.68,2025-04-07
SAL003920,EMP01199,41239.64,16791.07,1567.27,56463.44,2026-07-25
SAL003921,EMP00742,81472.36,9473.51,2073.44,88872.43,2025-02-13
SAL003922,EMP00863,124388.17,14078.46,3288.16,135178.47,2025-10-20
SAL003923,EMP00009,77412.3,11970.55,7990.89,81391.96,2025-01-02
SAL003924,EMP00193,113299.24,8055.02,4934.84,116419.42,2025-08-17
SAL003925,EMP00653,24977,19547.04,9225.12,35298.92,2024-09-30
SAL003926,EMP00929,24976.35,16785.39,1191.38,40570.36,2026-08-12
SAL003927,EMP01054,69765.64,15890.64,12719.84,72936.44,2025-10-06
SAL003928,EMP01031,31108.17,16351.84,11767.8,35692.21,2024-11-10
SAL003929,EMP01225,121531.03,17529.02,10808.28,128251.77,2025-08-27
SAL003930,EMP00234,90884.73,6342.98,9495.76,87731.95,2026-03-28
SAL003931,EMP00961,126771.73,10649.96,14891.53,122530.16,2025-08-02
SAL003932,EMP00666,22024.9,18844.1,6030.58,34838.42,2025-12-14
SAL003933,EMP00953,45633.46,13944.76,4053.49,55524.73,2026-03-31
SAL003934,EMP00921,125661.12,17717.52,11465.84,131912.8,2024-10-01
SAL003935,EMP00609,92110.79,1753.48,12155.68,81708.59,2025-05-18
SAL003936,EMP01173,88252.31,11317.02,9318.5,90250.83,2025-07-20
SAL003937,EMP01161,69820.01,11439.66,9437.71,71821.96,2025-06-05
SAL003938,EMP01177,111798.69,12144.07,8016.64,115926.12,2025-02-26
SAL003939,EMP00788,107376.04,6678.07,6213.21,107840.9,2026-07-02
SAL003940,EMP00328,42901.24,15781.72,9462.78,49220.18,2025-11-27
SAL003941,EMP00022,111203.12,10924.35,2117.45,120010.02,2025-06-14
SAL003942,EMP00110,130320.51,7164.15,1042.04,136442.62,2026-05-17
SAL003943,EMP01054,110520.47,4118.29,13228.13,101410.63,2025-09-04
SAL003944,EMP01115,71631.25,18141.5,9033.8,80738.95,2024-12-29
SAL003945,EMP00182,31879.86,13412.6,11220.95,34071.51,2025-08-07
SAL003946,EMP00551,50178.34,12380.85,3294.14,59265.05,2024-11-12
SAL003947,EMP00663,47630.29,4603.93,11523.8,40710.42,2025-06-02
SAL003948,EMP00841,89380.22,19678.03,7533.1,101525.15,2025-09-01
SAL003949,EMP00494,58293.22,5483.29,9547.84,54228.67,2024-09-14
SAL003950,EMP00430,21462.52,11717.5,12925.72,20254.3,2026-07-26
SAL003951,EMP00909,84332.16,7039.99,13278.95,78093.2,2026-05-13
SAL003952,EMP00332,59811.01,6362.16,8659.23,57513.94,2024-10-23
SAL003953,EMP00290,130490.06,7030.01,7210.24,130309.83,2025-05-04
SAL003954,EMP00928,111005.17,1266.79,2528.88,109743.08,2025-02-09
SAL003955,EMP00619,116582.9,18669.36,13685.88,121566.38,2026-07-04
SAL003956,EMP00512,60825.46,4895.26,1586.73,64133.99,2025-07-18
SAL003957,EMP00790,65456.17,7183.56,8717.75,63921.98,2024-09-01
SAL003958,EMP00689,21090.46,4353.07,2898.33,22545.2,2026-01-13
SAL003959,EMP00529,33586.49,3825.96,3909.27,33503.18,2025-02-12
SAL003960,EMP00885,44618.34,6333.4,13147.54,37804.2,2025-09-11
SAL003961,EMP00663,65306.91,1073.35,3756.48,62623.78,2025-11-08
SAL003962,EMP00394,28953.37,16965.62,7202.64,38716.35,2025-03-27
SAL003963,EMP00871,115296.4,17414.97,3733.27,128978.1,2025-06-27
SAL003964,EMP00380,137734.76,14013.47,7525.99,144222.24,2025-02-23
SAL003965,EMP01091,80048,6650.42,6725.19,79973.23,2025-11-14
SAL003966,EMP00458,79203.15,9477.16,14306.36,74373.95,2026-07-29
SAL003967,EMP00404,90965.15,15105.79,3196.53,102874.41,2025-06-16
SAL003968,EMP00300,80017.54,11591.95,11776.23,79833.26,2025-01-02
SAL003969,EMP01090,139372.97,9643.62,2029.22,146987.37,2025-03-21
SAL003970,EMP01130,59961.49,10614.06,10922.67,59652.88,2026-06-14
SAL003971,EMP00380,144452.15,6069.58,9111.03,141410.7,2025-09-21
SAL003972,EMP00674,78241.01,6040.24,4534.69,79746.56,2025-03-27
SAL003973,EMP00396,113448.8,6843.89,8749.01,111543.68,2025-10-10
SAL003974,EMP00825,58532.4,18428.86,6404.52,70556.74,2025-03-05
SAL003975,EMP00949,79312.74,14503.57,4274.15,89542.16,2026-05-08
SAL003976,EMP00767,58975.47,19014.19,9262.19,68727.47,2025-08-08
SAL003977,EMP00863,90526.48,9640.66,6716.57,93450.57,2025-10-22
SAL003978,EMP00785,140761.03,8579.4,5846.83,143493.6,2024-11-19
SAL003979,EMP01044,90530.71,12890.53,9227.17,94194.07,2025-05-20
SAL003980,EMP00573,143099.13,17192.19,12636.08,147655.24,2026-06-08
SAL003981,EMP00794,56891.11,11440.59,3118.51,65213.19,2025-07-26
SAL003982,EMP00775,106367.06,2911.97,6823.96,102455.07,2025-04-15
SAL003983,EMP01055,144038.02,8563,13538.74,139062.28,2026-02-04
SAL003984,EMP00182,68677.22,6476.9,10922.75,64231.37,2025-09-25
SAL003985,EMP00073,95538.92,18416.08,14322.12,99632.88,2024-12-29
SAL003986,EMP00118,119741.32,16393.29,2685.51,133449.1,2026-08-05
SAL003987,EMP00529,35192.15,4614.3,5125.51,34680.94,2025-07-06
SAL003988,EMP00571,27505.18,2761.93,8327.2,21939.91,2026-04-17
SAL003989,EMP00243,74652.81,13181.02,6346.79,81487.04,2025-04-06
SAL003990,EMP01117,59158.67,4967.36,10202.61,53923.42,2025-10-19
SAL003991,EMP00382,100579.84,13425.05,9586.55,104418.34,2024-10-12
SAL003992,EMP01165,146961.25,8314.22,4758.44,150517.03,2026-03-31
SAL003993,EMP01096,31301.82,13703.06,14789.63,30215.25,2025-04-08
SAL003994,EMP01159,44768.11,7267.56,9073.08,42962.59,2025-01-04
SAL003995,EMP01022,38002.04,12716.47,12585.78,38132.73,2025-01-14
SAL003996,EMP00086,122360.35,6992.94,12022.69,117330.6,2026-03-02
SAL003997,EMP01134,125870.41,15478.38,1264.98,140083.81,2026-01-27
SAL003998,EMP00957,149636.28,6847.77,14917.17,141566.88,2025-04-27
SAL003999,EMP00362,88602.86,16709.83,4039.74,101272.95,2025-10-31
SAL004000,EMP00993,104656.64,17537.25,7873.5,114320.39,2026-07-06
SAL004001,EMP00708,79051.76,13894.02,2798.55,90147.23,2026-01-28
SAL004002,EMP00992,106831.52,11023.76,9339.66,108515.62,2025-11-25
SAL004003,EMP01188,83559.16,11138.63,8918.55,85779.24,2025-01-12
SAL004004,EMP00541,56230,6536.53,3035.98,59730.55,2025-07-14
SAL004005,EMP00094,96736.86,16853.63,10458.27,103132.22,2024-10-29
SAL004006,EMP00277,32788.34,12164.15,4448.38,40504.11,2024-12-10
SAL004007,EMP00471,104659.24,12884.18,7420.79,110122.63,2025-03-02
SAL004008,EMP01106,125076.92,17279.66,8395.09,133961.49,2025-12-12
SAL004009,EMP01074,84625.56,2692.83,3600.37,83718.02,2025-06-20
SAL004010,EMP00615,146357.38,6490.67,2439.61,150408.44,2026-04-30
SAL004011,EMP00042,122833.81,18812.61,10858.62,130787.8,2025-01-30
SAL004012,EMP00483,123985.13,2942.6,8815.35,118112.38,2026-07-28
SAL004013,EMP00884,22582.49,17983.17,7651.97,32913.69,2026-01-06
SAL004014,EMP00053,74967.38,3211.19,7068.79,71109.78,2025-08-10
SAL004015,EMP00333,113469.91,19168.26,14857.38,117780.79,2024-09-08
SAL004016,EMP01227,126710.11,13259.74,10073.03,129896.82,2025-05-11
SAL004017,EMP00315,114695.01,4443.79,11865.21,107273.59,2025-05-27
SAL004018,EMP00244,100502.78,19709.74,2560.9,117651.62,2024-09-20
SAL004019,EMP00522,41959.58,4912.61,4375.14,42497.05,2026-08-05
SAL004020,EMP01043,72267.59,18732.7,3021.69,87978.6,2025-05-13
SAL004021,EMP01026,50309.56,4062.13,1774.08,52597.61,2024-10-06
SAL004022,EMP00228,121005.99,18539.04,13194.41,126350.62,2026-07-11
SAL004023,EMP00766,99037.75,9989.47,12052.17,96975.05,2026-05-02
SAL004024,EMP00531,66746.85,8068.6,10058.49,64756.96,2026-01-31
SAL004025,EMP00470,35252.74,4240.45,11107.29,28385.9,2026-07-08
SAL004026,EMP00783,45829.33,9802.81,10448.98,45183.16,2026-01-23
SAL004027,EMP00676,113945.69,3090.47,4054.9,112981.26,2025-05-23
SAL004028,EMP01146,69665.96,11054.71,6362.78,74357.89,2025-12-12
SAL004029,EMP00937,123973.8,4799.43,4514.35,124258.88,2025-07-19
SAL004030,EMP00160,125426.39,15305.17,5501.37,135230.19,2024-08-13
SAL004031,EMP01081,136145.08,5172.08,7119.13,134198.03,2024-10-17
SAL004032,EMP00180,116272.93,11154.2,5618.25,121808.88,2026-07-18
SAL004033,EMP01151,109479.21,7091.09,6619.16,109951.14,2026-08-02
SAL004034,EMP00829,74552.55,1574.74,2788.74,73338.55,2026-03-06
SAL004035,EMP00758,22742.97,14228.85,1681.13,35290.69,2026-02-13
SAL004036,EMP00523,64387.64,6382.62,4365.79,66404.47,2025-04-19
SAL004037,EMP01204,73633.42,15421.87,7717.09,81338.2,2025-12-06
SAL004038,EMP00016,47358.4,4370.05,6969.84,44758.61,2026-01-17
SAL004039,EMP00754,48008.3,12171.48,6399.05,53780.73,2025-03-24
SAL004040,EMP00442,148798.66,16750.44,8182.77,157366.33,2024-10-20
SAL004041,EMP00964,102504.89,17659.42,10873.82,109290.49,2025-03-29
SAL004042,EMP00483,81125.61,17652.65,9107.97,89670.29,2025-02-10
SAL004043,EMP00210,126390.06,15453.98,1407.7,140436.34,2026-02-07
SAL004044,EMP00637,36446.07,12596.95,7173.7,41869.32,2026-05-24
SAL004045,EMP00992,112350.21,12544.55,14922.37,109972.39,2025-05-12
SAL004046,EMP01228,75425.98,11773.48,7268.97,79930.49,2025-05-24
SAL004047,EMP00877,82492.29,5123.65,12416.64,75199.3,2026-05-11
SAL004048,EMP01199,145553.96,1454.83,12451.94,134556.85,2024-12-28
SAL004049,EMP00420,76975.2,15641.54,13531.66,79085.08,2025-07-11
SAL004050,EMP00063,92969.61,3597.36,5927.12,90639.85,2025-05-01
SAL004051,EMP00023,75803.09,4438.63,2558.78,77682.94,2026-03-29
SAL004052,EMP01114,70561.14,10600.83,1935.08,79226.89,2026-03-03
SAL004053,EMP00812,64098.93,12131.06,8821.47,67408.52,2025-02-07
SAL004054,EMP00441,100370.14,5663.19,10852.77,95180.56,2024-08-15
SAL004055,EMP00370,121869.41,5159.32,8293.86,118734.87,2025-05-27
SAL004056,EMP00303,76072.98,6800.92,10000.3,72873.6,2025-05-08
SAL004057,EMP01045,113459.48,8223.56,3968.77,117714.27,2026-04-23
SAL004058,EMP00147,110287.63,15110.71,4971.6,120426.74,2024-12-20
SAL004059,EMP00615,28511.24,16194.48,7524.27,37181.45,2025-11-02
SAL004060,EMP01157,52535.06,19331.96,5925.07,65941.95,2025-03-01
SAL004061,EMP01105,109254.83,4540.69,1449.34,112346.18,2025-09-25
SAL004062,EMP00147,133402.11,3644.16,3911.57,133134.7,2025-07-22
SAL004063,EMP01103,109857.69,11175.22,14776.74,106256.17,2026-03-12
SAL004064,EMP00677,107169.95,5226.14,3174.09,109222,2025-06-07
SAL004065,EMP00385,147587.87,19505.86,8437.28,158656.45,2024-12-31
SAL004066,EMP01010,104173.39,15977.29,3968.65,116182.03,2025-07-02
SAL004067,EMP01002,102281.56,13570.27,9327.3,106524.53,2026-07-12
SAL004068,EMP00584,79013.4,3022.5,3359.71,78676.19,2025-02-06
SAL004069,EMP00320,130689.23,5876.28,4217.58,132347.93,2025-05-14
SAL004070,EMP00917,41000.74,10957.37,4418.12,47539.99,2026-03-06
SAL004071,EMP00437,104864.79,17067.82,13955.11,107977.5,2025-06-23
SAL004072,EMP00657,118841.94,1175.63,1288.48,118729.09,2024-11-01
SAL004073,EMP00443,139981.45,8937.6,5311.32,143607.73,2026-04-28
SAL004074,EMP00155,34535.85,8152.61,3447.8,39240.66,2024-10-25
SAL004075,EMP01102,110569.62,19318.3,11854.45,118033.47,2024-10-26
SAL004076,EMP00958,145982.57,10566.92,4925.09,151624.4,2024-10-21
SAL004077,EMP00575,54822.71,2705.14,11436.65,46091.2,2026-04-11
SAL004078,EMP00555,104848.27,4510.38,8274.53,101084.12,2026-03-06
SAL004079,EMP00053,25017.85,15975.55,3732.06,37261.34,2025-10-21
SAL004080,EMP00815,106277.29,4869.03,2061.75,109084.57,2025-07-05
SAL004081,EMP00746,99357.25,7779.12,1937.04,105199.33,2025-01-14
SAL004082,EMP01102,136053.71,6838.72,5564.38,137328.05,2025-08-22
SAL004083,EMP00711,49083.28,3764.67,14892.03,37955.92,2026-07-11
SAL004084,EMP00536,137265.52,16375.86,11455.75,142185.63,2025-07-20
SAL004085,EMP00850,99539.65,3630.17,1247.22,101922.6,2024-12-30
SAL004086,EMP00072,72770.88,17210.47,1841.79,88139.56,2025-08-20
SAL004087,EMP00524,90142.33,15124.54,9963.95,95302.92,2025-11-12
SAL004088,EMP01090,105101.47,18532.07,1721.81,121911.73,2026-03-27
SAL004089,EMP01110,50804.66,18824.87,5624.13,64005.4,2025-03-14
SAL004090,EMP00635,147156.97,19363.9,14268.55,152252.32,2025-07-01
SAL004091,EMP00832,117053.82,15345.04,3591.21,128807.65,2025-01-25
SAL004092,EMP00316,110129.77,15849.81,9321.19,116658.39,2026-02-18
SAL004093,EMP00693,47899.52,2900.89,14575.95,36224.46,2025-05-19
SAL004094,EMP00311,20319.48,7719.93,14146.46,13892.95,2025-03-26
SAL004095,EMP00294,145692.57,17119.22,1906.49,160905.3,2025-05-06
SAL004096,EMP00189,141164.86,1202.74,12150.6,130217,2025-08-13
SAL004097,EMP00975,128231.44,13853.62,1278.86,140806.2,2025-04-21
SAL004098,EMP00573,138349.81,16990.49,13124.16,142216.14,2026-06-21
SAL004099,EMP00681,139168.48,17120.08,10801.01,145487.55,2024-12-04
SAL004100,EMP00143,135925.91,1335.45,8457.71,128803.65,2025-10-07
SAL004101,EMP00627,67214.04,10766.49,2845.7,75134.83,2024-11-21
SAL004102,EMP01208,100024.7,9285.05,5483.24,103826.51,2025-04-19
SAL004103,EMP00137,139500.09,4827.09,9421.61,134905.57,2024-08-29
SAL004104,EMP00768,115782.89,8460.21,4493.48,119749.62,2025-11-29
SAL004105,EMP00790,97263.9,4464.6,10038.28,91690.22,2024-10-14
SAL004106,EMP01196,131713.66,14500.36,7603.4,138610.62,2024-09-30
SAL004107,EMP00771,29266.54,7424.24,11197.17,25493.61,2026-08-11
SAL004108,EMP00833,63268.36,18100.57,2214.92,79154.01,2024-10-06
SAL004109,EMP00154,114611.91,11745.85,8558.33,117799.43,2025-06-28
SAL004110,EMP00699,92297.42,13912.39,12878.18,93331.63,2025-09-25
SAL004111,EMP00147,136159.86,4812.81,8239.17,132733.5,2025-07-21
SAL004112,EMP00481,117266.35,2519.7,12169.06,107616.99,2025-09-16
SAL004113,EMP00640,22575.21,5231.35,8752.19,19054.37,2025-06-12
SAL004114,EMP00167,99015.28,15528.21,8110.39,106433.1,2025-12-24
SAL004115,EMP00895,75424.35,19906.3,14018.79,81311.86,2025-04-02
SAL004116,EMP01185,37596.3,12047.31,10384.41,39259.2,2024-12-13
SAL004117,EMP00669,124582.99,13187.44,11818.47,125951.96,2026-01-12
SAL004118,EMP00132,141535.99,6769.38,4674.32,143631.05,2024-10-17
SAL004119,EMP01129,116073.48,10406.81,4116.06,122364.23,2025-04-12
SAL004120,EMP00834,149125.19,13528.33,12741.48,149912.04,2024-12-25
SAL004121,EMP00134,84705.4,13088.49,7120.55,90673.34,2025-09-02
SAL004122,EMP00252,75150.75,18361.47,11866.99,81645.23,2026-02-11
SAL004123,EMP00705,49502.46,7049.38,7096.26,49455.58,2026-01-25
SAL004124,EMP00775,78111.94,19325.57,2251.58,95185.93,2025-05-08
SAL004125,EMP00369,83321.48,9825.01,6081.39,87065.1,2024-09-12
SAL004126,EMP01103,70246.41,3781.1,2520.24,71507.27,2025-05-09
SAL004127,EMP01077,143340.92,3042.14,14668.87,131714.19,2025-06-27
SAL004128,EMP00776,97206.03,13832.31,4942.47,106095.87,2025-01-07
SAL004129,EMP00877,28382.94,14514.75,12648.15,30249.54,2025-01-26
SAL004130,EMP00255,139512.65,11943.83,1125.77,150330.71,2024-08-31
SAL004131,EMP00517,144523.04,12238.91,5175.26,151586.69,2025-01-12
SAL004132,EMP00713,131896.44,11552.02,8780.87,134667.59,2026-03-30
SAL004133,EMP00232,126161.06,18663.53,10057.13,134767.46,2026-06-13
SAL004134,EMP01010,43667.82,2078.1,8183.49,37562.43,2026-07-02
SAL004135,EMP00417,87866.53,1489.77,1369.38,87986.92,2025-03-03
SAL004136,EMP00706,62666.04,13296.48,13062.4,62900.12,2024-11-07
SAL004137,EMP00148,42772.93,14138.87,5005.39,51906.41,2025-04-16
SAL004138,EMP00864,107289.64,1849.64,5560.19,103579.09,2026-05-02
SAL004139,EMP00307,127010.48,1388.15,12914.74,115483.89,2025-05-12
SAL004140,EMP01020,114690.1,3724.83,8564.27,109850.66,2025-01-21
SAL004141,EMP00731,110685.25,12403.52,11800.17,111288.6,2026-02-07
SAL004142,EMP01095,74564.95,7506.2,3654.69,78416.46,2025-06-05
SAL004143,EMP00686,104105.67,9076.14,5406.94,107774.87,2026-07-21
SAL004144,EMP00262,108040.74,17729.53,2682.8,123087.47,2025-06-03
SAL004145,EMP00310,91359.67,13716.85,2602.43,102474.09,2026-01-09
SAL004146,EMP00248,131198.91,18443.4,4884.6,144757.71,2025-02-16
SAL004147,EMP00781,56417.07,4093.8,14219.15,46291.72,2024-12-27
SAL004148,EMP01169,42982.59,16497.6,6641.54,52838.65,2026-01-05
SAL004149,EMP00254,82524,17385.01,14733.06,85175.95,2025-12-02
SAL004150,EMP00869,104461.24,1920.04,14294.9,92086.38,2024-11-05
SAL004151,EMP00455,70026.31,7053.22,7576.81,69502.72,2025-03-12
SAL004152,EMP00492,24502.86,2350.31,1235.75,25617.42,2025-06-16
SAL004153,EMP00987,68616.11,11440.38,3920.94,76135.55,2025-05-04
SAL004154,EMP00577,72986.52,13991.32,10809.28,76168.56,2024-11-04
SAL004155,EMP00256,80708.79,3562.73,10001.08,74270.44,2026-02-28
SAL004156,EMP01060,31956.43,15389.77,12162.26,35183.94,2026-04-09
SAL004157,EMP00651,108924.06,14007.39,10471.14,112460.31,2026-05-08
SAL004158,EMP00777,82242.86,4454.29,6350.81,80346.34,2026-06-21
SAL004159,EMP01048,146308.26,4047.63,12152.08,138203.81,2025-12-03
SAL004160,EMP00550,84487.67,18235.97,6579.91,96143.73,2024-08-22
SAL004161,EMP00354,40989.95,13173.42,5584.36,48579.01,2025-08-17
SAL004162,EMP01009,143686.44,13573.81,7151.61,150108.64,2025-06-08
SAL004163,EMP00820,91251.02,4587.05,1104.78,94733.29,2025-12-10
SAL004164,EMP00663,57768.68,2573.17,6267.76,54074.09,2025-09-23
SAL004165,EMP01001,115832.2,17356.28,11059.7,122128.78,2025-12-02
SAL004166,EMP00316,148023.75,16992.68,5557.74,159458.69,2025-02-21
SAL004167,EMP00459,116979.08,3862.81,14261.2,106580.69,2026-04-01
SAL004168,EMP00622,121751.54,5508.15,2196.41,125063.28,2025-09-23
SAL004169,EMP00416,144839.63,3425.33,11504.2,136760.76,2025-02-07
SAL004170,EMP00174,128827.1,13489.36,4949.96,137366.5,2024-09-07
SAL004171,EMP00496,108261.55,11596.6,5321.32,114536.83,2025-08-30
SAL004172,EMP00949,121787.98,18714.16,9438.5,131063.64,2025-07-28
SAL004173,EMP01012,114891.88,16381.91,13666.84,117606.95,2026-04-18
SAL004174,EMP00136,130506.37,13316.1,3134.4,140688.07,2026-01-19
SAL004175,EMP00201,91522.32,7068.71,11985.3,86605.73,2025-08-25
SAL004176,EMP00879,83407.22,10545.05,5426.44,88525.83,2025-02-07
SAL004177,EMP00167,88693.56,4382.75,2367.88,90708.43,2025-06-13
SAL004178,EMP00769,92537.92,10471.64,2598.05,100411.51,2024-08-31
SAL004179,EMP00208,85413.41,18754.81,1609.3,102558.92,2025-11-03
SAL004180,EMP00573,144846.1,15105.66,14770.15,145181.61,2024-10-11
SAL004181,EMP00861,69776.82,19478.16,14545.52,74709.46,2025-06-22
SAL004182,EMP00848,109093.04,11908.81,5727.17,115274.68,2025-02-26
SAL004183,EMP00155,114048.46,2754.78,2047.33,114755.91,2025-09-08
SAL004184,EMP00890,61377.81,11621.06,1075.69,71923.18,2025-11-09
SAL004185,EMP00077,25210.09,2911.31,11710.92,16410.48,2024-10-01
SAL004186,EMP00838,32124.86,9589.44,8624.42,33089.88,2025-09-26
SAL004187,EMP00068,71103.7,13352.27,14069.89,70386.08,2025-11-12
SAL004188,EMP00859,61738.35,6775.95,12901.55,55612.75,2026-01-15
SAL004189,EMP01092,40133.44,3819.98,4811.02,39142.4,2025-09-08
SAL004190,EMP01202,141423.25,18052.33,12707.87,146767.71,2024-09-04
SAL004191,EMP01117,86812.13,5699.04,13711.68,78799.49,2026-02-08
SAL004192,EMP00275,27358.39,12356.46,12844.16,26870.69,2025-07-12
SAL004193,EMP00430,47513.71,14887.58,7613.21,54788.08,2025-08-07
SAL004194,EMP00765,27096.53,3763.71,8952.71,21907.53,2024-09-15
SAL004195,EMP00903,58825.56,1254.02,10855.32,49224.26,2026-03-21
SAL004196,EMP00138,86898.83,11063.04,14658.92,83302.95,2024-08-23
SAL004197,EMP00069,105234.52,11121.25,10253.35,106102.42,2024-11-02
SAL004198,EMP00680,78313.68,15677.88,11718.37,82273.19,2026-06-16
SAL004199,EMP00969,70603.49,12055.72,10519.55,72139.66,2024-11-13
SAL004200,EMP00932,22988.28,9662.33,7380.29,25270.32,2025-01-07
SAL004201,EMP01158,67625.11,18741.39,3567.19,82799.31,2026-03-25
SAL004202,EMP00853,125087.71,19023.29,1258.15,142852.85,2025-06-03
SAL004203,EMP00895,68556.68,4038.61,3830.63,68764.66,2025-04-17
SAL004204,EMP00047,62276.73,2366.37,8115.43,56527.67,2024-09-14
SAL004205,EMP00297,109430.7,13255.44,11661.2,111024.94,2026-06-01
SAL004206,EMP00330,121381.38,11019.6,8667.33,123733.65,2026-05-23
SAL004207,EMP01213,23166.77,14415.38,9812.6,27769.55,2025-10-23
SAL004208,EMP00880,149616.81,9675.25,14936.4,144355.66,2024-08-17
SAL004209,EMP01205,141570.18,19428.45,11121.48,149877.15,2024-08-21
SAL004210,EMP00939,94016.66,9895.35,12010.57,91901.44,2025-08-17
SAL004211,EMP00884,144547.13,13733.59,1509.29,156771.43,2026-03-31
SAL004212,EMP00346,107729.16,5846.71,13426.77,100149.1,2025-06-20
SAL004213,EMP00577,147310.3,12958.2,5310.7,154957.8,2024-11-07
SAL004214,EMP00516,145308.65,14719.91,9909.65,150118.91,2026-01-23
SAL004215,EMP00188,114917.13,13469.16,12971.29,115415,2025-01-06
SAL004216,EMP01122,87122.42,12599.31,1107.38,98614.35,2026-04-07
SAL004217,EMP00661,84494.59,17092.98,10678.53,90909.04,2025-03-29
SAL004218,EMP00227,106288.89,7860.15,14470.09,99678.95,2025-04-16
SAL004219,EMP00897,67483.01,10721.84,10104.83,68100.02,2024-12-27
SAL004220,EMP00728,74001.35,7824.2,10441.67,71383.88,2026-07-06
SAL004221,EMP00390,81937.24,5168.42,2462.71,84642.95,2026-03-06
SAL004222,EMP00962,85251.45,5173.27,12040.42,78384.3,2025-07-29
SAL004223,EMP00361,38873.57,14560.19,13338.11,40095.65,2026-06-26
SAL004224,EMP01062,66177.23,12514.36,9390.14,69301.45,2025-10-27
SAL004225,EMP00175,105255.01,2087.63,10951.34,96391.3,2025-12-30
SAL004226,EMP01152,137703.14,12220.12,13236.74,136686.52,2024-09-15
SAL004227,EMP00463,101357.13,4672.68,4869.86,101159.95,2024-12-31
SAL004228,EMP00883,35200.3,14250.39,14036.66,35414.03,2025-02-21
SAL004229,EMP00821,25755.78,7523.87,5399.29,27880.36,2025-04-15
SAL004230,EMP00370,129232.77,18623.89,6488.65,141368.01,2025-03-22
SAL004231,EMP01223,149380.8,13402.78,14574.17,148209.41,2025-09-03
SAL004232,EMP01141,122229.23,15310.93,11689.76,125850.4,2025-04-24
SAL004233,EMP00060,146860.98,10324.27,9703.4,147481.85,2025-04-10
SAL004234,EMP00535,54762.29,18206.31,6616.78,66351.82,2025-07-05
SAL004235,EMP01157,52709.43,7967.79,10462.17,50215.05,2025-03-10
SAL004236,EMP00169,94010.46,11870.85,1006.78,104874.53,2025-03-07
SAL004237,EMP00492,38901.71,19409.87,9453.92,48857.66,2025-08-22
SAL004238,EMP00215,65847.39,5074.64,10301.61,60620.42,2025-06-10
SAL004239,EMP00431,129691.01,16966.05,3624.4,143032.66,2025-06-18
SAL004240,EMP01165,105379.33,15954.76,9115.27,112218.82,2025-09-17
SAL004241,EMP00056,45923.65,7984.34,8737.67,45170.32,2025-09-22
SAL004242,EMP00636,128298.26,4896.91,14102.88,119092.29,2026-04-27
SAL004243,EMP00727,38536.45,11614.45,6185.83,43965.07,2025-08-14
SAL004244,EMP00256,62235.13,11497.15,12735.55,60996.73,2026-04-02
SAL004245,EMP00607,112965.41,7342.46,10167.29,110140.58,2026-02-15
SAL004246,EMP00356,35939.95,5844.88,14217.01,27567.82,2026-03-21
SAL004247,EMP00026,31763.37,18910.75,7747.17,42926.95,2025-06-04
SAL004248,EMP00398,97213.79,3545.38,11731.19,89027.98,2025-11-22
SAL004249,EMP00450,120561.23,14947.59,1350.94,134157.88,2025-11-16
SAL004250,EMP00749,110396.1,16325.52,10301.74,116419.88,2025-09-27
SAL004251,EMP00649,36951.18,11845.08,12370.33,36425.93,2025-09-15
SAL004252,EMP00625,119681.53,6937.6,11911.57,114707.56,2025-12-10
SAL004253,EMP00179,50588.75,14547.44,7118.64,58017.55,2024-08-12
SAL004254,EMP01192,73948.96,4799.36,13651.96,65096.36,2026-02-04
SAL004255,EMP00550,68166.41,13311.08,3424.11,78053.38,2025-07-27
SAL004256,EMP01155,103700.17,19833.11,6716.28,116817,2026-03-28
SAL004257,EMP01199,33473.01,8046.99,10663.93,30856.07,2025-10-11
SAL004258,EMP00024,149243.72,19131.58,9799.77,158575.53,2025-03-09
SAL004259,EMP00467,126284.97,8000.78,10933.07,123352.68,2025-07-10
SAL004260,EMP00715,135125.84,19236.69,11727.6,142634.93,2025-09-28
SAL004261,EMP01104,54286.6,3377.9,3159.9,54504.6,2025-08-24
SAL004262,EMP00223,74228.71,13008.27,5197.34,82039.64,2025-10-17
SAL004263,EMP00998,100970.42,2970.69,2979.87,100961.24,2024-09-12
SAL004264,EMP01034,20350.72,11375.95,1352.24,30374.43,2025-04-21
SAL004265,EMP00259,127865.96,16631.23,10501.33,133995.86,2025-06-27
SAL004266,EMP00973,78739.68,4690.8,2775.68,80654.8,2025-01-17
SAL004267,EMP00047,31243.68,15984.37,12106.67,35121.38,2025-04-13
SAL004268,EMP00565,138758.89,12646.64,12773.49,138632.04,2025-11-12
SAL004269,EMP00737,57185.14,18327.95,5875.89,69637.2,2025-03-20
SAL004270,EMP00522,140420.08,6910.97,2558.79,144772.26,2024-12-07
SAL004271,EMP00802,129004.44,11107.41,13976.46,126135.39,2025-02-09
SAL004272,EMP00801,149315.28,12836.49,6323.03,155828.74,2025-03-24
SAL004273,EMP01209,29207.3,16022.77,11087.38,34142.69,2025-09-01
SAL004274,EMP00724,128790.75,3949.54,10613.84,122126.45,2025-08-16
SAL004275,EMP00590,141193.98,10061.46,5417.56,145837.88,2024-09-04
SAL004276,EMP00639,67027.15,9322.13,7458.61,68890.67,2025-01-22
SAL004277,EMP00236,56712.81,6784.38,14891.46,48605.73,2026-03-25
SAL004278,EMP00491,74848.83,17150.03,12057.91,79940.95,2026-06-15
SAL004279,EMP00061,44125.69,10744.02,3983.86,50885.85,2025-09-12
SAL004280,EMP00227,84345.05,3404.75,8546.47,79203.33,2025-10-01
SAL004281,EMP00704,109277.71,5184.15,4077.37,110384.49,2024-10-10
SAL004282,EMP01037,36577.68,12023,13735.25,34865.43,2026-03-29
SAL004283,EMP00753,88531.46,2658.3,9446.01,81743.75,2025-06-19
SAL004284,EMP00652,137251.69,4611.83,2932.61,138930.91,2026-07-01
SAL004285,EMP00825,89200.4,6079.76,12848.42,82431.74,2025-05-12
SAL004286,EMP00233,55483.29,12537.15,1302.31,66718.13,2025-01-05
SAL004287,EMP00762,136994.94,2211.89,9052.81,130154.02,2025-08-09
SAL004288,EMP00889,63723.34,8177.62,5539.07,66361.89,2025-08-21
SAL004289,EMP00782,27493.72,19086.69,4224.19,42356.22,2025-10-20
SAL004290,EMP00822,55767.36,5926.74,14441.27,47252.83,2026-06-15
SAL004291,EMP00695,56141.5,9141.85,6682.28,58601.07,2025-11-13
SAL004292,EMP00610,71322.92,3424.9,1188.68,73559.14,2025-06-18
SAL004293,EMP00085,60994.41,6002.52,14697.08,52299.85,2025-09-11
SAL004294,EMP01018,140210.23,13379.62,9209.32,144380.53,2024-10-18
SAL004295,EMP01055,86689.4,4768.13,13999.62,77457.91,2024-12-23
SAL004296,EMP00866,65292.66,13974.26,2561.84,76705.08,2024-10-27
SAL004297,EMP00979,82869.15,13319.54,11117.4,85071.29,2026-06-15
SAL004298,EMP00826,134074.48,9161.6,12360.45,130875.63,2026-07-13
SAL004299,EMP00421,96370.52,17101.9,3291.13,110181.29,2025-12-26
SAL004300,EMP01083,21419.98,6132.07,12654.48,14897.57,2025-05-20
SAL004301,EMP00464,25647.19,16329.61,10829.86,31146.94,2026-03-23
SAL004302,EMP00986,82003.3,16854.55,3393.92,95463.93,2024-10-01
SAL004303,EMP00165,78283.88,3864.5,14862.27,67286.11,2026-02-21
SAL004304,EMP00564,85347.84,7481.49,10586.77,82242.56,2025-04-22
SAL004305,EMP00307,116910.07,9945,1055.27,125799.8,2025-04-17
SAL004306,EMP00061,73941.94,1486.43,1138.92,74289.45,2024-12-03
SAL004307,EMP00285,60247.75,9157.31,10458.06,58947,2025-07-03
SAL004308,EMP00749,147726.18,18613.31,1016.88,165322.61,2025-03-01
SAL004309,EMP00892,37157.08,18337.87,12638.88,42856.07,2024-08-12
SAL004310,EMP00761,114193.17,11207.8,1025.22,124375.75,2025-07-20
SAL004311,EMP00003,64803.59,19077.14,8156.73,75724,2025-04-29
SAL004312,EMP00879,92086.7,15788.24,9691,98183.94,2026-03-05
SAL004313,EMP01013,89732.92,13922.02,2834.63,100820.31,2025-04-26
SAL004314,EMP00664,138935.64,18495.7,8304.12,149127.22,2026-03-10
SAL004315,EMP00908,141965.23,4070.32,13438.64,132596.91,2024-12-29
SAL004316,EMP01025,117371.01,7336.26,6833.46,117873.81,2025-05-29
SAL004317,EMP00367,28470,2665.57,4622.93,26512.64,2025-07-01
SAL004318,EMP00528,134708.82,16285.18,14844.67,136149.33,2024-09-05
SAL004319,EMP01003,75139.95,6407.95,7399.46,74148.44,2026-01-27
SAL004320,EMP01163,92636.59,8424.28,4625.84,96435.03,2026-04-09
SAL004321,EMP00029,25264.94,13723.6,7264.65,31723.89,2024-09-07
SAL004322,EMP00972,23120.75,4930.12,9268.46,18782.41,2025-04-20
SAL004323,EMP00556,75976.4,8747.35,8847.09,75876.66,2024-09-19
SAL004324,EMP00289,91509.75,15458.91,13196.78,93771.88,2024-09-05
SAL004325,EMP00895,98209.76,5385.56,7028.52,96566.8,2026-07-23
SAL004326,EMP00338,77399.7,5889.47,2992.85,80296.32,2026-03-14
SAL004327,EMP00571,59251.74,17908.19,7885.01,69274.92,2025-06-19
SAL004328,EMP01159,42312.08,12902.85,7614.24,47600.69,2025-02-13
SAL004329,EMP00676,27006.38,16771.84,3818,39960.22,2026-02-16
SAL004330,EMP01066,122503.39,8295.92,8265.95,122533.36,2025-11-09
SAL004331,EMP00835,52595.84,5147.19,13785.49,43957.54,2024-10-07
SAL004332,EMP00768,24516.14,12866.53,8648.59,28734.08,2024-11-30
SAL004333,EMP00558,112539.21,12045.44,14070.9,110513.75,2025-04-12
SAL004334,EMP00136,141996.81,14096.6,13600.24,142493.17,2024-09-08
SAL004335,EMP00161,41098.02,15714.38,3974.41,52837.99,2025-06-01
SAL004336,EMP00620,132528.46,8571.01,8904.03,132195.44,2024-09-02
SAL004337,EMP00997,142012.01,18842.73,14048.93,146805.81,2024-10-05
SAL004338,EMP00948,140024.57,16381.48,7062.18,149343.87,2026-02-16
SAL004339,EMP00446,122650,10268.67,7799.07,125119.6,2024-12-15
SAL004340,EMP01001,21731.05,1685.35,13027.74,10388.66,2026-08-09
SAL004341,EMP00307,72507.09,3383.81,8249.72,67641.18,2025-05-08
SAL004342,EMP01186,61312.76,12515.46,12480.61,61347.61,2026-07-14
SAL004343,EMP00946,65656.08,8544.07,5381.03,68819.12,2025-03-05
SAL004344,EMP01216,86514.42,8963.22,9605.25,85872.39,2025-02-19
SAL004345,EMP00544,87583.82,2854.36,4098.49,86339.69,2025-07-15
SAL004346,EMP00366,110849.95,12646.04,8760.09,114735.9,2025-11-03
SAL004347,EMP00213,58039.85,4789.91,9034.11,53795.65,2025-10-08
SAL004348,EMP00086,23812.63,4617.61,7522.32,20907.92,2026-03-05
SAL004349,EMP00130,69463.23,8683.99,1844.84,76302.38,2025-11-27
SAL004350,EMP00886,69093.65,15920.01,6316.92,78696.74,2026-02-27
SAL004351,EMP00665,50163.29,6191.67,5536.56,50818.4,2024-11-04
SAL004352,EMP00610,84812.57,11550.25,14489.6,81873.22,2025-01-05
SAL004353,EMP00132,56911.79,17807.57,6956.96,67762.4,2025-07-03
SAL004354,EMP00081,82935.17,4645.06,5801.64,81778.59,2025-02-25
SAL004355,EMP00130,136783.12,6744.68,7895.94,135631.86,2026-04-15
SAL004356,EMP00220,66420.2,4521,3877.02,67064.18,2025-06-19
SAL004357,EMP00341,49526.89,18888.4,3762.48,64652.81,2025-04-16
SAL004358,EMP00486,114666.96,12401.6,9301.24,117767.32,2024-08-31
SAL004359,EMP00168,64642.87,17614.58,2766.79,79490.66,2026-06-16
SAL004360,EMP00361,141137.61,3262.16,8450.08,135949.69,2026-01-29
SAL004361,EMP00433,124189.2,16652.55,10715.64,130126.11,2026-07-16
SAL004362,EMP00196,83945.43,2339.96,3480.68,82804.71,2025-01-17
SAL004363,EMP00510,62514.3,16497.33,5652.55,73359.08,2026-06-16
SAL004364,EMP00669,98953.36,4741.54,10061.29,93633.61,2025-07-24
SAL004365,EMP00068,97437.88,1666.77,5673.3,93431.35,2026-04-02
SAL004366,EMP00820,125075.14,12941.19,14006.09,124010.24,2024-12-30
SAL004367,EMP00630,120693.42,10871.99,14399.55,117165.86,2025-03-08
SAL004368,EMP01215,92819.4,10188.21,14418.13,88589.48,2026-07-14
SAL004369,EMP01215,45174.11,19235.83,13174.71,51235.23,2025-10-12
SAL004370,EMP00109,86419.21,18789.23,10232.73,94975.71,2025-07-19
SAL004371,EMP00391,62465.92,3123.1,4626.64,60962.38,2024-10-14
SAL004372,EMP00570,35157.02,8900.54,9092.42,34965.14,2025-11-17
SAL004373,EMP00344,66423.94,12041.62,12573.11,65892.45,2024-12-01
SAL004374,EMP00253,33973.01,13085.74,14049.25,33009.5,2025-10-23
SAL004375,EMP00835,25374.53,4199.34,3306.03,26267.84,2025-05-27
SAL004376,EMP00422,100262.33,13653.12,10293.78,103621.67,2024-09-12
SAL004377,EMP00915,92773.95,8191.29,10191.59,90773.65,2026-08-08
SAL004378,EMP00719,117489.92,17285.49,7696.14,127079.27,2025-01-28
SAL004379,EMP01096,130344.85,1009.99,2570.84,128784,2025-07-09
SAL004380,EMP00437,52693.6,4467.03,8607.62,48553.01,2026-05-07
SAL004381,EMP00328,144989.32,4360.77,11522.03,137828.06,2026-06-27
SAL004382,EMP00554,64037.37,7742.38,3144.01,68635.74,2026-07-18
SAL004383,EMP00946,93028.06,3891.99,8002.91,88917.14,2024-10-03
SAL004384,EMP00470,100448.9,4082.66,5507.66,99023.9,2025-12-31
SAL004385,EMP00667,26264.39,6625.26,10711.42,22178.23,2026-06-19
SAL004386,EMP00607,42456.31,16918.99,12275.63,47099.67,2026-01-09
SAL004387,EMP00270,134477,10676.43,14008.88,131144.55,2025-05-25
SAL004388,EMP00826,107300.88,11422,14882.27,103840.61,2026-04-15
SAL004389,EMP00737,41781.53,4343.39,6777.18,39347.74,2024-11-25
SAL004390,EMP00316,39373.48,12113.35,9180.67,42306.16,2025-09-21
SAL004391,EMP00836,93773.27,15279.02,9572.91,99479.38,2025-08-18
SAL004392,EMP00784,98036.22,16085.19,6598.21,107523.2,2025-03-17
SAL004393,EMP01069,146265.36,11742.51,14552.38,143455.49,2026-07-14
SAL004394,EMP01074,147753.41,2949.73,13657.38,137045.76,2025-08-01
SAL004395,EMP00107,147096.38,5635.51,4952.13,147779.76,2024-11-09
SAL004396,EMP00858,29241.41,16317.88,5605.45,39953.84,2025-04-08
SAL004397,EMP00555,49010.1,10153.25,8351.76,50811.59,2025-10-25
SAL004398,EMP00644,139223.62,7528.46,9845.58,136906.5,2024-12-03
SAL004399,EMP01058,31706.26,11696.75,2852.02,40550.99,2025-03-20
SAL004400,EMP00289,80440.66,16685.86,1333.55,95792.97,2026-04-10
SAL004401,EMP00207,146940.33,9175.78,4579.48,151536.63,2025-11-25
SAL004402,EMP01134,129587.67,17776.88,14382.06,132982.49,2026-02-22
SAL004403,EMP00028,60707.59,16119.3,3228.68,73598.21,2026-03-02
SAL004404,EMP00221,122334.2,16658.04,6428.08,132564.16,2025-07-20
SAL004405,EMP01083,78555.67,14428.75,6613.95,86370.47,2025-05-10
SAL004406,EMP00101,49512.06,11677.38,2941.15,58248.29,2026-07-04
SAL004407,EMP00370,32080.56,12686.85,7610.27,37157.14,2024-11-20
SAL004408,EMP00319,52158.02,7938.3,4338.64,55757.68,2025-12-10
SAL004409,EMP00882,125258.06,14795.49,14739.92,125313.63,2025-06-14
SAL004410,EMP00359,117624.23,9390.48,5860.29,121154.42,2026-03-28
SAL004411,EMP00615,69921.88,16616.86,3245.5,83293.24,2025-07-28
SAL004412,EMP00231,96351.93,1545.2,10675.19,87221.94,2026-06-30
SAL004413,EMP00773,134240.97,6715.31,7569.74,133386.54,2026-03-01
SAL004414,EMP00350,76756.83,19045.21,14868.32,80933.72,2025-09-06
SAL004415,EMP00862,66503.28,8662.94,4345.04,70821.18,2026-01-08
SAL004416,EMP00933,92687.78,6908.13,8661.51,90934.4,2025-12-17
SAL004417,EMP00041,89400.95,10081.8,1154.45,98328.3,2026-01-03
SAL004418,EMP01197,73324.66,5559.12,11394.95,67488.83,2026-03-17
SAL004419,EMP00076,102816.59,14845.66,9424.02,108238.23,2026-01-18
SAL004420,EMP00607,144182.31,2692.48,13051.86,133822.93,2024-09-26
SAL004421,EMP00242,89842.15,15917.35,7213.99,98545.51,2026-03-29
SAL004422,EMP00389,87896.79,15787.62,12690.79,90993.62,2024-11-14
SAL004423,EMP00468,138220.03,4579.64,2546.8,140252.87,2025-11-04
SAL004424,EMP01198,108397.14,6760.8,3682.75,111475.19,2024-10-05
SAL004425,EMP00818,31673.54,5908.29,4712.68,32869.15,2026-07-07
SAL004426,EMP00910,107118.19,9425.7,3435.17,113108.72,2025-11-30
SAL004427,EMP00879,120263.12,15481.14,8511.86,127232.4,2025-08-25
SAL004428,EMP00329,80151.98,1415.18,9921.87,71645.29,2024-09-10
SAL004429,EMP00398,74425.95,3251.5,14038.15,63639.3,2024-11-07
SAL004430,EMP00508,31802.22,14895.55,9387.69,37310.08,2025-06-25
SAL004431,EMP00838,93638.74,7150.51,12894.32,87894.93,2026-03-21
SAL004432,EMP00829,52797.99,1552.53,2979.82,51370.7,2026-04-10
SAL004433,EMP01148,82290.16,6193.23,12700.17,75783.22,2025-11-21
SAL004434,EMP00038,26509.3,18867.46,1554.77,43821.99,2025-04-29
SAL004435,EMP00205,77205.93,19688.3,2546.29,94347.94,2024-11-28
SAL004436,EMP00193,58989.09,4036.95,8950.61,54075.43,2025-06-22
SAL004437,EMP01025,91194.4,9781.85,4727.44,96248.81,2024-10-21
SAL004438,EMP00506,129925.94,7851.82,14780.74,122997.02,2026-05-23
SAL004439,EMP00705,94777.97,9470.01,12984.73,91263.25,2025-07-14
SAL004440,EMP00690,45662.6,10837.33,9687.98,46811.95,2025-09-19
SAL004441,EMP00935,36771.59,11074.62,5961.56,41884.65,2026-04-26
SAL004442,EMP00827,90778.24,1446.46,12868.15,79356.55,2026-01-22
SAL004443,EMP00602,147265.86,2348.51,11155.19,138459.18,2025-06-02
SAL004444,EMP00301,105497.9,15502.76,10905.25,110095.41,2026-05-27
SAL004445,EMP00830,144645.7,8622.11,8265.38,145002.43,2025-02-13
SAL004446,EMP00687,31636.69,4180.07,3473.77,32342.99,2026-07-27
SAL004447,EMP00579,32332.67,12196.29,1680.67,42848.29,2025-10-21
SAL004448,EMP01182,107864.45,1148.43,8196.68,100816.2,2024-12-10
SAL004449,EMP00420,102901.27,9646.68,3338.59,109209.36,2025-11-08
SAL004450,EMP00714,72220.48,9102.45,4018.08,77304.85,2025-09-03
SAL004451,EMP00609,54476.66,9657.12,5275.27,58858.51,2025-09-03
SAL004452,EMP00307,87496.87,14362.67,1953.4,99906.14,2025-05-04
SAL004453,EMP00805,121632.66,8931.22,9173.91,121389.97,2025-09-29
SAL004454,EMP01074,141462.95,12971.38,2594.61,151839.72,2025-01-03
SAL004455,EMP00172,53503.87,2883.64,7075.46,49312.05,2026-01-28
SAL004456,EMP00792,102495.95,6803.06,11210.49,98088.52,2024-11-28
SAL004457,EMP00531,139395.2,6331.47,11921.62,133805.05,2024-11-18
SAL004458,EMP00826,61624.47,12992.32,14350.14,60266.65,2024-12-26
SAL004459,EMP00836,106117.75,19336.13,8907.17,116546.71,2024-11-10
SAL004460,EMP00562,56100.47,10491.9,4010.73,62581.64,2025-07-11
SAL004461,EMP00105,142875.44,18071.38,6226.51,154720.31,2025-08-27
SAL004462,EMP01131,78363.22,7700.94,8197.77,77866.39,2025-11-27
SAL004463,EMP00312,51427.4,2575.04,12381.95,41620.49,2024-11-06
SAL004464,EMP00691,143169.21,8924.37,10864.71,141228.87,2026-03-19
SAL004465,EMP00028,47179.29,8145.32,2069.88,53254.73,2026-07-21
SAL004466,EMP00200,50105.29,7719.07,1112.6,56711.76,2025-10-29
SAL004467,EMP00242,85966.57,1880.05,9478.11,78368.51,2025-04-26
SAL004468,EMP00783,91156.41,6968.04,7796.97,90327.48,2025-03-23
SAL004469,EMP00740,63371.94,1502.74,5363.29,59511.39,2024-11-28
SAL004470,EMP00170,36571.49,14337.01,8400.09,42508.41,2024-11-28
SAL004471,EMP00735,126078.63,11595.89,9695.22,127979.3,2024-08-29
SAL004472,EMP00517,95706.65,4096.4,7072.19,92730.86,2025-01-06
SAL004473,EMP00740,61537.45,8551.23,12908.93,57179.75,2026-06-05
SAL004474,EMP01108,86999.42,11555.35,9672.47,88882.3,2024-10-11
SAL004475,EMP00222,43198.68,18413.57,13364.66,48247.59,2026-02-09
SAL004476,EMP01117,118668.16,18066.58,10743.97,125990.77,2025-05-20
SAL004477,EMP01209,91642.1,16363.37,3716.67,104288.8,2025-07-05
SAL004478,EMP00056,125659.3,5118.73,5252.04,125525.99,2026-07-26
SAL004479,EMP01122,86650.7,19188.94,5577.69,100261.95,2025-05-07
SAL004480,EMP01158,105925.64,14900.9,1915.72,118910.82,2026-01-25
SAL004481,EMP00597,84301.45,8789.2,13902.06,79188.59,2025-10-25
SAL004482,EMP00426,91236.97,6176.87,3367.19,94046.65,2025-12-02
SAL004483,EMP00138,28248.64,10386.8,7969.01,30666.43,2026-03-22
SAL004484,EMP00628,119425.55,8396.84,4131.65,123690.74,2025-01-10
SAL004485,EMP01022,105965.24,12602.01,12954.09,105613.16,2025-07-27
SAL004486,EMP00629,79700.32,14083.7,7217.5,86566.52,2025-04-06
SAL004487,EMP00830,142689.01,17437.04,1943.34,158182.71,2025-09-02
SAL004488,EMP00712,32709.27,13718.41,5698.29,40729.39,2024-09-27
SAL004489,EMP00323,33385.85,4813.56,2328.63,35870.78,2026-04-16
SAL004490,EMP00282,95408.5,9080.06,9282.2,95206.36,2026-06-21
SAL004491,EMP01189,33857.91,3914.25,3067.61,34704.55,2024-10-01
SAL004492,EMP00588,30492.48,19956.74,13837.46,36611.76,2026-01-22
SAL004493,EMP00180,84591.41,16556.35,9979.4,91168.36,2025-12-07
SAL004494,EMP00735,114842.76,2989.04,6968.56,110863.24,2024-10-09
SAL004495,EMP00212,112226.09,18789.38,13860.74,117154.73,2025-07-16
SAL004496,EMP01038,99106.37,18687.99,3627.74,114166.62,2024-11-06
SAL004497,EMP00724,148281.04,11850.18,4461.31,155669.91,2025-04-08
SAL004498,EMP00050,84365.81,19554.6,11236.37,92684.04,2026-04-23
SAL004499,EMP00831,96523.76,10875.15,11476.19,95922.72,2025-03-27
SAL004500,EMP01101,91346.66,17685.3,1161.26,107870.7,2025-02-19
SAL004501,EMP01206,134796.96,9317.8,13403.97,130710.79,2025-07-09
SAL004502,EMP00835,97162.01,13525.37,12092.21,98595.17,2024-09-12
SAL004503,EMP00336,57824.34,11184.49,2118.73,66890.1,2026-07-30
SAL004504,EMP00362,142126.39,17627.01,4835.44,154917.96,2026-05-31
SAL004505,EMP00619,69729.13,6213.99,11837.87,64105.25,2026-06-30
SAL004506,EMP00338,60378.25,15832.48,11746.1,64464.63,2026-03-30
SAL004507,EMP00244,144194.85,5351,11951.34,137594.51,2024-10-23
SAL004508,EMP00171,106968.57,10775.71,2677.14,115067.14,2025-04-23
SAL004509,EMP01045,107398.58,13750.2,7572.75,113576.03,2025-06-26
SAL004510,EMP00146,126929.55,14650.51,5094.55,136485.51,2024-12-09
SAL004511,EMP01164,91077.45,6883.54,9593.42,88367.57,2024-12-16
SAL004512,EMP00494,136127.21,2255.32,4018.59,134363.94,2025-10-23
SAL004513,EMP00421,82186.92,10053.84,1127.22,91113.54,2025-02-24
SAL004514,EMP00142,60005.13,18937.65,7712.06,71230.72,2024-08-31
SAL004515,EMP00442,117841.4,18790.58,6874.49,129757.49,2026-04-05
SAL004516,EMP00018,113881.86,18120.48,6876.07,125126.27,2025-11-25
SAL004517,EMP00546,86726.85,19190.92,10950.19,94967.58,2026-07-22
SAL004518,EMP00553,28354.56,18346.67,13823.85,32877.38,2025-06-15
SAL004519,EMP00483,130723.72,2701.86,7527.18,125898.4,2026-02-20
SAL004520,EMP00848,27309.67,19084.24,1733.76,44660.15,2024-12-03
SAL004521,EMP00231,48767.79,5957.57,6693.84,48031.52,2024-08-22
SAL004522,EMP01178,96217.22,3950.17,3000.05,97167.34,2025-10-26
SAL004523,EMP00991,99741.58,3376.64,10768.59,92349.63,2025-09-18
SAL004524,EMP01077,62840.43,16851.17,9062.32,70629.28,2025-10-24
SAL004525,EMP01218,67621.12,6063.67,1107.91,72576.88,2025-03-02
SAL004526,EMP00317,147163.71,19855.58,11622.61,155396.68,2024-10-30
SAL004527,EMP01095,24622.25,13735.81,7640.98,30717.08,2026-03-24
SAL004528,EMP00945,87870.68,11268.57,12405.85,86733.4,2025-08-01
SAL004529,EMP00160,46428.24,19686.1,3125.7,62988.64,2025-09-12
SAL004530,EMP00713,23191.5,11957.57,11533.3,23615.77,2026-07-11
SAL004531,EMP00578,97382.47,16975.36,8591.72,105766.11,2024-08-13
SAL004532,EMP00577,138398.23,6166.83,12922.35,131642.71,2025-12-09
SAL004533,EMP00867,128857.18,2663.23,4818.37,126702.04,2026-02-04
SAL004534,EMP00319,73397.9,13265.48,1932.69,84730.69,2025-12-18
SAL004535,EMP00025,75080.83,13087.42,6149.41,82018.84,2026-06-27
SAL004536,EMP00180,137558.88,15800.51,2384.76,150974.63,2024-10-09
SAL004537,EMP01230,64560.12,1376.26,7890.01,58046.37,2025-07-21
SAL004538,EMP00646,145646.48,12992.76,11632.43,147006.81,2026-02-26
SAL004539,EMP00267,121689.48,15464.81,10457.02,126697.27,2026-02-20
SAL004540,EMP00971,92478.11,6711.25,8541.66,90647.7,2026-02-11
SAL004541,EMP00315,115514.32,4217.27,11932.7,107798.89,2025-05-04
SAL004542,EMP00624,20251.73,19597.17,11280.42,28568.48,2026-02-11
SAL004543,EMP01081,26057.16,9782.03,11295.99,24543.2,2025-05-30
SAL004544,EMP00283,94119.69,7477.3,9396.28,92200.71,2025-06-26
SAL004545,EMP00366,125950.34,1413.39,11444.71,115919.02,2026-01-27
SAL004546,EMP00457,39463,4001.91,9451.98,34012.93,2026-01-22
SAL004547,EMP00871,113557.16,3361.2,5107.3,111811.06,2025-11-10
SAL004548,EMP00311,64262.86,14305.88,6458.08,72110.66,2025-09-22
SAL004549,EMP00204,42024.06,3939.59,12785.04,33178.61,2026-04-14
SAL004550,EMP00048,32783.42,9285.34,8021.53,34047.23,2026-06-24
SAL004551,EMP00113,31491.09,11910.06,5619.99,37781.16,2026-06-10
SAL004552,EMP00266,34475.95,13173.09,3475.76,44173.28,2026-07-06
SAL004553,EMP00524,75384.09,12352.98,2025.05,85712.02,2026-01-01
SAL004554,EMP01104,62201.92,5540.01,1755.9,65986.03,2024-12-11
SAL004555,EMP00820,60777.74,16841.17,14794.52,62824.39,2026-05-25
SAL004556,EMP00021,62551.65,12476.95,1348.12,73680.48,2026-01-07
SAL004557,EMP01168,74191.08,5611.15,6726.61,73075.62,2025-05-23
SAL004558,EMP00756,77245.87,1494.31,10159.23,68580.95,2026-05-20
SAL004559,EMP01153,145272.4,7462.58,1228.86,151506.12,2024-12-06
SAL004560,EMP01220,120295.73,3938.38,7768.38,116465.73,2025-08-15
SAL004561,EMP00625,140513.46,12387.85,7034.33,145866.98,2025-12-27
SAL004562,EMP00764,86477.53,12006.93,2109.09,96375.37,2025-05-04
SAL004563,EMP00305,62017.76,3179.3,6050.55,59146.51,2024-12-02
SAL004564,EMP00672,40774.73,3508.98,4863.95,39419.76,2024-09-05
SAL004565,EMP00331,68104.92,14013.48,12809.01,69309.39,2026-02-23
SAL004566,EMP00756,25449.1,16203.69,7132.7,34520.09,2024-11-06
SAL004567,EMP00252,38133.53,6345.86,4290.42,40188.97,2024-12-10
SAL004568,EMP00569,55362.25,19655.34,1903.23,73114.36,2025-12-04
SAL004569,EMP00913,51483.61,18646.79,12917.51,57212.89,2025-11-01
SAL004570,EMP01019,122125.24,2931,3313.14,121743.1,2026-03-15
SAL004571,EMP00296,76757.7,1076.6,4138.41,73695.89,2026-03-24
SAL004572,EMP01122,23850.61,7598.14,2152.02,29296.73,2026-04-18
SAL004573,EMP00835,51293.84,18257.48,5923.86,63627.46,2025-04-21
SAL004574,EMP00127,121269.42,8924.4,1033.07,129160.75,2025-09-12
SAL004575,EMP01147,127286.04,15479.02,14531.19,128233.87,2024-11-20
SAL004576,EMP00166,68755.93,11876.95,4634.59,75998.29,2024-11-22
SAL004577,EMP00507,73959.28,3072.46,12165.77,64865.97,2025-02-16
SAL004578,EMP00504,71891.94,16103.38,3314.47,84680.85,2024-10-21
SAL004579,EMP00638,97571.66,5638.62,1765.54,101444.74,2026-02-08
SAL004580,EMP00033,57888.94,6772.94,2248.52,62413.36,2024-11-04
SAL004581,EMP00446,80939.81,14979.88,9621.52,86298.17,2025-06-27
SAL004582,EMP01162,139296.46,18437.56,3909.19,153824.83,2025-08-01
SAL004583,EMP00359,121731.93,2094.24,13618.83,110207.34,2026-02-12
SAL004584,EMP01040,127628.69,1851.25,3334.38,126145.56,2024-08-14
SAL004585,EMP00877,68436.72,3645.77,4593.77,67488.72,2026-03-03
SAL004586,EMP00264,129833.16,16417.69,7598.04,138652.81,2025-01-18
SAL004587,EMP00383,129870.8,9973.44,10979.36,128864.88,2025-05-10
SAL004588,EMP00245,67387.73,14248.82,2355.59,79280.96,2025-06-03
SAL004589,EMP00440,114611.84,3283.91,14044.13,103851.62,2026-05-03
SAL004590,EMP00790,120327.21,10968.91,5560.11,125736.01,2025-06-14
SAL004591,EMP00746,117007.03,15184.02,12226.63,119964.42,2025-01-24
SAL004592,EMP00710,44264.41,3978.54,5077.6,43165.35,2025-01-14
SAL004593,EMP00196,134358.89,3215.54,10904.33,126670.1,2025-10-20
SAL004594,EMP00432,123157.93,13435.3,11088.42,125504.81,2025-02-13
SAL004595,EMP00133,128990.5,18231.26,10629,136592.76,2025-08-14
SAL004596,EMP00038,110088.21,15537.35,7474.25,118151.31,2025-02-08
SAL004597,EMP00343,71622.99,1115.52,7850.74,64887.77,2024-09-19
SAL004598,EMP01001,95264.96,8455.5,8475.6,95244.86,2024-12-13
SAL004599,EMP00598,57692.33,17032.66,11627.09,63097.9,2025-08-14
SAL004600,EMP00262,61940.62,3955.9,1247.6,64648.92,2025-09-14
SAL004601,EMP00202,69322.4,7060.14,13180.52,63202.02,2026-05-22
SAL004602,EMP00134,121401.42,17891.42,1400.06,137892.78,2024-12-15
SAL004603,EMP00468,26976.43,13689.22,10183.51,30482.14,2026-02-24
SAL004604,EMP01079,113882.81,5936.54,4779.8,115039.55,2025-08-10
SAL004605,EMP01017,100380.87,3998.96,13813.91,90565.92,2026-07-01
SAL004606,EMP00763,131959.7,1454.32,2655.79,130758.23,2026-06-24
SAL004607,EMP00389,121400.12,10576.63,4289.91,127686.84,2025-01-10
SAL004608,EMP00410,102162.87,8892.8,7016.92,104038.75,2025-10-01
SAL004609,EMP00199,72090.73,2863.99,5701.93,69252.79,2025-02-10
SAL004610,EMP00366,73833.34,11689.72,8097.31,77425.75,2025-07-08
SAL004611,EMP01167,34687.68,2585.32,4108.24,33164.76,2025-09-12
SAL004612,EMP01092,40219.67,10639.81,12568.52,38290.96,2026-06-12
SAL004613,EMP00778,70801.59,14702.01,3737.17,81766.43,2024-10-17
SAL004614,EMP01134,24805.46,14627.19,12966.22,26466.43,2025-02-13
SAL004615,EMP00544,124787.38,5763.59,10721.15,119829.82,2026-08-11
SAL004616,EMP00193,59681.61,14772.6,11801.09,62653.12,2024-08-27
SAL004617,EMP00219,34171.67,3688.51,2769.23,35090.95,2025-03-11
SAL004618,EMP00138,72557.41,19380.91,11804.39,80133.93,2024-09-27
SAL004619,EMP00394,56910.47,9167.8,6772.41,59305.86,2024-10-12
SAL004620,EMP00241,93021.22,13179.62,8121.94,98078.9,2025-04-22
SAL004621,EMP00619,108172.43,17497.01,13271.27,112398.17,2026-07-28
SAL004622,EMP00723,77035.28,16435.66,14860.37,78610.57,2025-01-18
SAL004623,EMP01035,85703.14,6817.51,14698.1,77822.55,2025-01-28
SAL004624,EMP00292,88838.53,9532.34,11438.63,86932.24,2025-11-26
SAL004625,EMP00611,149488.96,17634.14,5135.87,161987.23,2024-10-27
SAL004626,EMP01180,127761.34,11945.76,11572.74,128134.36,2025-09-19
SAL004627,EMP00995,61076.51,10030.61,13718.67,57388.45,2024-09-20
SAL004628,EMP00433,76274.06,17828.84,5877.85,88225.05,2025-05-07
SAL004629,EMP01176,70793.12,13996.62,7589.13,77200.61,2024-10-19
SAL004630,EMP00642,43109.5,12222.35,9957.38,45374.47,2024-11-07
SAL004631,EMP00795,58998.64,17042.27,12347.42,63693.49,2025-05-14
SAL004632,EMP00383,103192.35,16362.59,13067.24,106487.7,2025-08-27
SAL004633,EMP00918,129676.41,18726.6,2608,145795.01,2026-05-19
SAL004634,EMP00426,70425.52,2415.72,9396.52,63444.72,2026-03-28
SAL004635,EMP00439,83974.08,9058.02,12239.17,80792.93,2026-01-10
SAL004636,EMP00161,56571.15,11966.19,10230.79,58306.55,2026-02-10
SAL004637,EMP00739,51847.9,17091.98,3740.7,65199.18,2026-06-26
SAL004638,EMP00034,131750.25,3947.89,5445.01,130253.13,2026-02-24
SAL004639,EMP00824,112089.23,16266.23,4459.52,123895.94,2025-11-09
SAL004640,EMP00705,118596.84,9720.77,13763.64,114553.97,2026-05-03
SAL004641,EMP00588,106716.08,2640.05,13958.15,95397.98,2025-11-04
SAL004642,EMP00179,47835.34,9753.04,12284.01,45304.37,2025-08-12
SAL004643,EMP00448,139127.18,10880.01,9127.61,140879.58,2026-02-21
SAL004644,EMP00785,74071.79,15515.99,10875.7,78712.08,2026-01-30
SAL004645,EMP00154,139601.36,13398.16,14630.62,138368.9,2026-06-21
SAL004646,EMP00066,134635.52,17604.29,4818.16,147421.65,2024-12-25
SAL004647,EMP00090,130634.65,2916.28,3809.85,129741.08,2024-09-26
SAL004648,EMP00364,54944.82,7007.88,7974.88,53977.82,2026-05-13
SAL004649,EMP00034,142449.39,10893.67,9952.42,143390.64,2025-01-19
SAL004650,EMP00585,27543.39,13758.92,2597.11,38705.2,2025-09-16
SAL004651,EMP01041,25668.42,3336.61,14210.94,14794.09,2026-05-18
SAL004652,EMP00426,86179.66,18562.96,3378.22,101364.4,2025-08-06
SAL004653,EMP00336,65899.67,5140.2,11779.65,59260.22,2026-06-15
SAL004654,EMP01020,110776.91,19664.48,2572.49,127868.9,2026-03-15
SAL004655,EMP00295,49383.81,15423.15,6117.74,58689.22,2025-04-29
SAL004656,EMP00323,137256.07,12706.51,10647.58,139315,2026-04-08
SAL004657,EMP01070,55450.88,1923.18,4513.35,52860.71,2025-06-23
SAL004658,EMP00766,101118.11,1916.37,12539.86,90494.62,2025-12-30
SAL004659,EMP01045,138326.04,18629.12,11074.37,145880.79,2025-05-12
SAL004660,EMP01153,110145.94,8649.29,4044.59,114750.64,2025-06-11
SAL004661,EMP01126,48430.04,15476.22,12562.65,51343.61,2025-08-31
SAL004662,EMP00243,128784.15,6635.85,2266.1,133153.9,2026-01-21
SAL004663,EMP00924,73107.11,8060.25,4674.25,76493.11,2024-08-22
SAL004664,EMP00649,126880.7,2497.44,14973.39,114404.75,2026-01-08
SAL004665,EMP00718,91057.59,1091.24,10632.63,81516.2,2026-01-30
SAL004666,EMP00598,147328.93,6033.08,8325.84,145036.17,2026-06-23
SAL004667,EMP00608,67491.67,3839.46,5795.65,65535.48,2026-01-11
SAL004668,EMP01078,131283.23,16272.26,2939.95,144615.54,2025-11-30
SAL004669,EMP00624,80450.51,15745.81,14805.27,81391.05,2025-01-23
SAL004670,EMP00032,116548.96,12083.4,2976.16,125656.2,2024-11-22
SAL004671,EMP00901,49328.41,4963.84,9668.98,44623.27,2026-02-25
SAL004672,EMP00910,79689.46,6204.1,14595.19,71298.37,2026-08-12
SAL004673,EMP00779,93570.07,15903.69,11957.12,97516.64,2025-05-22
SAL004674,EMP01052,76172.92,17823.91,3142.57,90854.26,2024-12-18
SAL004675,EMP01226,128743.09,1064.82,3711.8,126096.11,2025-01-24
SAL004676,EMP01095,140972.7,2460.7,12735.36,130698.04,2026-05-06
SAL004677,EMP00927,107551.41,12032.04,8902.7,110680.75,2026-06-26
SAL004678,EMP00482,54598.88,3677.69,9546.04,48730.53,2024-09-19
SAL004679,EMP00647,122162.68,8753.58,4222.81,126693.45,2026-01-21
SAL004680,EMP01128,48021.29,12278.87,2751.86,57548.3,2026-01-11
SAL004681,EMP00114,102249.45,19911.54,12157.93,110003.06,2026-03-31
SAL004682,EMP00972,112922.84,18501.41,9025.32,122398.93,2025-12-24
SAL004683,EMP01222,140422.93,10599.98,9832.61,141190.3,2025-09-24
SAL004684,EMP00976,147968.84,3045.8,12841.42,138173.22,2025-09-13
SAL004685,EMP00877,66494.88,8508.6,14208.29,60795.19,2026-04-21
SAL004686,EMP00775,112411.95,1357.07,3200.22,110568.8,2024-09-27
SAL004687,EMP00385,60703.85,8257.17,12233.8,56727.22,2025-03-01
SAL004688,EMP00494,130688.7,6072.74,7996.79,128764.65,2025-05-23
SAL004689,EMP00287,108437.66,5775.44,1994.12,112218.98,2024-09-16
SAL004690,EMP00081,50838.8,16269.15,3348.6,63759.35,2024-08-16
SAL004691,EMP00680,22508.95,1801.44,14846.09,9464.3,2026-08-05
SAL004692,EMP01111,63892.62,10680.19,5794.87,68777.94,2025-01-29
SAL004693,EMP00291,94844.95,4164.06,9844.5,89164.51,2025-05-18
SAL004694,EMP01211,88335.04,9879.65,7483.21,90731.48,2025-12-09
SAL004695,EMP00044,54425.68,5672.07,2463.66,57634.09,2025-02-13
SAL004696,EMP00511,91920.38,10878.42,13412.65,89386.15,2026-06-28
SAL004697,EMP00198,28339.13,16914.93,1009.69,44244.37,2026-05-31
SAL004698,EMP00311,31216.03,15476.49,9454.31,37238.21,2025-11-13
SAL004699,EMP00902,126336.77,10425.54,4005.62,132756.69,2026-06-30
SAL004700,EMP00678,63822.16,15395.04,9766.91,69450.29,2025-11-02
SAL004701,EMP00018,47610.08,13849.98,12057.31,49402.75,2026-08-03
SAL004702,EMP00741,54903.3,12844.15,2692.82,65054.63,2026-05-17
SAL004703,EMP00043,25485.84,16192.2,14757.79,26920.25,2025-11-18
SAL004704,EMP00156,134332.45,11337.68,4483.38,141186.75,2025-09-06
SAL004705,EMP01115,96640.67,14107.57,3064.2,107684.04,2025-08-31
SAL004706,EMP00472,111131.07,1740.46,8600.44,104271.09,2025-04-12
SAL004707,EMP00907,137727.91,9885.14,12142.5,135470.55,2025-01-06
SAL004708,EMP00632,125176.87,12672.28,5446.89,132402.26,2024-09-25
SAL004709,EMP00794,67462.13,18242.99,14411.78,71293.34,2025-11-11
SAL004710,EMP00015,136216.13,11973.11,9445.83,138743.41,2026-05-06
SAL004711,EMP00569,141373.39,14790.19,7532.93,148630.65,2024-08-30
SAL004712,EMP01154,63933.03,9641.89,7476.5,66098.42,2025-12-03
SAL004713,EMP01125,126843.98,18760.74,3246.66,142358.06,2026-01-26
SAL004714,EMP01013,100741.73,13653.36,14189.49,100205.6,2026-06-16
SAL004715,EMP00169,97239.48,7546.43,7819.78,96966.13,2026-05-14
SAL004716,EMP00325,90156.21,11911.89,12243,89825.1,2025-12-27
SAL004717,EMP00388,147081.54,1355.62,8656.09,139781.07,2025-05-18
SAL004718,EMP00647,96625.66,13733.36,7663.6,102695.42,2025-10-09
SAL004719,EMP00169,42802.49,8942.75,11037.9,40707.34,2025-01-06
SAL004720,EMP00701,127746.07,7257.12,5842.17,129161.02,2025-07-14
SAL004721,EMP00662,72199.98,14944.3,2276.84,84867.44,2025-11-08
SAL004722,EMP00275,121134.81,9528.33,7297.33,123365.81,2026-03-02
SAL004723,EMP00190,35355.05,17500.28,11507.01,41348.32,2026-02-28
SAL004724,EMP01140,30348.16,10813.3,6064.95,35096.51,2024-11-27
SAL004725,EMP01169,80530.93,14861.27,10992.17,84400.03,2025-03-04
SAL004726,EMP00573,84998.78,14900.19,5745.54,94153.43,2024-09-21
SAL004727,EMP00555,120898.47,6073.99,11712.47,115259.99,2025-03-13
SAL004728,EMP01135,116528.51,3001.84,12078.44,107451.91,2025-12-30
SAL004729,EMP00765,138986.18,11285.92,3870.37,146401.73,2025-01-07
SAL004730,EMP00046,75478.17,1086.65,2005.4,74559.42,2026-04-16
SAL004731,EMP01143,111835.94,9627.87,2371.52,119092.29,2025-05-07
SAL004732,EMP00435,128521.42,15417.88,3403.53,140535.77,2024-09-19
SAL004733,EMP00172,144080.34,17093.14,3735.97,157437.51,2025-12-23
SAL004734,EMP00589,147834.1,19911.36,4696.81,163048.65,2024-10-27
SAL004735,EMP00115,67986.14,12030.13,12523.83,67492.44,2025-04-15
SAL004736,EMP00401,94296.82,7965.03,6718.34,95543.51,2025-06-17
SAL004737,EMP00150,149436.14,13634.24,14503.78,148566.6,2026-03-12
SAL004738,EMP01207,57394.77,18382.67,5397.22,70380.22,2025-08-04
SAL004739,EMP00399,92949.53,4357.24,12038.04,85268.73,2024-09-10
SAL004740,EMP00074,136750.37,9386.43,2698.34,143438.46,2025-11-18
SAL004741,EMP00460,57682.89,12996.01,3833.39,66845.51,2026-07-19
SAL004742,EMP00433,80526.93,5050.86,3716.05,81861.74,2025-05-01
SAL004743,EMP00242,59971.55,9394.84,13875.52,55490.87,2026-01-10
SAL004744,EMP00188,78880.41,12837.12,8370.58,83346.95,2025-05-22
SAL004745,EMP00436,100531.88,18719.77,10252.64,108999.01,2025-08-29
SAL004746,EMP00435,23269,18624.09,14160.9,27732.19,2025-10-04
SAL004747,EMP01107,37739.3,4968.47,11159.23,31548.54,2024-10-28
SAL004748,EMP00523,61668.69,18611.43,11733.43,68546.69,2024-10-06
SAL004749,EMP00962,139819.05,18090.67,4893.78,153015.94,2024-08-13
SAL004750,EMP00980,114887.26,10965.53,14809.03,111043.76,2025-03-21
SAL004751,EMP00167,115160.76,7537.48,8102.99,114595.25,2024-09-06
SAL004752,EMP00461,51943.42,15522.13,5090.73,62374.82,2024-10-14
SAL004753,EMP01112,27024.71,1783.57,7205.95,21602.33,2025-09-20
SAL004754,EMP00418,40320.62,19103.88,4959.98,54464.52,2026-01-11
SAL004755,EMP00595,101721.77,5452.87,12522.88,94651.76,2025-08-15
SAL004756,EMP00219,141868.47,13404.19,12079.66,143193,2025-09-27
SAL004757,EMP00057,111088.57,13398.73,7897.7,116589.6,2025-07-13
SAL004758,EMP00688,26628.31,11254.36,5596.64,32286.03,2025-07-09
SAL004759,EMP01121,29392.7,19693.41,9796.8,39289.31,2025-11-14
SAL004760,EMP00132,139190.53,7823.04,6405.57,140608,2025-08-09
SAL004761,EMP00605,97733.63,8744.66,3812.98,102665.31,2025-04-11
SAL004762,EMP00469,71797.05,5277.07,5388.08,71686.04,2026-02-08
SAL004763,EMP01183,58173.4,4687.75,14187.93,48673.22,2025-08-17
SAL004764,EMP00239,69975.65,14009.38,4232.77,79752.26,2024-09-03
SAL004765,EMP00069,127498.25,17478.41,12881.58,132095.08,2026-02-13
SAL004766,EMP00683,76413.36,11614.75,12930.65,75097.46,2026-01-08
SAL004767,EMP01037,121036.76,9297.33,4744.21,125589.88,2026-07-03
SAL004768,EMP01081,92021.43,8268.82,13787.9,86502.35,2024-09-03
SAL004769,EMP00437,106651.29,12977.05,11196.36,108431.98,2025-08-27
SAL004770,EMP00640,45072.11,10091.4,2461.46,52702.05,2025-10-15
SAL004771,EMP01142,115320.93,3468.12,1950.65,116838.4,2026-05-27
SAL004772,EMP01179,130285.93,19777.73,13636.33,136427.33,2025-02-17
SAL004773,EMP00818,130823.96,9932.85,3803.18,136953.63,2024-12-24
SAL004774,EMP00220,31723.23,12930.76,12645.12,32008.87,2025-04-03
SAL004775,EMP00582,24539.71,9795.25,7787.12,26547.84,2025-04-15
SAL004776,EMP00530,26909.44,4341.01,2205.55,29044.9,2024-12-14
SAL004777,EMP00249,138886.96,12135.19,7470.86,143551.29,2026-01-22
SAL004778,EMP01125,121954.21,18896.53,6667.85,134182.89,2024-10-05
SAL004779,EMP00389,62199.2,11783.58,4554.58,69428.2,2025-06-19
SAL004780,EMP00915,108883.82,16011.47,14083.44,110811.85,2026-02-07
SAL004781,EMP00057,94653.63,7716.24,9864.33,92505.54,2025-12-31
SAL004782,EMP00973,121305.37,17408.51,7121.87,131592.01,2024-11-24
SAL004783,EMP00974,47924.64,11674.98,14490.6,45109.02,2025-08-09
SAL004784,EMP00316,107796.82,18194.46,11876.01,114115.27,2025-05-11
SAL004785,EMP00863,87550.53,8699.61,5345.35,90904.79,2025-12-05
SAL004786,EMP00317,57393.16,3775.61,6746.58,54422.19,2026-03-06
SAL004787,EMP00880,75449.78,10962.51,14574.74,71837.55,2025-06-12
SAL004788,EMP00717,41338.03,8206.91,10517.62,39027.32,2025-08-27
SAL004789,EMP00988,86310.14,10899.78,10839.74,86370.18,2025-01-23
SAL004790,EMP01121,49826.65,8187.93,6800.28,51214.3,2026-06-22
SAL004791,EMP00982,85541.38,8272.61,7460.04,86353.95,2024-08-16
SAL004792,EMP00016,99566.03,15010.63,9082.87,105493.79,2025-10-15
SAL004793,EMP00216,48538.38,19373.79,14629.39,53282.78,2025-12-16
SAL004794,EMP00718,99268.97,7726.09,6695.32,100299.74,2025-07-02
SAL004795,EMP01044,146932.09,5015.11,2219.96,149727.24,2025-02-14
SAL004796,EMP00387,81469.22,17680.59,5126,94023.81,2024-12-05
SAL004797,EMP01083,69151.99,18728.55,12539.28,75341.26,2026-01-02
SAL004798,EMP00617,43763.1,7181.56,12143.33,38801.33,2026-06-28
SAL004799,EMP00852,53228.85,18508.31,6914.88,64822.28,2025-11-03
SAL004800,EMP00262,115451.02,13172.59,6232.76,122390.85,2024-12-08
SAL004801,EMP00882,55122.59,7613.18,4222.61,58513.16,2026-05-12
SAL004802,EMP00461,84596.23,16201.05,4476.82,96320.46,2024-08-26
SAL004803,EMP00600,126567.49,2331.53,7007.88,121891.14,2026-05-06
SAL004804,EMP00720,119681.14,14912.92,2357.17,132236.89,2025-07-25
SAL004805,EMP00809,117738.47,12089.27,11679.98,118147.76,2025-08-17
SAL004806,EMP00260,60634.28,19986.46,2674.63,77946.11,2025-11-29
SAL004807,EMP00885,114375.11,14403.19,13723.52,115054.78,2026-01-25
SAL004808,EMP00618,112207.01,13892.03,1387.98,124711.06,2024-09-21
SAL004809,EMP00304,139094.63,12991.73,8500.74,143585.62,2025-03-17
SAL004810,EMP00217,32722.35,6663.62,3471.87,35914.1,2024-09-23
SAL004811,EMP00351,108875.85,18607.43,3517.33,123965.95,2025-05-14
SAL004812,EMP00990,33954.8,2003.71,4018.39,31940.12,2026-07-17
SAL004813,EMP00591,28452.83,6421.94,10429.56,24445.21,2025-07-24
SAL004814,EMP00086,102031.14,9538.39,3736.13,107833.4,2026-01-02
SAL004815,EMP00935,75085.88,13379.81,8705.93,79759.76,2026-08-09
SAL004816,EMP00972,75679.7,12409.77,2482.3,85607.17,2026-01-15
SAL004817,EMP00196,21523,9246.66,4904.69,25864.97,2026-01-22
SAL004818,EMP00398,93821.85,14958.09,5867.15,102912.79,2025-03-31
SAL004819,EMP00927,77694.6,17170.45,4891.54,89973.51,2025-04-09
SAL004820,EMP00853,32498.43,13763.07,12967.81,33293.69,2025-10-20
SAL004821,EMP00465,79732.28,1003.94,13407.77,67328.45,2025-04-11
SAL004822,EMP01046,85040.67,9156.31,8592.37,85604.61,2025-05-03
SAL004823,EMP00991,65816.95,16027.79,1576.25,80268.49,2026-08-08
SAL004824,EMP01029,38228.65,15890.77,14310.42,39809,2026-04-16
SAL004825,EMP00081,54085.31,6611.45,5773.39,54923.37,2024-09-17
SAL004826,EMP00933,48265.81,18430.36,11863.7,54832.47,2026-05-25
SAL004827,EMP00570,112928.6,6164.76,8478.46,110614.9,2025-02-09
SAL004828,EMP01121,42851.62,2630.29,3323.32,42158.59,2026-03-19
SAL004829,EMP00115,36630.92,1920.01,9729.57,28821.36,2025-07-27
SAL004830,EMP00045,55574,8740.72,9552.64,54762.08,2026-03-13
SAL004831,EMP00915,64927.51,18103.89,10459.91,72571.49,2024-12-06
SAL004832,EMP00831,143605.9,4428.81,5023.25,143011.46,2026-06-26
SAL004833,EMP00106,116649.16,15054.13,5043.39,126659.9,2025-07-11
SAL004834,EMP00727,52875.45,18405.54,14688.42,56592.57,2026-03-20
SAL004835,EMP01161,20049.71,8725.11,7529.57,21245.25,2024-12-27
SAL004836,EMP00601,81120.27,15517.49,14816.49,81821.27,2025-11-03
SAL004837,EMP00575,143111.72,12402.89,6819.18,148695.43,2025-01-07
SAL004838,EMP00819,95107.06,4575.3,5087.59,94594.77,2026-06-14
SAL004839,EMP00894,143123.6,5449.76,11843.61,136729.75,2026-06-11
SAL004840,EMP00348,83361.22,8209.9,7665.18,83905.94,2025-03-14
SAL004841,EMP00392,117189.52,2714.98,2874.47,117030.03,2026-06-04
SAL004842,EMP00472,121459.15,3861.48,10788.29,114532.34,2025-03-13
SAL004843,EMP01014,37283.91,16828.69,7118.32,46994.28,2024-11-30
SAL004844,EMP00641,78275.23,5617,13189.52,70702.71,2026-06-13
SAL004845,EMP00745,90350.21,16507.27,12454.74,94402.74,2025-11-15
SAL004846,EMP00132,116159.88,16396.88,1324.28,131232.48,2024-09-25
SAL004847,EMP00762,26370.04,14329.93,10737.92,29962.05,2024-10-26
SAL004848,EMP00652,87035.22,8167.64,14520.62,80682.24,2025-02-10
SAL004849,EMP00651,92086.15,11547.39,14972,88661.54,2026-02-04
SAL004850,EMP00308,129040.23,12780.78,2279.37,139541.64,2025-12-25
SAL004851,EMP01201,82578.02,8147.47,4783.12,85942.37,2025-09-09
SAL004852,EMP00481,97744.84,3715.68,2768.89,98691.63,2025-01-29
SAL004853,EMP00129,73387.24,3534.08,1859.27,75062.05,2026-03-05
SAL004854,EMP00399,26232.89,11646,8556.71,29322.18,2025-06-18
SAL004855,EMP00845,88584.75,19667.91,7263.09,100989.57,2024-10-21
SAL004856,EMP00620,140289.47,6892.27,2997.01,144184.73,2025-07-10
SAL004857,EMP00468,141696.72,15690.62,10592.99,146794.35,2026-06-26
SAL004858,EMP00282,31293.86,2168.95,8739.69,24723.12,2025-02-24
SAL004859,EMP00607,126695.58,17719.69,7025.55,137389.72,2025-03-27
SAL004860,EMP00358,130935.82,2303.57,4453.05,128786.34,2026-03-05
SAL004861,EMP01059,52230.43,18455.46,1450.83,69235.06,2026-01-16
SAL004862,EMP00019,102222.56,14583.44,10654.9,106151.1,2025-01-24
SAL004863,EMP00437,99781.31,18907.41,9599.93,109088.79,2025-03-27
SAL004864,EMP00639,79023.61,11231.83,11392.37,78863.07,2026-03-30
SAL004865,EMP00656,89588.79,5220.11,5173.22,89635.68,2026-07-08
SAL004866,EMP01171,135599.04,4022.68,9973.62,129648.1,2025-08-13
SAL004867,EMP00977,109045.23,4115.14,11959.89,101200.48,2026-06-19
SAL004868,EMP00436,22946.1,18131.03,8333.36,32743.77,2025-04-14
SAL004869,EMP00060,97571.66,17680.72,1459.14,113793.24,2026-02-14
SAL004870,EMP01046,109705.41,17354.23,7902.08,119157.56,2024-11-13
SAL004871,EMP00899,114559.67,14500.93,6309.85,122750.75,2024-12-13
SAL004872,EMP00006,109805.07,3689.29,10212.17,103282.19,2026-06-25
SAL004873,EMP00060,35285.42,5412.84,6003.42,34694.84,2026-05-12
SAL004874,EMP00088,113105.06,12818.27,8735.85,117187.48,2025-03-01
SAL004875,EMP00564,55409.02,6155.47,8822.86,52741.63,2025-11-07
SAL004876,EMP01166,111389.99,2725.5,3707.76,110407.73,2025-03-15
SAL004877,EMP00047,32584.48,14239.3,6356.76,40467.02,2024-08-23
SAL004878,EMP00905,79328.1,4858.25,6980.34,77206.01,2024-09-11
SAL004879,EMP00282,49369.55,16559.88,14043.56,51885.87,2024-12-14
SAL004880,EMP01124,64172.93,8968.54,11451.8,61689.67,2026-06-13
SAL004881,EMP00994,111822.51,8850.72,10460.79,110212.44,2025-03-21
SAL004882,EMP00009,98447.25,19642.15,4206.45,113882.95,2025-12-09
SAL004883,EMP00401,62322.36,15295.46,1418.24,76199.58,2024-09-05
SAL004884,EMP00774,141616.72,19124.36,6910.03,153831.05,2025-07-14
SAL004885,EMP00488,128009.22,5447.3,8102.63,125353.89,2025-12-04
SAL004886,EMP00812,121774.52,16658.05,12972.14,125460.43,2024-09-01
SAL004887,EMP00860,85067.55,16520.66,7453.29,94134.92,2025-11-01
SAL004888,EMP00478,90721.15,17093.16,9368.62,98445.69,2026-03-02
SAL004889,EMP01230,103918.16,15127.88,14660.37,104385.67,2024-12-05
SAL004890,EMP01097,30995.02,14393.76,14514.9,30873.88,2025-09-27
SAL004891,EMP00553,86587.42,9187.99,14713.35,81062.06,2025-03-09
SAL004892,EMP00051,37759.62,5572.66,4589.71,38742.57,2026-05-14
SAL004893,EMP00554,33595.77,16711.37,4053.53,46253.61,2025-01-01
SAL004894,EMP00967,69059.07,5265.87,11339.76,62985.18,2025-01-23
SAL004895,EMP00143,59523.44,6945.45,8797.01,57671.88,2026-01-09
SAL004896,EMP00542,88394.31,14673.5,3159.68,99908.13,2026-06-28
SAL004897,EMP01159,98044.26,11547.94,12854.05,96738.15,2026-03-20
SAL004898,EMP00104,85638.72,16664.91,4398.86,97904.77,2026-02-23
SAL004899,EMP01069,113318.36,7030.93,5809.67,114539.62,2024-08-20
SAL004900,EMP01041,105143.67,15449.92,2878.12,117715.47,2025-01-09
SAL004901,EMP00479,137946.58,18999.97,9882.92,147063.63,2026-03-26
SAL004902,EMP00769,33168.93,2462.7,8342.24,27289.39,2025-02-03
SAL004903,EMP00209,88166.04,4914.15,14098.12,78982.07,2026-01-17
SAL004904,EMP00638,126158.69,18297.6,13595.44,130860.85,2026-04-02
SAL004905,EMP00323,129115.03,11523.33,9102.9,131535.46,2026-05-16
SAL004906,EMP00050,90616.69,9244.02,14204.89,85655.82,2026-07-28
SAL004907,EMP00265,111896.43,13622.49,8793.29,116725.63,2024-09-18
SAL004908,EMP00422,63717.5,1239.67,7886.92,57070.25,2025-01-19
SAL004909,EMP01155,121434.35,2268.15,8236.95,115465.55,2025-02-16
SAL004910,EMP00330,111282.8,5337.08,13646.8,102973.08,2026-05-23
SAL004911,EMP00569,137658.63,17497.12,10145.46,145010.29,2025-03-16
SAL004912,EMP00894,83619.13,6148.89,14564.37,75203.65,2025-03-12
SAL004913,EMP00399,20225.69,11706.59,1856.61,30075.67,2026-02-09
SAL004914,EMP00347,139507.15,19927.36,10307.75,149126.76,2026-06-22
SAL004915,EMP00065,110573.57,3664.25,4216.93,110020.89,2024-09-22
SAL004916,EMP01046,122927.13,18188.42,11345.99,129769.56,2025-01-22
SAL004917,EMP00579,100192.92,18414.34,1755.61,116851.65,2025-09-17
SAL004918,EMP00996,52601.54,11147.42,1902.85,61846.11,2025-03-18
SAL004919,EMP01178,91900.49,11064.68,1404.04,101561.13,2025-07-11
SAL004920,EMP00877,56555.29,6032.71,11885.74,50702.26,2025-04-07
SAL004921,EMP00719,102536.39,3865.73,13186.25,93215.87,2025-03-17
SAL004922,EMP00010,136001.89,4973.7,11068.04,129907.55,2025-08-02
SAL004923,EMP00391,76015.85,14254.2,13886.37,76383.68,2025-11-12
SAL004924,EMP01061,91976.35,12399.95,9995.57,94380.73,2026-03-31
SAL004925,EMP00123,101277.64,14388.45,5111.59,110554.5,2026-05-22
SAL004926,EMP00342,97341.42,16412.65,5139.94,108614.13,2024-11-10
SAL004927,EMP01125,77536.07,16612.76,4566.83,89582,2024-09-03
SAL004928,EMP00540,125177.59,17980.95,4563.19,138595.35,2026-03-20
SAL004929,EMP00935,39880.12,18860.38,6151.06,52589.44,2025-05-31
SAL004930,EMP00013,21061.6,8748.67,9145.67,20664.6,2025-11-03
SAL004931,EMP00453,100239.28,19476.77,7325.86,112390.19,2025-06-23
SAL004932,EMP00014,120462.11,3280.63,6183.58,117559.16,2026-01-19
SAL004933,EMP00294,106005.56,14662.01,13396.89,107270.68,2025-01-06
SAL004934,EMP00182,119210.32,17296.87,10675.42,125831.77,2026-06-10
SAL004935,EMP01089,40273.35,1052.71,9582.16,31743.9,2025-10-21
SAL004936,EMP00605,126542.04,15011.87,11150.28,130403.63,2024-12-07
SAL004937,EMP01071,106257.09,13765.54,10812.25,109210.38,2026-07-20
SAL004938,EMP00136,66514.88,14818.74,13565.2,67768.42,2025-01-27
SAL004939,EMP01098,93481.91,4687.93,6147.54,92022.3,2026-05-13
SAL004940,EMP01161,27784.91,7680.03,5383.59,30081.35,2024-12-18
SAL004941,EMP00629,108510.26,3352.92,11222.61,100640.57,2025-03-06
SAL004942,EMP00624,102807.13,9970.3,12586.41,100191.02,2026-04-02
SAL004943,EMP01079,97464.99,9965.84,9715.63,97715.2,2026-01-09
SAL004944,EMP00847,125562.96,2031.79,8982.16,118612.59,2024-09-17
SAL004945,EMP01081,138880.26,12258.41,9700.87,141437.8,2026-07-26
SAL004946,EMP01159,56689.22,8780.59,7937.97,57531.84,2025-05-25
SAL004947,EMP00323,131643.83,15942.23,12014.08,135571.98,2025-08-05
SAL004948,EMP01170,125094.47,13201.63,13660.29,124635.81,2024-08-12
SAL004949,EMP01052,55152.94,4468.71,7988.79,51632.86,2025-08-03
SAL004950,EMP00672,76865.43,14198.01,7546.5,83516.94,2026-01-24
SAL004951,EMP00044,145847.88,7638.31,8120.29,145365.9,2024-11-05
SAL004952,EMP00869,85694.66,4480.25,1875.15,88299.76,2024-09-07
SAL004953,EMP00267,89485.14,16673.37,2563.17,103595.34,2025-07-06
SAL004954,EMP00442,112161.9,2633.15,3394.84,111400.21,2025-06-04
SAL004955,EMP01102,38663.51,11002.96,7812.6,41853.87,2026-02-28
SAL004956,EMP00607,146059.38,17374.42,6870.46,156563.34,2026-08-09
SAL004957,EMP00213,144080.17,16648.05,2711.76,158016.46,2025-08-05
SAL004958,EMP00901,107214.11,1892.35,12591.41,96515.05,2026-07-07
SAL004959,EMP00887,65140,19678.95,3331.03,81487.92,2025-06-02
SAL004960,EMP00161,130989.88,8234.98,11357.98,127866.88,2024-12-18
SAL004961,EMP00656,120778.08,12216.06,11024.86,121969.28,2025-01-10
SAL004962,EMP00706,79615.85,5856.02,5542.39,79929.48,2025-06-23
SAL004963,EMP00552,88631.14,9949.74,5009.9,93570.98,2025-03-11
SAL004964,EMP01086,135720.23,4607.98,8724.09,131604.12,2026-04-29
SAL004965,EMP00540,94999.72,11911.61,8803.57,98107.76,2025-09-16
SAL004966,EMP01088,122344.16,19871.89,10149.83,132066.22,2026-07-10
SAL004967,EMP00823,62875.39,17006.28,6742.23,73139.44,2025-02-05
SAL004968,EMP00864,141810.27,4337.47,3340.39,142807.35,2026-06-05
SAL004969,EMP00195,131385.23,6709.25,14312.35,123782.13,2024-10-19
SAL004970,EMP00822,69449.06,8181.11,2944.54,74685.63,2025-04-20
SAL004971,EMP00951,62822.18,19558.77,13014.15,69366.8,2026-07-19
SAL004972,EMP00774,104021.7,19224.09,10261.74,112984.05,2024-08-22
SAL004973,EMP00790,116764.79,2320.6,2891.77,116193.62,2024-08-21
SAL004974,EMP00383,31799.34,5923.89,5246.17,32477.06,2025-08-11
SAL004975,EMP01149,50088.99,19891.75,5260.92,64719.82,2025-10-04
SAL004976,EMP01140,96619.81,14123.18,1062.45,109680.54,2025-06-04
SAL004977,EMP00216,43383.5,5741.51,9390.69,39734.32,2025-05-31
SAL004978,EMP01140,132218.99,11658.77,14398.1,129479.66,2025-01-23
SAL004979,EMP00095,20928.32,3042.02,10681.99,13288.35,2025-07-04
SAL004980,EMP01131,145046.32,5055.74,6680.93,143421.13,2025-10-04
SAL004981,EMP00743,98057.85,1040.77,7137.63,91960.99,2024-10-26
SAL004982,EMP00827,47704.07,2824.14,4932.96,45595.25,2024-12-25
SAL004983,EMP00352,49786.02,18317.65,4625.13,63478.54,2025-08-25
SAL004984,EMP00048,125853.17,18771.5,5404.34,139220.33,2026-04-21
SAL004985,EMP00416,130803.85,8659.02,10739.27,128723.6,2025-09-04
SAL004986,EMP00250,122010.78,19665.77,12822.51,128854.04,2025-09-30
SAL004987,EMP00288,134530.83,11707.42,13193.02,133045.23,2025-09-15
SAL004988,EMP00851,118337.6,6639.45,13023.53,111953.52,2026-05-18
SAL004989,EMP00363,149730.25,10837.04,8669,151898.29,2025-06-02
SAL004990,EMP00253,113785.78,18741.59,14093.87,118433.5,2024-09-18
SAL004991,EMP00013,33392.6,1587.91,12399.44,22581.07,2025-11-28
SAL004992,EMP00824,136678.79,8901.29,11352.86,134227.22,2025-09-15
SAL004993,EMP00884,147956.72,9660.06,11741.69,145875.09,2026-01-26
SAL004994,EMP00477,98864.64,4455.07,14302.02,89017.69,2026-07-10
SAL004995,EMP01051,125224.72,19118.85,12402.75,131940.82,2025-07-15
SAL004996,EMP00790,40787.75,11168.04,12005.18,39950.61,2024-08-29
SAL004997,EMP00316,30193.79,3641.12,13671.56,20163.35,2025-06-02
SAL004998,EMP00564,43154.2,3198.8,5978.38,40374.62,2025-07-02
SAL004999,EMP00911,129696.34,8903.51,13375.42,125224.43,2026-05-06
SAL005000,EMP00086,90329,13636.16,1423.14,102542.02,2026-07-20
SAL005001,EMP01012,114956.3,5646.24,11176,109426.54,2026-07-05
SAL005002,EMP00557,82767.61,17308.72,7835.28,92241.05,2026-01-09
SAL005003,EMP00510,119090.7,6656.64,12115.01,113632.33,2025-05-13
SAL005004,EMP00110,121047.12,3484.1,4331.78,120199.44,2026-06-21
SAL005005,EMP00419,82272.21,1399.06,9304.94,74366.33,2026-05-02
SAL005006,EMP01073,22205.34,10353.74,5412.98,27146.1,2026-04-01
SAL005007,EMP00617,22971.08,4476.85,12865.28,14582.65,2024-10-06
SAL005008,EMP00470,44716.44,14167.35,9475.18,49408.61,2024-08-12
SAL005009,EMP01041,58505.33,13097.8,13814.95,57788.18,2026-03-19
SAL005010,EMP00189,27143.5,3132.79,14961.97,15314.32,2025-03-26
SAL005011,EMP00076,79803.46,16090.58,13310.41,82583.63,2025-04-25
SAL005012,EMP00268,118059.68,1784.72,9282.91,110561.49,2025-01-18
SAL005013,EMP01210,113011.68,13435.87,4507.69,121939.86,2025-07-13
SAL005014,EMP00458,133167.32,13004.45,3323.99,142847.78,2026-03-28
SAL005015,EMP00162,123976.04,4257.51,6691.39,121542.16,2024-10-26
SAL005016,EMP00241,34063.63,11322.51,6528.38,38857.76,2026-07-14
SAL005017,EMP00542,65156.71,8118.65,9623.96,63651.4,2024-08-23
SAL005018,EMP01025,54308.1,11556.76,5799.05,60065.81,2025-08-12
SAL005019,EMP00843,48180.76,1546.93,10129.16,39598.53,2025-06-21
SAL005020,EMP00243,62903.18,17634.4,1690.09,78847.49,2025-04-11
SAL005021,EMP00955,54754.39,6265.99,2225.09,58795.29,2025-08-23
SAL005022,EMP00187,107278.77,16376.23,5545.3,118109.7,2025-06-29
SAL005023,EMP00781,94792.29,9441.13,5852.23,98381.19,2026-03-09
SAL005024,EMP01036,64954.35,5231.27,1171.36,69014.26,2026-07-14
SAL005025,EMP00221,56768.73,1573.2,13380.96,44960.97,2026-07-31
SAL005026,EMP00148,127370.44,18417.2,10689.66,135097.98,2025-04-18
SAL005027,EMP00622,127848.37,11638.67,4943.37,134543.67,2025-09-21
SAL005028,EMP00717,132238.3,4424.8,5044.47,131618.63,2025-04-01
SAL005029,EMP00084,20098.35,16597.81,3662.69,33033.47,2025-11-15
SAL005030,EMP00179,50930,11741.93,9504.08,53167.85,2026-01-24
SAL005031,EMP01125,145109.71,8910.43,5007.66,149012.48,2025-09-12
SAL005032,EMP00909,27265.74,10570.6,1154.95,36681.39,2024-12-05
SAL005033,EMP00244,69788.66,15498.72,13188.46,72098.92,2025-02-18
SAL005034,EMP00117,82474.09,18591.09,3404.53,97660.65,2024-11-21
SAL005035,EMP01107,33671.74,18514.93,1371.87,50814.8,2025-03-18
SAL005036,EMP00183,110409.82,19520.37,12325.68,117604.51,2025-07-28
SAL005037,EMP00578,36596.94,13212.77,1864.05,47945.66,2026-06-09
SAL005038,EMP00643,72340.3,3143.46,3990.46,71493.3,2025-05-06
SAL005039,EMP00672,76037.07,1562.27,9023.6,68575.74,2025-11-26
SAL005040,EMP00401,34192.39,7780.25,11350.15,30622.49,2025-07-22
SAL005041,EMP00385,146917.44,11870.64,13752.18,145035.9,2025-06-02
SAL005042,EMP00458,94318.32,18739.27,8243.12,104814.47,2026-04-20
SAL005043,EMP00449,102153.6,7965.5,6448.89,103670.21,2026-06-20
SAL005044,EMP00776,144151.12,17419.5,4938.05,156632.57,2025-08-09
SAL005045,EMP01207,64596.03,12275.52,13194.61,63676.94,2025-05-31
SAL005046,EMP00317,62495.92,19073.69,10556.06,71013.55,2025-07-08
SAL005047,EMP00841,76567.53,14389.25,8245.46,82711.32,2025-08-15
SAL005048,EMP00588,120817.45,16791.88,8302.54,129306.79,2024-10-11
SAL005049,EMP00479,57485.68,2065.82,3284.88,56266.62,2025-04-19
SAL005050,EMP00694,99408.15,12677.89,8887.89,103198.15,2025-12-21
SAL005051,EMP00376,49483.74,3295.31,12687.32,40091.73,2026-06-09
SAL005052,EMP01186,57622.53,18429.67,7185.5,68866.7,2025-12-06
SAL005053,EMP00727,120190.29,8925.48,5353.86,123761.91,2025-04-27
SAL005054,EMP00117,80719.73,2465.71,11326.06,71859.38,2026-08-05
SAL005055,EMP00591,116179.86,4378.08,2967.09,117590.85,2025-08-20
SAL005056,EMP00600,80600.63,10526.78,4595.4,86532.01,2026-01-30
SAL005057,EMP00529,64731.6,18632.12,14673.79,68689.93,2025-10-20
SAL005058,EMP00497,45872.86,13575.57,12893.62,46554.81,2026-05-22
SAL005059,EMP01042,147683.7,12197.15,8573.57,151307.28,2026-01-14
SAL005060,EMP00502,66826.38,7324.59,13371.12,60779.85,2026-08-09
SAL005061,EMP00837,146405.48,12376.98,10675.44,148107.02,2025-02-18
SAL005062,EMP00613,96737.7,15086.95,9534.87,102289.78,2025-09-12
SAL005063,EMP00733,64153.66,12367.67,2326.28,74195.05,2025-02-02
SAL005064,EMP00268,125147.19,10591.19,6343.15,129395.23,2025-09-21
SAL005065,EMP00805,50698.73,10136.91,3864.83,56970.81,2026-02-17
SAL005066,EMP00189,120002.53,15174.13,2704.12,132472.54,2025-07-10
SAL005067,EMP00877,63115.51,4466.15,4802.56,62779.1,2025-01-31
SAL005068,EMP00247,121664.16,4376.02,12767.53,113272.65,2025-03-08
SAL005069,EMP00551,75142.46,8148.99,4264.59,79026.86,2025-02-01
SAL005070,EMP00143,51140.65,9971.08,8257.97,52853.76,2025-09-18
SAL005071,EMP00701,125975.65,2560.24,13269.03,115266.86,2025-04-13
SAL005072,EMP00387,78739.14,7826.43,1084.85,85480.72,2026-07-16
SAL005073,EMP01048,101298.14,5903.45,7430.3,99771.29,2026-03-14
SAL005074,EMP00763,95086.29,5710.86,8190.68,92606.47,2026-07-20
SAL005075,EMP01148,97665.03,13670.17,1119.64,110215.56,2025-06-18
SAL005076,EMP00056,78487.63,11797.89,5418.58,84866.94,2024-11-20
SAL005077,EMP00713,52903.42,6652.09,1729.16,57826.35,2025-03-17
SAL005078,EMP00368,130684.2,11939.27,13827.31,128796.16,2025-03-04
SAL005079,EMP00477,50993.17,17827.35,9418.91,59401.61,2026-01-03
SAL005080,EMP00417,93526.94,9104.43,11603.7,91027.67,2024-11-22
SAL005081,EMP00157,79463.21,7717.41,10874.12,76306.5,2026-08-04
SAL005082,EMP00757,112151.73,4254.6,4422.8,111983.53,2026-02-13
SAL005083,EMP00685,107111.62,4730.67,1602.87,110239.42,2026-01-04
SAL005084,EMP01174,87822.5,2078.07,6482.11,83418.46,2025-03-20
SAL005085,EMP00250,26468.64,13217.89,3345.49,36341.04,2026-04-01
SAL005086,EMP00846,40496.19,4900.55,5033.47,40363.27,2025-10-06
SAL005087,EMP00543,147237.94,3994.05,7364.34,143867.65,2026-07-05
SAL005088,EMP01006,26871.27,17955.03,1877.39,42948.91,2025-11-10
SAL005089,EMP00487,79650.64,8968.61,11657.38,76961.87,2026-01-16
SAL005090,EMP00283,90260.71,11379.4,9326.5,92313.61,2025-02-13
SAL005091,EMP01183,82462.55,12686.64,6999.05,88150.14,2025-01-26
SAL005092,EMP00053,28021.42,9123.86,6854.64,30290.64,2025-05-11
SAL005093,EMP00469,55037.61,15189.37,7506.5,62720.48,2025-12-01
SAL005094,EMP00857,103219.73,16605.54,8780.02,111045.25,2026-01-28
SAL005095,EMP01195,134141.34,2862.59,10067.45,126936.48,2026-04-16
SAL005096,EMP00774,135835.91,5343.26,12781.94,128397.23,2025-11-30
SAL005097,EMP00245,61470.77,14949.29,3198.4,73221.66,2025-09-03
SAL005098,EMP00777,83245.43,7197.23,3494.87,86947.79,2024-09-03
SAL005099,EMP00496,116831.37,13913.12,7946.47,122798.02,2026-05-27
SAL005100,EMP00488,87731.5,7024.28,1588.36,93167.42,2025-07-20
SAL005101,EMP00083,66420.41,14246,5994.15,74672.26,2024-08-28
SAL005102,EMP00501,67634.76,14131.7,14803.58,66962.88,2025-04-16
SAL005103,EMP00436,94525.54,12549.06,1909.3,105165.3,2025-09-12
SAL005104,EMP01209,117412.58,19574.88,9678.77,127308.69,2025-04-18
SAL005105,EMP01219,145403.58,17535.99,14674.65,148264.92,2025-04-04
SAL005106,EMP00639,127594.59,6046.03,14319.75,119320.87,2025-02-15
SAL005107,EMP00803,139723.41,5668.38,13027.56,132364.23,2026-01-22
SAL005108,EMP01128,48553.05,4818.49,2692.49,50679.05,2024-12-11
SAL005109,EMP00796,72878.89,1216.35,13817.26,60277.98,2025-09-18
SAL005110,EMP00414,76793.1,4247.07,9461.36,71578.81,2026-04-07
SAL005111,EMP01126,134096.78,17822.04,1063.74,150855.08,2026-07-03
SAL005112,EMP00412,46968.78,16534.84,9861.43,53642.19,2026-05-28
SAL005113,EMP00552,62838.9,15595.77,13619.1,64815.57,2024-12-23
SAL005114,EMP00904,24927.65,19652.5,13742.32,30837.83,2025-11-15
SAL005115,EMP00438,49777.75,7417.03,12593.92,44600.86,2025-01-29
SAL005116,EMP00905,134994.36,13902.31,8743.64,140153.03,2024-09-09
SAL005117,EMP00259,86562.39,8813.07,10041.66,85333.8,2025-07-14
SAL005118,EMP00137,97324.92,14246.38,10342.87,101228.43,2024-09-21
SAL005119,EMP00011,71650.31,8615.25,9634.26,70631.3,2025-06-24
SAL005120,EMP00919,75146.62,9140.23,1676.06,82610.79,2025-07-27
SAL005121,EMP00146,133360.56,3715.19,10958.05,126117.7,2025-09-03
SAL005122,EMP00267,139003.79,1134.93,5510.16,134628.56,2024-10-08
SAL005123,EMP01225,37732.8,4046.57,2491.97,39287.4,2026-03-24
SAL005124,EMP00523,81293.98,10354.47,8390.04,83258.41,2025-03-16
SAL005125,EMP00126,79365.62,1549.78,13136.28,67779.12,2026-03-25
SAL005126,EMP00748,127542.58,4972.01,7590.58,124924.01,2025-12-14
SAL005127,EMP00569,37385.47,5021.69,2768.43,39638.73,2025-05-06
SAL005128,EMP00335,132146.19,2506.29,11389.04,123263.44,2026-02-14
SAL005129,EMP00431,49019.2,1688.11,8463.53,42243.78,2024-09-15
SAL005130,EMP00572,63949.54,2600,6984.64,59564.9,2025-05-26
SAL005131,EMP00266,86246.72,17974.57,3605.79,100615.5,2025-01-27
SAL005132,EMP00096,20914.29,11099.93,9744.13,22270.09,2025-01-16
SAL005133,EMP00581,41023.25,12553.55,12337.07,41239.73,2024-11-06
SAL005134,EMP01191,131785.17,8782.28,1679.34,138888.11,2025-05-17
SAL005135,EMP00642,60484.24,17272.53,6612.87,71143.9,2025-12-25
SAL005136,EMP00482,116337.15,4963.81,13583,107717.96,2025-08-31
SAL005137,EMP00391,102476.32,2753.65,10327.2,94902.77,2026-03-16
SAL005138,EMP01049,33425.01,12714.01,8557.24,37581.78,2024-11-22
SAL005139,EMP00017,54726.31,8646.25,5845.46,57527.1,2025-10-02
SAL005140,EMP00932,114865.4,13518.92,14282.67,114101.65,2025-11-30
SAL005141,EMP00283,127094.64,5984.14,6344.7,126734.08,2025-03-30
SAL005142,EMP00844,50933.02,15970.39,6356.4,60547.01,2025-04-28
SAL005143,EMP00565,54634.33,2330.3,13295.48,43669.15,2024-10-08
SAL005144,EMP00470,140779.42,6718.75,14210.78,133287.39,2025-06-13
SAL005145,EMP00047,73089.39,19155.61,10332.01,81912.99,2025-09-16
SAL005146,EMP00955,76722.75,15771.42,12026.87,80467.3,2025-04-14
SAL005147,EMP00926,133515.99,16915.12,1951.14,148479.97,2026-03-28
SAL005148,EMP00197,97362.74,19163.59,12953.98,103572.35,2024-09-15
SAL005149,EMP01051,75671.02,16271.47,5499.38,86443.11,2025-02-15
SAL005150,EMP01125,142161.35,10310.91,10156.19,142316.07,2025-06-09
SAL005151,EMP00900,21790.24,7423.98,1562.88,27651.34,2025-10-18
SAL005152,EMP00713,48569.01,5013.45,11267.02,42315.44,2025-09-27
SAL005153,EMP01087,59935.79,11833.29,3121.45,68647.63,2025-06-06
SAL005154,EMP00514,49490.39,6913.49,14137.74,42266.14,2025-07-20
SAL005155,EMP00314,101610.87,4871.57,5948.21,100534.23,2024-11-20
SAL005156,EMP00933,53213.7,10034.72,6856.01,56392.41,2024-10-06
SAL005157,EMP00160,112706.19,17370.57,6895.6,123181.16,2025-06-21
SAL005158,EMP00648,65067.62,6248.81,2150.24,69166.19,2024-12-06
SAL005159,EMP01213,49805.54,13844.53,6962.56,56687.51,2025-07-13
SAL005160,EMP00680,79825.02,17950.01,1981.49,95793.54,2024-08-29
SAL005161,EMP00158,135601.67,17648.84,14366.02,138884.49,2025-07-16
SAL005162,EMP00567,71229.59,13628.31,13817.05,71040.85,2026-05-29
SAL005163,EMP00001,53466.25,5996.52,3736.54,55726.23,2025-09-15
SAL005164,EMP00347,43314.05,4418.37,14835.28,32897.14,2024-11-19
SAL005165,EMP01046,105874.35,9973.63,4235.22,111612.76,2024-08-27
SAL005166,EMP00486,123750.62,8711.3,10562.84,121899.08,2025-12-08
SAL005167,EMP00486,137142.37,1228.38,5641.81,132728.94,2025-02-04
SAL005168,EMP00216,81903.04,16598.37,4775.29,93726.12,2025-05-07
SAL005169,EMP00751,62853.46,14029.9,6827.37,70055.99,2025-11-22
SAL005170,EMP00824,71058.18,2088.94,1268.59,71878.53,2025-06-18
SAL005171,EMP00308,77880.02,6489.36,3226.37,81143.01,2025-09-01
SAL005172,EMP00811,26492.11,10602.38,13057.18,24037.31,2026-06-12
SAL005173,EMP00046,42193.25,11301.9,2555.61,50939.54,2025-09-02
SAL005174,EMP00467,65939.92,15184.57,4674.72,76449.77,2024-10-29
SAL005175,EMP00482,113022.27,19153,9167.64,123007.63,2025-03-22
SAL005176,EMP01219,125831.45,12685.41,2965.55,135551.31,2025-04-23
SAL005177,EMP00886,57052.2,4788.39,11488.55,50352.04,2025-08-12
SAL005178,EMP01145,130207.06,1130.21,5642.98,125694.29,2025-03-22
SAL005179,EMP00998,93610.77,17525.04,13463.28,97672.53,2024-12-02
SAL005180,EMP00886,110183.8,13869.72,10516.6,113536.92,2024-11-04
SAL005181,EMP01125,48733.05,15541.37,12396.16,51878.26,2025-04-24
SAL005182,EMP00590,66232.89,16515.37,14983.61,67764.65,2024-11-19
SAL005183,EMP00435,112820.35,11775.85,10433.64,114162.56,2026-04-18
SAL005184,EMP00924,55252.18,5007.23,14433.11,45826.3,2024-11-20
SAL005185,EMP00959,49111.78,11235.36,12727.79,47619.35,2025-07-04
SAL005186,EMP01146,41782.4,11043.27,1891.86,50933.81,2026-01-19
SAL005187,EMP00047,71271.67,2331.26,4764.12,68838.81,2025-11-22
SAL005188,EMP00896,70905.96,6454.99,4838.06,72522.89,2026-03-23
SAL005189,EMP00189,120506.87,16710.8,7694.6,129523.07,2026-03-09
SAL005190,EMP00709,139745.37,5610.27,6841.04,138514.6,2025-04-17
SAL005191,EMP00107,27291.63,19895.51,8152.28,39034.86,2026-07-05
SAL005192,EMP00800,116737.24,5952.78,7454.76,115235.26,2025-01-30
SAL005193,EMP00099,91226.95,10474,13927.81,87773.14,2025-05-16
SAL005194,EMP00482,44755.1,12958.75,8330.86,49382.99,2026-08-02
SAL005195,EMP00198,65001.36,2935.32,4270.95,63665.73,2026-07-22
SAL005196,EMP00314,71458.88,13110.77,3961.12,80608.53,2024-10-08
SAL005197,EMP00106,148714.22,3392.93,1232.91,150874.24,2025-04-24
SAL005198,EMP00421,82656.58,9531.04,1411.24,90776.38,2025-03-06
SAL005199,EMP00716,125098.67,8124.96,3851,129372.63,2026-01-31
SAL005200,EMP01046,71754.61,17104.64,4993.17,83866.08,2026-03-05
SAL005201,EMP01019,92545.43,14917.42,10122.1,97340.75,2025-11-03
SAL005202,EMP00057,76134.95,9049.41,13324.22,71860.14,2026-02-21
SAL005203,EMP00334,88634.34,19247.76,9487.5,98394.6,2025-10-16
SAL005204,EMP00663,44763.76,2764.06,11072.32,36455.5,2025-06-18
SAL005205,EMP01196,97213.74,6476.73,9294.59,94395.88,2025-02-16
SAL005206,EMP00349,82037.89,4895.38,7211.38,79721.89,2025-01-29
SAL005207,EMP01049,137228.13,3620.37,1155.71,139692.79,2025-03-06
SAL005208,EMP00903,131755.69,3218.4,5137.57,129836.52,2025-11-11
SAL005209,EMP01185,59725.97,4505.26,5469.08,58762.15,2024-11-27
SAL005210,EMP00045,135326.82,19538.31,10015.72,144849.41,2026-04-02
SAL005211,EMP00139,78715.21,15977.46,12751.79,81940.88,2025-11-25
SAL005212,EMP01038,147277.98,14207.79,9991.5,151494.27,2024-09-08
SAL005213,EMP00449,72089.59,5309.99,14795.11,62604.47,2026-04-09
SAL005214,EMP01098,123098.15,2564.83,13911.24,111751.74,2025-07-16
SAL005215,EMP00122,68377.89,17340.08,6876.63,78841.34,2026-04-28
SAL005216,EMP00610,134251.71,7827.05,13672.76,128406,2025-10-28
SAL005217,EMP01097,91314.03,10697.97,6491.97,95520.03,2026-01-21
SAL005218,EMP00406,47245.22,19350,12175.23,54419.99,2026-04-06
SAL005219,EMP00684,26498.24,10022.69,8198.3,28322.63,2026-03-02
SAL005220,EMP01024,145426.02,5846.4,12749.26,138523.16,2025-12-02
SAL005221,EMP00656,98424.39,16569.1,10023.16,104970.33,2025-04-05
SAL005222,EMP00546,105619.49,17796.07,3080.41,120335.15,2025-09-18
SAL005223,EMP00562,102703.81,17935.53,9673.16,110966.18,2025-09-23
SAL005224,EMP00410,36506.11,3143.69,1088.59,38561.21,2026-01-05
SAL005225,EMP00428,37736.68,11491.2,14329.55,34898.33,2025-04-25
SAL005226,EMP00793,54331.16,15243.1,7016.53,62557.73,2026-07-30
SAL005227,EMP00089,38065.65,3970.85,4578.99,37457.51,2024-09-18
SAL005228,EMP00151,146757.47,17685.88,6052.73,158390.62,2024-10-26
SAL005229,EMP00857,105257.43,4497.16,2128.7,107625.89,2025-10-20
SAL005230,EMP00170,37347.55,10165.94,2511.85,45001.64,2026-02-01
SAL005231,EMP00818,54417.83,2364.79,14517.03,42265.59,2025-03-15
SAL005232,EMP00827,120052.73,17775.14,8257.18,129570.69,2025-02-22
SAL005233,EMP00453,129389.67,16168.68,9966.19,135592.16,2026-03-26
SAL005234,EMP00597,108316.59,18165.09,9566.45,116915.23,2025-07-19
SAL005235,EMP00707,81151.58,3000.6,1468.96,82683.22,2026-05-07
SAL005236,EMP00046,129049.8,17651.13,13623.36,133077.57,2025-07-21
SAL005237,EMP00494,47579.32,15084.25,5026.62,57636.95,2025-05-14
SAL005238,EMP00971,122196.98,10958.89,9687.63,123468.24,2025-05-14
SAL005239,EMP00472,123688.87,10710.08,4311.33,130087.62,2025-03-19
SAL005240,EMP00151,54115.52,7671.91,2390.89,59396.54,2026-07-28
SAL005241,EMP01127,69109.42,19324.33,5858.67,82575.08,2026-05-24
SAL005242,EMP00145,85102.41,17694.27,10083.22,92713.46,2025-03-22
SAL005243,EMP00690,122366.08,12433.67,7211.64,127588.11,2026-01-25
SAL005244,EMP00704,101253.97,6120.06,13025.52,94348.51,2026-05-09
SAL005245,EMP00265,23045.36,15136.18,1888.41,36293.13,2026-04-24
SAL005246,EMP00914,146206.04,5044.02,8878.81,142371.25,2025-12-28
SAL005247,EMP00626,137804.71,2280.21,1174.37,138910.55,2026-06-15
SAL005248,EMP01170,143238.31,2451,9440.79,136248.52,2025-01-19
SAL005249,EMP00525,141478.86,5528.93,6289.26,140718.53,2026-01-09
SAL005250,EMP00995,45728.44,1989.49,3677.98,44039.95,2026-07-15
SAL005251,EMP00951,124028.66,5131.2,8126.14,121033.72,2024-12-09
SAL005252,EMP00895,46990.07,1521.81,10504.92,38006.96,2026-05-30
SAL005253,EMP01042,42225.93,3773.87,2506.46,43493.34,2025-01-19
SAL005254,EMP00131,115848.8,16569.64,14849.37,117569.07,2025-10-22
SAL005255,EMP00772,96013.09,2267.73,13538.7,84742.12,2026-04-02
SAL005256,EMP00143,89597.44,18380.38,9166.92,98810.9,2026-02-05
SAL005257,EMP01101,41882.31,11265.36,13623.65,39524.02,2026-01-12
SAL005258,EMP00705,26001.28,17275.51,9912.75,33364.04,2026-05-21
SAL005259,EMP00969,50684.64,5705.35,5409.6,50980.39,2026-06-08
SAL005260,EMP00347,32519.32,14449.51,4350.61,42618.22,2026-03-27
SAL005261,EMP01107,66160.48,10908.82,7202.04,69867.26,2024-10-09
SAL005262,EMP00855,44119.58,6988,10224.41,40883.17,2025-09-21
SAL005263,EMP00416,121402.84,1363.42,6886.88,115879.38,2024-08-26
SAL005264,EMP00657,64172.36,4766.77,1789.75,67149.38,2026-05-20
SAL005265,EMP00852,127921.8,16885.28,10894.1,133912.98,2025-04-27
SAL005266,EMP00436,120099.64,16852.58,2097.32,134854.9,2024-12-24
SAL005267,EMP00972,128601.21,5983.46,1818.56,132766.11,2025-11-30
SAL005268,EMP00318,28211.44,16205.43,13403.47,31013.4,2025-12-16
SAL005269,EMP01194,69704.93,11198.92,8533.21,72370.64,2025-07-21
SAL005270,EMP00838,86715.42,12453.05,9186.07,89982.4,2025-03-03
SAL005271,EMP01090,87271.22,17622.93,10193.89,94700.26,2026-08-01
SAL005272,EMP01177,98071.1,14092.66,1024.62,111139.14,2025-11-07
SAL005273,EMP00407,102421.8,2922.13,10375.94,94967.99,2026-04-18
SAL005274,EMP00161,55648.78,3336.16,10207.01,48777.93,2026-02-13
SAL005275,EMP00170,65103.86,18919.44,13378.12,70645.18,2025-04-09
SAL005276,EMP00966,29282.28,11897.33,5385.74,35793.87,2025-11-27
SAL005277,EMP00281,73661.44,11767,6046.02,79382.42,2025-02-11
SAL005278,EMP01089,31315.17,6659.86,8885.66,29089.37,2025-04-09
SAL005279,EMP00051,113631.91,10496.31,10892.81,113235.41,2025-08-18
SAL005280,EMP00177,135676.61,10213.88,11050.97,134839.52,2025-06-03
SAL005281,EMP00448,53810.78,16226.78,14868.61,55168.95,2025-12-21
SAL005282,EMP00145,118010.99,18832.31,12615.96,124227.34,2026-07-23
SAL005283,EMP01152,136949.44,12454.77,1118.09,148286.12,2026-01-05
SAL005284,EMP00119,49734.66,12323.67,4622.64,57435.69,2025-07-10
SAL005285,EMP00646,30517.23,1758.82,6911.1,25364.95,2024-10-23
SAL005286,EMP00114,88285.78,16712.13,14556.74,90441.17,2025-06-20
SAL005287,EMP01109,132329.46,13887.48,6601.2,139615.74,2025-11-14
SAL005288,EMP00839,142614.15,6496.66,3889.74,145221.07,2026-06-07
SAL005289,EMP00654,97748.64,16926.23,2034.7,112640.17,2025-08-18
SAL005290,EMP00565,78310.25,2972.85,10619.2,70663.9,2026-07-09
SAL005291,EMP00604,126609.51,13945.04,13951.9,126602.65,2025-02-12
SAL005292,EMP00862,125588.5,3756.63,3552.08,125793.05,2026-06-22
SAL005293,EMP00904,22905.24,6510.61,6401.37,23014.48,2026-02-23
SAL005294,EMP00318,61047.03,4534.81,8132.98,57448.86,2024-11-12
SAL005295,EMP00018,24528.66,3916.81,8816.25,19629.22,2024-12-22
SAL005296,EMP00745,44959.9,15913.14,8390.31,52482.73,2025-10-11
SAL005297,EMP00417,49964.19,11198.32,13214.15,47948.36,2025-06-15
SAL005298,EMP00254,145533.68,3665.29,6202.03,142996.94,2025-08-10
SAL005299,EMP00039,52552.12,12750,12050.97,53251.15,2025-07-08
SAL005300,EMP00347,86026.42,17697.23,13281.71,90441.94,2025-11-23
SAL005301,EMP00351,90784.1,11729.26,6169.67,96343.69,2025-10-12
SAL005302,EMP00462,35610.67,4247.96,11605.9,28252.73,2025-02-03
SAL005303,EMP00832,133326.17,13270.37,13515.32,133081.22,2024-11-12
SAL005304,EMP00541,69232.49,1759.55,7937.24,63054.8,2026-02-14
SAL005305,EMP00523,32761.73,5419.39,8843.41,29337.71,2025-06-06
SAL005306,EMP00585,88505.29,16245.53,7105.07,97645.75,2025-08-30
SAL005307,EMP00881,106802.16,11950.27,8804.22,109948.21,2026-01-01
SAL005308,EMP00206,115093.29,12080.6,1588.95,125584.94,2026-01-11
SAL005309,EMP00476,105606.5,8037.4,8249.99,105393.91,2025-09-17
SAL005310,EMP00161,30779.53,17563.33,1406.89,46935.97,2026-06-23
SAL005311,EMP00431,46485.97,1435.24,13594.58,34326.63,2025-02-20
SAL005312,EMP00231,61757.65,12434.29,12909.97,61281.97,2025-11-29
SAL005313,EMP00113,23793.2,13755.37,13257.85,24290.72,2025-10-12
SAL005314,EMP00299,148631.72,16295.41,13204.6,151722.53,2025-05-23
SAL005315,EMP00697,67816.64,12919.22,12879.04,67856.82,2024-12-03
SAL005316,EMP00669,21128.43,8036.04,8679.16,20485.31,2024-11-03
SAL005317,EMP00907,44954.02,18330.82,5146.24,58138.6,2025-06-10
SAL005318,EMP00123,51949.91,3465.08,6537.4,48877.59,2025-01-16
SAL005319,EMP00911,32045.66,14230.04,11796.25,34479.45,2026-04-19
SAL005320,EMP00695,50478.47,18767.9,6281.96,62964.41,2025-11-28
SAL005321,EMP00105,45649.53,3580.11,10450.6,38779.04,2025-03-02
SAL005322,EMP00326,144044.46,16097.9,9743.62,150398.74,2026-07-29
SAL005323,EMP00049,133654.23,17685.71,8282.18,143057.76,2025-04-28
SAL005324,EMP00216,143774.03,18287.57,13389.19,148672.41,2026-05-01
SAL005325,EMP00222,37827.09,6390.47,14073.78,30143.78,2025-12-22
SAL005326,EMP00442,96271.62,14426.28,12594.67,98103.23,2025-08-02
SAL005327,EMP00757,90919.16,5890.84,10174.8,86635.2,2025-03-27
SAL005328,EMP00235,82855.36,10257.65,12723.49,80389.52,2025-04-10
SAL005329,EMP00519,33581.62,17972.82,6637.42,44917.02,2024-10-03
SAL005330,EMP00498,101947.3,6990.66,4368.07,104569.89,2025-01-03
SAL005331,EMP00624,31582.66,13600.75,7732.3,37451.11,2025-11-20
SAL005332,EMP01013,40704.48,12226.05,14006,38924.53,2024-12-17
SAL005333,EMP01076,63021.8,3843.87,9917.46,56948.21,2026-02-14
SAL005334,EMP00633,112056.52,4723.93,10155.62,106624.83,2025-12-02
SAL005335,EMP00387,122256.71,13079.69,2256.66,133079.74,2025-11-20
SAL005336,EMP00260,25786.31,5043.27,11915.34,18914.24,2025-04-08
SAL005337,EMP01159,24822.24,3498.86,5063.92,23257.18,2026-07-12
SAL005338,EMP00606,119233.35,2708.08,8700.6,113240.83,2026-04-26
SAL005339,EMP00589,75352.19,5890.15,9833.85,71408.49,2025-08-16
SAL005340,EMP00959,118465.74,7586.53,9408.71,116643.56,2025-02-02
SAL005341,EMP01088,124463.01,13288.97,3696.7,134055.28,2026-03-01
SAL005342,EMP00890,136546.64,10240.21,2677.11,144109.74,2025-04-18
SAL005343,EMP00265,23468.31,4786.03,6986.2,21268.14,2024-10-15
SAL005344,EMP00936,95112.97,19313.62,2276.97,112149.62,2026-08-03
SAL005345,EMP00419,124173.72,2092.86,12420.55,113846.03,2025-11-26
SAL005346,EMP00321,142748.41,19124.22,10339.34,151533.29,2025-02-12
SAL005347,EMP00979,83006,2521.19,13037.26,72489.93,2025-06-24
SAL005348,EMP00874,53765.78,10079.6,2978.38,60867,2024-10-17
SAL005349,EMP00769,130540.59,4181.16,6363.03,128358.72,2025-10-15
SAL005350,EMP01226,140350.94,8551.33,2774.36,146127.91,2025-05-30
SAL005351,EMP00507,109679.7,19404.96,5913.71,123170.95,2024-09-04
SAL005352,EMP00583,53823.87,1805.22,4074.81,51554.28,2024-10-30
SAL005353,EMP00506,142949.76,8764.8,10929.49,140785.07,2026-07-03
SAL005354,EMP00703,89689.74,12963.37,11882.49,90770.62,2024-11-21
SAL005355,EMP00249,83916.95,12419.25,12387.5,83948.7,2025-08-11
SAL005356,EMP00018,127606.42,4681.29,11364.38,120923.33,2026-03-25
SAL005357,EMP01037,84876.28,10130.3,14974.48,80032.1,2026-06-23
SAL005358,EMP01159,121227.83,18472.2,12096.24,127603.79,2026-04-25
SAL005359,EMP00071,90135.59,4356.64,8957.59,85534.64,2025-05-01
SAL005360,EMP00261,47642.89,13493.79,13401.72,47734.96,2026-07-20
SAL005361,EMP00156,120723.94,9410.59,13770.37,116364.16,2025-12-04
SAL005362,EMP00819,50019.35,11640.18,13451.05,48208.48,2025-09-06
SAL005363,EMP00479,34790.54,13667.34,1340.92,47116.96,2025-05-16
SAL005364,EMP00576,137015.75,12430.41,12003.02,137443.14,2024-11-06
SAL005365,EMP00850,146496.37,19127.61,13922.27,151701.71,2024-11-28
SAL005366,EMP00124,66334.72,9345.47,2836.01,72844.18,2026-07-30
SAL005367,EMP00931,104746.95,18969.37,3287.59,120428.73,2026-05-19
SAL005368,EMP00297,132898.64,4950.27,4890.39,132958.52,2024-10-26
SAL005369,EMP00015,92621.31,4404.98,12621.72,84404.57,2025-01-04
SAL005370,EMP01211,127746.77,10481.48,2569.32,135658.93,2025-05-06
SAL005371,EMP00993,29776.01,1495.68,6288.36,24983.33,2025-02-17
SAL005372,EMP00063,66893.23,7459,12542.58,61809.65,2025-08-04
SAL005373,EMP00162,124381.06,17004.84,6985.17,134400.73,2025-02-06
SAL005374,EMP00957,114511.49,12818.17,9082.23,118247.43,2025-03-30
SAL005375,EMP00123,65968.73,15065.41,12671.4,68362.74,2025-01-07
SAL005376,EMP00317,41721.91,9252.15,8134.84,42839.22,2025-12-04
SAL005377,EMP00539,124016.3,19071.01,12486.4,130600.91,2025-03-01
SAL005378,EMP00087,43442.05,6953.07,11064.43,39330.69,2026-05-31
SAL005379,EMP00176,94659.42,14241.76,2664.73,106236.45,2025-03-24
SAL005380,EMP00668,145894.44,5699.42,10523.05,141070.81,2025-07-26
SAL005381,EMP00681,76416.4,13270.08,6467.38,83219.1,2026-05-25
SAL005382,EMP00261,56646.36,11298.33,10088.9,57855.79,2026-03-17
SAL005383,EMP00939,90842.94,4133.04,14341.33,80634.65,2025-02-01
SAL005384,EMP00251,118159.76,12708.27,1721.8,129146.23,2025-01-26
SAL005385,EMP00440,31283.26,5293.93,2318.41,34258.78,2025-03-18
SAL005386,EMP00764,52522.67,11822.31,14367.16,49977.82,2024-09-29
SAL005387,EMP00093,128481.21,19995.05,6049.82,142426.44,2025-08-04
SAL005388,EMP00871,90685.97,17909.77,1110.04,107485.7,2024-09-21
SAL005389,EMP00118,138724.3,11816.18,8403.68,142136.8,2024-12-23
SAL005390,EMP00356,44635.81,17445.33,7013.43,55067.71,2025-08-30
SAL005391,EMP01067,131932.25,5174.59,7361.48,129745.36,2026-05-05
SAL005392,EMP00174,63979.74,1769.08,14873.59,50875.23,2026-03-29
SAL005393,EMP00895,67850.31,3211.67,9727.96,61334.02,2026-06-07
SAL005394,EMP00963,44020.49,19066.73,11462.74,51624.48,2024-12-14
SAL005395,EMP01184,114779.83,16501.46,13239.66,118041.63,2025-01-18
SAL005396,EMP01046,95291.55,15576.06,12925.57,97942.04,2025-12-19
SAL005397,EMP00285,22800.81,3741.26,4530.39,22011.68,2025-03-11
SAL005398,EMP01075,130401.5,1444.27,11432.87,120412.9,2024-11-17
SAL005399,EMP00442,126058.26,15627.08,10129.15,131556.19,2026-05-24
SAL005400,EMP01009,53996.7,19704.2,14534.61,59166.29,2025-08-28
SAL005401,EMP00151,32805.65,3211.93,7725.91,28291.67,2025-05-19
SAL005402,EMP00710,124849.62,14424.08,5054.36,134219.34,2025-01-02
SAL005403,EMP00455,21459.89,8077.18,12948.35,16588.72,2025-02-09
SAL005404,EMP00057,56665.47,1445.36,9021.84,49088.99,2026-05-13
SAL005405,EMP00551,49735,14297.3,3151.49,60880.81,2026-07-28
SAL005406,EMP00815,63799.93,6557.47,6689.91,63667.49,2025-08-21
SAL005407,EMP00481,121320.32,5227.18,4364.65,122182.85,2025-11-25
SAL005408,EMP00622,137992.34,9689.88,9924.22,137758,2025-11-01
SAL005409,EMP00745,85358.68,17284.48,1533.32,101109.84,2025-12-20
SAL005410,EMP00988,102174,10167.93,11562.63,100779.3,2026-05-09
SAL005411,EMP00376,32164.39,11709.8,7850.12,36024.07,2024-12-16
SAL005412,EMP00725,80074.48,2194.23,12337.8,69930.91,2026-07-12
SAL005413,EMP00157,88765.91,7880.91,9310.93,87335.89,2025-10-01
SAL005414,EMP01054,90171.69,12029.43,12595.21,89605.91,2026-05-26
SAL005415,EMP00213,148810.75,16013.3,4794.4,160029.65,2026-04-20
SAL005416,EMP00195,90426.54,17490.46,7983.36,99933.64,2024-10-07
SAL005417,EMP01065,90109.82,6031.25,8810.29,87330.78,2025-08-04
SAL005418,EMP00067,111189.06,16366.56,3450.76,124104.86,2025-09-20
SAL005419,EMP00127,138280.47,6924.85,14536.44,130668.88,2026-03-24
SAL005420,EMP00770,96503.67,18715.7,7775.02,107444.35,2025-01-01
SAL005421,EMP00310,104747.18,8535.05,8646.31,104635.92,2026-01-23
SAL005422,EMP00670,69021.65,9608.39,5065.04,73565,2024-11-26
SAL005423,EMP01128,131653.17,9626.64,5818.64,135461.17,2026-05-10
SAL005424,EMP00278,143866.27,6872.83,12322.61,138416.49,2026-01-03
SAL005425,EMP00709,60879.37,9214.32,14598.66,55495.03,2025-01-06
SAL005426,EMP00262,73941.28,4973.88,10454.45,68460.71,2024-08-25
SAL005427,EMP00759,55370.93,17741.89,9663.69,63449.13,2026-04-11
SAL005428,EMP01153,45660.28,11302.41,1614.55,55348.14,2025-11-28
SAL005429,EMP00626,103759.09,14973.18,10041.9,108690.37,2026-03-08
SAL005430,EMP00107,64091.23,12437.47,4999.33,71529.37,2024-10-28
SAL005431,EMP00905,63600.09,13260.93,9789.87,67071.15,2026-04-03
SAL005432,EMP00861,40086.49,14640.15,1489.01,53237.63,2025-12-19
SAL005433,EMP00065,121110.14,6640.97,12850.31,114900.8,2025-11-28
SAL005434,EMP00632,72932.03,1597.73,12968.92,61560.84,2025-03-26
SAL005435,EMP00094,130554.66,18537.85,11739.59,137352.92,2025-10-30
SAL005436,EMP00686,72773.37,13580.01,2685.48,83667.9,2025-04-27
SAL005437,EMP00030,28268.28,13213.55,12995.88,28485.95,2026-05-14
SAL005438,EMP00848,35801.6,17522.15,3716.01,49607.74,2026-03-30
SAL005439,EMP00616,109572.44,12270.3,7643.89,114198.85,2025-05-04
SAL005440,EMP00641,77034.67,12553.92,6053.32,83535.27,2025-03-19
SAL005441,EMP00152,71405.78,13830.32,10782.48,74453.62,2026-01-01
SAL005442,EMP01127,78909.08,10012.87,13422.66,75499.29,2025-11-29
SAL005443,EMP00377,40590.59,1836.85,1705.27,40722.17,2025-08-28
SAL005444,EMP00996,114614.38,10764.3,8754.7,116623.98,2025-02-16
SAL005445,EMP00496,109651.65,17268.37,14573.02,112347,2024-09-08
SAL005446,EMP00740,145543.79,4674.57,9928.44,140289.92,2025-10-07
SAL005447,EMP00592,78728.23,14665.23,11135.94,82257.52,2024-09-02
SAL005448,EMP01036,127265.71,2187.16,10163.86,119289.01,2026-07-27
SAL005449,EMP01123,52605.42,3541.65,6496.52,49650.55,2024-08-15
SAL005450,EMP00247,109655.61,13808.67,1049.19,122415.09,2025-11-26
SAL005451,EMP00854,93819.08,10159.27,5657.75,98320.6,2026-08-11
SAL005452,EMP00440,116313.87,15199.26,9355.35,122157.78,2025-12-26
SAL005453,EMP00327,35959.92,14260.9,5762.71,44458.11,2026-02-25
SAL005454,EMP00135,35881.02,5439.5,3183.32,38137.2,2025-08-24
SAL005455,EMP00393,41915.89,14103.77,14932.21,41087.45,2026-02-28
SAL005456,EMP01046,24828.86,14758.4,9337.98,30249.28,2025-08-05
SAL005457,EMP00713,81361.61,14901.84,6387.98,89875.47,2025-07-20
SAL005458,EMP00542,32547.26,13795.81,5834.85,40508.22,2025-08-24
SAL005459,EMP00566,120072.21,3768.87,6739.76,117101.32,2024-08-20
SAL005460,EMP00193,59166.98,11142.88,12596.86,57713,2025-04-02
SAL005461,EMP01161,66808.67,14172.15,7681.77,73299.05,2026-06-08
SAL005462,EMP00348,25266.37,2142.38,7663.28,19745.47,2026-07-09
SAL005463,EMP00629,35601.48,14517.95,6843.55,43275.88,2025-05-15
SAL005464,EMP01224,52442.52,3753.27,10865.7,45330.09,2025-09-18
SAL005465,EMP00811,92796.59,7044.42,10348.11,89492.9,2025-08-20
SAL005466,EMP00315,61704.25,2792.97,2597.18,61900.04,2025-11-05
SAL005467,EMP00576,142171.88,17047.34,1438.04,157781.18,2025-07-22
SAL005468,EMP00304,36436.83,3452.69,9212.13,30677.39,2025-10-18
SAL005469,EMP00288,32310.59,2717.53,9058.71,25969.41,2025-04-06
SAL005470,EMP01210,67647.36,1039.16,7042.84,61643.68,2025-07-26
SAL005471,EMP00287,116072.39,3935.1,1056.23,118951.26,2024-12-11
SAL005472,EMP00717,149049.44,17242.7,1984.78,164307.36,2026-07-09
SAL005473,EMP00965,117676.55,10755.92,13887.38,114545.09,2025-07-10
SAL005474,EMP00363,47173.78,11525.17,7886.05,50812.9,2024-11-27
SAL005475,EMP01001,22102.68,6249.56,6813.15,21539.09,2025-10-21
SAL005476,EMP00317,86387.42,8412.92,14211.99,80588.35,2026-04-03
SAL005477,EMP00734,116352.27,7395.56,8631.02,115116.81,2025-07-25
SAL005478,EMP00918,31818.58,13142.18,2561.22,42399.54,2025-06-16
SAL005479,EMP00916,24779.42,10661.76,1523.83,33917.35,2025-01-30
SAL005480,EMP01131,135665.65,17171.95,2909.89,149927.71,2026-05-21
SAL005481,EMP00830,100040.08,16515.49,12918.69,103636.88,2026-05-30
SAL005482,EMP00779,121976.74,10043.32,7177.95,124842.11,2025-08-18
SAL005483,EMP00603,121099.18,10533.79,10878.86,120754.11,2026-04-29
SAL005484,EMP00669,98787.39,8183.8,2147.52,104823.67,2025-12-30
SAL005485,EMP00742,21506.85,1890.43,4808.38,18588.9,2025-08-15
SAL005486,EMP00906,131304.28,4131.67,12397.69,123038.26,2024-10-20
SAL005487,EMP00448,59482.02,18819.3,13572.42,64728.9,2024-12-22
SAL005488,EMP00859,62117.9,7197.11,9059.78,60255.23,2025-02-03
SAL005489,EMP00012,148183.49,11402.88,1213.41,158372.96,2025-02-15
SAL005490,EMP00730,42558.1,14918.06,10871.04,46605.12,2026-03-17
SAL005491,EMP00018,119966.56,5051.25,11857.52,113160.29,2025-09-13
SAL005492,EMP01180,53290.1,10084.67,2489.02,60885.75,2025-03-04
SAL005493,EMP01050,115249.48,12672.49,8344.57,119577.4,2025-03-26
SAL005494,EMP00530,48986.45,10326.35,1122.63,58190.17,2026-03-09
SAL005495,EMP00531,119592.82,12411.43,14017.74,117986.51,2026-05-21
SAL005496,EMP00489,45207.2,4973.01,5448.82,44731.39,2025-09-18
SAL005497,EMP00324,40525.14,11950.1,9920.55,42554.69,2024-08-20
SAL005498,EMP00970,140819.3,7749.72,8020.78,140548.24,2025-05-11
SAL005499,EMP00633,95956.4,18844.53,12678.62,102122.31,2025-10-03
SAL005500,EMP01137,141042.71,2363.8,11222.55,132183.96,2024-12-07
SAL005501,EMP00156,137641.59,8300.78,10278.76,135663.61,2026-01-20
SAL005502,EMP00993,141397.78,8390.97,6978.42,142810.33,2026-03-06
SAL005503,EMP01089,125220.71,7567.67,4660.55,128127.83,2026-04-20
SAL005504,EMP00980,77710.77,13912.31,1171.43,90451.65,2026-08-04
SAL005505,EMP00034,78040.27,18027.72,12725.99,83342,2025-04-16
SAL005506,EMP00633,130407.82,4825.51,10908.23,124325.1,2026-06-02
SAL005507,EMP01133,128028.96,6974.82,6777.01,128226.77,2026-05-18
SAL005508,EMP01083,35947.93,15521.82,12319.78,39149.97,2026-01-13
SAL005509,EMP00486,80626.57,9273.68,12459.32,77440.93,2026-07-15
SAL005510,EMP00540,45468.66,17138.65,10366.57,52240.74,2024-12-26
SAL005511,EMP00955,81791.25,17520.33,9906.97,89404.61,2025-12-05
SAL005512,EMP00099,107401.28,16935.63,10719.55,113617.36,2026-07-01
SAL005513,EMP01227,96140.29,11756.76,13543.73,94353.32,2026-01-06
SAL005514,EMP00229,129264.41,9952.45,12356.89,126859.97,2025-04-14
SAL005515,EMP00808,86616.69,9152.1,13359.34,82409.45,2026-03-17
SAL005516,EMP00579,126260.77,5306.38,9261.9,122305.25,2025-11-27
SAL005517,EMP00735,119422.87,3971.65,11004.23,112390.29,2026-01-27
SAL005518,EMP01011,102876,17598.55,12696.46,107778.09,2026-01-26
SAL005519,EMP01151,44598,11915,13021.3,43491.7,2025-05-02
SAL005520,EMP00357,20944.71,1207.65,12574.95,9577.41,2025-05-06
SAL005521,EMP00870,45042.35,3165.58,3186.24,45021.69,2025-07-07
SAL005522,EMP01109,27969.74,2983.27,2375.15,28577.86,2024-12-28
SAL005523,EMP00857,98650.08,1286.8,6338.71,93598.17,2026-03-05
SAL005524,EMP00725,105818.75,11849.21,10394.75,107273.21,2026-04-17
SAL005525,EMP00647,63730.35,5489.6,10519.98,58699.97,2025-07-25
SAL005526,EMP00685,141371.41,5695.8,14404.42,132662.79,2025-02-06
SAL005527,EMP01021,78717.31,14445.64,14793.84,78369.11,2026-03-13
SAL005528,EMP00394,65150.9,8215.49,6584.22,66782.17,2024-09-11
SAL005529,EMP00953,80900.42,14672.73,9196.03,86377.12,2024-11-08
SAL005530,EMP00197,75986.29,14242.29,7327.71,82900.87,2026-07-21
SAL005531,EMP01033,21253.94,12153.76,9193.86,24213.84,2026-03-22
SAL005532,EMP00081,63908.9,8529.36,2114.07,70324.19,2025-07-15
SAL005533,EMP01036,111082.77,11940.81,3673.1,119350.48,2026-04-23
SAL005534,EMP00290,149536.68,14316.31,6563.45,157289.54,2024-11-05
SAL005535,EMP00421,65002.72,4646.13,1214.76,68434.09,2025-11-08
SAL005536,EMP00621,73296.79,8554.44,1692.42,80158.81,2025-11-13
SAL005537,EMP00286,32630.67,6094.98,1443.38,37282.27,2024-12-22
SAL005538,EMP00842,149752.07,2340.58,4818.67,147273.98,2025-09-06
SAL005539,EMP00170,45372.87,4766.94,8918.16,41221.65,2026-07-17
SAL005540,EMP00481,47536.32,19870.41,7222.15,60184.58,2025-06-12
SAL005541,EMP00387,105847.02,5572.88,10428.29,100991.61,2026-03-07
SAL005542,EMP00458,124229.85,18059.43,12265.54,130023.74,2026-03-03
SAL005543,EMP00552,121640.66,18229.92,11158.8,128711.78,2026-03-14
SAL005544,EMP00534,95842.61,18116.98,10562,103397.59,2025-07-24
SAL005545,EMP00998,59470.33,18595.73,14404.33,63661.73,2025-02-20
SAL005546,EMP00063,107571.31,1053.73,3380.75,105244.29,2024-08-23
SAL005547,EMP00611,79533.14,15692.45,8762.61,86462.98,2024-11-24
SAL005548,EMP00782,40311.41,19762.42,10951.35,49122.48,2025-01-07
SAL005549,EMP00406,40987.2,13038.07,13915.41,40109.86,2026-08-11
SAL005550,EMP00930,28513.45,12956.78,3433.48,38036.75,2026-02-13
SAL005551,EMP00354,31398.81,9912.59,8037.54,33273.86,2026-02-25
SAL005552,EMP00255,126961.88,17682.28,3399.36,141244.8,2025-07-23
SAL005553,EMP00465,40834.62,19595.66,11604.95,48825.33,2026-02-23
SAL005554,EMP00905,135573.26,6089.29,12336.41,129326.14,2026-03-06
SAL005555,EMP00399,107100.58,16495.77,5089.36,118506.99,2025-01-01
SAL005556,EMP00314,141060.98,19485.05,4114.6,156431.43,2026-07-09
SAL005557,EMP01200,131104.53,15268.55,8617.66,137755.42,2026-05-11
SAL005558,EMP00240,116071.23,3080.52,2819.49,116332.26,2024-12-13
SAL005559,EMP00422,129027.31,12644.5,7425.65,134246.16,2024-10-06
SAL005560,EMP00234,107647.12,3746.36,2036.07,109357.41,2024-10-21
SAL005561,EMP00026,83649.95,19678.97,13658.94,89669.98,2025-06-18
SAL005562,EMP00389,66074.33,12160.19,10739.27,67495.25,2024-09-22
SAL005563,EMP01006,130839.6,12085.4,10768.41,132156.59,2025-10-01
SAL005564,EMP00635,100956.8,6000.73,12830.58,94126.95,2026-03-26
SAL005565,EMP00561,78749.6,11900.59,8408.28,82241.91,2026-03-02
SAL005566,EMP00008,84141.07,12848.32,3444.95,93544.44,2025-12-12
SAL005567,EMP00430,138950.5,14840.84,4572.49,149218.85,2025-01-01
SAL005568,EMP01109,72538.92,19053.25,3762.44,87829.73,2025-08-13
SAL005569,EMP01085,72514.54,17230.6,13930.35,75814.79,2024-08-13
SAL005570,EMP00789,67752.53,14691.2,14168.66,68275.07,2024-09-05
SAL005571,EMP00493,31882.79,6223.02,13490.53,24615.28,2025-08-17
SAL005572,EMP00490,103522.44,5519.17,4595.96,104445.65,2026-02-05
SAL005573,EMP00988,39054.79,8031.81,1600.64,45485.96,2024-11-18
SAL005574,EMP01102,30713.49,2656.29,7069.21,26300.57,2025-11-25
SAL005575,EMP00426,92448.33,16777.36,3026.74,106198.95,2025-07-28
SAL005576,EMP00179,94704.99,4686.6,9518,89873.59,2026-07-23
SAL005577,EMP00297,21938.98,14919.53,14248.64,22609.87,2025-12-16
SAL005578,EMP00160,75603.69,18321.42,6758.15,87166.96,2026-07-31
SAL005579,EMP01179,109632.13,2375.31,8500.54,103506.9,2025-03-18
SAL005580,EMP01055,75664.63,19334.63,5776.72,89222.54,2025-01-25
SAL005581,EMP00041,105153.88,1497.67,3745.66,102905.89,2026-02-20
SAL005582,EMP00171,74060.45,6478.26,8736.88,71801.83,2026-05-07
SAL005583,EMP00287,39170.91,5266.56,6519.38,37918.09,2024-09-29
SAL005584,EMP01104,47603.02,1375.75,2094.72,46884.05,2025-05-25
SAL005585,EMP00219,81431.63,3781.01,10794.67,74417.97,2024-12-30
SAL005586,EMP00982,78545.08,9137.68,11031.41,76651.35,2025-10-20
SAL005587,EMP01167,144844.61,17497.58,3478.33,158863.86,2024-08-20
SAL005588,EMP00260,129555.81,15452.91,10344.9,134663.82,2025-07-18
SAL005589,EMP00409,79993.55,9129.67,11552.5,77570.72,2025-05-25
SAL005590,EMP00948,71288.61,13159.34,3955.9,80492.05,2026-04-27
SAL005591,EMP00123,129599.25,4403.76,10249.51,123753.5,2025-02-11
SAL005592,EMP00398,89949.71,1845.81,10363.41,81432.11,2026-04-30
SAL005593,EMP00382,100247.35,17557.66,9604.7,108200.31,2025-11-23
SAL005594,EMP00403,81694.75,2293.22,1490.69,82497.28,2025-07-24
SAL005595,EMP00615,21435.51,12491.16,4126.61,29800.06,2025-11-29
SAL005596,EMP01112,54987.47,19900,2003.01,72884.46,2025-10-10
SAL005597,EMP00568,24633.39,8454.41,5927.75,27160.05,2025-11-03
SAL005598,EMP00429,107225.32,2638.42,13046.05,96817.69,2026-04-26
SAL005599,EMP00225,26141.41,12270.15,8239.18,30172.38,2024-11-22
SAL005600,EMP00412,139646.66,2837.7,8578.76,133905.6,2025-12-11
SAL005601,EMP00425,107021.77,1997.93,9404.1,99615.6,2025-12-10
SAL005602,EMP01095,125326.35,7471.15,7722.03,125075.47,2026-02-23
SAL005603,EMP00007,39438.57,11755.9,8730.85,42463.62,2025-03-11
SAL005604,EMP01134,63253.34,3033.73,3964.36,62322.71,2026-04-20
SAL005605,EMP00302,132843.19,12213.52,3067.89,141988.82,2024-09-09
SAL005606,EMP00850,27113.95,16126,12284.55,30955.4,2025-02-09
SAL005607,EMP00039,121688.61,8224.12,11407.59,118505.14,2026-06-18
SAL005608,EMP00286,149031.59,19977.55,8696.63,160312.51,2025-07-04
SAL005609,EMP01150,149953.59,6978.09,4800.35,152131.33,2026-02-01
SAL005610,EMP01186,119101.75,1207,7722.41,112586.34,2026-04-23
SAL005611,EMP00484,84290.66,5196.74,9631.61,79855.79,2024-10-16
SAL005612,EMP00621,126791.59,18560.7,1424.87,143927.42,2026-03-13
SAL005613,EMP00847,119129.02,9372.19,7706.47,120794.74,2026-01-20
SAL005614,EMP00623,94560.89,19117.22,2692.04,110986.07,2026-08-10
SAL005615,EMP00539,105978.96,14757.88,8788.26,111948.58,2024-12-06
SAL005616,EMP00767,68040.84,13284.84,13768.55,67557.13,2025-08-21
SAL005617,EMP00324,80685.38,4211.67,3571.77,81325.28,2024-09-02
SAL005618,EMP00838,54566.69,15855.71,5661.63,64760.77,2024-12-03
SAL005619,EMP01069,64271.96,7993.77,2400.69,69865.04,2024-11-28
SAL005620,EMP01007,106887.29,19343.04,3132.69,123097.64,2026-06-12
SAL005621,EMP01062,50452.26,12494.24,12942.09,50004.41,2026-02-09
SAL005622,EMP01097,118312.61,2795.49,8261.55,112846.55,2025-03-02
SAL005623,EMP00658,119614.49,6339.55,2921.56,123032.48,2026-03-12
SAL005624,EMP01140,104476.81,12522.95,12386.99,104612.77,2024-09-07
SAL005625,EMP01070,42136.23,10999.75,5676.76,47459.22,2026-05-27
SAL005626,EMP00397,111779.21,6430.96,12382.56,105827.61,2025-09-07
SAL005627,EMP01114,88230.33,1878.31,4782.36,85326.28,2024-12-19
SAL005628,EMP01106,145364.61,19025.77,8709.75,155680.63,2025-11-17
SAL005629,EMP00406,46105.78,14343.23,6406.26,54042.75,2026-08-11
SAL005630,EMP00041,53937.35,9118.75,11604.92,51451.18,2025-05-29
SAL005631,EMP00551,68396.23,17865.61,8884.78,77377.06,2024-08-15
SAL005632,EMP00162,109740.87,9046.96,5512.31,113275.52,2026-05-08
SAL005633,EMP01110,42831.81,17571.78,4590.84,55812.75,2025-04-07
SAL005634,EMP01097,42098.5,12015.13,12519.14,41594.49,2026-06-21
SAL005635,EMP00914,60952.48,2212.18,9742.1,53422.56,2026-07-23
SAL005636,EMP00503,66505.85,7825.2,2547.68,71783.37,2025-12-28
SAL005637,EMP01007,28295.09,17047.23,11386.26,33956.06,2026-01-06
SAL005638,EMP00939,135501.19,4526.75,4954.84,135073.1,2024-11-14
SAL005639,EMP01048,128624.03,8688.71,6130.01,131182.73,2026-04-20
SAL005640,EMP00990,23618.55,15531.92,4793.01,34357.46,2025-09-26
SAL005641,EMP00142,136022.77,8503.44,9404.86,135121.35,2024-08-18
SAL005642,EMP00787,27863.41,9456.92,9092.22,28228.11,2025-05-20
SAL005643,EMP01023,119836.11,1502.8,4997.48,116341.43,2025-03-02
SAL005644,EMP00005,62886.96,1833,7122.73,57597.23,2026-01-29
SAL005645,EMP01126,139114.41,11760.31,9791.28,141083.44,2025-06-03
SAL005646,EMP00713,23668.1,5203.35,4471.7,24399.75,2025-04-26
SAL005647,EMP00059,137631.35,6437.82,11889,132180.17,2026-02-02
SAL005648,EMP00145,86665.74,4646.02,4757.01,86554.75,2026-05-31
SAL005649,EMP00086,42883.41,10348.58,11954.23,41277.76,2026-02-04
SAL005650,EMP00051,35410.88,5169.93,12506.93,28073.88,2025-09-19
SAL005651,EMP00643,36326.57,8683.14,13743.8,31265.91,2025-11-19
SAL005652,EMP01143,26400.43,12458.26,8357.23,30501.46,2025-12-11
SAL005653,EMP00480,88733.95,6600.05,2326.58,93007.42,2025-03-28
SAL005654,EMP00076,93872.94,16266.5,9312.01,100827.43,2025-08-06
SAL005655,EMP00526,149536.6,12120.49,2859.45,158797.64,2025-12-07
SAL005656,EMP00989,87167.73,10843.22,8534.07,89476.88,2026-05-14
SAL005657,EMP00275,149618.61,18846.66,2000.09,166465.18,2026-05-17
SAL005658,EMP00107,144087.06,7926.74,1006.82,151006.98,2025-08-01
SAL005659,EMP00038,128288.77,11694.47,12188.76,127794.48,2026-02-15
SAL005660,EMP00779,99253.1,11436.82,1470.11,109219.81,2024-11-21
SAL005661,EMP00043,25280.91,5685.92,14562.73,16404.1,2026-05-31
SAL005662,EMP00023,55781.31,1561.81,9386.89,47956.23,2025-07-13
SAL005663,EMP00744,68346.12,13296.74,11281.39,70361.47,2025-06-10
SAL005664,EMP00107,36811.31,8095.65,8147.56,36759.4,2025-01-29
SAL005665,EMP00301,41242.91,17040.73,6132.3,52151.34,2025-02-15
SAL005666,EMP00591,107222.09,18349.82,12234.02,113337.89,2026-04-04
SAL005667,EMP01012,43666.62,18397.49,3290.41,58773.7,2024-12-24
SAL005668,EMP00446,145355.47,11886,5222.29,152019.18,2024-09-21
SAL005669,EMP00403,45791.31,7067.5,1934.16,50924.65,2025-01-07
SAL005670,EMP01110,110149.08,5901.41,9361.12,106689.37,2026-03-06
SAL005671,EMP01010,85915.67,11537.82,9268.96,88184.53,2026-07-23
SAL005672,EMP00078,126852.19,3442.8,6639.36,123655.63,2025-09-01
SAL005673,EMP00959,38595.56,17663.03,6924.46,49334.13,2026-04-27
SAL005674,EMP00550,135588.16,14998.97,8910.46,141676.67,2024-09-10
SAL005675,EMP00137,49031.95,4307.05,13236.17,40102.83,2025-04-12
SAL005676,EMP00421,128781.58,8293.03,13835,123239.61,2024-09-30
SAL005677,EMP00011,133185.47,17178.67,4792.76,145571.38,2025-01-18
SAL005678,EMP00255,138684.08,6233.01,7466.44,137450.65,2025-11-30
SAL005679,EMP00335,55885.53,5572.36,9711.17,51746.72,2026-07-10
SAL005680,EMP00991,140430.86,17127.13,2469.41,155088.58,2026-03-30
SAL005681,EMP01213,74188.55,1517.04,6380.92,69324.67,2025-11-29
SAL005682,EMP00573,29278.03,7926.22,9858.38,27345.87,2026-05-30
SAL005683,EMP00719,42620.12,12276.79,2288.69,52608.22,2025-01-28
SAL005684,EMP00176,117264.58,9756.28,6623.02,120397.84,2026-07-22
SAL005685,EMP00044,58526.48,16449.67,9465.92,65510.23,2026-05-11
SAL005686,EMP00438,96348.95,9298.9,1321.54,104326.31,2025-05-21
SAL005687,EMP00129,55397.58,17211.95,6342.48,66267.05,2026-05-30
SAL005688,EMP00621,25619.06,4190.32,4366.89,25442.49,2025-09-29
SAL005689,EMP00534,77079.85,2625.44,8454.75,71250.54,2026-03-16
SAL005690,EMP00778,122251.48,18248.86,4790.01,135710.33,2025-11-01
SAL005691,EMP00463,77482.05,4963.4,11535.37,70910.08,2025-03-30
SAL005692,EMP00513,146404.67,4337.08,10266.71,140475.04,2026-08-06
SAL005693,EMP00886,60203.93,13782.27,6265.14,67721.06,2024-12-14
SAL005694,EMP00693,137876.22,11295.73,13340.23,135831.72,2026-05-06
SAL005695,EMP00213,100615.01,17156.59,11449.51,106322.09,2025-02-01
SAL005696,EMP01078,24215.97,16587.32,1874.11,38929.18,2025-03-13
SAL005697,EMP00988,74372.23,9956.31,9544.33,74784.21,2026-06-13
SAL005698,EMP00543,127281.83,16771.09,13585.03,130467.89,2025-07-17
SAL005699,EMP00098,73631.48,4029.3,13396.01,64264.77,2026-01-26
SAL005700,EMP01098,135000.81,7212.24,14340.49,127872.56,2026-08-04
SAL005701,EMP00886,105563.44,8258.35,5852.63,107969.16,2025-05-17
SAL005702,EMP00587,94136.46,18990.57,9368.66,103758.37,2025-07-04
SAL005703,EMP00175,130971.42,12898.62,7430.01,136440.03,2026-03-28
SAL005704,EMP00410,77945.63,5095.14,9935.68,73105.09,2025-10-04
SAL005705,EMP01148,53573.11,3533.1,12973.16,44133.05,2026-04-17
SAL005706,EMP00541,43590.57,10259.59,12216.79,41633.37,2026-03-24
SAL005707,EMP00469,106556.95,7563.08,10082.42,104037.61,2025-04-16
SAL005708,EMP00468,27853.75,8204.58,14205.1,21853.23,2025-02-12
SAL005709,EMP00021,32451.36,16836.1,11426.94,37860.52,2024-11-04
SAL005710,EMP00781,82122.53,10921.62,1018.16,92025.99,2025-09-01
SAL005711,EMP00502,149771.34,5545.93,4181.04,151136.23,2026-01-31
SAL005712,EMP00414,72752.25,19062.85,10073.44,81741.66,2025-12-07
SAL005713,EMP00646,78370.51,4339.33,5658.15,77051.69,2026-05-21
SAL005714,EMP00049,146064.66,11144.69,2525.57,154683.78,2025-01-07
SAL005715,EMP01087,117318.25,6337.58,5198.82,118457.01,2026-07-25
SAL005716,EMP00674,34312.26,4684.08,12321.82,26674.52,2025-04-09
SAL005717,EMP00497,96770.15,10941.68,2077.38,105634.45,2025-08-27
SAL005718,EMP00913,136044.89,19910.56,4439.69,151515.76,2026-07-13
SAL005719,EMP00358,49779.22,15651.04,6069,59361.26,2024-12-29
SAL005720,EMP00718,145453.34,13811.45,7098.37,152166.42,2026-02-12
SAL005721,EMP00117,61635.99,9204.34,5799.93,65040.4,2024-11-18
SAL005722,EMP00518,116271.45,1758.38,6680.66,111349.17,2026-06-27
SAL005723,EMP00266,123269.23,2522.98,6859.7,118932.51,2024-12-22
SAL005724,EMP00255,112460.42,11944.94,8969.87,115435.49,2026-03-04
SAL005725,EMP01133,69039.75,7174.78,2823.24,73391.29,2026-04-03
SAL005726,EMP00592,79897.98,19468.81,12457.98,86908.81,2026-05-08
SAL005727,EMP00188,58990.94,2182.56,10433.6,50739.9,2024-08-14
SAL005728,EMP01004,87517.65,19482.75,2765.91,104234.49,2026-05-25
SAL005729,EMP00585,129833.35,12196.47,13343.33,128686.49,2025-03-15
SAL005730,EMP00523,100134.19,14655.01,6972.87,107816.33,2025-10-22
SAL005731,EMP00372,99094.21,3192.49,5111.87,97174.83,2025-06-21
SAL005732,EMP00734,29567.08,18338.73,4248.59,43657.22,2025-05-13
SAL005733,EMP00084,90643.11,8483.19,8618.8,90507.5,2025-03-30
SAL005734,EMP00241,43459.46,8716.95,9961.86,42214.55,2025-01-06
SAL005735,EMP00446,24922.92,13163.67,12915.57,25171.02,2025-09-09
SAL005736,EMP00667,84591.54,5180.29,6322.78,83449.05,2025-08-27
SAL005737,EMP00181,63431.98,18417.91,10528.23,71321.66,2026-01-31
SAL005738,EMP00259,131501.04,13678.05,10677.39,134501.7,2025-03-17
SAL005739,EMP00060,65346.99,18064.8,6386.54,77025.25,2024-10-15
SAL005740,EMP00636,34751.4,6438.13,8227.41,32962.12,2025-06-14
SAL005741,EMP00198,128191.7,13106.71,9971.73,131326.68,2026-07-04
SAL005742,EMP01185,83379.65,15873.97,3612.45,95641.17,2024-11-18
SAL005743,EMP01027,43632.17,15300.81,13432.4,45500.58,2026-06-23
SAL005744,EMP00079,22178.27,7576.03,9479.39,20274.91,2024-11-28
SAL005745,EMP00903,109771.37,11633.1,13800.75,107603.72,2025-01-18
SAL005746,EMP01001,138192.68,12335.59,10554.7,139973.57,2026-06-14
SAL005747,EMP00609,72252.14,5390.9,10926.33,66716.71,2024-11-05
SAL005748,EMP00211,142574.21,16122.37,7838.55,150858.03,2025-02-06
SAL005749,EMP00390,47958.11,19364.7,2380.56,64942.25,2025-09-24
SAL005750,EMP00268,70237.51,8854.33,7862.45,71229.39,2025-02-24
SAL005751,EMP00680,59406.09,15474.96,7778.24,67102.81,2026-08-02
SAL005752,EMP01068,59268.58,5816.83,4232.62,60852.79,2026-04-18
SAL005753,EMP00801,85805.04,18704.96,13401.43,91108.57,2025-06-03
SAL005754,EMP00075,110842.72,10764.59,3884.3,117723.01,2026-03-09
SAL005755,EMP00658,25861.94,9488.5,2008.81,33341.63,2026-02-19
SAL005756,EMP00521,73210.43,12834.56,13797.68,72247.31,2024-11-13
SAL005757,EMP00443,45794.67,9469.78,12929.15,42335.3,2026-03-09
SAL005758,EMP00923,22962.45,14220.5,1749.48,35433.47,2026-05-07
SAL005759,EMP00812,145192.55,6995.34,14421.87,137766.02,2026-07-12
SAL005760,EMP00363,56018.65,14727.16,1509.24,69236.57,2025-04-11
SAL005761,EMP00607,120944.11,7413.24,12917.58,115439.77,2025-04-21
SAL005762,EMP01207,126914.96,17488.86,9142.44,135261.38,2025-05-17
SAL005763,EMP01229,67231.27,19197.8,10396.29,76032.78,2025-11-23
SAL005764,EMP00364,35477.44,9052.69,2126.17,42403.96,2026-01-10
SAL005765,EMP00844,121013.53,5634.49,9407,117241.02,2025-12-26
SAL005766,EMP01221,79974.73,19138.42,6684.14,92429.01,2025-12-05
SAL005767,EMP00089,81626.43,16981.12,13652.31,84955.24,2025-03-14
SAL005768,EMP00493,126524.14,15546.22,1985.35,140085.01,2025-12-10
SAL005769,EMP00575,68671.83,16519.04,1130.99,84059.88,2026-05-23
SAL005770,EMP00791,66782.73,13740.48,13231.7,67291.51,2025-04-28
SAL005771,EMP00948,91496.93,19396.03,6235.62,104657.34,2026-07-07
SAL005772,EMP00383,113564.6,5356.77,1726.4,117194.97,2026-07-12
SAL005773,EMP01037,39231.93,8901.01,10748.88,37384.06,2025-02-17
SAL005774,EMP01167,27621.99,6820.06,9182.98,25259.07,2026-08-08
SAL005775,EMP00711,52116.05,19878.39,12167.92,59826.52,2026-03-23
SAL005776,EMP00287,116290.39,7278.63,10175.26,113393.76,2024-10-19
SAL005777,EMP00361,55597.91,16825.13,2221.77,70201.27,2025-02-04
SAL005778,EMP00786,74009.67,3614.25,11766.86,65857.06,2024-09-27
SAL005779,EMP01114,127685.63,17358.09,11607.43,133436.29,2024-09-26
SAL005780,EMP00930,36770.59,5585.18,13480.2,28875.57,2025-08-19
SAL005781,EMP00654,129089.47,15749.33,11553.05,133285.75,2026-03-22
SAL005782,EMP00016,148779.07,7718.34,7593.64,148903.77,2025-05-09
SAL005783,EMP00471,74903.97,2150.38,5188.81,71865.54,2025-06-22
SAL005784,EMP00384,41249.03,15143.6,2278.57,54114.06,2026-08-05
SAL005785,EMP00631,147312.62,2911,2295.41,147928.21,2025-03-20
SAL005786,EMP00635,118552.63,8205.9,1335.2,125423.33,2024-12-30
SAL005787,EMP00104,141322.88,15718.57,8991.95,148049.5,2025-07-24
SAL005788,EMP00113,108768.19,18411.3,8180.19,118999.3,2026-06-29
SAL005789,EMP01055,67284.48,1483.03,3853.8,64913.71,2026-01-24
SAL005790,EMP01059,143999.08,2498.78,3665.13,142832.73,2024-12-20
SAL005791,EMP00099,76619.98,7117.45,5305.43,78432,2025-03-16
SAL005792,EMP00351,127518.28,6422.9,14007.09,119934.09,2025-12-23
SAL005793,EMP00789,82492.73,9953.37,6185.58,86260.52,2025-08-10
SAL005794,EMP01026,35685.59,18374.93,5644.2,48416.32,2024-10-09
SAL005795,EMP01039,27138.07,15552.15,14353.49,28336.73,2025-08-12
SAL005796,EMP00318,113846.07,8842.51,4752.98,117935.6,2025-09-29
SAL005797,EMP00157,42169.97,5146.28,13199.17,34117.08,2026-04-15
SAL005798,EMP00453,50296.82,6729.66,1854.25,55172.23,2026-05-25
SAL005799,EMP00484,49456.94,1977.55,1652.81,49781.68,2025-07-25
SAL005800,EMP00474,74703.42,4818.16,9235.02,70286.56,2024-09-07
SAL005801,EMP01147,46085.99,1450.53,3233.29,44303.23,2025-06-23
SAL005802,EMP00741,32953.06,16704.81,4027.82,45630.05,2026-04-03
SAL005803,EMP00338,92585.82,4399.5,10790.09,86195.23,2025-11-17
SAL005804,EMP00694,93842.47,15028.54,2557.61,106313.4,2025-01-17
SAL005805,EMP00508,115140.82,18648.65,9591.61,124197.86,2025-01-01
SAL005806,EMP00028,101685.25,2726.02,11231.29,93179.98,2026-03-04
SAL005807,EMP00248,71624.94,17619.88,10073.49,79171.33,2026-05-01
SAL005808,EMP00148,135671.1,13152.93,9465.87,139358.16,2026-01-29
SAL005809,EMP00595,88231.19,19945.84,12785.81,95391.22,2025-10-31
SAL005810,EMP00753,38841.58,15146.71,4389.66,49598.63,2026-06-24
SAL005811,EMP00109,69656.88,12730.35,3501.5,78885.73,2026-02-16
SAL005812,EMP00084,86532.92,9737.55,6130.54,90139.93,2025-03-21
SAL005813,EMP00807,36744.34,3545.1,14491.65,25797.79,2025-03-09
SAL005814,EMP01124,27046.47,14519.57,10959.99,30606.05,2026-03-30
SAL005815,EMP01177,78731.16,12884.2,1023.52,90591.84,2024-09-19
SAL005816,EMP00316,128688.79,19624.28,5043.48,143269.59,2026-02-22
SAL005817,EMP01000,125845.88,2807.3,9861.65,118791.53,2024-10-07
SAL005818,EMP00915,105092.98,6905.14,8559.05,103439.07,2025-03-10
SAL005819,EMP00674,76496.81,11499.95,14357.36,73639.4,2026-01-24
SAL005820,EMP00071,32238.1,16327.13,8192.18,40373.05,2025-05-21
SAL005821,EMP00904,75041.15,8576.5,11353.73,72263.92,2026-03-29
SAL005822,EMP00557,34560.95,4178.61,12100.77,26638.79,2025-04-29
SAL005823,EMP00436,136986.62,12300.13,4303.85,144982.9,2026-01-15
SAL005824,EMP00650,106235.1,6593.88,4953.88,107875.1,2025-03-31
SAL005825,EMP00368,133897.56,14958.3,12147.87,136707.99,2025-04-01
SAL005826,EMP00570,49487.57,7546.48,9431.8,47602.25,2025-01-23
SAL005827,EMP00742,55532.79,16695.79,6336.95,65891.63,2026-03-19
SAL005828,EMP01023,98322.05,8094.95,2173.36,104243.64,2025-02-18
SAL005829,EMP00757,114932.83,16185.16,4073.31,127044.68,2024-08-23
SAL005830,EMP00365,87204.47,8750.64,12430.78,83524.33,2025-01-22
SAL005831,EMP00031,78294.23,18265.34,3326.78,93232.79,2026-07-15
SAL005832,EMP00540,143347.66,16016.06,14673.48,144690.24,2025-12-16
SAL005833,EMP00201,72138.47,1523.02,7057.07,66604.42,2026-05-03
SAL005834,EMP00511,135197.46,7802.01,7845.21,135154.26,2025-05-22
SAL005835,EMP00866,35364.54,13242.28,9290.68,39316.14,2025-05-27
SAL005836,EMP00723,64729.79,17172.63,11783.04,70119.38,2024-11-05
SAL005837,EMP00694,62113.88,6611.05,13249.97,55474.96,2026-05-22
SAL005838,EMP00042,44510.76,10598.52,3443.14,51666.14,2024-12-29
SAL005839,EMP01104,92010.96,2737.04,14713.1,80034.9,2026-06-15
SAL005840,EMP00443,49203.36,10751.08,12946.49,47007.95,2025-09-15
SAL005841,EMP00200,110475.25,16229.4,8826.82,117877.83,2025-02-21
SAL005842,EMP00535,34417.37,8234.31,3014.16,39637.52,2025-03-29
SAL005843,EMP00093,53296.43,3462.98,13194.1,43565.31,2025-11-12
SAL005844,EMP00593,38113.31,18303.17,8690.38,47726.1,2024-08-19
SAL005845,EMP00849,32669.84,15532.75,4932.98,43269.61,2024-10-14
SAL005846,EMP00063,119834.37,9679.27,3682.63,125831.01,2025-06-18
SAL005847,EMP00588,102107.26,3187.8,5680.54,99614.52,2025-10-02
SAL005848,EMP00567,96146.23,10547.56,5226.84,101466.95,2025-10-30
SAL005849,EMP01165,70630.7,8512.16,13749.67,65393.19,2025-09-10
SAL005850,EMP00200,113243.91,16238.89,5168.37,124314.43,2026-08-01
SAL005851,EMP00192,125106.15,7376.06,10476.76,122005.45,2024-12-07
SAL005852,EMP01105,128671.55,14436.41,14764.44,128343.52,2025-09-03
SAL005853,EMP00042,39321.96,15732.95,4809.97,50244.94,2025-11-21
SAL005854,EMP00284,55266.03,8684.68,6963.11,56987.6,2026-05-05
SAL005855,EMP00602,112604.05,14594.22,3744.62,123453.65,2026-01-19
SAL005856,EMP00846,69733.7,4372.69,10655.15,63451.24,2025-10-19
SAL005857,EMP00767,26141.07,3878.74,2886.92,27132.89,2024-11-15
SAL005858,EMP00085,22108.8,11420.92,14248.58,19281.14,2025-04-29
SAL005859,EMP00819,88740.79,11038.2,14072.31,85706.68,2025-07-01
SAL005860,EMP00110,126954.96,3572.9,2293.06,128234.8,2025-05-07
SAL005861,EMP01222,32469.46,6078.29,5899.93,32647.82,2025-10-09
SAL005862,EMP00475,104374.92,2893.57,9390.73,97877.76,2025-06-02
SAL005863,EMP00474,121199.16,8838.17,11587.03,118450.3,2026-05-25
SAL005864,EMP01146,92870.72,9374.83,6948.74,95296.81,2026-07-08
SAL005865,EMP00475,58532.94,13615.64,11040.01,61108.57,2025-01-12
SAL005866,EMP00312,26147.05,9082.84,3666.92,31562.97,2025-06-24
SAL005867,EMP00703,125203.06,12593.12,10841.05,126955.13,2025-04-18
SAL005868,EMP01141,98156.74,2993.27,11088.23,90061.78,2024-10-07
SAL005869,EMP01186,56651.06,1991.18,14733.56,43908.68,2025-02-18
SAL005870,EMP00230,124911.86,16571.1,8199.63,133283.33,2026-02-21
SAL005871,EMP00229,87629.8,8701.97,14861.92,81469.85,2025-08-17
SAL005872,EMP00675,48246.52,14923.91,5932.06,57238.37,2026-08-12
SAL005873,EMP00127,65378.11,2161.18,13596.16,53943.13,2026-08-03
SAL005874,EMP01159,88238.23,14101.2,6711.35,95628.08,2025-05-09
SAL005875,EMP00732,141256.49,16589.14,9936.73,147908.9,2026-02-28
SAL005876,EMP00416,142866.4,6644.4,8893.62,140617.18,2025-06-08
SAL005877,EMP00269,113094.31,9395.89,5090.08,117400.12,2026-07-24
SAL005878,EMP00199,74576.34,4106.47,10625.65,68057.16,2025-10-21
SAL005879,EMP00880,78088.3,12263.9,1404.72,88947.48,2025-02-27
SAL005880,EMP00657,109454.08,5397.23,6878.89,107972.42,2025-10-30
SAL005881,EMP00298,140507.92,18270.1,12927.17,145850.85,2025-01-08
SAL005882,EMP00797,33586.42,4768.07,3540.75,34813.74,2025-05-26
SAL005883,EMP01212,123455,15230.14,14399.28,124285.86,2024-10-17
SAL005884,EMP00605,112684.45,16731.94,2134,127282.39,2024-09-17
SAL005885,EMP00232,147012.13,14031.58,1825.19,159218.52,2025-09-22
SAL005886,EMP00190,43549.81,1829.31,4511.61,40867.51,2025-02-19
SAL005887,EMP00165,74956.17,5071.91,10782.8,69245.28,2025-06-15
SAL005888,EMP00948,81729.05,4352.39,14642.59,71438.85,2026-03-24
SAL005889,EMP01107,40448.89,6808.84,7834.58,39423.15,2025-09-04
SAL005890,EMP00962,96822.11,11323.29,1025.52,107119.88,2025-04-07
SAL005891,EMP00785,62448.68,17035.99,11543.11,67941.56,2026-05-01
SAL005892,EMP00020,106214.97,18582.03,1125.08,123671.92,2025-09-25
SAL005893,EMP00241,112544.46,5144.31,14121.48,103567.29,2025-05-16
SAL005894,EMP00411,77160.15,19883.56,10240.25,86803.46,2024-11-20
SAL005895,EMP00686,133716.87,8408.06,10160.44,131964.49,2026-03-22
SAL005896,EMP00036,117319.94,14155.69,14543.02,116932.61,2025-02-19
SAL005897,EMP00393,122487.62,14718.49,2325.16,134880.95,2025-07-11
SAL005898,EMP00094,32023.99,1426.58,5358.48,28092.09,2024-09-10
SAL005899,EMP01032,101573.19,9631.26,8658.52,102545.93,2025-05-16
SAL005900,EMP00752,149237.09,16674.04,10377.7,155533.43,2025-12-30
SAL005901,EMP00365,52259.57,3092.5,5518.77,49833.3,2026-01-30
SAL005902,EMP01026,137385.59,1557.21,14885.31,124057.49,2026-02-01
SAL005903,EMP00020,133049.34,3347.9,8114.23,128283.01,2025-10-05
SAL005904,EMP01067,76261.45,13285.26,2900.67,86646.04,2025-02-04
SAL005905,EMP00447,30415.46,6410.45,10600.87,26225.04,2026-05-20
SAL005906,EMP00306,76390.73,7514.26,5908.78,77996.21,2026-05-20
SAL005907,EMP01086,69711.44,7941.49,6368.52,71284.41,2026-06-05
SAL005908,EMP00301,61217.82,6156.97,2850.02,64524.77,2025-09-19
SAL005909,EMP00205,109244.99,2227.69,6586.44,104886.24,2026-05-27
SAL005910,EMP00457,146006.01,15384.33,10471.72,150918.62,2026-04-20
SAL005911,EMP00392,42824.04,18187.74,5857.89,55153.89,2025-01-08
SAL005912,EMP00042,62350.72,10810.61,10944.91,62216.42,2026-01-15
SAL005913,EMP00518,146306.42,16513.55,4174.5,158645.47,2025-09-14
SAL005914,EMP00185,83677.21,17122.77,10639.56,90160.42,2025-05-15
SAL005915,EMP01187,67347.74,13547.2,4758.7,76136.24,2026-04-01
SAL005916,EMP00076,52509.36,17411.04,3544.41,66375.99,2024-09-25
SAL005917,EMP00404,69838.65,1324.99,9278.59,61885.05,2025-09-03
SAL005918,EMP00370,52059.73,6231.25,14083.31,44207.67,2025-12-27
SAL005919,EMP00742,126770.93,7975.66,14529.93,120216.66,2026-06-25
SAL005920,EMP00883,136687.05,14110.13,1708.16,149089.02,2024-10-03
SAL005921,EMP00428,58379.29,2887.67,11547.89,49719.07,2025-02-04
SAL005922,EMP00644,67902.08,3124.25,10554.49,60471.84,2026-02-02
SAL005923,EMP00150,113898.7,5334.17,3484.56,115748.31,2024-11-29
SAL005924,EMP00841,83008.22,13058.24,14569.25,81497.21,2025-01-22
SAL005925,EMP01027,113979.09,17521.69,12346.03,119154.75,2025-04-15
SAL005926,EMP00599,28124.25,15588.64,13616.6,30096.29,2025-07-03
SAL005927,EMP00841,91909.09,6089.8,12946.58,85052.31,2025-03-01
SAL005928,EMP01174,67785.42,14956.66,3377.97,79364.11,2024-08-13
SAL005929,EMP00187,52389.51,13547.9,11095.76,54841.65,2025-06-23
SAL005930,EMP00978,119723.49,17210.19,10978.67,125955.01,2025-05-26
SAL005931,EMP00438,33119.55,5581.86,4746.88,33954.53,2024-11-09
SAL005932,EMP00359,84714.74,8172.15,6699.83,86187.06,2024-09-18
SAL005933,EMP00722,115392.7,16178.07,7331.02,124239.75,2025-03-15
SAL005934,EMP00939,144091.8,9112.69,11578,141626.49,2026-05-28
SAL005935,EMP01229,31136.46,8045.69,11281.72,27900.43,2026-01-24
SAL005936,EMP00247,97267.32,18071.18,14133.34,101205.16,2025-11-15
SAL005937,EMP00117,32775.65,7573.9,3238.76,37110.79,2024-10-26
SAL005938,EMP00595,99927.17,13283.82,12388.17,100822.82,2025-01-18
SAL005939,EMP00066,67893.68,6687.13,6126.79,68454.02,2024-11-11
SAL005940,EMP00774,107709.16,2454.55,2124.23,108039.48,2026-04-09
SAL005941,EMP00564,35403.12,15090.33,11837.98,38655.47,2025-02-05
SAL005942,EMP00733,55896.32,4091.27,3311.27,56676.32,2025-11-07
SAL005943,EMP00931,99129.44,11467.27,7344.61,103252.1,2026-02-01
SAL005944,EMP00250,92247.03,15287.89,14657.82,92877.1,2025-06-27
SAL005945,EMP00838,21703.32,2785.56,8870.05,15618.83,2025-05-24
SAL005946,EMP00260,58037.5,4527.62,12135.73,50429.39,2024-09-04
SAL005947,EMP00202,24786.1,2211.61,12111.89,14885.82,2025-11-14
SAL005948,EMP00577,124833.62,14560.61,3428.71,135965.52,2024-11-22
SAL005949,EMP00063,72261.09,8300.24,4314.38,76246.95,2025-03-03
SAL005950,EMP00065,45787.8,8854.8,5954.97,48687.63,2026-05-21
SAL005951,EMP00837,89737.51,2729.02,9629.96,82836.57,2025-09-28
SAL005952,EMP00604,57977.8,10099.92,9660.78,58416.94,2024-12-29
SAL005953,EMP00198,25820.2,7515.59,2221.83,31113.96,2025-05-26
SAL005954,EMP00099,106646.07,6416.63,3060.08,110002.62,2026-03-31
SAL005955,EMP00676,57548.22,18186.54,2138.58,73596.18,2025-02-06
SAL005956,EMP00970,21447.35,4172.24,6144.16,19475.43,2025-02-02
SAL005957,EMP00822,25517.39,14548.7,3821.02,36245.07,2025-03-19
SAL005958,EMP00938,90084.58,8543.75,7053.38,91574.95,2025-09-03
SAL005959,EMP01026,144980.03,15462.29,11539.95,148902.37,2025-12-08
SAL005960,EMP00785,126706.31,19390.12,2090,144006.43,2026-01-24
SAL005961,EMP01057,146298.94,2483.05,13088.15,135693.84,2025-10-27
SAL005962,EMP00610,144587.6,18852.57,14588.61,148851.56,2025-06-23
SAL005963,EMP00126,52896.59,17849.58,13425.98,57320.19,2024-12-12
SAL005964,EMP01170,59345.66,8184.64,9870.5,57659.8,2025-04-09
SAL005965,EMP00350,31470.76,1352.24,7025.66,25797.34,2025-12-03
SAL005966,EMP00789,104669.47,5642.18,2707.95,107603.7,2026-02-17
SAL005967,EMP01166,67194.42,14850.72,9840.76,72204.38,2026-04-26
SAL005968,EMP00763,63242.62,17136.5,3540.47,76838.65,2025-08-10
SAL005969,EMP00204,82964.25,17584.23,10288.22,90260.26,2026-05-25
SAL005970,EMP00496,54168.57,13679.12,3904.14,63943.55,2025-06-03
SAL005971,EMP00258,25444.85,16445.1,13999.97,27889.98,2024-10-13
SAL005972,EMP00896,62360.94,3167.42,5362.2,60166.16,2024-08-28
SAL005973,EMP00573,80094.37,19630.52,11222.42,88502.47,2026-06-24
SAL005974,EMP00925,20440.24,3096.06,14033.65,9502.65,2025-01-18
SAL005975,EMP00433,61664.08,11831.83,13557.67,59938.24,2026-04-28
SAL005976,EMP01027,76241.15,12842.9,14163.38,74920.67,2025-09-13
SAL005977,EMP00702,107385.91,16412.55,9238.73,114559.73,2025-11-24
SAL005978,EMP00926,61862.92,2328.17,13062.27,51128.82,2024-08-31
SAL005979,EMP00016,111478.61,16076.13,3992.51,123562.23,2026-06-21
SAL005980,EMP01053,87615.86,8684.84,9568.61,86732.09,2025-05-23
SAL005981,EMP00352,149934.43,19560.77,13793.17,155702.03,2026-05-11
SAL005982,EMP00304,140442.61,9613.04,8474.38,141581.27,2026-03-21
SAL005983,EMP00770,22948.69,6848.47,3906.43,25890.73,2024-12-10
SAL005984,EMP00169,124155.2,13754.66,9611.67,128298.19,2025-01-05
SAL005985,EMP01110,111039.89,6965.67,3684.57,114320.99,2025-11-15
SAL005986,EMP00215,47062.99,14777.29,5940.67,55899.61,2026-04-30
SAL005987,EMP00958,98973.53,4522.42,5889.01,97606.94,2025-05-28
SAL005988,EMP00594,64161.58,2827.95,13704.61,53284.92,2025-04-29
SAL005989,EMP01148,132068.61,18149.05,4937.54,145280.12,2025-06-08
SAL005990,EMP00055,105612.16,8646.32,11715.89,102542.59,2026-07-06
SAL005991,EMP01230,85284.89,10886.26,14646.48,81524.67,2025-02-07
SAL005992,EMP01036,51859.08,17651.41,10472.9,59037.59,2025-07-07
SAL005993,EMP00531,33169.09,9395.31,13127.95,29436.45,2026-07-24
SAL005994,EMP00641,143552.06,11566.93,6194.21,148924.78,2026-04-04
SAL005995,EMP00603,131781.52,18985.65,14697.4,136069.77,2025-06-02
SAL005996,EMP00153,25646.19,11309.14,11160.78,25794.55,2026-05-09
SAL005997,EMP00730,77143.49,7045.6,6696.08,77493.01,2025-10-03
SAL005998,EMP00912,23549.47,12324.12,13864.69,22008.9,2025-02-05
SAL005999,EMP00426,92488.04,17778.64,13302.3,96964.38,2025-01-13
SAL006000,EMP00513,137735.02,7158.65,5562.26,139331.41,2026-07-19
SAL006001,EMP00101,143527.72,17264.03,11310.38,149481.37,2026-02-01
SAL006002,EMP01220,103483.41,18023.36,2792.76,118714.01,2025-09-06
SAL006003,EMP00506,71582.37,13379.29,14519.1,70442.56,2026-01-22
SAL006004,EMP00415,72772.57,15575.19,5751.02,82596.74,2025-12-16
SAL006005,EMP00801,47622.37,7990.07,4847.37,50765.07,2025-06-08
SAL006006,EMP00321,130614.17,19934.83,3282.82,147266.18,2024-12-03
SAL006007,EMP00776,91828.51,9414.06,13135.69,88106.88,2026-05-02
SAL006008,EMP00879,47782.68,15375.02,6995.5,56162.2,2026-04-27
SAL006009,EMP01063,88901.92,18543.84,10959.17,96486.59,2026-07-23
SAL006010,EMP00182,142580.91,8015.22,9455.78,141140.35,2025-01-04
SAL006011,EMP00314,50650.6,14327.17,5968.55,59009.22,2026-03-12
SAL006012,EMP00149,140628.78,1802.76,3041.3,139390.24,2025-11-21
SAL006013,EMP00159,64586.49,14330.22,14701.71,64215,2025-12-04
SAL006014,EMP00646,88214.19,14063.73,12543.05,89734.87,2025-12-29
SAL006015,EMP00642,100946.25,4741.66,4294.98,101392.93,2026-05-02
SAL006016,EMP00596,63764.4,18513.17,5471.65,76805.92,2025-12-28
SAL006017,EMP01120,36436.95,14876.12,3610.82,47702.25,2025-08-31
SAL006018,EMP00592,98479.82,14612.31,13423.9,99668.23,2024-12-03
SAL006019,EMP00113,135818.87,14093.77,3324.2,146588.44,2026-02-05
SAL006020,EMP01095,63803.67,12106.42,9469.58,66440.51,2025-10-20
SAL006021,EMP00543,130836.99,19074.22,12287.93,137623.28,2024-12-12
SAL006022,EMP00614,53449.99,11587.44,10257.39,54780.04,2026-05-29
SAL006023,EMP00739,131528.56,4014.96,7714.84,127828.68,2025-03-18
SAL006024,EMP00702,99166.12,13592.15,8382.74,104375.53,2025-05-18
SAL006025,EMP00547,122080.07,14589.64,3989.95,132679.76,2025-10-25
SAL006026,EMP00262,78688.15,7800.54,11958.27,74530.42,2025-02-28
SAL006027,EMP00499,99079.92,1435.55,13730.02,86785.45,2024-10-17
SAL006028,EMP00779,123265.23,13258.18,2416.4,134107.01,2025-09-02
SAL006029,EMP00657,143250.46,3981.36,9116.34,138115.48,2026-05-07
SAL006030,EMP00877,85198.96,6130.73,12083.14,79246.55,2024-11-28
SAL006031,EMP01047,34104.46,8415.82,1401.45,41118.83,2026-07-09
SAL006032,EMP00389,51728.84,1036.14,8586.07,44178.91,2025-01-03
SAL006033,EMP00794,126481.45,7986.38,14132.72,120335.11,2025-11-19
SAL006034,EMP00759,34005.7,13703.86,12673.7,35035.86,2026-04-09
SAL006035,EMP00559,105280.88,12477.35,2425.23,115333,2025-11-15
SAL006036,EMP00677,103208.26,12793.58,14283.44,101718.4,2026-03-15
SAL006037,EMP00835,116491.06,19343.68,13126.68,122708.06,2025-02-19
SAL006038,EMP00695,112092.65,16216.05,9281.58,119027.12,2024-09-28
SAL006039,EMP00754,47569.81,5650.38,3204.23,50015.96,2025-03-20
SAL006040,EMP00341,58740.14,6413.6,3203.79,61949.95,2025-08-26
SAL006041,EMP00802,23124.7,9826.28,12131.72,20819.26,2025-12-12
SAL006042,EMP00037,70129.16,13564.05,2429.97,81263.24,2024-09-30
SAL006043,EMP00815,64855.94,1756.09,2864.33,63747.7,2026-04-30
SAL006044,EMP00113,53557.53,7184.16,14556.09,46185.6,2025-07-29
SAL006045,EMP00810,58055.81,16656.29,2323.67,72388.43,2025-02-17
SAL006046,EMP00984,27698.84,16993.32,4379.99,40312.17,2025-07-15
SAL006047,EMP00991,46329.69,2279.94,1572.58,47037.05,2025-02-23
SAL006048,EMP01193,75739.44,3288.11,12624.78,66402.77,2025-06-08
SAL006049,EMP00321,147049.23,9204.27,2782.38,153471.12,2025-04-18
SAL006050,EMP00097,44929.17,19110.4,2469.88,61569.69,2025-04-11
SAL006051,EMP00473,75568.38,16542.02,14329.25,77781.15,2024-09-12
SAL006052,EMP00061,140606.01,16058.68,13391.65,143273.04,2026-05-18
SAL006053,EMP00751,51973.02,2926.84,12659.76,42240.1,2024-09-12
SAL006054,EMP00765,22594.72,13092.43,5850.89,29836.26,2026-02-13
SAL006055,EMP00792,86516.87,8503.73,12349.05,82671.55,2025-01-26
SAL006056,EMP00491,67341.14,18663.35,4612.2,81392.29,2026-06-03
SAL006057,EMP00125,49236.24,16169.84,3864.66,61541.42,2025-11-06
SAL006058,EMP00920,25892.34,3131.25,3368.5,25655.09,2026-03-11
SAL006059,EMP00221,76063.36,9725.88,5309.41,80479.83,2025-10-04
SAL006060,EMP00319,66127.04,3174.5,13425.7,55875.84,2025-09-28
SAL006061,EMP01149,83440.16,13553.12,5156.24,91837.04,2026-01-11
SAL006062,EMP01039,38670.89,9484.47,9633.02,38522.34,2025-05-05
SAL006063,EMP00281,45816.7,10925.92,11645,45097.62,2026-01-18
SAL006064,EMP00891,149372.38,8041.54,11526.36,145887.56,2025-06-11
SAL006065,EMP01064,76763.78,7516.27,5310.14,78969.91,2026-03-14
SAL006066,EMP01148,101101.05,11378.03,4419.41,108059.67,2026-01-30
SAL006067,EMP00952,109379.39,3364.5,7152.65,105591.24,2025-01-15
SAL006068,EMP00762,66033.63,17334.96,10531.16,72837.43,2025-12-04
SAL006069,EMP00372,56935.09,18477.67,9217.21,66195.55,2025-11-08
SAL006070,EMP00247,43405.29,8079.59,9953.25,41531.63,2026-07-11
SAL006071,EMP00593,64379.71,10438.02,5720.57,69097.16,2024-12-22
SAL006072,EMP00228,81627.14,2586.22,9152.92,75060.44,2024-09-25
SAL006073,EMP00043,71426.27,3065.02,13298.96,61192.33,2025-01-03
SAL006074,EMP00271,47904.7,19356.31,12686.2,54574.81,2025-11-15
SAL006075,EMP00712,32023.8,14815.85,13164.44,33675.21,2025-12-15
SAL006076,EMP01002,125975.84,8255.44,4323.02,129908.26,2024-08-21
SAL006077,EMP01021,78834.64,12541.11,1353.59,90022.16,2026-01-04
SAL006078,EMP00396,140884.93,18481.87,1628.7,157738.1,2025-11-10
SAL006079,EMP01157,94000,18085.24,8662.56,103422.68,2025-09-14
SAL006080,EMP00043,145213.26,10333.5,11946.05,143600.71,2024-12-20
SAL006081,EMP00565,110250.79,2086.25,13067.97,99269.07,2026-04-27
SAL006082,EMP00105,34750.1,4691.84,8507.56,30934.38,2025-04-28
SAL006083,EMP01082,97124.98,16923.03,12215.94,101832.07,2024-10-03
SAL006084,EMP00001,121064.56,12747.43,10991.8,122820.19,2025-05-14
SAL006085,EMP00520,29416.23,17667.94,6665.25,40418.92,2025-07-17
SAL006086,EMP01017,72480.67,6341.25,5732.19,73089.73,2026-03-08
SAL006087,EMP00558,57373.47,14694.53,14342.36,57725.64,2025-08-26
SAL006088,EMP00966,133645.97,17039.88,12796.11,137889.74,2024-12-01
SAL006089,EMP00851,106951.49,11702.44,11831.94,106821.99,2026-06-07
SAL006090,EMP00185,89592.59,16350.23,10496.37,95446.45,2026-07-10
SAL006091,EMP00320,131539.93,14220.55,10158.72,135601.76,2026-05-04
SAL006092,EMP00314,80953.55,12788.79,2857.65,90884.69,2025-09-04
SAL006093,EMP00978,110473.27,1873.24,14308.9,98037.61,2024-11-26
SAL006094,EMP01219,23373.45,7606.75,9822.09,21158.11,2026-01-10
SAL006095,EMP00955,35353.4,4357.83,6008.69,33702.54,2026-02-19
SAL006096,EMP00945,84073.12,7171.97,2555.38,88689.71,2025-01-22
SAL006097,EMP00571,126497.98,12760.08,7170.8,132087.26,2025-05-15
SAL006098,EMP01225,110289.86,6320.28,6123.52,110486.62,2026-05-28
SAL006099,EMP00697,106231.03,17854.61,14243.3,109842.34,2026-03-05
SAL006100,EMP00077,69437.77,9185.76,13066.35,65557.18,2024-10-25
SAL006101,EMP00202,137325.45,6680.99,3346.19,140660.25,2025-09-03
SAL006102,EMP00228,116486.26,18899.37,4686.9,130698.73,2025-12-26
SAL006103,EMP00078,97610.89,4062.26,8000.63,93672.52,2026-08-06
SAL006104,EMP00262,146772.99,4644.84,10936.25,140481.58,2026-02-27
SAL006105,EMP00154,124071.68,3400.14,13797.83,113673.99,2024-09-03
SAL006106,EMP00274,131259.22,7721.48,13017.99,125962.71,2026-04-09
SAL006107,EMP01070,102666.13,4997.11,13264.45,94398.79,2026-07-08
SAL006108,EMP00851,120080.69,16533.78,10506.91,126107.56,2026-01-16
SAL006109,EMP00651,119892.28,1395.65,2210.85,119077.08,2026-04-28
SAL006110,EMP00476,136610.71,16647.8,13865.71,139392.8,2025-10-17
SAL006111,EMP00041,26323.51,13612.26,8452.71,31483.06,2026-02-19
SAL006112,EMP00220,50434.25,16782.82,3919.01,63298.06,2025-09-22
SAL006113,EMP00540,112620.13,13017.06,2909.73,122727.46,2025-12-02
SAL006114,EMP01116,106932.74,5899.65,12837.5,99994.89,2026-04-03
SAL006115,EMP00229,58481.92,18099.21,12996.2,63584.93,2025-09-25
SAL006116,EMP00283,69030.91,1183.3,14501.86,55712.35,2025-09-23
SAL006117,EMP00275,68689.15,11523.33,9906.01,70306.47,2025-05-22
SAL006118,EMP00476,77877.78,11285.02,10530.58,78632.22,2025-05-16
SAL006119,EMP00881,102472.93,13588.56,1159.08,114902.41,2025-01-07
SAL006120,EMP00218,127941.61,15839.99,14575.86,129205.74,2025-08-23
SAL006121,EMP01206,108867.27,18506.43,7027.07,120346.63,2026-01-25
SAL006122,EMP01038,20097.47,11341.39,6816.63,24622.23,2026-05-16
SAL006123,EMP01019,91146.74,11286.39,12729.52,89703.61,2025-06-24
SAL006124,EMP00203,130641.18,6931.59,9559.47,128013.3,2026-05-11
SAL006125,EMP00338,105821.12,4582.71,10843.03,99560.8,2025-09-03
SAL006126,EMP00199,29341.09,14699.44,2125.98,41914.55,2025-05-11
SAL006127,EMP01019,99545.34,1545.23,3693.4,97397.17,2026-02-17
SAL006128,EMP00263,23873.8,7959.99,12823.74,19010.05,2025-05-20
SAL006129,EMP01128,44438.75,11090.81,4917.34,50612.22,2026-02-05
SAL006130,EMP00571,139193.42,8078.97,12879.45,134392.94,2026-01-16
SAL006131,EMP01163,29428.42,1621.38,10960.31,20089.49,2025-08-04
SAL006132,EMP00034,144395.91,11631.24,11993.52,144033.63,2025-10-04
SAL006133,EMP00690,33945.11,2561.12,5324.73,31181.5,2026-05-18
SAL006134,EMP00681,149633.14,19724.54,13385.55,155972.13,2026-02-21
SAL006135,EMP00493,131744.44,2098.11,3099.88,130742.67,2026-07-05
SAL006136,EMP00809,40206.97,13324.39,7952.35,45579.01,2025-02-09
SAL006137,EMP00288,69363.13,6698.72,3227.04,72834.81,2025-12-14
SAL006138,EMP01067,32080.99,17370.6,2193.36,47258.23,2026-02-12
SAL006139,EMP00257,135592.07,1231.37,12392.47,124430.97,2026-02-16
SAL006140,EMP01225,78671.35,11007.86,13212.75,76466.46,2024-08-26
SAL006141,EMP00851,58508.06,14052.22,3797.59,68762.69,2025-02-20
SAL006142,EMP00060,138705.5,13982.77,8752.22,143936.05,2024-12-11
SAL006143,EMP00654,90254.21,8838.91,7274.38,91818.74,2024-12-23
SAL006144,EMP00777,28416.76,2131.14,3578.64,26969.26,2026-07-08
SAL006145,EMP00300,73324.73,3529.34,1397.86,75456.21,2026-02-15
SAL006146,EMP00322,143982.42,4687.23,10048.51,138621.14,2026-08-08
SAL006147,EMP01147,50983.15,13487.07,4291.05,60179.17,2024-10-11
SAL006148,EMP00355,56610.05,4196.74,11736.52,49070.27,2025-08-14
SAL006149,EMP00931,138968.83,10337.3,9534.3,139771.83,2024-12-22
SAL006150,EMP01034,120484.99,8028.34,1158.97,127354.36,2026-05-29
SAL006151,EMP00621,70361.92,3974.09,14184.48,60151.53,2024-10-20
SAL006152,EMP01138,56956.18,11739.76,7929.93,60766.01,2025-10-20
SAL006153,EMP00413,90717.88,1021.45,2028.13,89711.2,2026-02-16
SAL006154,EMP00455,101840.26,13770.03,6662.13,108948.16,2025-07-01
SAL006155,EMP00013,126347.25,8040.67,10729.61,123658.31,2026-07-08
SAL006156,EMP00501,88263.63,2449.69,2920.7,87792.62,2025-01-30
SAL006157,EMP01030,142231.94,12651.81,12052.24,142831.51,2024-10-04
SAL006158,EMP00422,104562.37,9348.74,1363.58,112547.53,2026-07-15
SAL006159,EMP00755,67054.24,1727.3,8998.54,59783,2025-03-23
SAL006160,EMP00525,82072.14,19555.44,3654.12,97973.46,2025-10-14
SAL006161,EMP00676,40677.97,9902.26,14916.23,35664,2025-09-04
SAL006162,EMP00916,106395.63,11166.09,6344.06,111217.66,2025-05-19
SAL006163,EMP00112,68546.64,15986.57,9056.53,75476.68,2024-11-29
SAL006164,EMP01011,117033.36,5436.26,11451.95,111017.67,2026-03-19
SAL006165,EMP00493,76815.25,6129.61,1395.19,81549.67,2024-11-10
SAL006166,EMP00350,20196.98,9225.48,6012.37,23410.09,2026-01-12
SAL006167,EMP00983,92362.22,12230.09,8809.33,95782.98,2024-09-20
SAL006168,EMP00085,21554.02,15423.1,6977.04,30000.08,2024-12-23
SAL006169,EMP00853,38928.11,11568.41,12276.08,38220.44,2025-11-12
SAL006170,EMP00314,122149.54,12085.75,7637.59,126597.7,2026-06-26
SAL006171,EMP00773,92792.11,4111.09,4820.8,92082.4,2025-05-22
SAL006172,EMP00240,52364.96,12289.41,5636.66,59017.71,2025-08-29
SAL006173,EMP00557,78522.32,4702.45,6148.28,77076.49,2026-05-19
SAL006174,EMP01225,107229.97,10810.69,5264.84,112775.82,2025-04-22
SAL006175,EMP00784,80191.24,13135.47,2921.22,90405.49,2025-09-13
SAL006176,EMP00444,105529.97,13559.35,7678.57,111410.75,2025-06-22
SAL006177,EMP00869,93091.52,3562.46,13539.62,83114.36,2024-10-02
SAL006178,EMP00959,57769.88,9188.61,2182.2,64776.29,2026-06-07
SAL006179,EMP00174,106115.83,1635.4,5240.48,102510.75,2025-02-02
SAL006180,EMP00150,111754.74,4668.2,1142.97,115279.97,2026-04-10
SAL006181,EMP01052,146868.27,7207.1,1065.65,153009.72,2024-12-03
SAL006182,EMP00065,131312.27,14870.67,4136.15,142046.79,2025-03-14
SAL006183,EMP00844,132904.77,12832.94,11687.26,134050.45,2025-04-19
SAL006184,EMP00482,115621.67,8401.97,11094.6,112929.04,2025-09-26
SAL006185,EMP00633,104780.62,7723.54,3415.55,109088.61,2024-08-25
SAL006186,EMP01044,116447.98,6008.14,3286.71,119169.41,2024-08-16
SAL006187,EMP00850,40485.86,16746.25,8159.02,49073.09,2024-11-12
SAL006188,EMP01061,23161.1,1026.23,10442.16,13745.17,2026-08-12
SAL006189,EMP00763,55751.55,6677.7,11447.33,50981.92,2025-08-18
SAL006190,EMP00801,114283.34,10147.8,13439.98,110991.16,2025-01-14
SAL006191,EMP00909,25157.53,1005.84,4773.59,21389.78,2025-06-08
SAL006192,EMP00756,53899.58,10987.57,11485.67,53401.48,2025-05-17
SAL006193,EMP01180,85476.72,10145.47,13141.7,82480.49,2026-07-20
SAL006194,EMP00396,142558.17,18880.77,12213.83,149225.11,2025-10-11
SAL006195,EMP00485,45833.39,9824.02,9894.44,45762.97,2024-08-19
SAL006196,EMP00092,94757.52,17565.79,1580.73,110742.58,2025-09-20
SAL006197,EMP00587,24494.65,2634.19,9287.39,17841.45,2025-03-10
SAL006198,EMP00228,74835.59,9945.63,11359.64,73421.58,2025-01-06
SAL006199,EMP00218,147307.62,5492.43,5179.3,147620.75,2026-05-11
SAL006200,EMP00218,40771.01,12173.33,7040.39,45903.95,2025-08-09
SAL006201,EMP00388,35967.62,17550.83,1793.61,51724.84,2025-06-12
SAL006202,EMP00036,50487.41,13196.71,13198.92,50485.2,2025-11-25
SAL006203,EMP00229,124710.91,12851.78,12429.56,125133.13,2025-03-06
SAL006204,EMP01038,149187.44,3368.31,1704.21,150851.54,2025-07-05
SAL006205,EMP01105,115652.73,16765.51,6884.68,125533.56,2024-08-21
SAL006206,EMP01222,111397.66,14064.39,11236.88,114225.17,2026-02-05
SAL006207,EMP00287,90659.28,16986.22,2863.53,104781.97,2026-07-16
SAL006208,EMP00023,58664.81,17782.71,3361.99,73085.53,2025-05-08
SAL006209,EMP00216,97355.84,11455.61,9515.15,99296.3,2026-01-31
SAL006210,EMP00131,52806.1,18922.03,2794.46,68933.67,2026-06-26
SAL006211,EMP01218,124341.45,4854.13,14734.21,114461.37,2024-09-18
SAL006212,EMP00833,107306.29,4472.02,1830.1,109948.21,2026-07-31
SAL006213,EMP00118,97697.53,3251.91,2664.46,98284.98,2024-08-19
SAL006214,EMP01093,137540.29,2097.68,9893.57,129744.4,2026-04-09
SAL006215,EMP00449,60055.7,9008.11,7592.44,61471.37,2026-02-11
SAL006216,EMP00873,93386.67,2184.75,9892.94,85678.48,2026-07-29
SAL006217,EMP00051,84390.54,5047.41,11798.69,77639.26,2025-12-18
SAL006218,EMP00280,145896.67,13448.31,11042.62,148302.36,2026-03-24
SAL006219,EMP01043,31121.3,12471.9,2570.12,41023.08,2025-10-12
SAL006220,EMP00312,82087.35,7237.94,6901.86,82423.43,2026-07-06
SAL006221,EMP00168,91491.84,10684.64,2523.57,99652.91,2024-10-27
SAL006222,EMP00885,133891.22,6315.8,3532.91,136674.11,2026-04-05
SAL006223,EMP01122,91695.19,6816.94,7777.13,90735,2025-12-27
SAL006224,EMP00979,52730.53,18350.15,7492.61,63588.07,2024-10-08
SAL006225,EMP00886,118878.52,15642.9,10686.37,123835.05,2024-12-29
SAL006226,EMP01068,34364.66,17698.3,9207.21,42855.75,2025-08-28
SAL006227,EMP00612,54695.53,14095.86,3966.3,64825.09,2026-04-05
SAL006228,EMP00478,36220.67,7380.38,10913.53,32687.52,2024-08-16
SAL006229,EMP00517,127302.46,3910,14634.37,116578.09,2025-09-22
SAL006230,EMP00503,54321.3,17054.02,10167.23,61208.09,2026-01-08
SAL006231,EMP00091,95956.72,18112.95,8613.64,105456.03,2026-02-26
SAL006232,EMP01012,120718.04,18938.95,7729.48,131927.51,2025-03-03
SAL006233,EMP00727,68674.8,17520.98,7273.92,78921.86,2026-06-01
SAL006234,EMP00579,89847.94,11372.03,6582.07,94637.9,2024-12-28
SAL006235,EMP00742,112720.49,16795.16,6880.38,122635.27,2025-12-23
SAL006236,EMP01221,29978.7,7320.93,5845.69,31453.94,2026-03-18
SAL006237,EMP00238,28916.1,12639.19,2866.62,38688.67,2024-12-18
SAL006238,EMP00591,21758.16,12694.56,9350.93,25101.79,2025-12-31
SAL006239,EMP00393,22785.8,4285.22,7738.78,19332.24,2025-01-12
SAL006240,EMP00021,67484.2,13027.29,9749.58,70761.91,2026-07-20
SAL006241,EMP01148,143824.38,5294.55,9250.82,139868.11,2026-06-11
SAL006242,EMP00002,33799.9,3422.25,11124.52,26097.63,2025-10-22
SAL006243,EMP00214,90974.5,18002.61,7592.49,101384.62,2025-11-01
SAL006244,EMP00256,48382.17,8434.77,11390.14,45426.8,2026-04-24
SAL006245,EMP00892,102500.7,5147.3,11122.43,96525.57,2025-01-17
SAL006246,EMP00316,132307.03,1541.58,5156.94,128691.67,2026-01-15
SAL006247,EMP00419,64678.79,12536.55,7689.1,69526.24,2026-07-26
SAL006248,EMP00780,24171.11,11211.38,14987.13,20395.36,2025-07-22
SAL006249,EMP00977,78922.09,18601.57,5482.29,92041.37,2026-07-08
SAL006250,EMP00525,122074.39,11668.14,12566.38,121176.15,2025-09-13
SAL006251,EMP00009,123567.41,3346.79,13195.77,113718.43,2025-05-31
SAL006252,EMP00688,69589.85,8610.77,10566.69,67633.93,2025-12-06
SAL006253,EMP00327,130984.39,8565.08,11533.14,128016.33,2026-04-13
SAL006254,EMP00928,26646.34,19921.87,2229.56,44338.65,2026-07-23
SAL006255,EMP00406,136261.57,4316.08,14307.54,126270.11,2025-01-17
SAL006256,EMP00174,35335.78,1007.66,6457.16,29886.28,2025-09-28
SAL006257,EMP00343,72423.98,6368.08,1066.3,77725.76,2025-04-12
SAL006258,EMP01205,122969.01,5535.12,2533.92,125970.21,2026-04-11
SAL006259,EMP00528,38169.35,4884.96,2117.02,40937.29,2025-02-19
SAL006260,EMP00511,26905.73,7913.76,3457.48,31362.01,2025-06-25
SAL006261,EMP00714,33798.14,12788.32,11263.17,35323.29,2026-05-26
SAL006262,EMP01097,32159.39,12925.65,8835.27,36249.77,2024-10-18
SAL006263,EMP00688,135079.36,13489.38,7116.24,141452.5,2026-05-05
SAL006264,EMP00878,75920.09,14367.39,4044.46,86243.02,2025-02-08
SAL006265,EMP00884,29449.91,16552.35,7013.44,38988.82,2025-12-25
SAL006266,EMP00135,62616.84,6743.32,1698.53,67661.63,2026-06-03
SAL006267,EMP00312,101140.77,15352.44,1579.75,114913.46,2026-01-13
SAL006268,EMP00523,90915.91,3188.63,10212.81,83891.73,2025-10-18
SAL006269,EMP01133,35067.39,2016.69,2073.93,35010.15,2025-04-20
SAL006270,EMP01087,121843.56,3651.78,4566.14,120929.2,2025-07-26
SAL006271,EMP00956,116703.02,12289.79,11079.74,117913.07,2025-05-10
SAL006272,EMP00478,61742.93,5227.26,10988.67,55981.52,2025-10-08
SAL006273,EMP00006,123096.14,13958.26,13785.59,123268.81,2025-06-16
SAL006274,EMP00523,92736.12,15063.51,4504.1,103295.53,2026-01-26
SAL006275,EMP01058,67164.53,17842.67,2295.62,82711.58,2025-04-13
SAL006276,EMP00681,26198.47,19182.25,2146.24,43234.48,2025-05-01
SAL006277,EMP00178,48829.78,7331.78,10912.05,45249.51,2026-01-19
SAL006278,EMP01166,23063.83,18888.23,4450.09,37501.97,2025-09-03
SAL006279,EMP01137,96041.39,9393.91,4275.19,101160.11,2025-04-30
SAL006280,EMP01210,134230.15,14478.87,8224.26,140484.76,2026-01-11
SAL006281,EMP01032,99463.01,15420.81,5658.53,109225.29,2024-08-28
SAL006282,EMP00874,48508.67,11409.52,11229.47,48688.72,2026-04-15
SAL006283,EMP00046,104679.64,7825.29,7083.64,105421.29,2025-12-20
SAL006284,EMP01167,75004.21,5703.42,4173.89,76533.74,2025-07-22
SAL006285,EMP00836,93340.77,6957.67,3172.62,97125.82,2025-11-03
SAL006286,EMP00014,27768.57,7439.47,2860.41,32347.63,2026-07-21
SAL006287,EMP00682,72606.29,7736.52,1869.53,78473.28,2025-08-09
SAL006288,EMP00191,39186.63,14476.19,12306.55,41356.27,2025-02-05
SAL006289,EMP00534,72792.41,1087.09,4865.36,69014.14,2025-10-08
SAL006290,EMP00874,132768.23,6693.33,11391.43,128070.13,2025-03-24
SAL006291,EMP01106,125653.71,5069.67,9194.14,121529.24,2025-12-02
SAL006292,EMP00709,30754.33,15772.19,12039.16,34487.36,2025-01-26
SAL006293,EMP00671,139668.01,2673.15,9289.65,133051.51,2024-09-04
SAL006294,EMP00554,140911.65,16589.66,11969.99,145531.32,2025-06-02
SAL006295,EMP00309,124690.25,5267.83,2787.1,127170.98,2024-11-08
SAL006296,EMP01011,127123.58,12241.06,10992.69,128371.95,2025-02-15
SAL006297,EMP00577,105246.89,5104.46,14583.68,95767.67,2025-04-21
SAL006298,EMP01075,66431,4695.82,9633.91,61492.91,2025-02-21
SAL006299,EMP00562,76175.09,10763.91,7628.42,79310.58,2025-06-27
SAL006300,EMP00435,44703.1,1431.31,6353.24,39781.17,2026-05-31
SAL006301,EMP00580,140070.52,13816.59,2971.42,150915.69,2025-08-18
SAL006302,EMP00232,27864.27,2543.67,8361.59,22046.35,2025-12-10
SAL006303,EMP00751,52698.4,8056.47,6853.42,53901.45,2025-06-12
SAL006304,EMP00533,89803.19,16031.86,12126.18,93708.87,2026-03-14
SAL006305,EMP00475,94316.02,15029.6,11371.45,97974.17,2025-04-19
SAL006306,EMP01176,141661.37,15406.36,14862.25,142205.48,2025-03-14
SAL006307,EMP01056,103791.41,15709.14,5649.45,113851.1,2025-10-14
SAL006308,EMP00142,39921.05,7551.7,14162.68,33310.07,2026-02-04
SAL006309,EMP00181,83168.74,16634.18,5809.47,93993.45,2025-10-28
SAL006310,EMP00474,24019.63,7879.62,14546.37,17352.88,2025-12-09
SAL006311,EMP00152,76681.39,5377.39,6297.97,75760.81,2025-04-05
SAL006312,EMP00408,132692.25,2912.08,2788.11,132816.22,2026-02-23
SAL006313,EMP00820,57390.06,12239.47,6694.21,62935.32,2026-06-05
SAL006314,EMP00821,149691.79,5433.43,12702.65,142422.57,2026-01-30
SAL006315,EMP00123,69280.22,18788.18,2889.04,85179.36,2024-11-04
SAL006316,EMP00791,108598.89,9593.05,14139.73,104052.21,2025-08-16
SAL006317,EMP00989,122691.45,7023.86,10507.89,119207.42,2026-02-02
SAL006318,EMP00670,86875.82,6788.14,11436.74,82227.22,2025-06-30
SAL006319,EMP00647,45885.7,14418.63,11682.85,48621.48,2025-05-02
SAL006320,EMP00911,120218,8239.81,7505.46,120952.35,2025-05-26
SAL006321,EMP00917,29535.15,13730.38,3099.82,40165.71,2026-06-29
SAL006322,EMP00726,36811.76,11624.45,14334.93,34101.28,2026-03-30
SAL006323,EMP01113,62424.76,8019.65,9505.8,60938.61,2024-12-09
SAL006324,EMP00834,63758.74,6486.06,9188.37,61056.43,2026-01-21
SAL006325,EMP00280,98385.2,15832.42,2999.85,111217.77,2026-05-15
SAL006326,EMP00252,30980.28,17850.04,5571.93,43258.39,2025-09-16
SAL006327,EMP00591,28127.99,7991.58,4947.95,31171.62,2026-04-14
SAL006328,EMP00006,148138.48,2514.13,10163.83,140488.78,2025-10-23
SAL006329,EMP00889,119280.43,15590.17,10980.64,123889.96,2025-07-13
SAL006330,EMP01065,86837.13,11420.59,4722.88,93534.84,2025-05-11
SAL006331,EMP00887,81659.76,10911.14,12409.79,80161.11,2025-09-22
SAL006332,EMP00004,147373.12,14909.4,6291.58,155990.94,2025-02-09
SAL006333,EMP00756,141824.96,8702.92,4041.08,146486.8,2025-04-16
SAL006334,EMP00008,135333.11,3741.27,7287.49,131786.89,2025-08-19
SAL006335,EMP00373,110711.2,5676.75,13703.5,102684.45,2024-08-17
SAL006336,EMP00381,66123.18,12211.54,12249.25,66085.47,2026-08-02
SAL006337,EMP01122,143648.22,2172.68,11967.24,133853.66,2024-10-11
SAL006338,EMP01178,91163.93,6346.67,5869.61,91640.99,2026-04-01
SAL006339,EMP00895,132378.68,16216.75,2307.92,146287.51,2024-09-08
SAL006340,EMP00365,82749.96,5172.78,14251.37,73671.37,2025-09-13
SAL006341,EMP00992,54626.56,8281.73,13943.1,48965.19,2025-06-09
SAL006342,EMP00904,120825.89,8452.2,12194.02,117084.07,2025-02-04
SAL006343,EMP01210,146007.09,15982.5,9953.36,152036.23,2026-06-11
SAL006344,EMP00852,126115.99,8084.33,12768.57,121431.75,2025-03-18
SAL006345,EMP01029,137378.68,15770.37,13415.28,139733.77,2025-01-20
SAL006346,EMP00219,133953.47,10502.94,12741.86,131714.55,2025-08-23
SAL006347,EMP00061,110112.67,1218.02,2280.39,109050.3,2025-02-08
SAL006348,EMP00776,95233.84,7544.43,2979.68,99798.59,2025-07-20
SAL006349,EMP00208,25512.73,3303.95,6097.84,22718.84,2025-08-11
SAL006350,EMP00126,146930.73,13660.69,10100.35,150491.07,2025-01-01
SAL006351,EMP00503,96595.53,3113.27,1614.78,98094.02,2026-05-31
SAL006352,EMP00392,104800.26,17086.04,3052.06,118834.24,2025-04-28
SAL006353,EMP00996,26891.23,11208.49,8688.35,29411.37,2025-09-24
SAL006354,EMP00865,126940.57,12562.99,5913.54,133590.02,2024-11-06
SAL006355,EMP00516,65747.51,13895.38,6385.82,73257.07,2025-05-28
SAL006356,EMP00770,44310.65,16073.59,1776.53,58607.71,2024-08-18
SAL006357,EMP00975,125790.59,6527.64,8907.11,123411.12,2025-07-26
SAL006358,EMP00922,146705.82,7710.76,5507.76,148908.82,2026-03-21
SAL006359,EMP00156,71678.66,4809.36,5779.86,70708.16,2026-05-19
SAL006360,EMP00705,139461.74,18892.94,10585.96,147768.72,2026-01-14
SAL006361,EMP00744,34729.79,13653.27,11320.14,37062.92,2025-12-13
SAL006362,EMP01002,112209.43,14583.16,13659.98,113132.61,2026-08-11
SAL006363,EMP00307,109899.76,13791.26,10643.72,113047.3,2026-08-11
SAL006364,EMP01158,88679.77,16894.52,6968.31,98605.98,2025-07-05
SAL006365,EMP00449,112839.72,12612.37,11203.11,114248.98,2025-09-09
SAL006366,EMP00164,112292.05,4624.57,6525.65,110390.97,2025-05-24
SAL006367,EMP00912,142205.08,6174.9,5772.51,142607.47,2024-12-22
SAL006368,EMP00664,93747.43,11565.33,6865.32,98447.44,2026-04-21
SAL006369,EMP00091,123692.46,16423.21,13409.06,126706.61,2026-03-22
SAL006370,EMP01187,62190.25,8960.89,1442.23,69708.91,2024-12-10
SAL006371,EMP00748,107140.21,10379.1,7147.84,110371.47,2025-09-26
SAL006372,EMP00266,108984.79,8407.28,3246.2,114145.87,2026-02-15
SAL006373,EMP00716,87580.95,16622.75,10741.82,93461.88,2025-10-12
SAL006374,EMP00123,143820.11,17978.79,13328.36,148470.54,2024-10-05
SAL006375,EMP01060,103348.77,15134.58,13933.53,104549.82,2025-12-02
SAL006376,EMP00151,40839.91,19712.03,1497.81,59054.13,2025-08-06
SAL006377,EMP00472,47338.07,13891.16,7613.57,53615.66,2025-11-20
SAL006378,EMP00409,72186.38,6266.32,13949.45,64503.25,2026-05-09
SAL006379,EMP00895,97152.57,16280.43,10208.1,103224.9,2025-12-27
SAL006380,EMP00365,114187.65,7626.45,12372.48,109441.62,2026-03-11
SAL006381,EMP00034,34377.87,3496.61,7248.53,30625.95,2025-09-28
SAL006382,EMP00002,115168.77,13532.41,2697.12,126004.06,2024-10-07
SAL006383,EMP00259,43105.06,11561.62,14058.75,40607.93,2026-06-28
SAL006384,EMP00394,34032.81,6526.67,1309.24,39250.24,2025-05-04
SAL006385,EMP00902,23619.5,4425.52,6325.97,21719.05,2026-03-16
SAL006386,EMP00214,76178.22,5956.19,4154.3,77980.11,2026-03-05
SAL006387,EMP00051,109632.12,12314.88,6621.68,115325.32,2026-01-13
SAL006388,EMP01220,40153.18,10091.04,11422.35,38821.87,2025-11-20
SAL006389,EMP00217,118400.37,15243.99,9807.49,123836.87,2024-11-20
SAL006390,EMP01170,70768.12,6466.16,10962.2,66272.08,2026-06-08
SAL006391,EMP01150,90951.07,18985.82,2251.99,107684.9,2024-11-08
SAL006392,EMP01057,52074.63,11064.92,8934.88,54204.67,2024-12-04
SAL006393,EMP00418,111161.61,17824.88,2810.3,126176.19,2025-12-04
SAL006394,EMP00886,111485.37,10057.08,12110.31,109432.14,2024-12-12
SAL006395,EMP00056,147915.37,19785.24,8827.39,158873.22,2026-03-06
SAL006396,EMP01210,30205.42,13249.87,11393.16,32062.13,2025-03-27
SAL006397,EMP01072,140244.88,3714.4,8673.98,135285.3,2025-08-20
SAL006398,EMP00220,121821.71,19726.59,12815.32,128732.98,2024-12-16
SAL006399,EMP01056,27685.59,17383.15,3718.12,41350.62,2025-06-20
SAL006400,EMP00405,20799.61,14064.31,8773.15,26090.77,2025-12-07
SAL006401,EMP00890,28526.48,1799.46,5374.7,24951.24,2026-04-28
SAL006402,EMP01167,82643.86,12409.25,12932.26,82120.85,2025-07-03
SAL006403,EMP00462,89539,18977.55,6120.38,102396.17,2025-01-11
SAL006404,EMP00695,33548.8,4310.16,10541.59,27317.37,2026-02-08
SAL006405,EMP00101,39827.56,13306.34,7696.96,45436.94,2025-02-04
SAL006406,EMP00636,74299.91,18048.06,3573.48,88774.49,2025-06-23
SAL006407,EMP00891,147464.66,16289.58,4343.65,159410.59,2024-12-25
SAL006408,EMP00851,34743.43,13331.96,13583.45,34491.94,2025-09-11
SAL006409,EMP00586,60691.1,2553.44,14616.55,48627.99,2026-01-03
SAL006410,EMP00457,113218.9,16124.74,10238.99,119104.65,2025-02-21
SAL006411,EMP00933,141601.85,7412.05,12575,136438.9,2026-03-08
SAL006412,EMP00378,123369.27,2953.65,10659.53,115663.39,2025-11-15
SAL006413,EMP00243,96580.54,18712.53,4916.3,110376.77,2026-08-11
SAL006414,EMP00693,110569.28,15944.16,14764.31,111749.13,2026-02-01
SAL006415,EMP01066,80600.9,6716.05,7155.76,80161.19,2025-08-14
SAL006416,EMP00309,82219.91,8091.16,10084.2,80226.87,2025-06-11
SAL006417,EMP00908,58033.45,19516.33,12296.08,65253.7,2024-10-06
SAL006418,EMP00450,52261.67,3218.21,9113.22,46366.66,2025-03-22
SAL006419,EMP01019,119760.88,9135.49,3431.2,125465.17,2025-11-24
SAL006420,EMP00346,41313.09,14852.59,3368.48,52797.2,2026-07-19
SAL006421,EMP00016,89171.55,19646.86,8447.57,100370.84,2025-10-06
SAL006422,EMP00938,149238.12,12875.4,4211.48,157902.04,2025-04-26
SAL006423,EMP00719,124774.01,5379.08,14230.91,115922.18,2026-08-08
SAL006424,EMP00967,46058.05,13305.66,7699.45,51664.26,2026-03-15
SAL006425,EMP00469,141041.24,13482.3,6571.49,147952.05,2024-09-24
SAL006426,EMP00599,144572.02,9604.43,2889.72,151286.73,2026-01-21
SAL006427,EMP00684,36922.16,18748.68,1897.53,53773.31,2025-03-29
SAL006428,EMP00528,24586.35,5200,4331.04,25455.31,2024-11-13
SAL006429,EMP00800,138622.85,10374.7,12641.47,136356.08,2025-07-28
SAL006430,EMP00032,146528.91,6450.08,1735.85,151243.14,2026-03-24
SAL006431,EMP00541,33769.37,6664.11,1481.69,38951.79,2026-06-14
SAL006432,EMP00412,139246.38,12982.32,1634.43,150594.27,2026-02-09
SAL006433,EMP00396,25581.57,18343.11,8107.21,35817.47,2026-02-05
SAL006434,EMP01167,73739.56,3203.67,5305.53,71637.7,2025-10-06
SAL006435,EMP00262,107112.9,2402.06,6585.65,102929.31,2026-05-16
SAL006436,EMP00597,43056.7,15152.96,7892.4,50317.26,2026-01-23
SAL006437,EMP00761,147399.8,7420.94,2713.68,152107.06,2026-03-02
SAL006438,EMP00102,72964.11,10139.23,1719.78,81383.56,2025-06-16
SAL006439,EMP00719,55771.6,18792.81,6061.11,68503.3,2025-02-18
SAL006440,EMP00584,120913.07,13081.19,3997.34,129996.92,2025-11-07
SAL006441,EMP00370,34536.11,8052.08,10615.75,31972.44,2024-12-31
SAL006442,EMP00022,26831.18,4192.58,5918.95,25104.81,2026-03-20
SAL006443,EMP00925,35550.08,12698.51,13269.4,34979.19,2026-04-06
SAL006444,EMP00292,88383.72,6735.79,6558.28,88561.23,2025-08-10
SAL006445,EMP00122,38438.27,16669.93,9692.19,45416.01,2024-08-23
SAL006446,EMP00229,41422.19,16931.02,1961.37,56391.84,2025-07-12
SAL006447,EMP00040,104937.73,18687.41,2974.91,120650.23,2024-10-06
SAL006448,EMP01120,75215.19,7864.22,6258.68,76820.73,2025-09-28
SAL006449,EMP00843,99228.64,4635.82,1660.62,102203.84,2024-09-17
SAL006450,EMP01225,139158.58,5453.79,1750.18,142862.19,2026-03-06
SAL006451,EMP00562,130981.66,13821.76,3786.76,141016.66,2025-03-19
SAL006452,EMP00754,127423.24,9694.22,12486.01,124631.45,2026-07-19
SAL006453,EMP01153,126956.98,15202.41,9554.22,132605.17,2024-11-29
SAL006454,EMP00933,34582.48,18813.79,4416.37,48979.9,2025-02-18
SAL006455,EMP01182,137529.07,12328.85,9566.64,140291.28,2026-02-16
SAL006456,EMP00765,79919.96,9139.79,1196.49,87863.26,2025-10-15
SAL006457,EMP00459,88369.63,11299.12,3629.04,96039.71,2026-05-12
SAL006458,EMP00322,24842.31,1372.26,14524.14,11690.43,2026-01-01
SAL006459,EMP00705,28026.64,6981.69,3502.4,31505.93,2024-12-28
SAL006460,EMP00017,135414.29,16101.87,11738.1,139778.06,2026-05-25
SAL006461,EMP00014,133901.16,6564.48,8853.85,131611.79,2024-12-02
SAL006462,EMP00298,89846.66,9358.85,9548.87,89656.64,2025-04-18
SAL006463,EMP00163,136334.23,18081.54,14222.62,140193.15,2025-09-27
SAL006464,EMP00534,83615.76,14592.51,4115.52,94092.75,2024-11-10
SAL006465,EMP01219,92203.5,14019.18,3943.65,102279.03,2026-03-16
SAL006466,EMP00671,80208.32,17730.59,4089.51,93849.4,2025-05-28
SAL006467,EMP00270,27914.1,2684.45,2964.32,27634.23,2024-09-14
SAL006468,EMP01167,92242.14,5228.02,2326.62,95143.54,2026-04-22
SAL006469,EMP00650,98920.77,18143.67,1840.29,115224.15,2026-02-20
SAL006470,EMP00465,94408.81,8196.99,4847.87,97757.93,2026-07-05
SAL006471,EMP00622,91078.31,18974.49,2164.58,107888.22,2025-09-10
SAL006472,EMP01110,144739.05,16413.99,12006.35,149146.69,2024-08-28
SAL006473,EMP00410,83023.79,15289.87,8361.01,89952.65,2025-09-08
SAL006474,EMP00191,22084.41,8941.14,14947.67,16077.88,2025-10-11
SAL006475,EMP00874,136446.38,13480.77,6910.56,143016.59,2025-01-05
SAL006476,EMP00515,48029.46,19492.95,1718.9,65803.51,2026-04-14
SAL006477,EMP00363,80102.88,19043.82,9896.17,89250.53,2025-11-29
SAL006478,EMP00005,138206.43,8347.62,10635.16,135918.89,2024-10-30
SAL006479,EMP00696,80653.02,12629.06,6173.66,87108.42,2025-01-23
SAL006480,EMP00768,65459.77,5649.06,6579.76,64529.07,2026-05-11
SAL006481,EMP00010,104813.43,5963.97,8294.61,102482.79,2024-08-27
SAL006482,EMP00394,61188.29,4232.28,7195.76,58224.81,2024-09-17
SAL006483,EMP00867,103119.94,1439.67,14289.41,90270.2,2026-01-04
SAL006484,EMP00270,31165.3,2275.4,10359.77,23080.93,2025-06-22
SAL006485,EMP00354,70984.99,7226.78,10903.11,67308.66,2026-04-23
SAL006486,EMP00026,122108.2,12685.35,1205.82,133587.73,2026-01-04
SAL006487,EMP00691,143166.38,19866.73,2061.49,160971.62,2025-02-13
SAL006488,EMP00149,134357.01,18296.08,10652.77,142000.32,2025-03-08
SAL006489,EMP00346,139926.7,15422.32,13023.99,142325.03,2025-06-19
SAL006490,EMP00937,123404.13,11140.66,9329.39,125215.4,2024-10-14
SAL006491,EMP00955,139115.27,19900.6,5088.82,153927.05,2026-03-01
SAL006492,EMP01228,114165.92,16688.52,4139.38,126715.06,2024-11-27
SAL006493,EMP00517,50075.89,9128.79,5952.26,53252.42,2026-01-01
SAL006494,EMP00081,66932.35,4388.62,13625.1,57695.87,2024-11-29
SAL006495,EMP00551,43972.46,11008.55,11734.45,43246.56,2025-07-11
SAL006496,EMP00928,44324.14,8046.3,9954.77,42415.67,2026-06-11
SAL006497,EMP00186,80348.09,16427.97,1455.21,95320.85,2025-12-15
SAL006498,EMP00050,132279.4,8542.49,3143.3,137678.59,2026-07-25
SAL006499,EMP00967,109720.28,5058.67,13003.78,101775.17,2026-07-09
SAL006500,EMP00119,82560.46,6884.99,9920.84,79524.61,2025-03-17
SAL006501,EMP00671,72734.38,2446.33,1042.24,74138.47,2026-06-06
SAL006502,EMP00192,149665.64,7387.13,7171.21,149881.56,2025-12-26
SAL006503,EMP01101,60251.46,19624.27,11075.74,68799.99,2025-10-03
SAL006504,EMP01140,126144.82,6175.73,2464.81,129855.74,2026-05-24
SAL006505,EMP00766,95060.86,12431.06,5166.48,102325.44,2026-04-24
SAL006506,EMP00296,147550.64,7721.66,7041.1,148231.2,2025-01-31
SAL006507,EMP00492,78611.94,14396.13,6799.58,86208.49,2025-10-19
SAL006508,EMP00816,41281.36,13067.05,5609.39,48739.02,2026-01-30
SAL006509,EMP00637,146683.1,3751.81,8434.85,142000.06,2025-08-16
SAL006510,EMP00323,103844.27,10030.23,1664.3,112210.2,2025-11-20
SAL006511,EMP00699,118313.33,19255.41,14379.67,123189.07,2026-08-08
SAL006512,EMP00127,117063.88,1375.04,3370.52,115068.4,2024-10-28
SAL006513,EMP00893,60739.94,9333.1,3525.94,66547.1,2025-05-27
SAL006514,EMP00503,109499.34,6557.42,11587.88,104468.88,2026-05-06
SAL006515,EMP01109,124495.21,9143.58,8532.44,125106.35,2025-01-04
SAL006516,EMP00717,55187.74,13149.23,2309.93,66027.04,2024-11-01
SAL006517,EMP01225,129770.15,9326.81,11272.1,127824.86,2024-12-07
SAL006518,EMP00871,52173.42,16633.19,3708.23,65098.38,2026-08-05
SAL006519,EMP00569,80934.58,6438.13,4039.04,83333.67,2024-12-09
SAL006520,EMP00198,103066.39,11852.5,4134.11,110784.78,2025-03-30
SAL006521,EMP00871,74058.76,6941.41,7124.26,73875.91,2025-06-15
SAL006522,EMP01008,29673.92,10165.37,3349.02,36490.27,2025-01-13
SAL006523,EMP00888,37910.54,16372.99,3499.46,50784.07,2026-05-30
SAL006524,EMP00254,138001.13,17389.82,5048.64,150342.31,2024-10-05
SAL006525,EMP01216,136307.76,5443.46,1789.8,139961.42,2026-04-15
SAL006526,EMP00061,81430.16,18033.69,1184.88,98278.97,2026-02-20
SAL006527,EMP00796,146450.61,18497.6,7204.91,157743.3,2025-04-16
SAL006528,EMP00555,146000.28,18094.47,6602.94,157491.81,2025-03-25
SAL006529,EMP01193,108689.18,3555.28,10511.27,101733.19,2024-09-14
SAL006530,EMP00993,69420.43,9521.06,6056.83,72884.66,2024-09-10
SAL006531,EMP00949,35523.98,19722.46,7466.75,47779.69,2026-03-09
SAL006532,EMP00723,22735.59,4838.81,3017.23,24557.17,2025-12-09
SAL006533,EMP01158,126547.31,12111.67,13431.25,125227.73,2025-02-11
SAL006534,EMP00621,60922.66,13467.71,8939.21,65451.16,2025-10-01
SAL006535,EMP00245,45767.68,8880.68,5712.93,48935.43,2026-02-07
SAL006536,EMP00136,24874.11,4823.59,5885.1,23812.6,2025-06-12
SAL006537,EMP00863,28815.14,16846.97,12411.32,33250.79,2026-08-04
SAL006538,EMP00801,64930.8,19089.39,8090.36,75929.83,2026-06-30
SAL006539,EMP00897,148034.48,10427.38,2150.49,156311.37,2024-12-03
SAL006540,EMP01160,36395.82,18337.78,1882.9,52850.7,2025-03-28
SAL006541,EMP00397,30030.39,13532.48,9502.56,34060.31,2025-03-02
SAL006542,EMP00552,80255.12,13608.42,13310.42,80553.12,2025-09-08
SAL006543,EMP00210,43382.46,3053.83,5677.28,40759.01,2026-07-20
SAL006544,EMP00681,83456.2,3787.82,3355.99,83888.03,2025-12-24
SAL006545,EMP00121,37446.53,3018.93,9782.79,30682.67,2024-12-24
SAL006546,EMP00060,99891.13,12290.86,13449.17,98732.82,2025-04-04
SAL006547,EMP00799,55184.25,11558.58,2364.01,64378.82,2025-04-16
SAL006548,EMP00173,61372.71,15067.79,1653.54,74786.96,2026-05-17
SAL006549,EMP00853,68118.93,3463.71,2083.09,69499.55,2025-12-13
SAL006550,EMP00451,59851.59,6517.36,9981.59,56387.36,2025-04-27
SAL006551,EMP01079,63763.08,11548.18,7609,67702.26,2025-03-18
SAL006552,EMP00409,51816.43,17429.29,13409.12,55836.6,2025-02-27
SAL006553,EMP00220,89472.39,6917.07,6057.83,90331.63,2025-01-08
SAL006554,EMP00527,136883.2,16087.47,8260.88,144709.79,2025-09-15
SAL006555,EMP00721,101352.34,17301.15,10632.43,108021.06,2025-07-15
SAL006556,EMP00515,34313.63,1792.99,12040.06,24066.56,2026-04-11
SAL006557,EMP00714,60836.55,2633.4,12923.67,50546.28,2026-01-15
SAL006558,EMP01230,65457.17,16120.35,11985.74,69591.78,2026-04-20
SAL006559,EMP01177,111107.16,13799.24,11888.27,113018.13,2026-01-16
SAL006560,EMP00245,124681.51,9377.7,1441.9,132617.31,2024-12-15
SAL006561,EMP00861,64165.66,2204.9,1026.67,65343.89,2026-05-23
SAL006562,EMP01197,121445.53,5473.37,5571.81,121347.09,2024-09-20
SAL006563,EMP00406,60123.33,2495.22,2142.63,60475.92,2025-01-29
SAL006564,EMP00004,137895.1,11166.69,9457.06,139604.73,2026-08-11
SAL006565,EMP01116,59124.52,9969.06,4984.13,64109.45,2025-06-15
SAL006566,EMP00143,37256.19,11505.32,11846.85,36914.66,2026-05-08
SAL006567,EMP00341,136251.58,18909.27,6019.76,149141.09,2024-08-27
SAL006568,EMP00942,70180.57,3464.5,13818.26,59826.81,2026-02-02
SAL006569,EMP00154,136356.04,2712.73,1338.35,137730.42,2026-08-10
SAL006570,EMP00264,28742.5,18317.04,2863.29,44196.25,2024-08-21
SAL006571,EMP00778,77742.61,14479.43,7623.49,84598.55,2025-10-14
SAL006572,EMP01147,53745.19,13399.59,5041.49,62103.29,2025-07-28
SAL006573,EMP00240,127388.99,2886.88,6095.93,124179.94,2024-08-21
SAL006574,EMP00636,134316.46,14404.27,10693.58,138027.15,2026-05-10
SAL006575,EMP00019,147874.57,9492.88,5408.58,151958.87,2025-08-16
SAL006576,EMP00816,139817.44,12233.4,4617.4,147433.44,2024-11-10
SAL006577,EMP01168,138904.39,8946.48,11531.17,136319.7,2024-10-28
SAL006578,EMP00925,54011.73,6259.26,2571.74,57699.25,2026-08-09
SAL006579,EMP00720,75553.13,9101.06,4490.93,80163.26,2026-01-03
SAL006580,EMP00604,36760.37,19971.39,4946.26,51785.5,2026-07-14
SAL006581,EMP00086,84575.08,4590.61,14032.38,75133.31,2025-02-28
SAL006582,EMP01148,128908.05,6518.91,12729.49,122697.47,2026-02-20
SAL006583,EMP01163,55119.98,10389.89,13374.21,52135.66,2026-01-28
SAL006584,EMP00795,71186.59,8236.64,1153.85,78269.38,2025-10-19
SAL006585,EMP00098,83722.44,13772.11,2493.47,95001.08,2026-04-26
SAL006586,EMP00466,32738.51,14986.87,8857.26,38868.12,2026-02-26
SAL006587,EMP00110,147120.07,6001.11,4969.93,148151.25,2025-08-21
SAL006588,EMP00584,137880.22,13706.23,10456.77,141129.68,2026-03-23
SAL006589,EMP01090,49512.59,7317.24,14576.21,42253.62,2026-06-25
SAL006590,EMP00973,35343.15,13455.95,3790,45009.1,2025-05-25
SAL006591,EMP00632,91168.1,7015.39,11727.78,86455.71,2025-12-30
SAL006592,EMP01184,106317.93,18605.84,11648.24,113275.53,2026-03-27
SAL006593,EMP00639,69060.35,16321.76,1108.44,84273.67,2026-05-28
SAL006594,EMP00874,75829.03,11652.61,1013.28,86468.36,2024-10-27
SAL006595,EMP00264,49660.18,19783.47,12802.68,56640.97,2024-09-12
SAL006596,EMP00023,109250.47,10698.02,11308.91,108639.58,2025-11-08
SAL006597,EMP00159,60455.68,4182.14,3242.49,61395.33,2024-09-23
SAL006598,EMP00319,35089.42,12601.76,10570.37,37120.81,2025-11-21
SAL006599,EMP00608,75883.04,10023.51,14164.96,71741.59,2025-09-25
SAL006600,EMP00449,66703.19,4988.94,1805.54,69886.59,2025-04-07
SAL006601,EMP00674,91429.16,9733.02,3728.39,97433.79,2026-04-08
SAL006602,EMP00924,86302.28,15819.5,7926.75,94195.03,2024-11-28
SAL006603,EMP00505,50548.78,17256.79,8227.9,59577.67,2025-04-20
SAL006604,EMP00322,34080.26,10897.66,4643.8,40334.12,2026-06-09
SAL006605,EMP00540,143967.84,1255.08,7762.86,137460.06,2025-10-29
SAL006606,EMP01170,137776.53,12368.81,14276.92,135868.42,2024-11-23
SAL006607,EMP01186,109833.02,7759.01,6546.36,111045.67,2024-10-01
SAL006608,EMP00911,75231.95,7842.97,12545.63,70529.29,2026-02-09
SAL006609,EMP00460,76363.65,12375.33,14157.66,74581.32,2025-02-25
SAL006610,EMP00643,102352.37,2945.88,12088.01,93210.24,2025-01-10
SAL006611,EMP00167,126765.22,15326.06,9629.82,132461.46,2024-10-09
SAL006612,EMP00105,95473.87,19461,3729.04,111205.83,2026-03-08
SAL006613,EMP00108,54094.13,18629.79,14288.19,58435.73,2025-08-21
SAL006614,EMP00522,71416.75,13845.97,7527.89,77734.83,2025-08-23
SAL006615,EMP00894,146015.72,7104.01,4372.68,148747.05,2026-06-07
SAL006616,EMP00089,68297.17,3812.93,10919.33,61190.77,2025-11-22
SAL006617,EMP00216,101183.64,8116.27,7028.26,102271.65,2024-11-29
SAL006618,EMP00605,143210.82,4890.36,14939.31,133161.87,2025-06-07
SAL006619,EMP00988,105949.74,8519.32,11218.72,103250.34,2025-01-23
SAL006620,EMP00735,139988.53,3945.96,5210.38,138724.11,2025-10-28
SAL006621,EMP01032,42379.5,19670.18,10128.97,51920.71,2025-04-27
SAL006622,EMP00934,146581.5,12635.6,12766.76,146450.34,2025-01-24
SAL006623,EMP00866,82432.61,17370.08,7500.03,92302.66,2025-10-31
SAL006624,EMP00809,134282.51,7027.9,10545.61,130764.8,2025-12-21
SAL006625,EMP00889,41259.48,16357.54,7461.21,50155.81,2026-01-24
SAL006626,EMP01073,28061.06,13899.02,5338.63,36621.45,2025-01-27
SAL006627,EMP00415,108150.8,17656,12225.77,113581.03,2026-01-06
SAL006628,EMP00165,149071.84,11852.9,5238.18,155686.56,2025-08-30
SAL006629,EMP01028,129202.22,18426.82,8311.37,139317.67,2025-07-19
SAL006630,EMP00798,53654.49,3619.91,14142.29,43132.11,2025-11-25
SAL006631,EMP00075,83528.58,9609.4,5549.75,87588.23,2025-05-29
SAL006632,EMP00887,27676.92,5716.49,8706.95,24686.46,2024-09-15
SAL006633,EMP00165,25002.19,9071.32,10663.24,23410.27,2025-01-23
SAL006634,EMP00195,60369.91,12006.1,11771.23,60604.78,2025-10-03
SAL006635,EMP00817,82070.46,12724.27,3655,91139.73,2026-01-30
SAL006636,EMP00454,99762.21,11131.4,13135.29,97758.32,2025-08-04
SAL006637,EMP01118,145790.88,4078.22,6809.33,143059.77,2026-01-28
SAL006638,EMP00633,47060.09,17678.59,6413.87,58324.81,2026-04-22
SAL006639,EMP00056,135572.35,16205.75,10350.17,141427.93,2025-12-17
SAL006640,EMP00085,128142.74,3352.49,1639.41,129855.82,2024-10-31
SAL006641,EMP01068,99058.3,7503.12,5756.23,100805.19,2026-08-05
SAL006642,EMP00454,132132.03,4484.61,13178.11,123438.53,2026-04-29
SAL006643,EMP00185,128142.76,3706.66,3959.76,127889.66,2025-06-25
SAL006644,EMP01118,89211.18,6997.91,6296.61,89912.48,2025-01-22
SAL006645,EMP00959,83120.93,8981.64,9094.38,83008.19,2025-07-02
SAL006646,EMP00090,134691.36,13450.15,2167.72,145973.79,2025-06-26
SAL006647,EMP00160,51848.35,19129.99,12489.77,58488.57,2025-02-01
SAL006648,EMP00040,47953.76,8448.21,8146.91,48255.06,2026-07-28
SAL006649,EMP01063,121302.52,19717.1,10181.11,130838.51,2025-02-22
SAL006650,EMP01230,97312.84,9194.02,10111.09,96395.77,2025-11-27
SAL006651,EMP01213,90660,17780.27,13595.36,94844.91,2024-12-30
SAL006652,EMP00981,115234.15,5405.03,8621.94,112017.24,2025-12-15
SAL006653,EMP00964,112324.02,8968.12,1890.97,119401.17,2025-08-14
SAL006654,EMP00938,108307.24,5329.23,12562.46,101074.01,2025-06-22
SAL006655,EMP00941,24104.17,15755.1,6845.48,33013.79,2024-09-21
SAL006656,EMP00413,52959.39,1754.86,1715.18,52999.07,2025-07-14
SAL006657,EMP00344,116311.39,19316.45,6075.85,129551.99,2026-05-24
SAL006658,EMP00478,33278.82,6030.66,4391.51,34917.97,2024-12-08
SAL006659,EMP00209,88400.54,9377.1,2409,95368.64,2025-02-11
SAL006660,EMP00970,54322.09,18660.27,5841.51,67140.85,2025-12-12
SAL006661,EMP00974,81724.03,6205.7,10812.49,77117.24,2024-11-07
SAL006662,EMP00789,69286.31,6954.2,6561.97,69678.54,2026-06-02
SAL006663,EMP00870,52447.13,15135.19,6082.7,61499.62,2026-08-12
SAL006664,EMP00284,103898.62,9376.81,10057.95,103217.48,2025-02-02
SAL006665,EMP00500,142028.81,18780.54,14660.64,146148.71,2025-01-08
SAL006666,EMP00169,109193.6,4656.97,12954.72,100895.85,2026-05-24
SAL006667,EMP00608,108697.14,14875.23,13730.64,109841.73,2025-03-09
SAL006668,EMP00179,38228.77,7802.55,7007.56,39023.76,2025-11-19
SAL006669,EMP00044,139524.76,6036.68,7598.5,137962.94,2025-04-27
SAL006670,EMP00324,21072.09,7898.85,13970.84,15000.1,2026-02-12
SAL006671,EMP00194,20607.63,7665.28,4436.3,23836.61,2025-12-03
SAL006672,EMP01002,79659,1708.46,1752.46,79615,2026-06-13
SAL006673,EMP01014,138047.24,2548.77,8400.65,132195.36,2025-12-19
SAL006674,EMP00432,30724.44,15051.96,4698.26,41078.14,2026-01-19
SAL006675,EMP00343,110694.02,16334.44,10049.04,116979.42,2026-01-10
SAL006676,EMP00637,105363.54,12084.2,2095.47,115352.27,2025-10-07
SAL006677,EMP00723,109988.66,16522.84,4768.54,121742.96,2026-04-24
SAL006678,EMP00547,54770.69,8590.35,14527.51,48833.53,2026-04-24
SAL006679,EMP00706,89798.91,12243.97,9685.32,92357.56,2026-02-23
SAL006680,EMP01036,30884.1,19960.39,9352.98,41491.51,2025-03-26
SAL006681,EMP00156,45800.98,9151.77,10064.39,44888.36,2025-02-09
SAL006682,EMP00807,82320.34,9452.8,13527.3,78245.84,2025-02-16
SAL006683,EMP01177,37185.15,17992.83,14971.19,40206.79,2026-04-14
SAL006684,EMP00013,85228.62,13576.85,1808.16,96997.31,2025-12-17
SAL006685,EMP00624,98695.93,4586.67,4043.5,99239.1,2025-11-23
SAL006686,EMP00993,146500.16,9192.31,3270.37,152422.1,2025-08-02
SAL006687,EMP01177,128712.37,9178.89,13542.88,124348.38,2024-08-12
SAL006688,EMP00005,59692.99,8106.17,13270.66,54528.5,2025-01-04
SAL006689,EMP01188,117142.43,6028.2,2470.19,120700.44,2024-11-16
SAL006690,EMP01201,112683.73,10541.1,7017.68,116207.15,2026-05-22
SAL006691,EMP00626,118430.25,5046.13,1692.41,121783.97,2026-06-19
SAL006692,EMP00141,115362.79,2909.22,14912.08,103359.93,2024-11-07
SAL006693,EMP00278,20655.57,3600.05,14287.25,9968.37,2024-11-20
SAL006694,EMP01125,147328.3,10892.86,12635.84,145585.32,2026-03-16
SAL006695,EMP00835,141337.63,9163.05,7762.76,142737.92,2026-04-18
SAL006696,EMP00036,26012.7,6930.41,8519.94,24423.17,2024-09-12
SAL006697,EMP00140,112660.27,17429.98,7692.82,122397.43,2024-10-22
SAL006698,EMP00739,58697.99,15045.93,1365.58,72378.34,2026-02-27
SAL006699,EMP00428,37788.53,3386.59,7969.24,33205.88,2025-10-30
SAL006700,EMP00325,57644.24,15662.43,10333.22,62973.45,2026-05-22
SAL006701,EMP00982,41010.23,16401.14,4317.67,53093.7,2025-09-28
SAL006702,EMP01152,32131.25,5781.91,2619.69,35293.47,2026-03-05
SAL006703,EMP00538,130115.17,15704.86,13556.54,132263.49,2025-10-07
SAL006704,EMP00282,54795.08,4919.72,1023.5,58691.3,2026-03-25
SAL006705,EMP00997,35680.94,4878.86,4314.33,36245.47,2024-12-17
SAL006706,EMP00681,144350.51,11769.99,12234.94,143885.56,2025-12-14
SAL006707,EMP00770,118957.12,14045.27,14204.32,118798.07,2025-10-24
SAL006708,EMP00622,111996.92,19358.99,13806.31,117549.6,2025-07-18
SAL006709,EMP00227,72935.12,12331.68,8411.5,76855.3,2025-11-27
SAL006710,EMP00057,25839.27,13241.79,12314.59,26766.47,2025-10-02
SAL006711,EMP00060,139407.32,5237.51,3752.29,140892.54,2024-10-19
SAL006712,EMP00262,84636.8,19791.57,8782.09,95646.28,2025-03-04
SAL006713,EMP00448,65866.24,3462,7598.04,61730.2,2026-05-21
SAL006714,EMP00246,142579.65,14722.15,2335.68,154966.12,2025-11-01
SAL006715,EMP01065,144000.54,2665.48,2111.13,144554.89,2024-09-23
SAL006716,EMP00952,21990.62,3560.31,8208.55,17342.38,2025-07-02
SAL006717,EMP01026,120145.85,3351.64,11184.54,112312.95,2025-07-31
SAL006718,EMP00108,26827.06,3713.07,12075.55,18464.58,2025-04-18
SAL006719,EMP01136,104891.5,12314.86,11041.55,106164.81,2025-03-10
SAL006720,EMP00374,43714.33,14498.19,2413.9,55798.62,2025-01-11
SAL006721,EMP01205,72266.81,4473.76,7926.82,68813.75,2025-11-25
SAL006722,EMP00692,38401.78,16213.39,12442.59,42172.58,2025-10-01
SAL006723,EMP00846,65357.79,6457.53,13481.96,58333.36,2025-10-14
SAL006724,EMP00835,108592.23,11223.3,12571.83,107243.7,2026-04-18
SAL006725,EMP00524,127831.82,14420.06,11473.41,130778.47,2024-10-28
SAL006726,EMP00099,107718.89,11090.83,2307.2,116502.52,2024-09-03
SAL006727,EMP00730,62835.71,9200.23,6374.2,65661.74,2024-08-31
SAL006728,EMP00755,91875.05,2699.05,2498.35,92075.75,2024-12-04
SAL006729,EMP00313,96134.68,9446.72,5791.18,99790.22,2024-12-15
SAL006730,EMP00577,131897.68,1707.8,9627.18,123978.3,2025-10-14
SAL006731,EMP00969,119214.31,4708.08,3948.84,119973.55,2025-02-24
SAL006732,EMP00250,141745.42,11362.94,10888.84,142219.52,2025-08-21
SAL006733,EMP00676,86784.75,5917.43,8147.76,84554.42,2026-01-28
SAL006734,EMP00702,105270.8,18747.21,10644.73,113373.28,2025-12-24
SAL006735,EMP00030,120929.1,17649.76,13678.13,124900.73,2025-04-17
SAL006736,EMP00977,85414.51,4291.57,8999.97,80706.11,2026-06-02
SAL006737,EMP00190,35523.59,11777.9,4019.65,43281.84,2026-04-11
SAL006738,EMP00975,121411.56,9262.39,4209.94,126464.01,2024-09-10
SAL006739,EMP00109,60947.66,8293.46,2174.74,67066.38,2026-07-16
SAL006740,EMP01174,36740.78,2209.61,8204.8,30745.59,2025-08-05
SAL006741,EMP00561,56132.96,16518.41,14856.08,57795.29,2026-06-01
SAL006742,EMP01081,75909.26,3265.43,5746.79,73427.9,2024-12-13
SAL006743,EMP00807,53596.49,6962.02,5684.23,54874.28,2025-06-06
SAL006744,EMP00509,49380.34,13246.49,3808.97,58817.86,2024-10-10
SAL006745,EMP01206,100268.92,18254.23,13486.36,105036.79,2026-02-23
SAL006746,EMP01204,39351.29,7121.33,7030.8,39441.82,2024-09-29
SAL006747,EMP01149,137840.3,13262.78,14681.41,136421.67,2025-11-13
SAL006748,EMP00297,70964.85,13056.6,7323.07,76698.38,2025-09-13
SAL006749,EMP00526,35521.03,3512.56,9914.7,29118.89,2025-08-16
SAL006750,EMP01194,96567.84,16191.59,3151.99,109607.44,2025-03-18
SAL006751,EMP00162,122364.27,7927.52,13474.63,116817.16,2026-07-16
SAL006752,EMP00201,39276.16,1343.8,14401.15,26218.81,2024-11-06
SAL006753,EMP00438,89574.25,12428.95,13510.05,88493.15,2025-05-25
SAL006754,EMP00444,100196.65,17762.15,12609.13,105349.67,2024-12-06
SAL006755,EMP00123,102747.73,6866.56,13472.17,96142.12,2024-12-01
SAL006756,EMP00115,56634.32,10893.09,9657.23,57870.18,2024-11-08
SAL006757,EMP00831,97873.59,18115.34,5091.08,110897.85,2025-08-27
SAL006758,EMP01044,115961.66,15470.22,3615.21,127816.67,2024-12-01
SAL006759,EMP00948,62257.48,9398.56,4455.1,67200.94,2025-10-11
SAL006760,EMP00243,53081.94,6127.08,13843.32,45365.7,2026-06-19
SAL006761,EMP00339,107222.67,9580.26,7636.88,109166.05,2025-11-13
SAL006762,EMP00013,63609.68,17661.22,4548.36,76722.54,2024-10-29
SAL006763,EMP00675,38077.64,19150.43,14147.29,43080.78,2025-04-14
SAL006764,EMP01107,53687.44,11917.47,5096.98,60507.93,2026-04-26
SAL006765,EMP00714,145916.32,11987.31,9674.19,148229.44,2026-06-30
SAL006766,EMP00870,81269.04,18989.63,14893.98,85364.69,2026-08-09
SAL006767,EMP00610,129872.39,8055.57,9985.93,127942.03,2024-10-23
SAL006768,EMP00761,88920.58,3863.62,10850.84,81933.36,2026-08-11
SAL006769,EMP01019,103016.16,13597.17,6512.38,110100.95,2024-08-26
SAL006770,EMP00063,107254.98,7106.49,11452.44,102909.03,2025-11-01
SAL006771,EMP01192,119234.5,11028.4,13532.59,116730.31,2026-07-09
SAL006772,EMP01212,63817.79,15469.25,7844.94,71442.1,2024-11-15
SAL006773,EMP00391,87920.58,14025.55,1344.57,100601.56,2025-05-18
SAL006774,EMP00295,125392.9,4040.84,6244.34,123189.4,2025-09-06
SAL006775,EMP01135,117018.61,1249.67,10809.14,107459.14,2025-04-16
SAL006776,EMP00023,64342.11,5605.05,4747.42,65199.74,2025-02-06
SAL006777,EMP00575,138083.33,1594.14,14551.56,125125.91,2025-09-11
SAL006778,EMP00167,51343.02,17122.83,10665.78,57800.07,2025-06-20
SAL006779,EMP00255,52384.93,13724.14,6452.39,59656.68,2025-08-18
SAL006780,EMP00635,126331.8,14471.63,3282.33,137521.1,2024-11-14
SAL006781,EMP01088,62522.45,13967.95,11932.49,64557.91,2026-01-18
SAL006782,EMP01053,22781.05,18405.61,3886.78,37299.88,2024-12-21
SAL006783,EMP00813,62359.87,13588.31,12105.91,63842.27,2025-07-01
SAL006784,EMP00446,27962.16,13143,2617.98,38487.18,2024-09-05
SAL006785,EMP00997,100481.61,14175.19,14943.04,99713.76,2025-06-20
SAL006786,EMP01057,54233.25,14334.08,1753.37,66813.96,2025-07-12
SAL006787,EMP00758,118337.48,18527.84,4365.22,132500.1,2025-11-24
SAL006788,EMP00569,43468.99,17599.68,10670.4,50398.27,2026-07-02
SAL006789,EMP00489,91139.61,5991.92,13798.01,83333.52,2025-10-10
SAL006790,EMP00658,41913.48,2140.18,8022.92,36030.74,2026-04-24
SAL006791,EMP01193,107247.31,12325.56,14808.58,104764.29,2024-10-21
SAL006792,EMP00297,110545.82,9480.28,6126.1,113900,2025-03-08
SAL006793,EMP00365,47918.85,11114.18,12154.79,46878.24,2025-02-10
SAL006794,EMP00469,135860.81,7904.68,9601.53,134163.96,2025-10-30
SAL006795,EMP00248,76852.28,9541.28,14651.85,71741.71,2026-03-31
SAL006796,EMP01166,63856.22,12200.26,9740.14,66316.34,2024-11-23
SAL006797,EMP01130,112241.53,6655.87,12413.07,106484.33,2025-03-21
SAL006798,EMP01067,26521.35,1263.59,3897.23,23887.71,2025-11-09
SAL006799,EMP00206,138754.55,13175.44,12285.16,139644.83,2026-07-03
SAL006800,EMP00399,66338.2,5873.98,7463.35,64748.83,2025-12-27
SAL006801,EMP00399,126550.67,19508.13,9957.76,136101.04,2025-08-13
SAL006802,EMP00855,24982.44,18055.93,4573.21,38465.16,2025-07-05
SAL006803,EMP00241,20506.66,2311.36,7033.54,15784.48,2025-04-12
SAL006804,EMP00299,133663.69,15171.2,8814.52,140020.37,2024-12-01
SAL006805,EMP00484,122578.45,6740.35,8074.29,121244.51,2024-12-22
SAL006806,EMP00137,81319.77,19238.66,10915.43,89643,2025-11-03
SAL006807,EMP00608,55082.27,15065.49,7690.68,62457.08,2025-05-07
SAL006808,EMP00455,33886.95,8397.23,11292.33,30991.85,2025-02-26
SAL006809,EMP00996,110595.4,17006.54,11949.03,115652.91,2025-12-07
SAL006810,EMP00721,80109.41,13497.52,11212.45,82394.48,2025-07-09
SAL006811,EMP00482,98894.09,5746.7,10363.8,94276.99,2026-03-07
SAL006812,EMP00851,70236.56,7042.38,9965.17,67313.77,2025-01-03
SAL006813,EMP00183,40310.22,18023.49,6746.31,51587.4,2025-09-22
SAL006814,EMP00584,47571.81,19315.96,10775.82,56111.95,2026-06-27
SAL006815,EMP00986,52005.88,12226.59,13030.47,51202,2025-06-21
SAL006816,EMP00939,107065.65,8004.2,6528.2,108541.65,2026-06-11
SAL006817,EMP00511,32889.42,2681.27,10335.16,25235.53,2026-05-08
SAL006818,EMP00163,117505.79,4155.29,7981.84,113679.24,2024-09-09
SAL006819,EMP00709,128320.04,3506.4,4600.73,127225.71,2026-03-23
SAL006820,EMP01043,59815.9,18383.85,6722.47,71477.28,2026-01-07
SAL006821,EMP00479,67363.68,15915.37,9832.99,73446.06,2025-06-07
SAL006822,EMP00239,139903.71,14964.65,1473.94,153394.42,2026-05-08
SAL006823,EMP01175,125305.12,9558.21,1092.12,133771.21,2025-11-12
SAL006824,EMP00502,80909.43,11999.21,7445.01,85463.63,2025-04-22
SAL006825,EMP00392,90550.36,4968.41,8738.81,86779.96,2025-03-28
SAL006826,EMP00828,91815.34,15828.44,12186.93,95456.85,2025-07-17
SAL006827,EMP00390,90360.53,6970.88,10515.5,86815.91,2025-10-23
SAL006828,EMP00113,55629.87,9776.73,8912.99,56493.61,2025-07-01
SAL006829,EMP00021,147699.86,14458.89,4768.7,157390.05,2024-09-24
SAL006830,EMP00288,59183.86,4186.68,14336.28,49034.26,2025-02-01
SAL006831,EMP00120,100966.65,18401.27,1493.1,117874.82,2024-10-21
SAL006832,EMP00381,148754.6,4281.96,5895.33,147141.23,2025-01-06
SAL006833,EMP00106,69014.68,12734.96,11310.08,70439.56,2025-10-30
SAL006834,EMP00120,91512.52,6690.1,2479.17,95723.45,2025-03-08
SAL006835,EMP00706,56501.93,10710.69,9079.82,58132.8,2026-01-13
SAL006836,EMP00552,122230.15,14404.62,4599.76,132035.01,2025-08-21
SAL006837,EMP00628,101814.08,1485.07,10030.39,93268.76,2025-07-04
SAL006838,EMP00144,108940.59,13343.89,14029.28,108255.2,2024-12-11
SAL006839,EMP00292,127043.62,16541.19,11309.48,132275.33,2026-03-01
SAL006840,EMP00015,116175.81,7263.47,4188.03,119251.25,2024-09-08
SAL006841,EMP01014,108890.43,17571.45,2521.27,123940.61,2026-07-10
SAL006842,EMP01137,47722.29,7016.55,8127.51,46611.33,2025-10-04
SAL006843,EMP00743,22210.39,2128.81,1672.9,22666.3,2025-05-05
SAL006844,EMP01164,88758,13133.07,7718.26,94172.81,2026-03-05
SAL006845,EMP00608,26867.07,1409.4,5595.45,22681.02,2024-10-06
SAL006846,EMP01129,139296.1,5741.99,14952.5,130085.59,2025-02-01
SAL006847,EMP00353,93688.14,14604.51,14347.23,93945.42,2025-11-02
SAL006848,EMP00748,135277.94,6311.55,4216.06,137373.43,2025-03-26
SAL006849,EMP00777,114086.82,8162.2,8404.51,113844.51,2024-09-07
SAL006850,EMP00290,111874.34,1743.51,7629.89,105987.96,2025-09-27
SAL006851,EMP01087,91535.08,5288.59,1537.05,95286.62,2026-04-28
SAL006852,EMP00188,46754.11,10406.5,10950.6,46210.01,2025-06-07
SAL006853,EMP00457,42572.37,15396.33,4137.86,53830.84,2025-01-11
SAL006854,EMP01007,47380.92,6394.64,10138.05,43637.51,2025-03-07
SAL006855,EMP00308,105714.74,16381.15,2845.52,119250.37,2025-05-10
SAL006856,EMP00178,149029.08,6660.71,7587.22,148102.57,2026-02-03
SAL006857,EMP00357,115848.21,17401.38,1537.07,131712.52,2025-10-14
SAL006858,EMP00419,121713.63,2166.69,4822.44,119057.88,2024-12-26
SAL006859,EMP00502,105602.89,18020.13,11701.68,111921.34,2025-06-17
SAL006860,EMP00222,95173.47,8024.73,8776.28,94421.92,2026-07-09
SAL006861,EMP00253,101847.14,10184.12,11581.34,100449.92,2025-11-19
SAL006862,EMP00275,96188.39,11209.49,10347.2,97050.68,2026-05-19
SAL006863,EMP00522,106389.69,18409.61,7143.32,117655.98,2025-07-10
SAL006864,EMP01198,24361.6,17304.18,8714.82,32950.96,2024-12-21
SAL006865,EMP01161,60434.5,17279.42,12060.11,65653.81,2026-02-07
SAL006866,EMP00906,118243.51,13348.2,9291.61,122300.1,2025-05-23
SAL006867,EMP00293,147049.34,1791.84,4357.86,144483.32,2026-07-27
SAL006868,EMP00410,38858.69,9057.88,4956.71,42959.86,2025-10-23
SAL006869,EMP00162,53408.61,10033.48,14009.84,49432.25,2025-02-22
SAL006870,EMP00973,77483.7,19365.35,3576.98,93272.07,2026-08-10
SAL006871,EMP00094,54078.79,17440.46,9679.54,61839.71,2026-03-17
SAL006872,EMP00646,131968.47,7957.74,3371.54,136554.67,2025-04-13
SAL006873,EMP01072,100453.11,10823.93,8528.4,102748.64,2024-08-17
SAL006874,EMP00385,46794.11,12545.94,9960.62,49379.43,2025-01-10
SAL006875,EMP01219,63135.7,10411.94,2442.56,71105.08,2026-05-21
SAL006876,EMP00202,21516.43,2462.16,8344.68,15633.91,2025-11-01
SAL006877,EMP01159,111739.21,14959.22,11732.08,114966.35,2025-02-26
SAL006878,EMP01202,110222.26,13677.73,7697.02,116202.97,2026-07-19
SAL006879,EMP00295,74428.82,12015.53,4612.88,81831.47,2025-04-13
SAL006880,EMP00711,28023.9,6360.3,12498.5,21885.7,2026-01-11
SAL006881,EMP00307,36016.59,3400.39,3233.11,36183.87,2026-07-18
SAL006882,EMP00367,33855.16,13906.35,4980.06,42781.45,2025-10-27
SAL006883,EMP00572,55750.37,19777.74,7913.53,67614.58,2024-09-02
SAL006884,EMP00098,43818.66,10844.79,14024.74,40638.71,2025-12-11
SAL006885,EMP01063,91491.43,6439.89,12279.46,85651.86,2025-06-03
SAL006886,EMP00084,118522.71,12162.3,3168.97,127516.04,2026-05-18
SAL006887,EMP00575,76551.97,19686.54,4995.7,91242.81,2026-07-30
SAL006888,EMP00296,48575.65,7142.69,13205.53,42512.81,2025-09-07
SAL006889,EMP00524,130425.71,2474.45,3834.1,129066.06,2026-04-26
SAL006890,EMP00403,48450.23,10440.52,2428.69,56462.06,2024-12-29
SAL006891,EMP00107,63343.74,9634.89,6082.12,66896.51,2026-03-16
SAL006892,EMP01040,85518.14,10025.08,13343.4,82199.82,2026-03-25
SAL006893,EMP00618,92961.23,13992.21,10825.71,96127.73,2024-09-25
SAL006894,EMP00128,43037.98,3768.63,9129.71,37676.9,2025-03-24
SAL006895,EMP00696,70875.23,3075.94,13268.04,60683.13,2024-09-12
SAL006896,EMP00173,86397.24,14887.73,8872.63,92412.34,2024-10-20
SAL006897,EMP00916,23861.67,11552.73,11337.81,24076.59,2025-04-02
SAL006898,EMP00657,29254.47,17951.19,7566.11,39639.55,2025-06-21
SAL006899,EMP01068,48834.93,9648.65,3131.82,55351.76,2025-01-22
SAL006900,EMP00545,96724.76,17350.6,2921.19,111154.17,2025-04-13
SAL006901,EMP00562,115996.67,9382.37,13013.07,112365.97,2025-01-23
SAL006902,EMP01010,136923.7,10830.5,10522.38,137231.82,2026-05-24
SAL006903,EMP01072,95149.09,12862.41,1810.69,106200.81,2026-05-30
SAL006904,EMP00042,44190.43,3075.84,6960.63,40305.64,2024-09-15
SAL006905,EMP01201,128120.91,2962.98,7166.81,123917.08,2025-05-29
SAL006906,EMP00810,35312.51,14488.97,1208.82,48592.66,2026-07-07
SAL006907,EMP00740,147716.33,10811.56,7866.23,150661.66,2025-04-16
SAL006908,EMP01067,122878.34,18643.58,14787.87,126734.05,2026-06-12
SAL006909,EMP00403,64522.96,16092.59,7344.2,73271.35,2025-03-31
SAL006910,EMP00257,54165.59,7940.25,12141.07,49964.77,2025-12-17
SAL006911,EMP00445,130309.06,15175.94,4012.67,141472.33,2025-12-06
SAL006912,EMP00526,101799.55,19219.74,8619.44,112399.85,2024-09-03
SAL006913,EMP01129,66250.69,1537.37,6964.37,60823.69,2025-04-22
SAL006914,EMP01186,123792.43,18444.27,5619.83,136616.87,2024-08-15
SAL006915,EMP01204,94691.46,1371.19,9204.42,86858.23,2025-02-21
SAL006916,EMP00357,102719.15,7204.44,5965.72,103957.87,2024-10-24
SAL006917,EMP00526,133936.49,14848.29,2857.41,145927.37,2025-03-31
SAL006918,EMP00930,113651.95,12309.5,2510.51,123450.94,2026-02-02
SAL006919,EMP00633,116883.67,7405.26,7021.18,117267.75,2024-12-07
SAL006920,EMP00044,20604.04,8410.1,12113.87,16900.27,2025-02-13
SAL006921,EMP00986,88246.85,14807,6642.66,96411.19,2026-02-01
SAL006922,EMP00939,87254.91,19278.89,10412.69,96121.11,2025-11-13
SAL006923,EMP01135,128091.67,5332.92,9800.18,123624.41,2024-11-23
SAL006924,EMP00463,36395.86,6549.61,3438.73,39506.74,2026-03-26
SAL006925,EMP00652,84212.84,15611.57,11219.57,88604.84,2026-03-13
SAL006926,EMP00865,114833.76,4926.31,7879.88,111880.19,2024-09-25
SAL006927,EMP00275,88789.6,10277.21,1229.7,97837.11,2026-01-02
SAL006928,EMP00397,79493.32,6824.25,4082.56,82235.01,2025-04-30
SAL006929,EMP00739,131982.64,18383.39,2471.98,147894.05,2025-11-09
SAL006930,EMP00063,86266.75,6730.56,7729.05,85268.26,2025-03-26
SAL006931,EMP00392,25353.62,18977.07,10564.67,33766.02,2024-11-15
SAL006932,EMP00511,76892.71,15852.04,5900.92,86843.83,2025-01-17
SAL006933,EMP00821,116059.18,2369.5,1863.17,116565.51,2025-12-09
SAL006934,EMP00542,45711.3,12567.38,5091.92,53186.76,2025-03-16
SAL006935,EMP00279,86542.21,18609.61,3101.26,102050.56,2025-07-18
SAL006936,EMP00008,37995.18,10355.89,10159.89,38191.18,2025-08-01
SAL006937,EMP00278,57590.21,2275.37,4180.63,55684.95,2024-09-29
SAL006938,EMP01045,127291.07,13343.55,14090.09,126544.53,2025-12-28
SAL006939,EMP00885,64561.69,19050.06,6566.77,77044.98,2024-09-15
SAL006940,EMP01063,59652.3,7999.94,7943.8,59708.44,2025-05-07
SAL006941,EMP00309,120257.79,16123.57,14535.19,121846.17,2025-03-21
SAL006942,EMP00446,104419.63,12042.39,2533.77,113928.25,2024-11-08
SAL006943,EMP00556,33494.91,11829.61,3755.23,41569.29,2026-01-22
SAL006944,EMP00402,85630.59,17344.59,3685.16,99290.02,2026-02-19
SAL006945,EMP00202,35949.29,11023.52,7826.57,39146.24,2026-06-30
SAL006946,EMP01201,141886.02,12640.05,11288.73,143237.34,2026-02-02
SAL006947,EMP00589,82389.59,10234.08,13746.55,78877.12,2025-04-26
SAL006948,EMP01141,112756.12,17986.07,9481.83,121260.36,2025-02-27
SAL006949,EMP01219,37624.69,11206.14,1047.79,47783.04,2025-03-31
SAL006950,EMP01021,45528.21,8971.35,1562.37,52937.19,2026-06-01
SAL006951,EMP00409,138977.6,4476.63,13814.16,129640.07,2025-10-19
SAL006952,EMP00185,27389.74,4027.5,1724.41,29692.83,2026-02-28
SAL006953,EMP00405,43011.57,8769.58,1904.47,49876.68,2025-07-05
SAL006954,EMP01130,145831.96,4273.51,8241.17,141864.3,2026-08-08
SAL006955,EMP00261,36788.65,8860.78,9020.95,36628.48,2024-08-20
SAL006956,EMP00099,104994.73,2418.34,6619.96,100793.11,2025-06-30
SAL006957,EMP00549,25983.78,3334.24,4885.98,24432.04,2024-09-13
SAL006958,EMP00457,68564.87,3395.62,4199.29,67761.2,2025-01-10
SAL006959,EMP00684,84723.26,17787.41,2304.21,100206.46,2024-08-30
SAL006960,EMP01148,144722.17,13463.11,2071.75,156113.53,2025-03-11
SAL006961,EMP00879,119608.94,6760.93,2704.17,123665.7,2024-09-30
SAL006962,EMP00519,71690.74,6373.38,1747.42,76316.7,2025-01-03
SAL006963,EMP00108,96061,13843.46,12234.08,97670.38,2025-01-20
SAL006964,EMP00886,125700.35,2551.2,9530.25,118721.3,2025-09-01
SAL006965,EMP00956,46659.98,19244.18,10135.41,55768.75,2025-02-05
SAL006966,EMP01173,54970.96,17879.72,12382.03,60468.65,2024-11-20
SAL006967,EMP00667,126955.8,1037.2,10490.93,117502.07,2025-07-02
SAL006968,EMP00532,61622.72,19860.98,10503.87,70979.83,2026-01-24
SAL006969,EMP00995,39854.5,15527.78,6314.45,49067.83,2026-03-11
SAL006970,EMP00540,89830.35,15812.56,4611.87,101031.04,2025-12-09
SAL006971,EMP00502,42334.97,12144.47,9942.7,44536.74,2025-09-27
SAL006972,EMP00671,27974.89,14628.51,11439.35,31164.05,2024-11-24
SAL006973,EMP00207,131944.39,14168.52,4497.73,141615.18,2025-08-11
SAL006974,EMP01034,120963.25,7967.36,4166.13,124764.48,2024-11-21
SAL006975,EMP00269,140462.17,13384.98,10080.61,143766.54,2025-07-24
SAL006976,EMP00155,67529.3,13963.77,3880.05,77613.02,2025-09-21
SAL006977,EMP00235,110601.39,8941.99,5289.17,114254.21,2025-03-29
SAL006978,EMP00266,55931.89,12449.26,4497.89,63883.26,2026-03-17
SAL006979,EMP00858,20411.1,11278.44,6042.95,25646.59,2025-08-13
SAL006980,EMP01022,108868.98,17082.47,14449.61,111501.84,2025-09-04
SAL006981,EMP01031,63611.62,4510.15,5819.28,62302.49,2025-04-10
SAL006982,EMP00562,74136.37,2525.47,14858.64,61803.2,2025-05-18
SAL006983,EMP00062,24695.18,18014.43,13240.16,29469.45,2026-05-19
SAL006984,EMP00591,111816.25,2948.07,9280.85,105483.47,2024-09-01
SAL006985,EMP00148,119276.98,3646.54,1821.95,121101.57,2025-01-05
SAL006986,EMP00271,147432.93,8134.14,1966.64,153600.43,2026-07-09
SAL006987,EMP00508,82565.77,16290.3,8787.87,90068.2,2024-12-26
SAL006988,EMP00310,49496.75,8859.9,7879.6,50477.05,2025-05-18
SAL006989,EMP00322,146661.42,12575.71,12985.88,146251.25,2025-04-05
SAL006990,EMP00082,101444.66,9897.15,4049.04,107292.77,2026-04-06
SAL006991,EMP00005,76937.86,2812.62,6152.02,73598.46,2026-03-28
SAL006992,EMP00304,101133.39,5140.35,12394.46,93879.28,2024-10-09
SAL006993,EMP00938,61425.39,19967.06,8982.6,72409.85,2026-05-12
SAL006994,EMP00204,46059.2,13812.15,5478.92,54392.43,2025-06-01
SAL006995,EMP00586,41810.89,11396.19,1603.16,51603.92,2025-09-16
SAL006996,EMP01170,62520.63,19251.29,6134.71,75637.21,2026-06-05
SAL006997,EMP01003,104286.34,18491.94,11639.06,111139.22,2026-06-12
SAL006998,EMP01078,123367.05,10245.18,2314.33,131297.9,2025-01-16
SAL006999,EMP01061,83671.24,13653.56,6630.39,90694.41,2026-07-17
SAL007000,EMP00530,137618.57,1170.1,14932.78,123855.89,2025-11-03
SAL007001,EMP00245,127093.77,11334.52,10576.06,127852.23,2025-01-18
SAL007002,EMP01124,67420.32,14542.12,7473.99,74488.45,2025-12-06
SAL007003,EMP01017,148221.89,13366.25,6186.34,155401.8,2026-07-23
SAL007004,EMP00852,21000.06,10546.65,11370.46,20176.25,2026-06-17
SAL007005,EMP00340,80791.31,18873.77,8514.06,91151.02,2025-06-05
SAL007006,EMP00101,56455.94,7005.83,11605.67,51856.1,2025-07-28
SAL007007,EMP00282,23772.24,1428.49,11795.81,13404.92,2026-05-26
SAL007008,EMP00721,38915.94,8288.37,3243.76,43960.55,2025-12-21
SAL007009,EMP00988,132389.59,8612.84,12056.16,128946.27,2025-07-23
SAL007010,EMP00573,126883.82,17666.54,2553.74,141996.62,2025-02-20
SAL007011,EMP00137,29528.48,16522.63,13659.24,32391.87,2026-06-17
SAL007012,EMP01020,110523.76,18719.91,12853.74,116389.93,2026-04-04
SAL007013,EMP01078,61376.86,7470.34,11529.37,57317.83,2026-05-16
SAL007014,EMP00330,50149,2799.71,5861.2,47087.51,2026-07-08
SAL007015,EMP00709,34795.42,1983.67,13811.84,22967.25,2026-05-04
SAL007016,EMP00715,29890.06,13784.58,2632.75,41041.89,2025-12-02
SAL007017,EMP00514,107702.37,18170.75,9983.73,115889.39,2025-10-18
SAL007018,EMP00249,128939.45,9412.14,14312.6,124038.99,2026-07-25
SAL007019,EMP01222,142007.94,2631.34,9249.3,135389.98,2025-05-23
SAL007020,EMP01060,70228.43,14934.52,1242.24,83920.71,2026-05-17
SAL007021,EMP00051,87164.53,16587.84,12226.42,91525.95,2026-06-02
SAL007022,EMP00800,113204.26,11758.94,11232.72,113730.48,2024-11-29
SAL007023,EMP00304,32262.84,1957.32,5837.43,28382.73,2025-08-23
SAL007024,EMP00340,130739.83,12788.03,14106.91,129420.95,2025-07-07
SAL007025,EMP00604,21008.39,7846.51,12164.28,16690.62,2024-11-20
SAL007026,EMP00725,66831.84,5676.78,11830.89,60677.73,2025-01-13
SAL007027,EMP00989,41480.35,2051.92,11798.85,31733.42,2025-07-04
SAL007028,EMP00830,91720.22,10197.15,13045.57,88871.8,2026-07-16
SAL007029,EMP00138,56520.12,18638.83,3852.14,71306.81,2024-10-20
SAL007030,EMP00171,108470.82,1486.87,10936.66,99021.03,2024-08-31
SAL007031,EMP00932,42405.5,3611.81,14371.75,31645.56,2025-08-13
SAL007032,EMP00736,113181.42,6537.04,1785.78,117932.68,2026-05-11
SAL007033,EMP00787,118528.96,7959.77,12111.08,114377.65,2026-01-15
SAL007034,EMP00141,140709.09,8428.2,1007.86,148129.43,2025-06-08
SAL007035,EMP00959,115841.56,2357.12,2946.34,115252.34,2026-05-07
SAL007036,EMP00040,122436.25,11705.93,1352,132790.18,2025-08-05
SAL007037,EMP00116,147516.35,18759.81,9513.33,156762.83,2024-12-01
SAL007038,EMP00855,91177.29,6204.95,10558.35,86823.89,2025-06-24
SAL007039,EMP01191,107990.43,11534.99,3779.88,115745.54,2026-03-06
SAL007040,EMP00806,59369.63,6621.12,2109.81,63880.94,2024-10-04
SAL007041,EMP00303,52398.69,10659.25,3976.55,59081.39,2026-01-18
SAL007042,EMP00755,126631.47,5968.84,1575.88,131024.43,2024-12-26
SAL007043,EMP00327,98852.46,8158.13,10568.65,96441.94,2025-01-12
SAL007044,EMP00511,37750.47,7518.5,10121.38,35147.59,2026-02-06
SAL007045,EMP00138,73515.12,1701.73,14634.87,60581.98,2025-08-05
SAL007046,EMP00679,59780.22,1724.8,4943.83,56561.19,2024-09-15
SAL007047,EMP00010,75892.35,19827.25,11521.05,84198.55,2025-03-23
SAL007048,EMP00359,73625.71,17938.53,10629.41,80934.83,2025-11-14
SAL007049,EMP00009,43302.2,2386.06,7957.51,37730.75,2024-10-03
SAL007050,EMP00058,127396.09,16974.53,2343.36,142027.26,2026-07-30
SAL007051,EMP00471,52683.15,8630.4,9190.08,52123.47,2026-05-29
SAL007052,EMP00006,123445.33,5017.88,5456.63,123006.58,2024-08-27
SAL007053,EMP01140,80454.77,1504.01,9972.65,71986.13,2024-08-23
SAL007054,EMP00613,86200.3,3781.28,8884.85,81096.73,2024-12-03
SAL007055,EMP00677,68692.87,7037.15,8747.73,66982.29,2024-12-10
SAL007056,EMP01167,29408.17,9573.49,10031.62,28950.04,2025-07-06
SAL007057,EMP00882,108645.04,11071.32,4468.88,115247.48,2025-09-17
SAL007058,EMP00298,106673.02,2991.42,11903.78,97760.66,2025-06-17
SAL007059,EMP00312,38673.59,15151.99,5996.92,47828.66,2026-06-09
SAL007060,EMP00604,47330.94,11454.07,6731.43,52053.58,2025-11-25
SAL007061,EMP00056,114414.65,3986.59,5218.77,113182.47,2025-04-20
SAL007062,EMP00538,78482.7,1449.6,12756.1,67176.2,2026-03-07
SAL007063,EMP01008,86655.67,2206.63,5969.36,82892.94,2025-08-06
SAL007064,EMP00770,123854.05,15279.34,3686.11,135447.28,2024-10-02
SAL007065,EMP01202,145736.44,9750.46,6117.51,149369.39,2024-09-20
SAL007066,EMP00305,140211.16,14663.71,9942.1,144932.77,2026-07-24
SAL007067,EMP00508,28303.98,14250.72,14230.69,28324.01,2025-07-05
SAL007068,EMP00425,35224.02,13534.67,13496.13,35262.56,2026-07-15
SAL007069,EMP00326,20284.46,16030.56,12136.9,24178.12,2026-02-10
SAL007070,EMP01229,137578.28,18241.23,1091.6,154727.91,2025-09-06
SAL007071,EMP00727,25908.84,18222.34,8741.35,35389.83,2026-05-25
SAL007072,EMP00044,75363.72,15524.07,7711.49,83176.3,2025-04-24
SAL007073,EMP00924,121007.14,9387.81,8143.41,122251.54,2026-02-12
SAL007074,EMP00905,135570.36,5694.34,10071.93,131192.77,2025-02-01
SAL007075,EMP00164,111605.99,13679.8,9477.63,115808.16,2026-08-05
SAL007076,EMP00679,103532.3,2344.75,3019.76,102857.29,2024-10-26
SAL007077,EMP00083,96181.62,7376.4,1194.95,102363.07,2025-05-19
SAL007078,EMP00728,86886.81,1921.28,14609.54,74198.55,2025-06-27
SAL007079,EMP00228,126439.21,18941.86,13570.92,131810.15,2025-05-18
SAL007080,EMP00223,140463.74,16499.08,1749.55,155213.27,2024-12-01
SAL007081,EMP00611,110529.47,12396.48,9698.8,113227.15,2025-06-02
SAL007082,EMP00850,110612.99,11923.6,6389.48,116147.11,2026-03-24
SAL007083,EMP01027,40407.7,13804.89,14621.87,39590.72,2024-12-07
SAL007084,EMP00353,62903.55,7973.88,4066.38,66811.05,2025-04-25
SAL007085,EMP00863,32526.29,8677.95,8710.09,32494.15,2026-01-14
SAL007086,EMP01056,101292.33,4619.87,9651.07,96261.13,2026-03-31
SAL007087,EMP00851,108296.84,4047.74,10679.03,101665.55,2025-07-26
SAL007088,EMP00025,33010.5,16557.79,1247.81,48320.48,2024-08-21
SAL007089,EMP01111,89769.81,4347.25,1130.95,92986.11,2025-02-22
SAL007090,EMP00134,64516.14,8115.5,9025.5,63606.14,2025-11-06
SAL007091,EMP00079,43089.1,1001.07,10363.4,33726.77,2025-08-09
SAL007092,EMP00807,81820.22,10309.09,12863.85,79265.46,2026-01-12
SAL007093,EMP01058,65219.45,4829.25,9545.71,60502.99,2025-08-18
SAL007094,EMP00832,56124.5,13097.96,14749.58,54472.88,2026-04-08
SAL007095,EMP01181,86646.64,15328.18,7379.04,94595.78,2026-02-21
SAL007096,EMP00969,74718.73,6445.04,9099.26,72064.51,2026-08-08
SAL007097,EMP00153,78693.36,10069.27,1169.93,87592.7,2025-11-27
SAL007098,EMP00845,144604.68,15129.3,14810.29,144923.69,2024-09-14
SAL007099,EMP00720,72302.71,7299.27,14842.28,64759.7,2026-08-05
SAL007100,EMP00951,45992.5,2616.96,12631.31,35978.15,2026-07-14
SAL007101,EMP00984,93879.01,6294.75,2969.32,97204.44,2025-11-30
SAL007102,EMP01031,40539.82,15880.34,1894.96,54525.2,2025-04-12
SAL007103,EMP01046,76306.07,12070.25,4453.08,83923.24,2025-04-21
SAL007104,EMP00314,99043.3,9715.98,6664.06,102095.22,2026-02-10
SAL007105,EMP00761,145055.2,12404.04,5415.26,152043.98,2025-09-08
SAL007106,EMP01022,66819.3,13444.05,10446.72,69816.63,2025-06-23
SAL007107,EMP00108,120014.39,7835.82,14700.88,113149.33,2026-04-11
SAL007108,EMP01090,103929.96,11785.79,14681.01,101034.74,2026-03-17
SAL007109,EMP00299,59830.37,5363.68,9229.19,55964.86,2025-09-11
SAL007110,EMP01203,131558.87,7504.18,12945.79,126117.26,2024-11-23
SAL007111,EMP00799,139954.21,15282.68,14915.03,140321.86,2025-12-01
SAL007112,EMP00100,54029.22,1111.08,5881.42,49258.88,2025-09-25
SAL007113,EMP00557,122315.83,16552.31,13932.29,124935.85,2024-11-28
SAL007114,EMP00426,61550.39,14166.8,7117.09,68600.1,2024-12-23
SAL007115,EMP00863,24815.74,18174.12,10521.17,32468.69,2024-11-17
SAL007116,EMP00438,141266.23,12275.45,10705.09,142836.59,2025-11-14
SAL007117,EMP01190,22279.43,10250.42,9891.52,22638.33,2025-07-26
SAL007118,EMP00525,97078.31,17059.86,9342.57,104795.6,2026-06-30
SAL007119,EMP00381,67636.69,1714.28,13807.29,55543.68,2024-08-21
SAL007120,EMP00796,49001.22,3587.14,8687.74,43900.62,2024-09-29
SAL007121,EMP00479,141737.08,16114.9,11298.3,146553.68,2024-10-28
SAL007122,EMP00930,147088.04,13812.67,8380.28,152520.43,2025-05-07
SAL007123,EMP00179,81325.04,14252.14,8108.73,87468.45,2025-10-09
SAL007124,EMP00980,142071.12,6919.79,7347.99,141642.92,2025-07-31
SAL007125,EMP00130,20091.53,3627.77,3557.37,20161.93,2025-05-06
SAL007126,EMP00291,99488.13,7396.93,7881.43,99003.63,2026-01-20
SAL007127,EMP01093,145218.34,9223.06,3888.18,150553.22,2025-12-14
SAL007128,EMP00656,64361.49,7579.44,4054.37,67886.56,2026-02-20
SAL007129,EMP00599,21542.79,8945.73,5902.06,24586.46,2025-12-08
SAL007130,EMP00315,97301.75,8621.85,6161.78,99761.82,2026-05-09
SAL007131,EMP00806,45093,14562.05,11842.97,47812.08,2025-08-01
SAL007132,EMP00597,36153.76,12459.72,5064.61,43548.87,2024-08-12
SAL007133,EMP00166,67149.38,2974.69,10510.68,59613.39,2025-10-24
SAL007134,EMP00680,102686.99,4311.9,10672.88,96326.01,2024-10-16
SAL007135,EMP00450,93605.16,5690.96,10197.13,89098.99,2025-03-24
SAL007136,EMP01207,85083.83,13719.61,12247.34,86556.1,2026-04-05
SAL007137,EMP01209,45637.1,7240.77,11800.87,41077,2026-06-05
SAL007138,EMP00233,137309.8,3374.33,5212.36,135471.77,2025-07-02
SAL007139,EMP00368,88745.05,4134.2,4257.85,88621.4,2024-08-31
SAL007140,EMP01070,130672.48,3487.06,3043.12,131116.42,2025-01-29
SAL007141,EMP00482,50782.38,3389.29,2616.75,51554.92,2025-03-30
SAL007142,EMP00686,133090.57,3458.56,4715.7,131833.43,2025-12-24
SAL007143,EMP00365,140184.58,13794.66,13510.75,140468.49,2026-06-05
SAL007144,EMP00061,102602.91,3889.56,2142.72,104349.75,2024-10-12
SAL007145,EMP00985,136726.71,6460.71,13810.77,129376.65,2026-05-28
SAL007146,EMP00005,32438.27,6093.41,12234.79,26296.89,2025-06-26
SAL007147,EMP00043,101720.89,11280.92,6048.82,106952.99,2025-11-29
SAL007148,EMP00125,53052.2,4668.46,7035.83,50684.83,2024-11-22
SAL007149,EMP00588,107895.89,6276.71,5877.57,108295.03,2025-03-03
SAL007150,EMP00183,141530.71,7206.71,14163.07,134574.35,2025-11-22
SAL007151,EMP00411,92007.84,4541.63,5715.57,90833.9,2025-05-12
SAL007152,EMP00480,82349.11,6852.48,1027.03,88174.56,2024-09-20
SAL007153,EMP00522,72161.13,3347.91,8997.98,66511.06,2025-11-18
SAL007154,EMP00475,143581.03,11844.94,6766.85,148659.12,2024-09-13
SAL007155,EMP01148,134323.95,15407.41,5652.3,144079.06,2025-12-07
SAL007156,EMP00431,53003.08,7834.53,10010.29,50827.32,2025-01-10
SAL007157,EMP00312,108814.13,1500.97,2738.84,107576.26,2026-03-17
SAL007158,EMP00152,92928.68,3397.46,8943.12,87383.02,2026-01-17
SAL007159,EMP00053,92473.49,12030.6,4245.59,100258.5,2026-03-28
SAL007160,EMP00514,97535.83,14889.9,8879.7,103546.03,2025-01-26
SAL007161,EMP01025,77775.11,2904.11,14264.83,66414.39,2024-08-14
SAL007162,EMP00104,130775.86,4896.69,2371.02,133301.53,2024-12-20
SAL007163,EMP00480,148875.9,1823.73,7357.37,143342.26,2025-05-17
SAL007164,EMP01183,96209.1,18621.39,7973.31,106857.18,2026-06-04
SAL007165,EMP00318,82359.62,17014.81,12082.44,87291.99,2025-08-01
SAL007166,EMP00812,54905.14,6365.51,11585.39,49685.26,2024-09-03
SAL007167,EMP01131,38137.57,4351.17,7824.52,34664.22,2025-10-08
SAL007168,EMP00768,49269.64,17725.71,12020.63,54974.72,2026-03-29
SAL007169,EMP00159,81708.55,12906.53,5003.31,89611.77,2024-11-29
SAL007170,EMP00270,92596.3,2665.08,6042.98,89218.4,2024-12-09
SAL007171,EMP00138,109552.28,14163.81,9354.53,114361.56,2025-09-19
SAL007172,EMP00205,31223.66,10068.55,6416.41,34875.8,2026-04-29
SAL007173,EMP00294,132395.91,4289.06,3654,133030.97,2024-10-22
SAL007174,EMP00651,105624.5,18612.66,5782.7,118454.46,2025-07-21
SAL007175,EMP00749,123798.02,8519.5,1183.96,131133.56,2026-05-13
SAL007176,EMP00456,73774.41,2051.14,6743.14,69082.41,2024-11-06
SAL007177,EMP00071,88991.82,15255.04,9004.44,95242.42,2025-04-08
SAL007178,EMP00828,70908.38,11088.71,2899.84,79097.25,2025-03-08
SAL007179,EMP00671,29266.93,15311.25,4115.8,40462.38,2024-09-05
SAL007180,EMP01143,66778.77,8585.64,7916.57,67447.84,2024-11-12
SAL007181,EMP00649,31519.46,4733.76,1219.15,35034.07,2026-04-11
SAL007182,EMP00518,52931.52,16784.28,13788.2,55927.6,2026-02-28
SAL007183,EMP00965,99495.18,6244.04,5799.46,99939.76,2025-10-25
SAL007184,EMP01094,125658.96,6926.41,5452.81,127132.56,2025-02-17
SAL007185,EMP00332,31086.83,5668.34,11147.93,25607.24,2026-06-22
SAL007186,EMP00927,61604.84,2912.01,5804.62,58712.23,2026-07-20
SAL007187,EMP01046,133284.15,3748.29,4113.54,132918.9,2024-10-12
SAL007188,EMP00325,53598.32,7953.03,5922.41,55628.94,2026-02-23
SAL007189,EMP00222,101012.07,14919.61,3910.22,112021.46,2026-02-05
SAL007190,EMP00100,107436.71,18279.65,13404.57,112311.79,2026-08-11
SAL007191,EMP00087,45763.17,16152.83,9952.78,51963.22,2025-09-07
SAL007192,EMP01054,66779.87,11178.13,4555.9,73402.1,2024-08-30
SAL007193,EMP00868,54695.75,2669.76,12815.31,44550.2,2024-12-27
SAL007194,EMP00255,105001.93,12261.53,11804.12,105459.34,2025-09-03
SAL007195,EMP00064,26868.49,13771.1,4012.66,36626.93,2025-09-14
SAL007196,EMP01227,31150.64,17253.98,14800.08,33604.54,2026-03-08
SAL007197,EMP00175,110919.66,9611.25,5733.92,114796.99,2025-01-14
SAL007198,EMP00293,127134.74,12935.63,5162.9,134907.47,2026-03-08
SAL007199,EMP00624,24402.18,16976.43,8880.23,32498.38,2025-03-28
SAL007200,EMP00512,130276.61,9304.92,8378.45,131203.08,2026-01-28
SAL007201,EMP00789,139417.03,17957.21,2195.25,155178.99,2026-07-03
SAL007202,EMP00194,126257.07,7639.86,11165.05,122731.88,2026-07-26
SAL007203,EMP00779,91627.81,17324.77,8896.96,100055.62,2025-08-15
SAL007204,EMP00201,76067.76,3992.88,5114,74946.64,2025-02-21
SAL007205,EMP00252,83207.49,2933.29,12431.54,73709.24,2025-12-13
SAL007206,EMP00347,20833.27,10457.94,4729.76,26561.45,2025-10-06
SAL007207,EMP01206,41830.65,16289.24,8449.41,49670.48,2025-06-19
SAL007208,EMP00824,98221.68,4002.64,12038.19,90186.13,2024-09-17
SAL007209,EMP00679,101053.03,17732.11,2147.38,116637.76,2025-03-20
SAL007210,EMP00389,148619.53,17415.32,14835.78,151199.07,2025-10-06
SAL007211,EMP01183,20616.52,3708.67,8907.76,15417.43,2026-03-09
SAL007212,EMP01028,149530.65,3887.42,12423.07,140995,2024-10-11
SAL007213,EMP00696,42704.64,13370.5,1018.99,55056.15,2025-01-05
SAL007214,EMP01176,81505.91,12451.26,5469.27,88487.9,2024-11-26
SAL007215,EMP00673,128789.37,4730.58,5551.63,127968.32,2026-05-06
SAL007216,EMP01117,110842.17,3533.63,13514.63,100861.17,2025-11-12
SAL007217,EMP00637,136467.1,18318.52,9874.48,144911.14,2024-09-05
SAL007218,EMP00841,139690.63,6636.13,9736.21,136590.55,2026-06-27
SAL007219,EMP00491,33132.77,17977.78,13280.55,37830,2025-02-02
SAL007220,EMP00349,58983.55,9255.62,6592.07,61647.1,2026-06-30
SAL007221,EMP00484,48351.55,17430.7,13040.12,52742.13,2026-02-07
SAL007222,EMP01098,132305.16,7554.26,5241.73,134617.69,2026-07-04
SAL007223,EMP00249,96148.64,8973.62,3857.4,101264.86,2025-04-09
SAL007224,EMP00419,48054.86,8866.86,10217.59,46704.13,2025-02-12
SAL007225,EMP00432,66101.26,1998.86,12772.21,55327.91,2025-10-21
SAL007226,EMP00827,103122.29,14906.26,1706.31,116322.24,2025-02-14
SAL007227,EMP00836,149441.51,6880.12,7260.73,149060.9,2024-11-26
SAL007228,EMP01193,57793.46,13960.34,8196.06,63557.74,2025-09-14
SAL007229,EMP00733,26708.2,6541.75,6473.82,26776.13,2024-10-05
SAL007230,EMP00675,146643.59,15853.11,6872.1,155624.6,2025-01-14
SAL007231,EMP00724,87923.17,3326.81,3344.89,87905.09,2026-05-01
SAL007232,EMP00264,52832.32,6493.67,11747.82,47578.17,2025-12-28
SAL007233,EMP00143,34118.35,19073.64,2121.73,51070.26,2026-05-20
SAL007234,EMP00952,125497.9,1197.85,5877.87,120817.88,2025-02-14
SAL007235,EMP00601,69382.1,9234.45,13179.39,65437.16,2026-02-15
SAL007236,EMP00050,117593.47,19655.14,8344.22,128904.39,2025-11-05
SAL007237,EMP00856,33637.98,8306.75,5988.41,35956.32,2025-12-08
SAL007238,EMP00704,91567.26,14846.63,12248.66,94165.23,2024-09-21
SAL007239,EMP00779,58950.53,6917.47,6449,59419,2025-08-20
SAL007240,EMP00295,103325.45,16072.98,2546.39,116852.04,2026-03-27
SAL007241,EMP00699,61546,19510.17,3989.03,77067.14,2024-11-15
SAL007242,EMP00012,79986.24,19215.06,9860.55,89340.75,2026-06-22
SAL007243,EMP00428,76300.09,4292.13,3184.07,77408.15,2025-12-16
SAL007244,EMP00027,45814.4,19112.98,1238.51,63688.87,2025-03-12
SAL007245,EMP00147,41349.3,7819.98,13571.58,35597.7,2025-10-19
SAL007246,EMP00818,29244.47,13748.86,11950.43,31042.9,2026-04-08
SAL007247,EMP00029,80665.28,13623.76,7981.44,86307.6,2024-12-25
SAL007248,EMP00847,46899.43,3518.06,4029.36,46388.13,2024-12-07
SAL007249,EMP00396,67261.14,18812.76,3054.11,83019.79,2025-10-10
SAL007250,EMP01172,131750.9,1009.85,8246.36,124514.39,2024-10-10
SAL007251,EMP01141,128913.44,5552.96,14505.77,119960.63,2026-08-03
SAL007252,EMP00620,95893.66,9278.39,1968.26,103203.79,2025-09-02
SAL007253,EMP01062,30814,11470.46,13797.52,28486.94,2025-07-14
SAL007254,EMP01076,30304.93,7191.4,7680.55,29815.78,2025-09-25
SAL007255,EMP01209,90635.04,11516.19,4636.32,97514.91,2024-09-28
SAL007256,EMP00154,139389.49,10124.29,5029.32,144484.46,2026-03-12
SAL007257,EMP01088,65992.33,11734.64,13211.19,64515.78,2025-12-02
SAL007258,EMP00330,132164.72,14835.02,10713.45,136286.29,2025-12-04
SAL007259,EMP01222,67741.71,8415.96,6856.16,69301.51,2025-05-24
SAL007260,EMP01037,127058.13,13139.08,12900.31,127296.9,2026-01-29
SAL007261,EMP00208,89649.19,18625.72,2025.14,106249.77,2025-06-25
SAL007262,EMP01026,21365.03,2216.83,1789.72,21792.14,2025-01-23
SAL007263,EMP00851,82748.64,7590.66,6097.09,84242.21,2025-02-13
SAL007264,EMP00702,47872.39,13942.77,10027.81,51787.35,2026-02-13
SAL007265,EMP01008,140566.82,2279.93,3407.81,139438.94,2025-03-27
SAL007266,EMP00802,116704.75,9083.03,11465.24,114322.54,2026-04-23
SAL007267,EMP00912,106676.1,16238.41,4532.31,118382.2,2026-02-11
SAL007268,EMP01048,30554.56,4595.05,11942.2,23207.41,2026-01-18
SAL007269,EMP00656,101338.31,2349.4,7954.02,95733.69,2024-09-20
SAL007270,EMP00962,27660.6,11210.49,9094.18,29776.91,2025-07-01
SAL007271,EMP00513,130863.52,7337.13,12324.49,125876.16,2024-11-07
SAL007272,EMP00518,113638.61,8849.33,1170.35,121317.59,2026-02-24
SAL007273,EMP01224,98327.22,4254.35,4915.92,97665.65,2026-01-24
SAL007274,EMP00198,103094.77,10276.84,10013.43,103358.18,2026-08-07
SAL007275,EMP01033,68864.1,19232.27,4310.56,83785.81,2026-08-01
SAL007276,EMP00914,92098.95,3249.37,2226.83,93121.49,2025-06-30
SAL007277,EMP00101,108711.38,18917.57,11279.32,116349.63,2026-08-06
SAL007278,EMP00506,63454.83,4140.73,6731.55,60864.01,2026-06-16
SAL007279,EMP00013,20381.24,15346.66,14158.35,21569.55,2026-01-20
SAL007280,EMP00886,55793.37,15423.17,4959,66257.54,2024-12-16
SAL007281,EMP01197,117604.34,1032.7,3270.11,115366.93,2025-10-16
SAL007282,EMP00245,147981.83,16664.33,7107.89,157538.27,2025-05-21
SAL007283,EMP00868,123781.53,4194.82,11265.74,116710.61,2025-06-13
SAL007284,EMP00315,20988.02,1312.34,10624.1,11676.26,2024-12-25
SAL007285,EMP00619,25827.92,11136.43,2125.17,34839.18,2024-08-28
SAL007286,EMP00513,134174.45,5140.71,13362.75,125952.41,2025-02-25
SAL007287,EMP00536,49451.39,6928.39,14303.16,42076.62,2025-12-10
SAL007288,EMP00737,37229.56,13554.29,10149.01,40634.84,2025-03-29
SAL007289,EMP00914,96732.04,19256.67,7493.97,108494.74,2026-04-06
SAL007290,EMP01220,42818.83,6894.34,11254.99,38458.18,2025-10-26
SAL007291,EMP00645,21987.59,5151.54,12466.21,14672.92,2025-03-25
SAL007292,EMP00356,51604.01,5700.16,1080.26,56223.91,2025-09-14
SAL007293,EMP00978,79053.15,9452.37,5826.9,82678.62,2025-11-17
SAL007294,EMP00287,63723.92,11609.21,1651.79,73681.34,2026-03-18
SAL007295,EMP01053,34111.67,3273.02,10458.1,26926.59,2025-02-15
SAL007296,EMP00128,34986.86,8750.04,8101.27,35635.63,2026-05-23
SAL007297,EMP00937,67416.53,3601.17,4700.07,66317.63,2026-07-27
SAL007298,EMP00903,31761.44,15946.56,5031.54,42676.46,2025-12-07
SAL007299,EMP00793,132006.78,8421.27,2949.84,137478.21,2025-10-15
SAL007300,EMP00002,109486.13,18632.89,1006.19,127112.83,2025-05-01
SAL007301,EMP00917,21899.16,9170.6,2376.08,28693.68,2025-01-07
SAL007302,EMP01176,71690.44,9510.31,3815.06,77385.69,2025-02-09
SAL007303,EMP00920,59040.73,16157.74,14935.97,60262.5,2025-01-01
SAL007304,EMP00223,103453.07,12278.53,1999.15,113732.45,2025-10-14
SAL007305,EMP00163,25811.18,11396.03,4071.8,33135.41,2025-01-18
SAL007306,EMP01151,50387.54,11480.07,7739.15,54128.46,2025-03-27
SAL007307,EMP00774,138928.91,5182.84,13926.02,130185.73,2025-12-03
SAL007308,EMP00743,57318.98,13715.45,12579.76,58454.67,2026-02-05
SAL007309,EMP00237,136990.61,12179.08,7156.84,142012.85,2024-12-21
SAL007310,EMP00768,100771.17,15166.34,6447.67,109489.84,2025-10-21
SAL007311,EMP00440,131345.37,13607.11,9986.21,134966.27,2026-03-16
SAL007312,EMP00009,45710.3,15592.19,4382.27,56920.22,2025-07-07
SAL007313,EMP00112,83336.54,8221.21,1656.67,89901.08,2026-04-15
SAL007314,EMP00814,123369.66,8927.24,6513.4,125783.5,2026-04-14
SAL007315,EMP00355,106549.78,12093.86,9552.28,109091.36,2024-12-28
SAL007316,EMP00806,141013.63,13078.72,12749.96,141342.39,2025-06-17
SAL007317,EMP00206,98903.67,12343.1,6442.72,104804.05,2025-01-30
SAL007318,EMP00875,143242.88,7998.33,10580.45,140660.76,2024-10-26
SAL007319,EMP01224,41571.27,3605.97,7910.41,37266.83,2024-09-25
SAL007320,EMP00830,72119.01,4848.74,6369.22,70598.53,2025-04-14
SAL007321,EMP01144,140650.44,6708.57,3068.18,144290.83,2025-03-04
SAL007322,EMP01046,88111.8,8548.17,14198.5,82461.47,2026-04-30
SAL007323,EMP01006,87522.27,6205.42,2184.85,91542.84,2024-09-21
SAL007324,EMP00925,136700.05,17884.85,13660.34,140924.56,2024-11-20
SAL007325,EMP00279,127293.61,5037.55,5661.1,126670.06,2025-06-04
SAL007326,EMP01170,142924.03,11834.14,3310.75,151447.42,2024-08-16
SAL007327,EMP00954,92537.35,18469.6,11941.55,99065.4,2026-04-29
SAL007328,EMP00883,41853.66,19250.94,6820.32,54284.28,2026-02-06
SAL007329,EMP00998,132570.94,10781.09,3992.85,139359.18,2025-08-07
SAL007330,EMP00323,109319.26,15719.18,4809.87,120228.57,2025-03-14
SAL007331,EMP00548,132972.22,2837.14,13939.19,121870.17,2026-03-21
SAL007332,EMP00981,79395.53,5216.13,5840.27,78771.39,2026-05-08
SAL007333,EMP01133,77338.85,3200.47,9678.46,70860.86,2026-02-05
SAL007334,EMP00433,34640.79,16329.85,9281.73,41688.91,2026-01-11
SAL007335,EMP00580,21201.73,5637.58,9761.72,17077.59,2026-05-31
SAL007336,EMP00684,124555.49,6056.34,14888.93,115722.9,2026-01-25
SAL007337,EMP00175,65227.2,5696.63,9947.97,60975.86,2025-08-24
SAL007338,EMP01022,22533.38,13796.17,12635.85,23693.7,2026-04-08
SAL007339,EMP00753,58264.04,19341.55,7472.39,70133.2,2024-10-31
SAL007340,EMP00599,41708.71,18907.74,10705.52,49910.93,2025-12-05
SAL007341,EMP01094,94760.13,4139.92,5989.1,92910.95,2025-04-03
SAL007342,EMP00407,37490.81,14601.51,9216.48,42875.84,2026-04-17
SAL007343,EMP00958,62543.27,11945.12,10428.69,64059.7,2026-05-10
SAL007344,EMP00083,140335.89,12704.99,10865.73,142175.15,2024-09-21
SAL007345,EMP00808,71860.28,10012.91,10585.46,71287.73,2025-03-10
SAL007346,EMP01091,28421.99,2101.9,10195.13,20328.76,2025-12-26
SAL007347,EMP00139,21889.71,14758.58,13394.56,23253.73,2025-02-19
SAL007348,EMP00222,21350.14,9464.03,9184.2,21629.97,2024-10-21
SAL007349,EMP00093,34512.59,6043.12,14220,26335.71,2024-11-14
SAL007350,EMP00898,101371.28,14551.43,11470.42,104452.29,2026-07-23
SAL007351,EMP00988,69707.24,18170.86,4875.5,83002.6,2025-02-11
SAL007352,EMP00637,99444.94,4435.95,6631.2,97249.69,2025-08-14
SAL007353,EMP00715,71409.91,9691.17,14929.26,66171.82,2025-02-10
SAL007354,EMP00727,106463.76,2540.6,6680.4,102323.96,2025-07-06
SAL007355,EMP00100,94163.84,1835.07,8883.39,87115.52,2025-12-29
SAL007356,EMP00582,42718.12,16640.14,9160.96,50197.3,2025-07-14
SAL007357,EMP00661,147805.35,10369.58,14317.5,143857.43,2026-01-01
SAL007358,EMP00619,97439.41,19422,10965.08,105896.33,2025-09-11
SAL007359,EMP01183,75922.89,7197.59,1042.07,82078.41,2024-12-27
SAL007360,EMP00153,33562.43,9386.89,9929.94,33019.38,2025-08-31
SAL007361,EMP00508,45262.45,4985.61,7620.07,42627.99,2025-06-16
SAL007362,EMP00664,109143.17,12735.97,5923.57,115955.57,2025-10-03
SAL007363,EMP01058,127017.63,8208.25,10263.51,124962.37,2025-11-24
SAL007364,EMP00759,85742.13,18937.89,4818.09,99861.93,2025-05-19
SAL007365,EMP00945,23867.91,16314.59,2511.49,37671.01,2026-02-07
SAL007366,EMP00233,62139.92,1491.8,9508.74,54122.98,2024-09-11
SAL007367,EMP01029,91230.77,13713.48,11671.63,93272.62,2025-05-30
SAL007368,EMP00795,147630.4,2065.18,11827.49,137868.09,2025-01-14
SAL007369,EMP00021,75812.06,17473.09,9516,83769.15,2025-06-30
SAL007370,EMP00205,74208.79,9061.99,1921.16,81349.62,2026-08-06
SAL007371,EMP01148,132487.31,12993.35,2408.23,143072.43,2026-04-27
SAL007372,EMP00751,35174.66,8793.89,12424.15,31544.4,2025-02-22
SAL007373,EMP00797,29041.68,11628.77,7874.9,32795.55,2024-10-09
SAL007374,EMP00813,142788.82,7073.19,1473.83,148388.18,2024-09-02
SAL007375,EMP00132,94160.31,9388.03,11703.97,91844.37,2025-01-21
SAL007376,EMP00812,119801.49,16337.85,7306.91,128832.43,2026-07-31
SAL007377,EMP01182,84479.22,10374.18,3991.28,90862.12,2026-03-26
SAL007378,EMP00244,131314.25,1189.62,8546.23,123957.64,2025-05-08
SAL007379,EMP00270,49075.52,5055.32,2077.35,52053.49,2025-04-14
SAL007380,EMP00410,90732.23,13349.57,10171.5,93910.3,2025-08-20
SAL007381,EMP00581,133472.36,7019.56,1988.78,138503.14,2025-05-26
SAL007382,EMP00664,24009.11,11628.44,2223.94,33413.61,2026-06-26
SAL007383,EMP00514,104660.34,6444.9,11227.03,99878.21,2024-11-27
SAL007384,EMP00998,69029.74,8322.09,1308.12,76043.71,2025-12-15
SAL007385,EMP00115,114825.87,9259.19,11004.59,113080.47,2025-02-05
SAL007386,EMP00338,79260.13,19523.96,6184.48,92599.61,2026-02-25
SAL007387,EMP00243,131679.9,2416.77,13990.86,120105.81,2025-06-15
SAL007388,EMP00809,82795.18,13955.06,7609.23,89141.01,2026-03-04
SAL007389,EMP00616,126901.37,1546.45,2326.3,126121.52,2026-04-04
SAL007390,EMP00333,111008.21,17213.05,6229.39,121991.87,2026-04-18
SAL007391,EMP00744,104525.65,11849.58,7394.62,108980.61,2024-10-27
SAL007392,EMP00572,51139.99,10011.01,6711.86,54439.14,2025-08-29
SAL007393,EMP00319,70411.55,16937.35,5428.64,81920.26,2025-07-27
SAL007394,EMP01002,99565.68,7380.12,6140.02,100805.78,2025-06-07
SAL007395,EMP00844,30519.34,12002.65,14250.85,28271.14,2024-08-19
SAL007396,EMP00168,37188.05,5135.61,4727.18,37596.48,2026-01-21
SAL007397,EMP00862,70977.53,13775.77,3921.99,80831.31,2026-02-08
SAL007398,EMP00193,41955.94,16348.7,11102.48,47202.16,2026-03-01
SAL007399,EMP00979,45956.92,15163.29,2813.91,58306.3,2025-01-31
SAL007400,EMP00531,114031.09,10201.04,7965.82,116266.31,2026-02-27
SAL007401,EMP00893,49608.96,5087.29,3274.99,51421.26,2025-08-12
SAL007402,EMP00068,27780.69,4300.73,9955.37,22126.05,2025-03-22
SAL007403,EMP00864,44814.37,13286.04,12290.39,45810.02,2025-08-01
SAL007404,EMP01221,123561.01,9998.81,5979.92,127579.9,2024-12-11
SAL007405,EMP00820,25512.42,16068.35,2943.86,38636.91,2024-08-25
SAL007406,EMP00112,132571.65,16588.48,9103.51,140056.62,2025-01-29
SAL007407,EMP00363,95609.75,12211.66,7696.56,100124.85,2025-12-26
SAL007408,EMP00918,146380.7,11834.98,10208.44,148007.24,2025-08-05
SAL007409,EMP01126,139365.72,15104.76,3296.29,151174.19,2025-02-24
SAL007410,EMP01226,73477.31,6866.35,11418.26,68925.4,2026-01-01
SAL007411,EMP00407,107643.42,17234.61,1611.55,123266.48,2024-09-26
SAL007412,EMP00484,89961.17,1190.58,4137.24,87014.51,2025-09-23
SAL007413,EMP00164,37427.22,7434.62,6561.91,38299.93,2026-02-07
SAL007414,EMP00134,97586.71,17306.09,13407.26,101485.54,2026-06-29
SAL007415,EMP01154,86878.07,12871.75,14973.66,84776.16,2025-10-13
SAL007416,EMP00152,48469.46,5145.62,8346.67,45268.41,2025-07-07
SAL007417,EMP00014,53916.08,14989.67,14947.27,53958.48,2026-03-06
SAL007418,EMP00621,136484.04,2365.28,13667.64,125181.68,2025-10-18
SAL007419,EMP00873,69415.85,12693.93,8930.86,73178.92,2025-09-16
SAL007420,EMP00458,82385.33,3245.2,11724.71,73905.82,2026-08-12
SAL007421,EMP00918,87175.74,16237.59,4743.43,98669.9,2026-05-01
SAL007422,EMP00419,27862.05,5484.25,11039.54,22306.76,2024-10-11
SAL007423,EMP00656,53366.56,13645.62,8949.2,58062.98,2025-01-31
SAL007424,EMP00077,104436.27,7822.02,5588.42,106669.87,2024-09-09
SAL007425,EMP00620,128860.79,7004.13,4514.21,131350.71,2024-09-11
SAL007426,EMP01116,41548.24,5174.03,13821.87,32900.4,2026-05-19
SAL007427,EMP00743,81707.68,15867.86,10513.42,87062.12,2024-11-22
SAL007428,EMP00691,28375.14,18096.28,5626.98,40844.44,2025-04-17
SAL007429,EMP00395,147323.58,19274.59,7875.48,158722.69,2025-04-14
SAL007430,EMP00178,78559.99,2408.85,6866.57,74102.27,2024-08-24
SAL007431,EMP00753,45685.05,14994.07,12849.18,47829.94,2026-03-24
SAL007432,EMP00213,69428.92,14860.98,11975.85,72314.05,2025-07-04
SAL007433,EMP00914,100808.21,5936.1,10213.19,96531.12,2025-02-02
SAL007434,EMP01190,60157.44,3459.28,7695.25,55921.47,2025-03-28
SAL007435,EMP00496,124350.24,7172.92,6386.54,125136.62,2025-04-15
SAL007436,EMP00052,63517.57,19240.25,4645.64,78112.18,2025-07-23
SAL007437,EMP00594,125831.6,17492.55,2438.09,140886.06,2024-10-17
SAL007438,EMP00951,120952.58,18714.83,6749.85,132917.56,2026-04-02
SAL007439,EMP00584,119586.82,2016.86,10965.32,110638.36,2026-07-23
SAL007440,EMP01057,98892.87,13577.26,5345.78,107124.35,2026-07-29
SAL007441,EMP00861,41494.2,5626.43,6761.84,40358.79,2024-12-12
SAL007442,EMP00740,143577.08,4979.8,3593.2,144963.68,2025-04-16
SAL007443,EMP00011,118777.3,15738.54,8139.8,126376.04,2025-12-26
SAL007444,EMP00297,124511.74,7375.71,9349.28,122538.17,2024-09-27
SAL007445,EMP01129,41460.03,16630.42,3529.07,54561.38,2024-12-14
SAL007446,EMP00084,89627,5373.57,12032.25,82968.32,2026-04-11
SAL007447,EMP00298,112257.44,9678.68,11365.68,110570.44,2025-07-28
SAL007448,EMP00600,60738.36,5497.33,3284.99,62950.7,2024-10-10
SAL007449,EMP00869,133056.03,1845.48,2528.37,132373.14,2026-06-03
SAL007450,EMP00664,102488.29,17498.89,12629.07,107358.11,2025-09-28
SAL007451,EMP00403,67626.26,18469.83,13818.12,72277.97,2024-09-12
SAL007452,EMP00054,135170.86,12440.76,9848.16,137763.46,2025-09-28
SAL007453,EMP00396,131120.35,19466.37,4584.3,146002.42,2025-09-03
SAL007454,EMP00417,139162.29,1653.23,7672.65,133142.87,2025-03-18
SAL007455,EMP01040,119433.85,6670.96,12563.94,113540.87,2024-10-31
SAL007456,EMP01016,20032.79,5144.95,10114.22,15063.52,2025-03-10
SAL007457,EMP00341,107231.62,8860.53,6260.72,109831.43,2026-08-12
SAL007458,EMP01064,91267.26,5207.69,11682.12,84792.83,2025-05-08
SAL007459,EMP00038,141869.14,4001.97,10515.18,135355.93,2025-03-19
SAL007460,EMP00223,45799.72,11939.56,6072.87,51666.41,2024-10-10
SAL007461,EMP00235,138258.25,16844.4,10908.98,144193.67,2025-08-04
SAL007462,EMP00298,113412.82,2843.85,10347.61,105909.06,2025-01-21
SAL007463,EMP00855,28295.49,14960.42,5054.64,38201.27,2026-05-20
SAL007464,EMP00605,45683.42,7204.28,3160.77,49726.93,2025-04-06
SAL007465,EMP00723,106627.92,7090.2,8055.84,105662.28,2026-07-22
SAL007466,EMP00305,65165.28,3684.88,11360.95,57489.21,2024-11-14
SAL007467,EMP00115,27810.84,8437.05,13090.24,23157.65,2024-08-15
SAL007468,EMP00916,57341.41,16200.35,14181.94,59359.82,2024-12-07
SAL007469,EMP00578,121409.55,17680.45,3863.78,135226.22,2025-02-04
SAL007470,EMP00536,99505.33,5764.81,13873.79,91396.35,2026-07-04
SAL007471,EMP01096,124345.22,9842.16,14601.41,119585.97,2026-04-11
SAL007472,EMP01060,111662.3,17371.21,6421.73,122611.78,2025-10-12
SAL007473,EMP00017,147824.62,10309.35,1940.9,156193.07,2025-02-03
SAL007474,EMP01066,81973.53,15527.73,14659.25,82842.01,2024-09-15
SAL007475,EMP00719,69261.83,12082.12,2249.43,79094.52,2026-01-26
SAL007476,EMP00040,52672.54,18606.52,12785.11,58493.95,2024-12-06
SAL007477,EMP00367,89663.39,19342.07,12904.45,96101.01,2025-05-04
SAL007478,EMP01202,100737.2,1683.45,2962.42,99458.23,2026-02-23
SAL007479,EMP01148,123310.73,17875.25,9603.32,131582.66,2025-02-24
SAL007480,EMP00326,77055.14,13523.64,8969.28,81609.5,2025-12-04
SAL007481,EMP00146,142843.04,3049,5340.94,140551.1,2025-07-30
SAL007482,EMP00839,54904.61,6717.83,11125.75,50496.69,2024-11-04
SAL007483,EMP00788,21094.28,4450.45,4945.12,20599.61,2024-08-17
SAL007484,EMP00932,102002.65,12698.84,5579.83,109121.66,2025-06-12
SAL007485,EMP00936,100046.67,16253.08,6112.86,110186.89,2025-07-03
SAL007486,EMP00918,91962.78,5370.45,1720.97,95612.26,2024-12-27
SAL007487,EMP00308,51693.54,13523.64,13228,51989.18,2025-01-05
SAL007488,EMP00442,126626.61,11276.61,5604.52,132298.7,2024-08-28
SAL007489,EMP00807,43491.3,9587.48,1200.59,51878.19,2026-06-15
SAL007490,EMP00329,76558.86,9774.18,6868.52,79464.52,2024-08-22
SAL007491,EMP01115,140482.94,3443.67,4812.84,139113.77,2025-02-12
SAL007492,EMP01169,125379.58,4050.27,11102.25,118327.6,2025-09-04
SAL007493,EMP00157,61330.32,11031.26,5660.76,66700.82,2024-12-04
SAL007494,EMP00645,65337.03,18382.92,11386.89,72333.06,2026-01-23
SAL007495,EMP00601,46105.71,1498.54,14817.58,32786.67,2026-05-20
SAL007496,EMP00716,112105.58,3656.27,2900.32,112861.53,2025-02-10
SAL007497,EMP00984,147905.75,19819.1,4893.54,162831.31,2026-03-07
SAL007498,EMP00388,24949.92,10601.77,10695.95,24855.74,2025-12-02
SAL007499,EMP00812,122032.56,15965.98,10285.37,127713.17,2025-03-20
SAL007500,EMP00606,95834.45,19518.5,9755.67,105597.28,2026-02-06
SAL007501,EMP00372,90734.17,1153.38,1082.24,90805.31,2026-05-31
SAL007502,EMP00826,124976.58,13882.73,7865.56,130993.75,2024-12-05
SAL007503,EMP00903,44179.8,16733.43,12622.7,48290.53,2025-02-17
SAL007504,EMP00351,61143.96,12392.95,4241.44,69295.47,2025-06-25
SAL007505,EMP00666,40515.21,4608.06,2857.82,42265.45,2025-08-29
SAL007506,EMP00885,78405.07,12811.63,7833.83,83382.87,2024-11-27
SAL007507,EMP00288,45846.74,10092.95,12947.87,42991.82,2026-05-06
SAL007508,EMP00320,51755.52,7652.79,6694.77,52713.54,2025-09-23
SAL007509,EMP00273,122919.64,16882.82,5744.93,134057.53,2025-10-04
SAL007510,EMP00385,63648.08,10908.8,10887.27,63669.61,2025-03-12
SAL007511,EMP01158,121263.08,2057.66,1419.19,121901.55,2026-08-03
SAL007512,EMP00717,31497.18,6040.84,6341.47,31196.55,2025-03-25
SAL007513,EMP00756,55640.25,2180.79,14970.19,42850.85,2025-04-19
SAL007514,EMP01006,26077.57,14455.91,14779.43,25754.05,2024-08-18
SAL007515,EMP00649,71555.91,5712.84,6983.04,70285.71,2025-10-12
SAL007516,EMP00570,103073.36,5255.4,13648.01,94680.75,2025-11-22
SAL007517,EMP00538,110460.15,18261.93,4813.17,123908.91,2025-08-06
SAL007518,EMP01083,93933.4,4356.14,10911.5,87378.04,2024-09-25
SAL007519,EMP01199,85909,14154.4,1697.7,98365.7,2025-07-18
SAL007520,EMP01105,61533.79,7603.13,4821.3,64315.62,2026-06-13
SAL007521,EMP00614,106331.78,14722.47,4941.15,116113.1,2025-05-04
SAL007522,EMP00435,97073.93,11904.87,14226.13,94752.67,2025-10-23
SAL007523,EMP00615,102192.21,16181.98,9550.16,108824.03,2026-05-09
SAL007524,EMP00973,142943.54,18609.54,6482.99,155070.09,2025-06-08
SAL007525,EMP00277,113244.9,16572.71,2677.71,127139.9,2024-12-23
SAL007526,EMP00532,92033.26,7054.44,5383.51,93704.19,2025-09-19
SAL007527,EMP01183,136128.65,5573.04,14668.54,127033.15,2026-04-24
SAL007528,EMP00987,123810.56,12466.53,13069.41,123207.68,2025-05-16
SAL007529,EMP00284,64977.13,16311.83,5035.78,76253.18,2025-12-26
SAL007530,EMP00077,44233.03,10584.64,7960.53,46857.14,2024-11-21
SAL007531,EMP00025,131049.43,17482.3,7044.21,141487.52,2024-09-08
SAL007532,EMP00607,79106.1,13322.31,12671.38,79757.03,2025-03-24
SAL007533,EMP01184,117826.38,7516.69,8708.63,116634.44,2025-06-14
SAL007534,EMP00739,32988.69,6837.73,10304.71,29521.71,2026-05-10
SAL007535,EMP00304,103503.87,3596.78,12634.32,94466.33,2025-07-26
SAL007536,EMP00291,114936.1,9175.81,3867.54,120244.37,2024-08-12
SAL007537,EMP00209,123342.33,10775.07,6611.83,127505.57,2024-09-17
SAL007538,EMP00111,55330.39,12610.85,7145.21,60796.03,2025-05-11
SAL007539,EMP00413,33536.56,15666.16,14750.65,34452.07,2024-11-22
SAL007540,EMP00543,26878.64,12937.03,1640.66,38175.01,2025-10-21
SAL007541,EMP00993,142141.43,1463.32,2945.84,140658.91,2025-10-31
SAL007542,EMP00562,80136.83,8438.14,9660.04,78914.93,2026-05-24
SAL007543,EMP01115,93027.16,12817.57,2125.52,103719.21,2025-02-10
SAL007544,EMP01194,39014.62,10280.85,2282.68,47012.79,2025-07-03
SAL007545,EMP01078,129882.37,5480.92,10024.91,125338.38,2024-09-27
SAL007546,EMP00729,125649.01,6133.46,8827.21,122955.26,2025-12-02
SAL007547,EMP01131,90869.9,19409.92,6678.86,103600.96,2025-11-14
SAL007548,EMP00696,77046.29,11542.7,7717.36,80871.63,2024-11-09
SAL007549,EMP01026,60795.48,5219.48,8097.29,57917.67,2026-04-21
SAL007550,EMP00983,101076.46,1286.56,12464.46,89898.56,2025-11-20
SAL007551,EMP01179,37299.21,5681.35,11711.74,31268.82,2025-04-10
SAL007552,EMP00756,81628.38,8970.96,1976.95,88622.39,2025-10-31
SAL007553,EMP00450,96585.87,4598.58,6022.88,95161.57,2025-12-22
SAL007554,EMP01135,40072.02,16987.07,5502.35,51556.74,2026-05-27
SAL007555,EMP00838,63677.02,8329.33,14363.36,57642.99,2025-09-08
SAL007556,EMP00144,41870.22,13698.36,11921.62,43646.96,2025-01-25
SAL007557,EMP00556,87995.37,2163.82,2923.54,87235.65,2025-01-11
SAL007558,EMP00927,64252.17,2139.46,4000.55,62391.08,2026-01-09
SAL007559,EMP01021,99711.46,3003.51,4197.48,98517.49,2026-04-12
SAL007560,EMP00918,67841.54,4538.43,2823.04,69556.93,2026-02-03
SAL007561,EMP00858,127038.48,10404.63,4125.57,133317.54,2025-05-01
SAL007562,EMP01003,124489.97,14007.13,8804.65,129692.45,2025-06-08
SAL007563,EMP00981,123612.55,17567.44,7165.92,134014.07,2025-01-29
SAL007564,EMP01206,56597.79,8670.32,11570.33,53697.78,2024-11-01
SAL007565,EMP00849,139517.33,19613.12,12601.48,146528.97,2024-11-06
SAL007566,EMP00088,47175.15,9004.3,9531.12,46648.33,2026-06-15
SAL007567,EMP00178,142645.35,8789.09,11164.53,140269.91,2026-05-23
SAL007568,EMP00718,88332.76,15570.69,10643.76,93259.69,2025-08-13
SAL007569,EMP00531,43474.83,15634.45,6015.53,53093.75,2026-03-26
SAL007570,EMP00804,108127.76,15345.66,5257.43,118215.99,2025-08-14
SAL007571,EMP00085,93741.5,2257.34,14725.87,81272.97,2025-11-07
SAL007572,EMP00623,88455.2,19881.25,6777.25,101559.2,2024-10-17
SAL007573,EMP00968,44242.56,13887.56,6459.01,51671.11,2026-07-12
SAL007574,EMP01146,73164.88,15106.73,5281.75,82989.86,2026-07-01
SAL007575,EMP00663,34068.95,15012.96,12156.25,36925.66,2026-05-25
SAL007576,EMP00551,34745.54,16026.1,12415.97,38355.67,2025-03-15
SAL007577,EMP01130,41996.47,9246.41,4095.96,47146.92,2024-09-20
SAL007578,EMP00790,53827.92,5682.55,2924.98,56585.49,2025-11-22
SAL007579,EMP01003,140176.42,4109.05,1511.96,142773.51,2025-09-21
SAL007580,EMP00381,100318.11,15958.73,13653.74,102623.1,2025-08-13
SAL007581,EMP00159,66727.5,12346.73,1295.35,77778.88,2025-02-06
SAL007582,EMP01094,127881.3,1620.5,2821.72,126680.08,2026-06-05
SAL007583,EMP01208,98211.18,13405.84,9134.51,102482.51,2025-08-21
SAL007584,EMP00145,26106.33,6205.9,12967.08,19345.15,2025-07-05
SAL007585,EMP00619,62204.67,3047.51,9196.24,56055.94,2024-09-20
SAL007586,EMP00041,111712.12,11215.73,7123.6,115804.25,2025-07-07
SAL007587,EMP00185,53846.95,9759.89,5473.08,58133.76,2025-01-08
SAL007588,EMP00506,129864.94,18053.68,7984.74,139933.88,2025-10-01
SAL007589,EMP00733,77559.32,3785.96,6935.17,74410.11,2026-02-24
SAL007590,EMP00563,118704.96,19592.6,6964.62,131332.94,2024-09-15
SAL007591,EMP00688,26816.21,1505.48,3192.41,25129.28,2026-05-14
SAL007592,EMP00254,23503.48,15944.3,13822.12,25625.66,2025-11-11
SAL007593,EMP01229,57790.27,13524.4,1132.33,70182.34,2025-05-13
SAL007594,EMP00254,40730.77,13825.03,5132.3,49423.5,2025-03-21
SAL007595,EMP00036,136939.5,18490.73,13518.63,141911.6,2026-02-13
SAL007596,EMP01215,31847.42,11999,13784.49,30061.93,2025-02-24
SAL007597,EMP00124,92675.5,2478.76,5024.61,90129.65,2026-06-03
SAL007598,EMP00783,59402.42,13174.1,7648.56,64927.96,2025-04-15
SAL007599,EMP00186,82987.65,11828.49,14252.9,80563.24,2025-10-07
SAL007600,EMP00381,125067.57,3144.31,7677.52,120534.36,2025-04-15
SAL007601,EMP00707,55357.13,4229.57,10534.78,49051.92,2026-06-20
SAL007602,EMP01091,137202.53,6317.1,3049.62,140470.01,2026-08-03
SAL007603,EMP00205,90526.61,5127.64,2770.93,92883.32,2025-08-18
SAL007604,EMP00560,123131.82,14033.69,2240.91,134924.6,2025-01-16
SAL007605,EMP00503,111845.18,1068.18,9076.85,103836.51,2024-09-05
SAL007606,EMP00816,96787.75,6696.83,10223.05,93261.53,2025-03-10
SAL007607,EMP00832,28115.04,7994.55,4065.71,32043.88,2024-09-08
SAL007608,EMP00144,106818.85,18046.5,5157.38,119707.97,2025-07-24
SAL007609,EMP00118,97327.99,11189.98,12697.67,95820.3,2026-06-20
SAL007610,EMP01060,141879.11,2817.34,4180.32,140516.13,2025-08-14
SAL007611,EMP01204,96295.92,12009.26,6588.49,101716.69,2025-01-25
SAL007612,EMP01206,51632.02,11796.81,6431.73,56997.1,2026-06-21
SAL007613,EMP00630,142330.3,6818.21,14882.33,134266.18,2025-08-11
SAL007614,EMP00260,43853.18,6974.4,8231.57,42596.01,2025-08-04
SAL007615,EMP00903,75061.47,4999.88,14332.39,65728.96,2025-08-09
SAL007616,EMP01043,21801.23,6445.01,14700.61,13545.63,2025-08-07
SAL007617,EMP00343,106691.37,16096.51,12872.3,109915.58,2025-07-29
SAL007618,EMP00927,108534.45,9930.45,10934.68,107530.22,2025-06-14
SAL007619,EMP01011,97013.72,2164.86,4238.38,94940.2,2025-09-04
SAL007620,EMP00131,118615.58,3973.94,6176.98,116412.54,2025-02-27
SAL007621,EMP01212,52394.24,8416.13,13270.64,47539.73,2025-12-08
SAL007622,EMP00858,57319.51,18970.74,12950.33,63339.92,2025-06-30
SAL007623,EMP00304,103938.97,12516.25,10071.13,106384.09,2025-06-21
SAL007624,EMP00359,80010.47,13105.2,12132.03,80983.64,2025-02-13
SAL007625,EMP01174,88565.02,10986.69,3222.4,96329.31,2025-11-08
SAL007626,EMP00896,94145.37,18589.97,11726.91,101008.43,2026-04-01
SAL007627,EMP00821,71150.89,7151.65,12444.77,65857.77,2025-03-04
SAL007628,EMP00813,90242.22,3194.44,12981.58,80455.08,2025-11-20
SAL007629,EMP00729,35270.56,10649.91,6640.31,39280.16,2025-01-16
SAL007630,EMP00256,95958.11,9462.85,13841.54,91579.42,2024-08-17
SAL007631,EMP00168,104452.22,8149.45,6814.05,105787.62,2025-02-21
SAL007632,EMP00604,111034.02,10659.2,11066.42,110626.8,2025-01-21
SAL007633,EMP00216,32263.15,7000.69,5011.75,34252.09,2026-06-20
SAL007634,EMP00959,69525.62,3747.47,13255.68,60017.41,2026-06-12
SAL007635,EMP00046,33721.47,7412.28,2704.44,38429.31,2026-04-15
SAL007636,EMP00306,120011.47,19622.07,13509.87,126123.67,2026-06-07
SAL007637,EMP00055,54231.87,1166.7,5199.53,50199.04,2025-03-24
SAL007638,EMP00551,130702.54,19204.76,2329.87,147577.43,2025-09-25
SAL007639,EMP00129,66286.41,16951.63,12391.55,70846.49,2025-08-12
SAL007640,EMP01151,130379.28,11557.55,9948.86,131987.97,2025-01-02
SAL007641,EMP00074,143398,19687.44,7409.88,155675.56,2026-04-09
SAL007642,EMP01102,112828.58,18270.83,10857.37,120242.04,2025-07-23
SAL007643,EMP00319,138967.85,19802.89,13420.72,145350.02,2025-03-03
SAL007644,EMP01185,67778.27,17176.06,6426.94,78527.39,2025-07-07
SAL007645,EMP01132,45819.37,4057.37,12138.29,37738.45,2025-05-20
SAL007646,EMP00657,133111.7,8991.07,6707.94,135394.83,2024-11-27
SAL007647,EMP00678,107784.49,14385.15,7372.7,114796.94,2026-02-11
SAL007648,EMP00433,69070.22,7893.73,13502.62,63461.33,2024-10-20
SAL007649,EMP00200,80322.91,9114.28,14057.12,75380.07,2026-06-14
SAL007650,EMP00017,81423.41,5758.66,4715.72,82466.35,2025-05-29
SAL007651,EMP01188,101511.27,8711.49,14614.5,95608.26,2025-05-10
SAL007652,EMP00543,102192.43,19319.88,11165.67,110346.64,2026-05-29
SAL007653,EMP00570,82250.92,5075.39,14349.13,72977.18,2025-07-04
SAL007654,EMP00448,45228.17,14377.88,11574.1,48031.95,2024-09-09
SAL007655,EMP00724,91211.79,11496,10015.8,92691.99,2026-05-14
SAL007656,EMP00790,149151.45,7076.07,11024.28,145203.24,2026-05-07
SAL007657,EMP01098,149212.14,3935.15,14769.59,138377.7,2025-05-25
SAL007658,EMP00450,71420.19,2554.12,3688.2,70286.11,2026-01-24
SAL007659,EMP01006,23358.05,9297.4,4747.93,27907.52,2025-02-28
SAL007660,EMP00473,128104,18555.09,3912.78,142746.31,2025-08-01
SAL007661,EMP00453,68230.38,14819.5,2779.59,80270.29,2025-11-07
SAL007662,EMP00364,83873.7,7557.02,4990.49,86440.23,2024-11-06
SAL007663,EMP00357,116424.48,14230.97,5291.12,125364.33,2025-07-16
SAL007664,EMP00340,121218.85,14354.73,12460.39,123113.19,2025-09-19
SAL007665,EMP00990,73422.74,9812.56,5170.74,78064.56,2025-12-30
SAL007666,EMP00690,49095.93,5650.33,10085.67,44660.59,2026-05-08
SAL007667,EMP00009,136399.04,11307.07,3911.07,143795.04,2024-08-18
SAL007668,EMP00313,109198.67,4437.91,4167.62,109468.96,2026-07-29
SAL007669,EMP00779,72299.72,15505.53,12840.14,74965.11,2025-03-26
SAL007670,EMP00092,21936.48,13228.43,8950.21,26214.7,2026-03-06
SAL007671,EMP00441,128880.02,16446.59,4211.44,141115.17,2025-10-05
SAL007672,EMP00161,120510.78,13215.83,7389.08,126337.53,2025-08-31
SAL007673,EMP00220,71745.8,5548.59,4502.91,72791.48,2025-07-10
SAL007674,EMP00230,41261.62,9736.29,7700.11,43297.8,2025-12-22
SAL007675,EMP00328,128775.64,5324.19,4993.83,129106,2024-11-15
SAL007676,EMP01187,132956.63,17001.08,2010.29,147947.42,2024-08-17
SAL007677,EMP00088,103063.55,1542.31,8903.91,95701.95,2025-12-23
SAL007678,EMP01111,68245.08,15480.75,4474.54,79251.29,2025-11-20
SAL007679,EMP00148,125224.25,2438.64,1188.6,126474.29,2026-08-01
SAL007680,EMP01127,108374.94,16264.01,3171.06,121467.89,2025-02-08
SAL007681,EMP00250,43081.61,14908.15,4606.65,53383.11,2026-06-18
SAL007682,EMP00891,76186.96,12649.79,8940.79,79895.96,2025-12-05
SAL007683,EMP01081,39312.78,15918.56,3738.09,51493.25,2024-12-03
SAL007684,EMP00984,66631.76,7872.38,7699.76,66804.38,2025-05-01
SAL007685,EMP01188,32327.39,12725.59,7570.42,37482.56,2026-01-04
SAL007686,EMP00865,44298.82,11940.62,14567.95,41671.49,2026-05-14
SAL007687,EMP01146,92921.2,18800.17,2975.8,108745.57,2024-11-02
SAL007688,EMP00787,54240.1,7345.87,7598.35,53987.62,2026-06-13
SAL007689,EMP00996,92353.06,6135.69,1491.2,96997.55,2026-03-09
SAL007690,EMP01163,137543.74,5205.91,1945.86,140803.79,2025-02-02
SAL007691,EMP00471,101818.34,6424.38,6806.21,101436.51,2024-12-30
SAL007692,EMP00289,40989.54,2001.13,11897.63,31093.04,2025-01-12
SAL007693,EMP01110,80858.02,13354.32,11693.73,82518.61,2025-11-17
SAL007694,EMP00514,140505.13,18944.48,8125.93,151323.68,2025-08-28
SAL007695,EMP00585,48011.28,13612.23,4158.5,57465.01,2025-10-27
SAL007696,EMP00044,59803.92,6575.49,1017.81,65361.6,2025-06-24
SAL007697,EMP01135,117981.27,13005.09,12223.67,118762.69,2026-08-04
SAL007698,EMP01187,53946.79,6680.45,13896.09,46731.15,2025-10-02
SAL007699,EMP00661,59615.33,13203.71,5460.71,67358.33,2025-01-26
SAL007700,EMP00812,102351.81,9075.5,2336.38,109090.93,2026-03-21
SAL007701,EMP00846,94762.49,13357.28,9521.08,98598.69,2025-04-21
SAL007702,EMP00841,71692.76,2110.27,7083.43,66719.6,2026-06-22
SAL007703,EMP01196,40861.07,10529.82,1481.19,49909.7,2024-11-11
SAL007704,EMP00837,64725.06,10892.46,2511.87,73105.65,2025-12-16
SAL007705,EMP00801,82602.97,9961.33,13935.36,78628.94,2025-08-18
SAL007706,EMP00352,139683.42,7566.35,5826.92,141422.85,2025-04-30
SAL007707,EMP00967,121102.45,2026.91,2453.26,120676.1,2025-08-07
SAL007708,EMP00050,73419.7,12628.39,5272.48,80775.61,2026-02-11
SAL007709,EMP00303,20141.75,7882.98,2132.27,25892.46,2026-04-06
SAL007710,EMP00170,109205.56,18518.09,1632.43,126091.22,2025-08-02
SAL007711,EMP00621,64496.56,15993.35,2981.58,77508.33,2025-09-16
SAL007712,EMP00980,137473.71,5937.27,2137,141273.98,2024-10-05
SAL007713,EMP00650,137871.29,10981.97,2499.59,146353.67,2025-02-25
SAL007714,EMP00549,121327.22,11316.18,4799.85,127843.55,2025-06-10
SAL007715,EMP00936,137575.28,15067.22,14170.04,138472.46,2026-01-11
SAL007716,EMP00471,77247.44,1297.93,4449.3,74096.07,2026-06-14
SAL007717,EMP00977,70971.18,12296.13,5290.7,77976.61,2025-11-14
SAL007718,EMP00888,99497.95,6806.3,4957.72,101346.53,2026-02-15
SAL007719,EMP00599,75412.74,3384.48,5941.43,72855.79,2024-11-06
SAL007720,EMP00910,112015.3,18913.73,8380.65,122548.38,2024-12-30
SAL007721,EMP00084,99256.57,3651.32,3324.18,99583.71,2025-05-04
SAL007722,EMP01026,118881.27,17649.68,12832.63,123698.32,2026-03-29
SAL007723,EMP00319,35071.02,18549.84,4751.07,48869.79,2025-01-15
SAL007724,EMP01219,82535.57,4832.66,11137.32,76230.91,2024-10-10
SAL007725,EMP00636,74239.09,19015.16,10853.62,82400.63,2026-07-18
SAL007726,EMP00522,68668.38,13171.66,11191.46,70648.58,2024-10-07
SAL007727,EMP00058,105121.78,6371.05,5664.55,105828.28,2025-03-26
SAL007728,EMP00395,95347.55,1072.33,7284.87,89135.01,2025-11-24
SAL007729,EMP00358,104259.96,8317.41,11604.74,100972.63,2025-05-16
SAL007730,EMP00969,114500.91,15450.47,4303.58,125647.8,2025-08-24
SAL007731,EMP00694,135056.64,1966.99,8771.96,128251.67,2024-12-08
SAL007732,EMP00053,78940.4,8827.03,3286.02,84481.41,2025-09-22
SAL007733,EMP00606,125291.18,8198.04,8469,125020.22,2025-05-26
SAL007734,EMP00649,34109.16,7296.44,1970.45,39435.15,2024-11-21
SAL007735,EMP01137,37245.84,16492.59,8382.68,45355.75,2025-11-07
SAL007736,EMP00196,56888.57,4227.12,2497.88,58617.81,2025-05-19
SAL007737,EMP00376,76588.76,19862.93,8113.67,88338.02,2024-10-17
SAL007738,EMP01016,94039.9,15238.26,6804.01,102474.15,2025-11-26
SAL007739,EMP00648,54010.98,4058.21,2388.51,55680.68,2025-10-25
SAL007740,EMP00484,73309.93,15153.42,9097.78,79365.57,2025-08-18
SAL007741,EMP00755,149405.45,2636.43,4430.68,147611.2,2024-08-14
SAL007742,EMP00622,23710.74,17055.55,3968.9,36797.39,2024-10-25
SAL007743,EMP01191,42704.9,10766.9,3113.48,50358.32,2026-03-10
SAL007744,EMP00620,58111.19,1704.28,9019.39,50796.08,2025-01-25
SAL007745,EMP00962,99636.46,8548.48,13013.2,95171.74,2024-08-21
SAL007746,EMP00915,72615.8,5311.07,14281.31,63645.56,2025-07-17
SAL007747,EMP01221,105293.99,12162.2,8962.4,108493.79,2025-08-03
SAL007748,EMP00445,146284.69,15870.29,3177.78,158977.2,2025-01-22
SAL007749,EMP00784,45977.75,1814.77,2821.5,44971.02,2025-02-27
SAL007750,EMP01013,78782.79,14165.39,8933.37,84014.81,2026-05-14
SAL007751,EMP01181,100631.21,5136.55,10978.63,94789.13,2024-09-10
SAL007752,EMP00791,101310.54,16222.61,12748.71,104784.44,2026-05-01
SAL007753,EMP00258,72647.11,3506.98,14029.06,62125.03,2024-10-03
SAL007754,EMP00581,101426.71,3863.75,1783.73,103506.73,2026-03-06
SAL007755,EMP01222,107474.71,13212.68,7663.56,113023.83,2026-06-16
SAL007756,EMP00551,73750.45,8633.43,3533.77,78850.11,2025-10-19
SAL007757,EMP00032,62199.37,17863.62,9832.27,70230.72,2025-05-01
SAL007758,EMP00134,146198.96,12819.79,9646.86,149371.89,2025-02-21
SAL007759,EMP00393,92544.62,3163.09,7407.8,88299.91,2026-03-05
SAL007760,EMP00819,104987.38,4170.47,5208.28,103949.57,2026-07-09
SAL007761,EMP00790,138963.32,17146.24,9111.66,146997.9,2026-07-12
SAL007762,EMP00053,92109.6,6768.94,12807.21,86071.33,2026-01-22
SAL007763,EMP00198,60754.4,1382.09,10468.4,51668.09,2025-03-12
SAL007764,EMP00640,123652.34,6637.36,13547.68,116742.02,2025-03-05
SAL007765,EMP00425,58302.12,2181.88,5937.28,54546.72,2026-01-15
SAL007766,EMP00229,87103.23,7666.14,13210.64,81558.73,2025-05-21
SAL007767,EMP00265,91586.43,4271.49,11335.75,84522.17,2024-10-25
SAL007768,EMP00231,140669.42,4388.69,5852.16,139205.95,2024-10-07
SAL007769,EMP00322,55929.81,17304.03,4933.58,68300.26,2025-03-10
SAL007770,EMP00825,91786.86,11042.36,2037.35,100791.87,2026-05-04
SAL007771,EMP00481,117675.79,11479.24,5677.71,123477.32,2025-12-06
SAL007772,EMP00785,128695.6,5322.61,8485.31,125532.9,2025-02-09
SAL007773,EMP00266,113522.43,12323.65,9604.28,116241.8,2025-08-08
SAL007774,EMP00558,76684.92,7991.31,14974.52,69701.71,2026-06-14
SAL007775,EMP00372,25877.37,16326.74,1314.84,40889.27,2024-11-19
SAL007776,EMP00464,36712.35,1880.97,14689.46,23903.86,2025-07-26
SAL007777,EMP01032,64250.46,8244.92,6922.85,65572.53,2025-01-14
SAL007778,EMP00003,32561.85,3552.23,12006.06,24108.02,2026-06-21
SAL007779,EMP00597,46163.53,19944.86,3722.49,62385.9,2026-02-24
SAL007780,EMP00756,145997.37,1543.59,10826.51,136714.45,2025-11-21
SAL007781,EMP00051,60040.92,14658.74,14839.17,59860.49,2025-08-20
SAL007782,EMP00808,81299.28,6329.26,5933.23,81695.31,2025-08-09
SAL007783,EMP00412,142096.9,8374.17,7391.49,143079.58,2025-04-08
SAL007784,EMP01123,63707.31,15844.49,11731.35,67820.45,2025-03-13
SAL007785,EMP01169,27167.31,15786.22,13975.06,28978.47,2026-02-26
SAL007786,EMP01189,32405.88,7220.21,14403.8,25222.29,2025-03-15
SAL007787,EMP01172,34065.96,10556.74,12718.3,31904.4,2025-12-09
SAL007788,EMP01215,138786.23,2993.2,1672.1,140107.33,2024-09-16
SAL007789,EMP00976,145781.29,7913.65,6119.84,147575.1,2025-06-18
SAL007790,EMP01168,49695.9,8558.43,11884.63,46369.7,2025-09-05
SAL007791,EMP01069,95341.57,14042.59,5621.63,103762.53,2025-12-18
SAL007792,EMP00128,93874.37,4845.42,11694,87025.79,2024-11-22
SAL007793,EMP00272,113598.57,14473.49,13132.05,114940.01,2025-01-31
SAL007794,EMP00263,127506.1,5007.19,1266.87,131246.42,2024-10-11
SAL007795,EMP00882,118421.97,8646.46,11788.43,115280,2025-10-17
SAL007796,EMP00398,20091.6,17930.33,13453.25,24568.68,2026-03-31
SAL007797,EMP01169,84554.9,5612.78,5195.65,84972.03,2025-07-24
SAL007798,EMP00544,29521.18,2679.42,9605.87,22594.73,2026-01-04
SAL007799,EMP00008,64465.39,6172.98,12403.42,58234.95,2025-08-14
SAL007800,EMP00778,36467.02,14055.91,13051.86,37471.07,2025-07-31
SAL007801,EMP00427,118569.71,5826.11,3274.42,121121.4,2025-02-10
SAL007802,EMP00657,113993.72,6928.81,3815.55,117106.98,2025-05-17
SAL007803,EMP00454,84768.5,15506.3,12779.78,87495.02,2026-04-13
SAL007804,EMP00985,53015.6,10391.03,14685.34,48721.29,2025-09-18
SAL007805,EMP00477,122841.45,14455.74,3736.72,133560.47,2025-11-09
SAL007806,EMP00357,20865.4,1928.35,13327.18,9466.57,2025-02-12
SAL007807,EMP00331,33351.98,17257.37,11051.44,39557.91,2026-03-25
SAL007808,EMP00508,26175.34,17445.41,3447.9,40172.85,2025-02-13
SAL007809,EMP01099,89634.48,7623.02,12432.27,84825.23,2025-01-13
SAL007810,EMP00394,119022.19,15674.57,4789.8,129906.96,2025-07-30
SAL007811,EMP00662,143626.74,16689.52,9170.85,151145.41,2026-06-01
SAL007812,EMP00078,129232.24,11280.83,4198.18,136314.89,2026-07-26
SAL007813,EMP00392,79486.87,11856.78,13142.79,78200.86,2024-08-23
SAL007814,EMP01138,62145.27,15520.96,1556.96,76109.27,2025-03-25
SAL007815,EMP00828,77205.67,8246.55,2398.95,83053.27,2026-02-21
SAL007816,EMP00711,129369.48,18770.92,4186.15,143954.25,2025-11-14
SAL007817,EMP00011,93335.52,1220.41,12373.66,82182.27,2024-09-19
SAL007818,EMP00978,119700.71,7184.42,4370.23,122514.9,2025-04-13
SAL007819,EMP00397,140708.85,2982.93,3144.46,140547.32,2026-07-05
SAL007820,EMP00170,92017.47,8226.79,10214.48,90029.78,2025-11-15
SAL007821,EMP01209,25331.58,12041.03,14459.94,22912.67,2025-07-04
SAL007822,EMP00245,26836.76,17292.35,7054.55,37074.56,2026-04-01
SAL007823,EMP01112,78124.09,4234.51,5702.76,76655.84,2026-07-04
SAL007824,EMP00017,65148.01,16555.53,10661.93,71041.61,2026-02-08
SAL007825,EMP00110,27098.05,9389.44,9608.42,26879.07,2026-05-08
SAL007826,EMP01098,22889.75,5188.99,6608.91,21469.83,2024-11-15
SAL007827,EMP00169,123773.54,2044.02,10880.31,114937.25,2024-12-25
SAL007828,EMP00581,38835.32,15975.09,1552.62,53257.79,2024-08-13
SAL007829,EMP00261,109103.14,2567.58,10306.93,101363.79,2026-03-16
SAL007830,EMP00600,135105.92,19945.87,10337.39,144714.4,2025-11-07
SAL007831,EMP00056,147524.4,4045.7,6310.17,145259.93,2026-05-13
SAL007832,EMP00109,139019.32,15815.72,6109.23,148725.81,2025-07-04
SAL007833,EMP00472,93975.81,14191.32,5712.5,102454.63,2024-10-07
SAL007834,EMP00970,140017.22,12137.98,4439.73,147715.47,2024-09-04
SAL007835,EMP01077,112970.25,8559.7,7356.84,114173.11,2026-03-24
SAL007836,EMP01096,91791.92,11284.14,14248.74,88827.32,2026-08-07
SAL007837,EMP00917,135123.67,18672.71,14811.63,138984.75,2026-05-26
SAL007838,EMP00648,122013.33,17663.4,14713.82,124962.91,2024-10-24
SAL007839,EMP01228,33361.86,10292.97,13215,30439.83,2025-10-25
SAL007840,EMP00314,29199.67,13959.79,10697.23,32462.23,2025-05-04
SAL007841,EMP01204,122969.25,1017.77,12619.39,111367.63,2024-12-22
SAL007842,EMP00899,61738.07,18795.14,10117.92,70415.29,2025-10-14
SAL007843,EMP00710,23953.65,9818.46,7916.35,25855.76,2026-06-18
SAL007844,EMP00226,121823.7,9296.5,10728.09,120392.11,2026-07-05
SAL007845,EMP00557,130807.54,3030.35,3321.71,130516.18,2025-09-04
SAL007846,EMP01043,87987.62,12479.51,12797.71,87669.42,2025-05-19
SAL007847,EMP00324,28323.5,2777.87,13861.97,17239.4,2025-11-06
SAL007848,EMP00062,25863.4,5302.77,9514.26,21651.91,2025-02-24
SAL007849,EMP01162,82347.64,11170.83,5226.08,88292.39,2026-04-06
SAL007850,EMP00860,115481.73,11162.78,5016.74,121627.77,2025-11-12
SAL007851,EMP01116,47580.14,9427.83,2595.78,54412.19,2026-07-25
SAL007852,EMP00890,44365.5,16494.7,2357.43,58502.77,2025-06-21
SAL007853,EMP00202,66621.46,19182.22,10016.1,75787.58,2025-12-28
SAL007854,EMP00305,140064.6,14574.82,2609.08,152030.34,2024-10-11
SAL007855,EMP00393,34269.74,13185.16,5100.88,42354.02,2026-03-29
SAL007856,EMP00247,146631.81,14257,8993.58,151895.23,2025-07-06
SAL007857,EMP00783,127396.07,1514.71,13455.83,115454.95,2025-04-13
SAL007858,EMP01141,58615.77,11689.97,3845.07,66460.67,2026-04-22
SAL007859,EMP00065,137325.75,6036.8,4368.03,138994.52,2026-02-25
SAL007860,EMP00360,40027.2,13576.45,2876.38,50727.27,2025-07-06
SAL007861,EMP01075,126726.54,5166.04,1368.41,130524.17,2024-09-25
SAL007862,EMP00815,80785.04,10267.64,14054.54,76998.14,2024-09-20
SAL007863,EMP00115,132794.96,16807.15,7028.43,142573.68,2025-01-12
SAL007864,EMP00662,122494.62,9293.91,14340.22,117448.31,2025-06-25
SAL007865,EMP00784,95852.5,6287.96,1529.3,100611.16,2024-10-30
SAL007866,EMP00495,21551.81,5278.62,10792.67,16037.76,2026-03-22
SAL007867,EMP01064,45760.01,12132.7,2102.24,55790.47,2025-06-05
SAL007868,EMP00301,51771.15,18546.73,11103.17,59214.71,2026-01-06
SAL007869,EMP00672,149721.96,7119.23,8345.82,148495.37,2025-08-08
SAL007870,EMP00878,146671.17,10606.76,1056.31,156221.62,2026-07-29
SAL007871,EMP00497,99550.95,6484,3362.24,102672.71,2025-11-30
SAL007872,EMP00164,41085.5,12311.75,11856.18,41541.07,2025-04-22
SAL007873,EMP01053,47248.48,18958.11,1770.25,64436.34,2025-05-15
SAL007874,EMP01055,56067.95,5486.19,6047.17,55506.97,2025-05-03
SAL007875,EMP01053,117594.08,12959.06,1167.92,129385.22,2026-02-15
SAL007876,EMP00162,145128.09,6208.3,10219.25,141117.14,2025-10-26
SAL007877,EMP00204,124960.31,6356.24,7179.95,124136.6,2024-11-19
SAL007878,EMP00340,58055.13,4945.88,9728.21,53272.8,2026-01-01
SAL007879,EMP00050,134970.8,14886.4,8115.53,141741.67,2025-05-11
SAL007880,EMP00403,99711.47,8435.03,1775.15,106371.35,2025-11-20
SAL007881,EMP00113,27291.73,5991.59,9177.74,24105.58,2026-05-12
SAL007882,EMP00468,68740.8,6941.12,9998.07,65683.85,2025-03-28
SAL007883,EMP00499,89871.26,5554.68,13572.42,81853.52,2026-02-24
SAL007884,EMP00330,79102.7,3949.52,11078.81,71973.41,2024-12-21
SAL007885,EMP00198,99013.85,3956.65,13642.44,89328.06,2024-12-30
SAL007886,EMP00894,66960.76,13133.08,5051.91,75041.93,2024-12-28
SAL007887,EMP00887,59167.73,7797.53,10202.73,56762.53,2025-04-13
SAL007888,EMP00633,26179.4,2148,7106.1,21221.3,2024-09-18
SAL007889,EMP00762,74702.72,2248.23,13976.31,62974.64,2026-05-14
SAL007890,EMP00300,127028.98,17822.82,8641.8,136210,2026-05-09
SAL007891,EMP01057,117680.8,2106.63,7710.2,112077.23,2024-11-01
SAL007892,EMP00628,129880.71,10252.79,1410.35,138723.15,2025-02-19
SAL007893,EMP00521,121220.8,10822,2982.91,129059.89,2026-05-16
SAL007894,EMP00509,50926.77,3056.87,2186.6,51797.04,2025-01-17
SAL007895,EMP01037,75132.35,3698.12,2852.41,75978.06,2024-11-10
SAL007896,EMP01224,22027.96,1336.19,6685.67,16678.48,2025-11-05
SAL007897,EMP01005,130174.42,1640.92,5047.22,126768.12,2024-08-16
SAL007898,EMP00537,125270.63,5121.82,10943.91,119448.54,2025-08-28
SAL007899,EMP00581,59986.99,1342.7,11039.95,50289.74,2026-04-26
SAL007900,EMP00314,34120.8,17382.1,4974.9,46528,2025-01-22
SAL007901,EMP00645,117523.17,13577.32,12214.36,118886.13,2026-01-15
SAL007902,EMP01095,47725.65,13859.02,5719.02,55865.65,2025-03-27
SAL007903,EMP00971,54115.59,9365.48,1440.9,62040.17,2025-06-13
SAL007904,EMP00194,101995.26,11650.12,11887.01,101758.37,2026-01-19
SAL007905,EMP00277,58697.58,5214.9,7468.38,56444.1,2026-06-29
SAL007906,EMP00301,28097.57,12857.32,4502.39,36452.5,2024-10-26
SAL007907,EMP00182,130140.78,15499.33,14495.05,131145.06,2026-04-05
SAL007908,EMP01108,82378.84,9867.64,7362.69,84883.79,2025-10-25
SAL007909,EMP00952,81187.07,9268.51,7358.96,83096.62,2026-02-22
SAL007910,EMP00430,46278.93,14115.4,2510.69,57883.64,2025-05-25
SAL007911,EMP00679,23916.24,15360.78,14125.82,25151.2,2025-01-01
SAL007912,EMP00131,148378.65,2713.63,6803.13,144289.15,2025-03-20
SAL007913,EMP00859,116108.51,14158.33,4438.75,125828.09,2025-12-29
SAL007914,EMP00442,120431.11,4360.26,11794.01,112997.36,2026-01-19
SAL007915,EMP00005,74426.96,3614.33,13771.84,64269.45,2026-04-25
SAL007916,EMP01188,92681.21,16434.3,14160.76,94954.75,2024-10-30
SAL007917,EMP00382,69613.77,8014.46,14711.96,62916.27,2025-07-19
SAL007918,EMP00220,49519.39,13718.83,8853.2,54385.02,2026-08-11
SAL007919,EMP00051,83065.46,1247.33,9185.66,75127.13,2026-03-01
SAL007920,EMP01016,93886.58,2633.72,14895.98,81624.32,2026-07-06
SAL007921,EMP00163,57222.22,14453.1,3232.58,68442.74,2024-10-20
SAL007922,EMP00984,36572.72,19682.98,13333.53,42922.17,2026-05-22
SAL007923,EMP00275,105537.4,5382.56,6197.01,104722.95,2025-10-31
SAL007924,EMP00633,23026.81,17631.16,6829.35,33828.62,2026-01-20
SAL007925,EMP00191,61732.51,4806.42,14878.61,51660.32,2025-07-29
SAL007926,EMP00520,114724.85,13531.31,3064.86,125191.3,2024-08-23
SAL007927,EMP00753,137031.14,12086.09,3292.28,145824.95,2025-04-25
SAL007928,EMP00411,60077.9,8652.38,4986.52,63743.76,2026-03-13
SAL007929,EMP00905,117332.15,3226.27,5902.02,114656.4,2025-01-24
SAL007930,EMP00279,66864.48,16668.18,5217.45,78315.21,2024-11-13
SAL007931,EMP01214,89429.55,4812.59,8257.6,85984.54,2025-08-26
SAL007932,EMP00942,78995.41,14960.72,4500.19,89455.94,2025-11-14
SAL007933,EMP01156,22200.35,4858.96,5546.87,21512.44,2026-04-19
SAL007934,EMP01030,106790.29,8170.03,14538.68,100421.64,2024-10-27
SAL007935,EMP00669,20495.06,15242.44,9771.69,25965.81,2025-12-04
SAL007936,EMP00206,78684.84,10454.66,14521.13,74618.37,2025-04-17
SAL007937,EMP00536,98330.76,17860.17,6323.08,109867.85,2025-02-24
SAL007938,EMP00065,131823.15,8558.92,13500.08,126881.99,2025-02-16
SAL007939,EMP00380,79751.2,8520.48,4226.03,84045.65,2025-03-25
SAL007940,EMP00081,99341.06,18562.08,7524.75,110378.39,2025-06-28
SAL007941,EMP00952,120666.94,8066.18,4782.06,123951.06,2025-02-02
SAL007942,EMP00490,61109.43,6349.79,14682.96,52776.26,2025-07-03
SAL007943,EMP00700,21779.98,12140.37,7995.77,25924.58,2025-03-11
SAL007944,EMP00204,28197.93,14756.86,5544.33,37410.46,2026-05-20
SAL007945,EMP00562,148354.29,6128.22,3910.86,150571.65,2026-01-01
SAL007946,EMP00490,67147,19859.17,8973.04,78033.13,2025-06-18
SAL007947,EMP00822,107508.49,6994.76,10044.3,104458.95,2024-10-18
SAL007948,EMP00956,35532.88,15035.11,5960.82,44607.17,2026-06-27
SAL007949,EMP00827,46924.16,15517.14,8460.31,53980.99,2026-05-22
SAL007950,EMP01069,149584.25,6792.31,13480.35,142896.21,2025-05-02
SAL007951,EMP00137,55954.51,15223.75,2271.04,68907.22,2026-08-09
SAL007952,EMP00510,141978.6,14799.38,13743.22,143034.76,2024-11-23
SAL007953,EMP00781,101864.61,8899,7616.48,103147.13,2026-02-06
SAL007954,EMP00905,62700.63,11746.83,2822.3,71625.16,2024-10-15
SAL007955,EMP01016,129294.35,2973.4,7903.45,124364.3,2026-07-01
SAL007956,EMP00581,83885.68,7746.76,10669.23,80963.21,2025-10-04
SAL007957,EMP01084,28849.53,8916.75,2948.07,34818.21,2024-10-15
SAL007958,EMP00536,118358.07,13957.78,1114.96,131200.89,2024-09-03
SAL007959,EMP00330,40287.42,12304.57,5711.6,46880.39,2026-01-14
SAL007960,EMP01147,29529.94,17224.33,9179.65,37574.62,2024-08-21
SAL007961,EMP01131,148481.36,9603.58,6060.2,152024.74,2025-05-21
SAL007962,EMP01109,78895.17,6565.41,6939.34,78521.24,2026-05-10
SAL007963,EMP00281,57120.51,19200.59,1049.24,75271.86,2024-08-25
SAL007964,EMP00287,38454.59,19841.92,10367.84,47928.67,2026-01-07
SAL007965,EMP01039,94366.77,19965.36,12849.33,101482.8,2024-12-19
SAL007966,EMP00001,66156.25,1853.5,5886.22,62123.53,2025-03-20
SAL007967,EMP00808,122088.96,10088.53,5071.8,127105.69,2025-03-20
SAL007968,EMP00439,145717.64,16731.69,11145.96,151303.37,2026-05-13
SAL007969,EMP00368,39753.8,15078.41,8881.48,45950.73,2024-12-23
SAL007970,EMP01167,126917.36,4014.3,8683.83,122247.83,2025-12-12
SAL007971,EMP00936,85105.99,19555.01,4746.22,99914.78,2024-11-01
SAL007972,EMP00088,20284.45,11392.83,6728.02,24949.26,2026-03-11
SAL007973,EMP00813,140639.05,10456.9,1511.78,149584.17,2024-11-19
SAL007974,EMP00030,133676.79,18910.38,3903.52,148683.65,2025-01-28
SAL007975,EMP00680,141754.05,13992.36,4899.33,150847.08,2025-05-16
SAL007976,EMP00966,54014.13,14153.02,9465.28,58701.87,2025-02-27
SAL007977,EMP01122,89132.76,12133.62,5439.18,95827.2,2026-04-22
SAL007978,EMP00562,134101.57,17921.51,14374.54,137648.54,2026-03-01
SAL007979,EMP00911,135284.2,18899.33,1004.58,153178.95,2025-02-24
SAL007980,EMP00566,45242.5,5716.43,8401.16,42557.77,2025-11-26
SAL007981,EMP00547,121420.09,1297.55,12811.07,109906.57,2025-04-25
SAL007982,EMP00623,119858.73,18015.78,9231.38,128643.13,2025-06-07
SAL007983,EMP00794,115970.5,11996.67,5917.74,122049.43,2024-09-12
SAL007984,EMP01102,40666.48,16960.82,3042.35,54584.95,2024-12-18
SAL007985,EMP01225,89379.63,1652.28,13653.61,77378.3,2024-09-05
SAL007986,EMP00439,60171.26,15861.55,3359.14,72673.67,2025-03-28
SAL007987,EMP00045,149389.73,19463.57,7278.65,161574.65,2024-10-03
SAL007988,EMP00934,39991.9,2133.19,8561.68,33563.41,2025-06-22
SAL007989,EMP00562,127515.33,18439.06,2414,143540.39,2025-12-14
SAL007990,EMP00854,66008.48,6798.98,11145.22,61662.24,2024-11-20
SAL007991,EMP00920,91479.68,7703.96,5461.48,93722.16,2025-02-19
SAL007992,EMP00145,68907.69,5755.89,10936.88,63726.7,2026-06-03
SAL007993,EMP01050,35962.61,7090.92,7492.33,35561.2,2025-02-07
SAL007994,EMP00400,93711.38,2902.58,8392.74,88221.22,2026-03-26
SAL007995,EMP00641,92712.15,13783.13,7828.93,98666.35,2025-03-22
SAL007996,EMP00306,20919.07,8198.95,10070.39,19047.63,2025-08-24
SAL007997,EMP00566,68075.47,13023.46,6004.76,75094.17,2025-07-12
SAL007998,EMP00472,70646.02,13816.07,10248.25,74213.84,2024-09-27
SAL007999,EMP01219,149604.74,3028.12,8108.87,144523.99,2024-08-31
SAL008000,EMP01010,33771.37,19454.28,8665.36,44560.29,2025-01-06
SAL008001,EMP00912,51759.94,12787.5,3347.86,61199.58,2026-07-22
SAL008002,EMP00909,119771.09,8700.82,9625.13,118846.78,2026-05-20
SAL008003,EMP00658,50907.57,16271.2,12531,54647.77,2025-05-07
SAL008004,EMP00098,49873.62,14761.52,10311.34,54323.8,2026-07-06
SAL008005,EMP00726,59599.26,6889.04,14493.7,51994.6,2026-01-03
SAL008006,EMP01190,113962.41,16702.38,13344.61,117320.18,2025-10-28
SAL008007,EMP00859,89970.88,3019.76,3837,89153.64,2024-09-21
SAL008008,EMP00636,20054.82,12623,13571.51,19106.31,2025-01-03
SAL008009,EMP00099,100246.32,1472.5,4992.16,96726.66,2025-08-23
SAL008010,EMP01162,142586.35,11245.86,13111.64,140720.57,2025-07-24
SAL008011,EMP00993,119605.38,5095.94,9611.6,115089.72,2025-04-01
SAL008012,EMP00511,79183.33,6661.72,10587.28,75257.77,2025-06-05
SAL008013,EMP00782,24185,2185.32,1705.41,24664.91,2025-01-25
SAL008014,EMP00885,112456.1,6987.46,5761.44,113682.12,2026-03-04
SAL008015,EMP00198,42067.57,4028.71,8525.9,37570.38,2025-07-30
SAL008016,EMP01085,69479.04,18714.18,4403.37,83789.85,2026-01-31
SAL008017,EMP00347,74065.73,12017.24,7448.09,78634.88,2026-06-03
SAL008018,EMP00660,50342.51,16515.81,4784.45,62073.87,2026-02-15
SAL008019,EMP00210,20219.37,3276.55,2048.95,21446.97,2025-09-26
SAL008020,EMP00329,48766.19,1779.51,2125.74,48419.96,2026-06-30
SAL008021,EMP00165,116073.81,16965.45,14193.14,118846.12,2025-07-07
SAL008022,EMP01052,90239.52,13288.19,11041.98,92485.73,2025-03-28
SAL008023,EMP00057,106613.29,5073.23,9265.59,102420.93,2025-12-21
SAL008024,EMP00035,148669.19,2551.61,14553.68,136667.12,2024-10-29
SAL008025,EMP00053,138282.95,6894.9,2341.86,142835.99,2024-09-18
SAL008026,EMP00512,44403.46,2451.28,11609.96,35244.78,2025-08-01
SAL008027,EMP00685,112368.87,17766.78,7491.82,122643.83,2024-10-04
SAL008028,EMP00712,34669.75,17559,11519.62,40709.13,2025-02-09
SAL008029,EMP00873,25141.56,9220.72,13268.67,21093.61,2026-03-30
SAL008030,EMP00946,80529.15,4195.79,9581.28,75143.66,2026-04-23
SAL008031,EMP00587,113517.87,9382.95,8147.51,114753.31,2026-05-22
SAL008032,EMP00677,80573.07,9698.47,5956.8,84314.74,2024-11-07
SAL008033,EMP00991,121374.01,5631.44,13020.36,113985.09,2025-10-18
SAL008034,EMP01223,61086.88,15129.73,5774.78,70441.83,2025-09-02
SAL008035,EMP00859,40514.25,9206.66,9633.2,40087.71,2026-02-14
SAL008036,EMP00055,115837.25,14231.24,13323.61,116744.88,2026-04-28
SAL008037,EMP00669,100248.47,17043.35,5001.23,112290.59,2026-03-25
SAL008038,EMP00517,79025.93,16434.81,3214.88,92245.86,2025-10-30
SAL008039,EMP00204,101453.16,18754.81,7794.62,112413.35,2025-09-28
SAL008040,EMP01072,78160.91,7443.58,14054.97,71549.52,2024-10-07
SAL008041,EMP01204,71380.27,4871.88,7588.13,68664.02,2026-06-29
SAL008042,EMP00657,136769.05,13502.87,13641.75,136630.17,2025-10-07
SAL008043,EMP00474,148385.42,10547.29,3002.37,155930.34,2026-02-28
SAL008044,EMP00359,94164.58,1517.51,5438.28,90243.81,2025-05-07
SAL008045,EMP00970,71460.66,3712,9252.18,65920.48,2026-05-21
SAL008046,EMP00963,102911.11,1259.4,3766.37,100404.14,2025-01-04
SAL008047,EMP00356,55544.09,3940.76,5824.77,53660.08,2026-01-06
SAL008048,EMP00179,43099.12,15566.39,1140.7,57524.81,2025-02-05
SAL008049,EMP00815,49338.5,6318.44,10670.08,44986.86,2024-12-15
SAL008050,EMP01096,64010.03,1400.28,10947.06,54463.25,2024-11-17
SAL008051,EMP00068,85985.38,9379.52,3838.03,91526.87,2024-08-26
SAL008052,EMP01074,93187.61,13574.93,10280.52,96482.02,2025-10-15
SAL008053,EMP00498,94989.97,14681.21,2405.41,107265.77,2024-12-21
SAL008054,EMP00258,27133.76,11358.13,11577.8,26914.09,2025-03-14
SAL008055,EMP00121,129506.75,10630.43,10212.91,129924.27,2025-02-28
SAL008056,EMP01020,42335.57,8226,7039.7,43521.87,2025-01-04
SAL008057,EMP00519,100396.78,6350.35,13790.77,92956.36,2026-07-24
SAL008058,EMP00163,98171.72,12717.39,12471.48,98417.63,2025-01-20
SAL008059,EMP00281,120789.81,17280.61,3966.41,134104.01,2025-06-20
SAL008060,EMP00705,81751.97,17544.99,3174.67,96122.29,2024-10-15
SAL008061,EMP00873,71383.58,19343.93,3763.04,86964.47,2026-01-04
SAL008062,EMP00724,107817.1,3036.14,3226.5,107626.74,2024-11-19
SAL008063,EMP00698,107758.52,15949.62,3247.51,120460.63,2025-05-29
SAL008064,EMP00775,52420.46,13263.6,12766.63,52917.43,2024-08-12
SAL008065,EMP01227,117369.74,12801.62,8757.2,121414.16,2025-05-20
SAL008066,EMP00801,65003.82,8703.14,2212.91,71494.05,2024-10-08
SAL008067,EMP01112,68499.82,4485.26,4055.07,68930.01,2024-11-30
SAL008068,EMP01124,37167,11999.13,1475.27,47690.86,2025-10-20
SAL008069,EMP00370,67689.94,5712.75,11161.4,62241.29,2025-11-01
SAL008070,EMP00686,98932.24,4559.13,12415.45,91075.92,2026-01-30
SAL008071,EMP00449,46973.64,19239.3,3731.73,62481.21,2024-09-03
SAL008072,EMP00083,136807.29,7420.21,13248.42,130979.08,2026-08-03
SAL008073,EMP00783,72536.8,2884.76,7632.33,67789.23,2024-09-18
SAL008074,EMP00414,50696.99,11957.38,8360.68,54293.69,2025-06-22
SAL008075,EMP00451,117116.59,15597.7,14016.59,118697.7,2024-09-30
SAL008076,EMP01045,143382.27,19634.65,9315.82,153701.1,2026-03-20
SAL008077,EMP01222,149426.86,6763.39,9627.65,146562.6,2025-12-07
SAL008078,EMP00514,83130.69,4550.09,10055.11,77625.67,2025-09-28
SAL008079,EMP01216,69653.11,4719.69,12638.83,61733.97,2026-05-28
SAL008080,EMP00890,141872.22,13512.13,7476.37,147907.98,2026-06-28
SAL008081,EMP00731,37443.63,10204.29,5006.59,42641.33,2026-06-25
SAL008082,EMP00322,70139.86,5455.02,9362.62,66232.26,2026-07-14
SAL008083,EMP00089,54502.82,6789.95,14523.07,46769.7,2025-10-15
SAL008084,EMP01030,129506.46,9236.39,10285.35,128457.5,2025-07-15
SAL008085,EMP00182,115459.42,9722.3,4139.87,121041.85,2026-07-04
SAL008086,EMP00780,119181.94,7086.22,13628.22,112639.94,2025-03-15
SAL008087,EMP00608,59290.1,2624.42,11533.75,50380.77,2024-12-23
SAL008088,EMP00573,116748.27,10740.94,5483.38,122005.83,2024-11-25
SAL008089,EMP01212,63152.3,18306.32,7471.95,73986.67,2025-06-08
SAL008090,EMP00331,50658.37,3666.2,10825.61,43498.96,2025-01-26
SAL008091,EMP00182,72974.53,7882.52,3320.16,77536.89,2025-01-28
SAL008092,EMP01166,128602.11,1131.65,10241.74,119492.02,2024-09-23
SAL008093,EMP00312,73698.87,4120.11,5535.25,72283.73,2025-01-12
SAL008094,EMP00004,21137.81,10348.77,4519.02,26967.56,2026-03-17
SAL008095,EMP00079,42880.01,2748.8,10835.55,34793.26,2025-07-05
SAL008096,EMP00661,72417.14,17511.57,12802.79,77125.92,2025-11-01
SAL008097,EMP01151,145412.96,17551.15,13582.41,149381.7,2025-01-09
SAL008098,EMP01137,29718.4,15774.93,10659.39,34833.94,2025-04-17
SAL008099,EMP00777,133193.42,14196.32,6010.16,141379.58,2025-01-20
SAL008100,EMP00230,32294.07,2553.05,7134.23,27712.89,2025-09-15
SAL008101,EMP01027,82764.26,13835.48,2373.07,94226.67,2025-09-12
SAL008102,EMP00635,60717.31,1026.48,9098.29,52645.5,2025-02-22
SAL008103,EMP00967,104223.16,15644.54,14882.96,104984.74,2025-01-02
SAL008104,EMP00897,55009.96,13181.11,11576.69,56614.38,2024-09-23
SAL008105,EMP00304,120441.88,14884.08,2891.59,132434.37,2025-11-21
SAL008106,EMP00756,44781.14,4397.69,12170.02,37008.81,2026-06-06
SAL008107,EMP00998,34816.86,15970.47,11472.82,39314.51,2025-08-13
SAL008108,EMP00969,93536.27,3160.88,5494.48,91202.67,2025-05-16
SAL008109,EMP01157,56686.49,17201.93,6214.38,67674.04,2025-09-18
SAL008110,EMP00874,109978.91,11274.28,7229.45,114023.74,2025-02-18
SAL008111,EMP00433,54103.1,17031.65,13262.45,57872.3,2025-03-07
SAL008112,EMP00709,59639.99,1383.08,3526.52,57496.55,2025-11-19
SAL008113,EMP00844,44210.7,6335.57,7845.57,42700.7,2026-01-28
SAL008114,EMP00337,55743.77,14760.11,9824.19,60679.69,2026-06-26
SAL008115,EMP00883,83442.12,1192.37,3655.41,80979.08,2025-01-07
SAL008116,EMP00115,24731.63,19512.23,4254.47,39989.39,2025-10-14
SAL008117,EMP00097,88368.28,18995.88,7986.94,99377.22,2025-07-12
SAL008118,EMP00083,79306.06,14743.95,9030.17,85019.84,2025-07-17
SAL008119,EMP00975,148386.35,18329.85,2256.27,164459.93,2025-03-24
SAL008120,EMP00220,125368.52,18728.69,2558.19,141539.02,2025-04-09
SAL008121,EMP00787,63905.94,19194.33,12569.12,70531.15,2026-02-04
SAL008122,EMP00226,111854.98,2270.25,1397.68,112727.55,2025-03-07
SAL008123,EMP00464,44598.56,2563.39,12677.9,34484.05,2025-06-05
SAL008124,EMP00377,96519.22,6204.49,12667.76,90055.95,2026-07-09
SAL008125,EMP00946,23995.81,8027.21,11949.28,20073.74,2026-01-21
SAL008126,EMP00198,148924.39,7748.73,2623.05,154050.07,2025-06-20
SAL008127,EMP00930,90786.29,10134.08,9613.04,91307.33,2025-02-16
SAL008128,EMP00012,95402.16,3999.63,14638.5,84763.29,2026-06-27
SAL008129,EMP01000,116278.81,13833.03,1534.85,128576.99,2025-01-04
SAL008130,EMP00507,46314.15,2428.82,13390.87,35352.1,2026-06-27
SAL008131,EMP00535,84418.19,8240.72,11835.63,80823.28,2025-02-06
SAL008132,EMP00162,134222.37,4388.44,12851.41,125759.4,2025-01-13
SAL008133,EMP00016,132581.88,6559.44,2451.74,136689.58,2025-04-19
SAL008134,EMP01218,108812.67,10787.19,7903.26,111696.6,2025-02-20
SAL008135,EMP00131,66140.83,12487.49,1417.93,77210.39,2025-05-24
SAL008136,EMP00587,90897.13,3106.15,3599.74,90403.54,2025-07-16
SAL008137,EMP00712,146722.55,8031.18,7639,147114.73,2025-10-30
SAL008138,EMP00042,143615.18,3727.77,13135.35,134207.6,2026-04-08
SAL008139,EMP01113,59733.48,19390.59,6413.87,72710.2,2025-01-15
SAL008140,EMP00861,60818.81,7857.3,13837.91,54838.2,2025-03-16
SAL008141,EMP00293,56375.92,6056.49,12468.94,49963.47,2025-01-20
SAL008142,EMP01196,42183.49,9104.48,6515.88,44772.09,2025-04-09
SAL008143,EMP00711,114734.55,15253.99,4964.68,125023.86,2026-03-19
SAL008144,EMP01060,34964.65,11902.19,3927.54,42939.3,2025-11-22
SAL008145,EMP00970,68247.34,18130.61,12488.59,73889.36,2024-11-24
SAL008146,EMP00767,51752.46,5086.78,4218.06,52621.18,2024-10-03
SAL008147,EMP00081,20793.21,14458.93,1855.83,33396.31,2025-04-11
SAL008148,EMP00999,134902.65,8460.98,3968.77,139394.86,2025-08-29
SAL008149,EMP00691,110791.78,12531.19,6319.59,117003.38,2025-02-02
SAL008150,EMP00036,139662.21,15548.56,9556.91,145653.86,2025-01-01
SAL008151,EMP01057,144589.24,8170.65,12941.06,139818.83,2025-03-16
SAL008152,EMP00612,70853.83,16681.54,9079.41,78455.96,2025-07-04
SAL008153,EMP00227,62363.67,15097.05,14452.67,63008.05,2025-03-25
SAL008154,EMP00873,140755.06,7398.71,10960.89,137192.88,2025-10-28
SAL008155,EMP00839,38982.6,2186.92,4236.53,36932.99,2024-09-21
SAL008156,EMP00436,54507.27,19756.08,13493.46,60769.89,2024-09-02
SAL008157,EMP00837,63710.56,1098.62,13556.11,51253.07,2025-12-20
SAL008158,EMP00194,130090.85,1504.78,10998.25,120597.38,2025-07-28
SAL008159,EMP00952,99184.61,17386.41,14412.06,102158.96,2026-06-28
SAL008160,EMP01187,103444.46,14208.93,12544.47,105108.92,2026-02-28
SAL008161,EMP00187,106097.2,8272.82,14827.74,99542.28,2026-04-22
SAL008162,EMP01057,131994.34,7492.63,11091.7,128395.27,2026-05-06
SAL008163,EMP00388,88094.75,1287.71,1230.96,88151.5,2026-07-29
SAL008164,EMP00358,77891.87,1832.59,7820.96,71903.5,2025-04-11
SAL008165,EMP01114,45621.95,3278.3,14533.18,34367.07,2026-01-10
SAL008166,EMP00174,129078.51,10646.86,4109.3,135616.07,2025-05-19
SAL008167,EMP00023,116048.99,2411.85,11030.56,107430.28,2025-08-28
SAL008168,EMP00121,27111.82,17759.6,3985.03,40886.39,2025-03-21
SAL008169,EMP00214,93063.06,16424.84,8895.86,100592.04,2024-08-28
SAL008170,EMP01122,43655.51,5711.16,4918.4,44448.27,2026-06-17
SAL008171,EMP01181,103839.51,13274.2,1573.16,115540.55,2026-04-11
SAL008172,EMP01040,55034.79,16515.96,5706.79,65843.96,2025-08-28
SAL008173,EMP00367,65696.69,10695.46,5562.5,70829.65,2024-11-08
SAL008174,EMP00738,87839.41,11824.1,12494.39,87169.12,2024-08-17
SAL008175,EMP01092,43640.32,3998.91,1194.03,46445.2,2026-07-11
SAL008176,EMP00111,39504.53,18662.8,5178.95,52988.38,2026-07-27
SAL008177,EMP00851,100356.57,16843.65,5735.49,111464.73,2024-12-27
SAL008178,EMP00871,51154.26,15578.57,5962.49,60770.34,2026-04-30
SAL008179,EMP00545,24607.61,8422.73,6501.6,26528.74,2025-06-15
SAL008180,EMP01157,121153.46,6420.21,8863.79,118709.88,2026-07-26
SAL008181,EMP00122,84073.93,3112.71,1261.62,85925.02,2026-06-30
SAL008182,EMP00269,123089.61,12641.5,14822.92,120908.19,2024-09-23
SAL008183,EMP01043,145031.64,5672.71,11013.25,139691.1,2025-01-10
SAL008184,EMP00425,48009.38,14101.36,12691.65,49419.09,2024-12-27
SAL008185,EMP00230,70132.82,3071.82,7348.42,65856.22,2025-12-03
SAL008186,EMP00757,83039.72,12254.84,8561.6,86732.96,2026-04-23
SAL008187,EMP00457,96772.6,5258.85,4682.21,97349.24,2026-01-24
SAL008188,EMP00103,101397.2,11243.93,2355.23,110285.9,2026-07-26
SAL008189,EMP01047,23197.27,5706.86,3219.64,25684.49,2025-09-15
SAL008190,EMP00352,102566.1,6169.72,13460.95,95274.87,2025-06-02
SAL008191,EMP00558,135123.71,19451.16,5845.38,148729.49,2026-07-02
SAL008192,EMP01177,116722.96,4295.23,11153.02,109865.17,2026-06-27
SAL008193,EMP00830,117821.47,17527.79,2137.49,133211.77,2025-06-18
SAL008194,EMP00065,95641.48,13670.24,10536.93,98774.79,2025-06-11
SAL008195,EMP00945,77509.05,1029.46,14581.97,63956.54,2024-11-25
SAL008196,EMP01125,129478.11,12899.53,12391.78,129985.86,2025-06-12
SAL008197,EMP00447,86130.45,8370.99,11554.05,82947.39,2025-03-03
SAL008198,EMP00981,33170,18782.53,1124.79,50827.74,2025-03-24
SAL008199,EMP01001,31890.51,16273.55,4664.89,43499.17,2025-11-13
SAL008200,EMP00250,79725.87,2577.52,12455.05,69848.34,2025-01-29
SAL008201,EMP00585,38930.77,19754.67,9062.12,49623.32,2026-07-21
SAL008202,EMP00276,91977.95,3231.22,1497.47,93711.7,2026-01-27
SAL008203,EMP00746,131476.99,18840.21,8288.45,142028.75,2025-12-30
SAL008204,EMP00653,71647.83,9787.85,13705.34,67730.34,2025-05-28
SAL008205,EMP00894,28500.91,11815.03,6226.32,34089.62,2025-07-29
SAL008206,EMP01009,86994.39,12311.53,11053.29,88252.63,2025-06-28
SAL008207,EMP00375,71647.65,6381.39,11241.64,66787.4,2025-02-06
SAL008208,EMP00157,123481.99,8865.75,8379.86,123967.88,2025-04-26
SAL008209,EMP00399,116055.62,14387.66,4927.72,125515.56,2026-01-18
SAL008210,EMP00669,22425.22,15757.79,7137.31,31045.7,2025-02-22
SAL008211,EMP00356,41997.51,5297.91,10453.47,36841.95,2025-09-28
SAL008212,EMP00070,88914.22,5535.74,7678.82,86771.14,2026-05-07
SAL008213,EMP01146,32072.58,4784.79,7400.45,29456.92,2026-04-14
SAL008214,EMP00117,59800.73,13041.35,14444.27,58397.81,2025-03-13
SAL008215,EMP00622,112787.97,8547.15,6952.95,114382.17,2025-04-28
SAL008216,EMP00305,88231.04,6274.87,12472.91,82033,2025-10-13
SAL008217,EMP00546,38337.36,13734.53,9437.07,42634.82,2024-10-10
SAL008218,EMP00327,79422.03,1462.56,11686.88,69197.71,2026-06-25
SAL008219,EMP00364,105204.8,11561.94,8152.07,108614.67,2025-07-10
SAL008220,EMP00476,114414.32,7326.36,4132.45,117608.23,2024-10-20
SAL008221,EMP00541,22921.52,4095.45,13254.71,13762.26,2025-09-22
SAL008222,EMP00940,36173.71,11185.53,3998.28,43360.96,2025-05-11
SAL008223,EMP00333,21972.19,9855.23,7222.12,24605.3,2026-04-12
SAL008224,EMP00395,139362.38,14456.91,1853.81,151965.48,2025-05-11
SAL008225,EMP01010,88112.11,12541.62,10401.01,90252.72,2026-06-10
SAL008226,EMP01178,40538.86,5098.37,8532.64,37104.59,2024-11-05
SAL008227,EMP01123,80373.06,6593.43,7832.23,79134.26,2026-02-24
SAL008228,EMP00878,60888.21,11389.8,12783.64,59494.37,2025-07-22
SAL008229,EMP00068,65529.16,15799.97,5522.89,75806.24,2025-06-04
SAL008230,EMP01166,140148.13,18011.44,14393.32,143766.25,2024-08-28
SAL008231,EMP00184,34553.35,16035,11111.13,39477.22,2026-03-28
SAL008232,EMP00196,97370.94,2262.2,9311.78,90321.36,2024-11-05
SAL008233,EMP00483,93148.35,6783.14,13661.84,86269.65,2024-09-26
SAL008234,EMP00649,59298.4,5026.6,1340.32,62984.68,2025-11-10
SAL008235,EMP00280,140214.87,10818.34,11736.1,139297.11,2026-01-09
SAL008236,EMP00602,124793.85,16928.84,12124.54,129598.15,2026-01-08
SAL008237,EMP00368,89518.71,9857.72,5391.59,93984.84,2025-04-02
SAL008238,EMP00994,28747.5,12458.95,8506.48,32699.97,2026-04-20
SAL008239,EMP00816,137850.83,19612.94,9399.13,148064.64,2025-03-26
SAL008240,EMP00499,25467.92,2064.37,4758.94,22773.35,2025-03-18
SAL008241,EMP00543,83079.33,9072.6,9273.12,82878.81,2025-06-28
SAL008242,EMP00797,95041.64,2812.39,3738.81,94115.22,2024-12-19
SAL008243,EMP00041,72140.11,18422.17,13675.65,76886.63,2026-02-05
SAL008244,EMP00688,81981.79,8469.54,6697.02,83754.31,2026-06-24
SAL008245,EMP01165,92822.58,5214.17,12805.33,85231.42,2025-07-15
SAL008246,EMP00767,73643.42,10620.53,3822.62,80441.33,2025-03-04
SAL008247,EMP00698,40932.41,1232.48,11967.56,30197.33,2024-12-24
SAL008248,EMP00113,76425.46,1547.04,13456.84,64515.66,2026-07-05
SAL008249,EMP00796,147903.38,2385.97,9722.84,140566.51,2025-02-24
SAL008250,EMP00955,45728.1,12999.59,11155.49,47572.2,2024-12-20
SAL008251,EMP00824,148106.07,15575.39,6451.98,157229.48,2025-10-08
SAL008252,EMP01107,60804.09,7112.39,1831.47,66085.01,2025-10-12
SAL008253,EMP01061,73307.98,13646.79,1400.97,85553.8,2024-09-16
SAL008254,EMP00260,74420.24,4959.32,9793.44,69586.12,2026-02-17
SAL008255,EMP00448,22795.48,6254.16,11388.67,17660.97,2026-07-22
SAL008256,EMP00566,117155.9,10849.54,3230.15,124775.29,2026-06-04
SAL008257,EMP00750,148660.7,1859.28,7594.8,142925.18,2025-01-18
SAL008258,EMP00074,67241.7,8297.5,8589.41,66949.79,2025-06-11
SAL008259,EMP00828,20005.18,19804.35,14999.11,24810.42,2024-12-08
SAL008260,EMP00157,67196.9,5436.24,3692.88,68940.26,2024-09-22
SAL008261,EMP00188,68038.29,17850.63,12738.35,73150.57,2025-12-10
SAL008262,EMP00408,105779.71,5607.84,9597.47,101790.08,2025-11-19
SAL008263,EMP00816,80388.23,9293.23,13519.62,76161.84,2026-05-24
SAL008264,EMP00610,130487.28,15483.11,5438.07,140532.32,2025-01-19
SAL008265,EMP00935,85766.15,6458.48,5347.35,86877.28,2025-01-20
SAL008266,EMP00060,99226.96,18931.98,12848.75,105310.19,2025-04-22
SAL008267,EMP00302,129633.23,11311.26,5570.26,135374.23,2025-06-04
SAL008268,EMP00025,90660.4,7407.39,9184.36,88883.43,2024-11-19
SAL008269,EMP00638,108508.94,3245.21,6770.46,104983.69,2025-01-07
SAL008270,EMP00702,134377.91,18730.93,2611.32,150497.52,2026-08-06
SAL008271,EMP00788,134877.35,11071.25,5584.47,140364.13,2026-05-19
SAL008272,EMP01144,121620.49,4433.1,11654.74,114398.85,2025-07-04
SAL008273,EMP00591,39091.45,18674.41,4344.37,53421.49,2025-09-03
SAL008274,EMP00980,82002.21,6112.55,11980.41,76134.35,2024-10-18
SAL008275,EMP00169,61108.15,2604.76,5100.08,58612.83,2025-08-16
SAL008276,EMP00131,119102.93,2117.31,10191.36,111028.88,2026-05-04
SAL008277,EMP00617,74852.66,14744.08,8661.47,80935.27,2024-11-02
SAL008278,EMP00445,130137.6,19959.56,3347.86,146749.3,2025-08-16
SAL008279,EMP00713,119365.26,3971.05,9499.56,113836.75,2026-06-21
SAL008280,EMP00955,93503.59,4642.37,5294.5,92851.46,2024-12-17
SAL008281,EMP01024,109391.21,12814.21,6093.02,116112.4,2026-05-21
SAL008282,EMP01103,106188.37,3126.92,14733.15,94582.14,2024-11-23
SAL008283,EMP00408,59711.01,12145.77,4684.4,67172.38,2025-02-26
SAL008284,EMP00138,128313.07,14944.32,12976.46,130280.93,2026-03-29
SAL008285,EMP00968,87958.49,4008.41,5621.55,86345.35,2025-07-31
SAL008286,EMP00807,58504.93,8222.69,10116.39,56611.23,2025-07-08
SAL008287,EMP00459,146821.44,19422.98,6713.89,159530.53,2026-06-08
SAL008288,EMP00731,29769.16,8870.54,2719.32,35920.38,2025-07-06
SAL008289,EMP00001,49135.15,18064.54,14987.97,52211.72,2026-03-07
SAL008290,EMP00256,92189.41,18032.07,7533.86,102687.62,2026-07-12
SAL008291,EMP00026,121434.09,1492.74,4710.4,118216.43,2025-09-28
SAL008292,EMP00638,31841.24,10506.79,5934.57,36413.46,2025-03-11
SAL008293,EMP00120,59859.78,15396.05,4301.34,70954.49,2025-03-25
SAL008294,EMP00099,124317.25,5067.25,12304.04,117080.46,2025-10-02
SAL008295,EMP01012,86664.34,2035.87,2952,85748.21,2025-01-01
SAL008296,EMP00006,110655.39,5343.35,11914.33,104084.41,2025-05-07
SAL008297,EMP00146,40149.8,8776.89,11107.58,37819.11,2024-12-26
SAL008298,EMP00244,104343.4,15009.64,6722.77,112630.27,2025-06-20
SAL008299,EMP00332,36777.31,1465.05,5684.37,32557.99,2025-05-30
SAL008300,EMP01165,149913.11,9029.38,7044.4,151898.09,2025-09-20
SAL008301,EMP00199,83919.07,9898.2,14392.11,79425.16,2025-07-14
SAL008302,EMP01166,136116.23,8019.6,5143.87,138991.96,2025-04-27
SAL008303,EMP00721,58438.27,16322.55,13422.25,61338.57,2024-10-23
SAL008304,EMP00863,143435.01,12007.54,7658.68,147783.87,2026-03-03
SAL008305,EMP00160,132318.94,9814.7,13101.64,129032,2025-01-02
SAL008306,EMP01068,82416.92,5153.04,5671.67,81898.29,2026-05-14
SAL008307,EMP00743,129006.81,6031.79,12556.22,122482.38,2025-11-02
SAL008308,EMP00750,47848.53,7988.2,1247.7,54589.03,2026-03-20
SAL008309,EMP00285,105417.52,3955.43,10198.9,99174.05,2026-03-10
SAL008310,EMP00867,109412.89,7402.31,3759.66,113055.54,2025-11-07
SAL008311,EMP00472,32552.09,2993.91,10309.03,25236.97,2024-09-03
SAL008312,EMP00033,96567.56,6608.26,8624.61,94551.21,2026-01-09
SAL008313,EMP00614,63459.56,6054.03,1812.04,67701.55,2025-07-27
SAL008314,EMP00902,131304.89,14382.56,9251.97,136435.48,2026-07-05
SAL008315,EMP00579,146351.32,1959.6,9614.43,138696.49,2024-10-03
SAL008316,EMP00813,133903.41,1263.08,11414.02,123752.47,2025-08-22
SAL008317,EMP00325,144837.96,8721.34,13436.62,140122.68,2026-08-11
SAL008318,EMP00126,129165.53,19982.75,14902.83,134245.45,2025-07-19
SAL008319,EMP00371,121222.45,3885.86,11142.65,113965.66,2025-01-13
SAL008320,EMP00866,120386.9,10707.01,12528.31,118565.6,2024-09-26
SAL008321,EMP00451,80228.07,14726.32,3288.94,91665.45,2026-01-31
SAL008322,EMP00354,97848.37,19721.54,5060.76,112509.15,2025-04-13
SAL008323,EMP01068,141463.61,1304.25,2634.61,140133.25,2024-09-22
SAL008324,EMP00274,128071.44,15679.06,9864.47,133886.03,2024-08-17
SAL008325,EMP00534,84191.43,14047.53,7377.56,90861.4,2025-11-26
SAL008326,EMP00051,23440.91,13632.47,12404.72,24668.66,2025-07-23
SAL008327,EMP00944,22498.09,2634.39,3405.28,21727.2,2026-08-03
SAL008328,EMP00452,29321.69,1089.44,13752.12,16659.01,2026-07-21
SAL008329,EMP00033,92577.29,3258.05,3159.66,92675.68,2025-12-19
SAL008330,EMP00526,32700.27,15703.19,5382.25,43021.21,2026-04-22
SAL008331,EMP00765,90642.83,19189.43,3595.65,106236.61,2025-09-01
SAL008332,EMP00925,141416.91,10763.76,14681.78,137498.89,2025-07-09
SAL008333,EMP00003,130520.94,15390.15,9712.2,136198.89,2026-07-07
SAL008334,EMP00917,76651.17,16800.3,2007.44,91444.03,2025-08-22
SAL008335,EMP00725,137087.11,12288.34,14600.51,134774.94,2026-08-12
SAL008336,EMP01125,129960.44,5775.39,11694.35,124041.48,2025-12-18
SAL008337,EMP00081,43617.37,17263.55,14542.55,46338.37,2026-06-01
SAL008338,EMP00598,130400.78,2410.73,11735.24,121076.27,2025-08-09
SAL008339,EMP00669,109511.68,15500.78,3249.13,121763.33,2024-10-25
SAL008340,EMP00044,57319.77,8909.25,8073.48,58155.54,2025-09-06
SAL008341,EMP00331,143860.18,4960.01,6874.8,141945.39,2025-05-11
SAL008342,EMP00527,141720.53,9713.15,14705.39,136728.29,2026-07-13
SAL008343,EMP00035,114798.65,17912.91,6624.18,126087.38,2024-11-18
SAL008344,EMP00832,55252.18,4321.21,13241.83,46331.56,2024-11-22
SAL008345,EMP00339,114311.61,14692.71,1814.79,127189.53,2025-04-19
SAL008346,EMP00829,63432.43,7029,4174.97,66286.46,2025-07-24
SAL008347,EMP01124,71956.99,4111.02,11227.39,64840.62,2025-03-13
SAL008348,EMP00254,117165.49,5154.72,11182.07,111138.14,2025-10-01
SAL008349,EMP00347,110726.94,6602.5,13880.41,103449.03,2026-05-25
SAL008350,EMP00371,120678.18,8612.37,8662.5,120628.05,2025-06-05
SAL008351,EMP00322,142085.95,5456.21,11691.91,135850.25,2024-09-06
SAL008352,EMP00642,36702.7,19211.76,1950.69,53963.77,2025-03-25
SAL008353,EMP00546,67462.4,5511.17,13523.91,59449.66,2025-01-10
SAL008354,EMP00847,106573.89,10787.94,13071.02,104290.81,2026-02-07
SAL008355,EMP00802,69902.1,19203.65,4883.35,84222.4,2026-03-10
SAL008356,EMP00812,96817.83,6225.87,9126.65,93917.05,2025-02-20
SAL008357,EMP01066,65222.36,8498.41,2058.06,71662.71,2024-10-11
SAL008358,EMP01047,38122.88,19961.1,13629.26,44454.72,2025-08-17
SAL008359,EMP00484,144634.17,13891.5,8805.12,149720.55,2026-05-12
SAL008360,EMP00513,110957.79,3442.16,12028.06,102371.89,2025-06-16
SAL008361,EMP01039,99857.18,10323.54,10939.08,99241.64,2025-10-28
SAL008362,EMP00410,76865.79,5843.13,9149.5,73559.42,2025-12-15
SAL008363,EMP00672,103760.88,11167.97,3427.68,111501.17,2026-03-25
SAL008364,EMP01150,56877.78,18438.95,11713.34,63603.39,2026-03-21
SAL008365,EMP00850,44711.31,18319.6,1876.67,61154.24,2026-01-31
SAL008366,EMP01068,85545.93,8846.87,9514.72,84878.08,2025-11-09
SAL008367,EMP00292,143109.76,12394.02,2063.27,153440.51,2024-12-07
SAL008368,EMP00903,112134.11,10860.92,6318.07,116676.96,2026-03-14
SAL008369,EMP01099,96697.84,6773.02,2434.11,101036.75,2025-08-07
SAL008370,EMP00490,127868.3,19222.04,10316.73,136773.61,2025-11-01
SAL008371,EMP00586,127646.78,2552.03,14767.67,115431.14,2025-10-13
SAL008372,EMP00798,58756.84,7199.98,6780.84,59175.98,2026-03-05
SAL008373,EMP00143,86726.56,16598.96,5486.3,97839.22,2026-02-15
SAL008374,EMP01078,45983.02,18598.51,6181.54,58399.99,2026-05-14
SAL008375,EMP00914,97656.08,6519.47,5051.66,99123.89,2025-08-04
SAL008376,EMP00757,145593.87,1499.29,2349.54,144743.62,2024-10-13
SAL008377,EMP00246,92351.84,9286.87,13119.69,88519.02,2025-12-29
SAL008378,EMP01019,70811.9,14632.17,12564.33,72879.74,2026-05-16
SAL008379,EMP00486,119760.45,2078.44,14289.86,107549.03,2024-12-10
SAL008380,EMP00015,76299.67,15864.17,9447.21,82716.63,2024-10-26
SAL008381,EMP00773,135981.3,6295.18,9786.07,132490.41,2025-09-10
SAL008382,EMP00298,62533.83,4636.99,5912.33,61258.49,2025-10-19
SAL008383,EMP00251,147180.99,9211.15,13834.44,142557.7,2025-08-07
SAL008384,EMP00822,32303.7,7184.09,12556.85,26930.94,2025-01-29
SAL008385,EMP00904,98103,11707.01,3740.17,106069.84,2026-07-28
SAL008386,EMP00317,33411.18,6671.61,4348.72,35734.07,2025-10-16
SAL008387,EMP01162,33930.28,15847.56,4982.41,44795.43,2026-04-15
SAL008388,EMP00593,110764.37,10923.4,10641.95,111045.82,2025-10-02
SAL008389,EMP00455,25996.22,13189.33,9283.63,29901.92,2026-04-26
SAL008390,EMP00744,101552.96,8659.81,8586.3,101626.47,2026-05-19
SAL008391,EMP00967,119575,16154.32,5831.95,129897.37,2025-10-25
SAL008392,EMP00118,65779.02,13434,11649.51,67563.51,2024-10-22
SAL008393,EMP00880,57751.27,5401.46,6387.34,56765.39,2025-08-08
SAL008394,EMP00887,53684.39,11407.61,4093.81,60998.19,2026-08-12
SAL008395,EMP00283,63272.74,14999.43,1243.99,77028.18,2026-07-26
SAL008396,EMP00511,120616.28,6880.87,9991.46,117505.69,2025-09-28
SAL008397,EMP01131,25779.35,18700.04,1604.55,42874.84,2025-06-24
SAL008398,EMP01179,136198.56,8683.51,2322.89,142559.18,2024-09-02
SAL008399,EMP00431,132640.91,2918.06,7608.3,127950.67,2025-08-27
SAL008400,EMP00539,20701.19,5316.06,10036.55,15980.7,2026-08-03
SAL008401,EMP00791,39915.53,10264.61,3762.09,46418.05,2024-11-13
SAL008402,EMP00081,66381.15,14012.29,2668.72,77724.72,2025-10-11
SAL008403,EMP00444,29898.17,13836.55,3891.71,39843.01,2025-03-13
SAL008404,EMP00045,92164.69,8137.73,6578.21,93724.21,2025-05-10
SAL008405,EMP01043,52208.46,15743.04,10492.05,57459.45,2025-12-25
SAL008406,EMP00505,84833.85,2779.43,12333.54,75279.74,2025-07-26
SAL008407,EMP00280,78700.47,15386.26,10999.73,83087,2024-09-10
SAL008408,EMP00404,113219.51,19121.21,11656.01,120684.71,2025-10-16
SAL008409,EMP00917,139740.3,1853.44,5121.37,136472.37,2025-02-18
SAL008410,EMP00804,108898.72,11370.32,11268.43,109000.61,2026-02-20
SAL008411,EMP00955,72606.71,17259.36,5093.49,84772.58,2026-02-02
SAL008412,EMP00998,132095.57,14105.47,9410.02,136791.02,2024-09-04
SAL008413,EMP01055,114830.27,19350.58,2154.73,132026.12,2025-03-29
SAL008414,EMP00101,98234.95,2755.27,5874.58,95115.64,2025-09-14
SAL008415,EMP00130,49816.47,10285.57,13584.95,46517.09,2026-02-23
SAL008416,EMP00374,63414.66,13677.7,2619.8,74472.56,2024-12-10
SAL008417,EMP00528,43641.69,4371.18,1141.8,46871.07,2024-10-07
SAL008418,EMP00213,69569.25,18132.09,11706.15,75995.19,2026-03-11
SAL008419,EMP00780,88076.15,13708.15,9258.93,92525.37,2024-09-27
SAL008420,EMP00194,80099.57,18248.63,1978.96,96369.24,2025-08-21
SAL008421,EMP01032,101732.9,6619.15,5810.65,102541.4,2025-02-21
SAL008422,EMP00700,72236.71,19288.84,11388.3,80137.25,2025-05-24
SAL008423,EMP00446,137694.78,3871.31,12409.73,129156.36,2025-09-09
SAL008424,EMP01101,89509.79,17743.78,2992.38,104261.19,2026-07-29
SAL008425,EMP00399,81487.21,10378.87,4005.75,87860.33,2026-05-10
SAL008426,EMP00169,142821.08,5768.23,8559.49,140029.82,2025-10-31
SAL008427,EMP00832,88224.89,12890.42,6740.64,94374.67,2026-07-06
SAL008428,EMP00814,105255.39,15737.53,12782.72,108210.2,2026-01-17
SAL008429,EMP00314,111244.03,11601.52,9016.33,113829.22,2025-07-02
SAL008430,EMP01036,21114.34,5888.44,4551.46,22451.32,2025-01-26
SAL008431,EMP00517,31471.04,8864.55,2616.31,37719.28,2024-10-16
SAL008432,EMP01104,58559.18,3464.72,10981.86,51042.04,2025-07-18
SAL008433,EMP00134,44120.29,10729.17,9648.92,45200.54,2024-09-26
SAL008434,EMP00342,125711.7,5622.8,5815.29,125519.21,2026-02-05
SAL008435,EMP00643,146080.75,14765.45,3451.72,157394.48,2026-06-02
SAL008436,EMP00530,115659.01,19997.14,12503.31,123152.84,2025-06-20
SAL008437,EMP01073,25871.82,8318.81,8907.07,25283.56,2026-04-23
SAL008438,EMP00152,118357.8,16859.61,8021.56,127195.85,2025-02-16
SAL008439,EMP00336,95967.13,8176.9,3044.93,101099.1,2025-10-09
SAL008440,EMP00856,25570.72,2491.98,14012.68,14050.02,2025-10-14
SAL008441,EMP00741,34158.5,12579.05,1049.03,45688.52,2025-07-08
SAL008442,EMP00306,90301.38,5894.09,10457.52,85737.95,2024-09-05
SAL008443,EMP00992,58088.97,14767.38,12693.15,60163.2,2024-11-19
SAL008444,EMP00578,111449.93,1375.17,1785.01,111040.09,2025-04-29
SAL008445,EMP00103,96997.74,15871.62,7135.65,105733.71,2026-03-07
SAL008446,EMP00749,113362.3,10735.85,7126.18,116971.97,2026-03-17
SAL008447,EMP00698,72297.32,4007.34,11727.72,64576.94,2026-08-06
SAL008448,EMP00477,131578.22,6531.72,5957.54,132152.4,2024-12-09
SAL008449,EMP01101,45533.25,15974.55,5464.62,56043.18,2025-01-28
SAL008450,EMP00632,113264.74,3587.89,3069.36,113783.27,2025-08-10
SAL008451,EMP00078,79480.96,6586.56,6794.68,79272.84,2025-10-04
SAL008452,EMP00533,147091.62,19490.83,6704.86,159877.59,2024-08-28
SAL008453,EMP00183,95021.99,19513.66,13895.88,100639.77,2025-11-11
SAL008454,EMP01137,101945.03,8550.14,3232.04,107263.13,2026-07-09
SAL008455,EMP00110,141303.85,10072.32,4110.58,147265.59,2025-04-26
SAL008456,EMP00631,36012.24,14078.92,13018.17,37072.99,2025-02-12
SAL008457,EMP00163,117919.87,13900.1,9314.52,122505.45,2026-02-26
SAL008458,EMP00962,144376.98,15378.84,6029.02,153726.8,2025-09-09
SAL008459,EMP00105,113491.61,10828.82,9108.58,115211.85,2025-11-25
SAL008460,EMP00999,93175.09,15024.61,1919.46,106280.24,2026-08-08
SAL008461,EMP00449,74556.48,4156.72,13084.38,65628.82,2026-07-18
SAL008462,EMP00280,66888.81,18904.82,14136.14,71657.49,2024-12-29
SAL008463,EMP00426,57246.7,7703.54,11998.14,52952.1,2024-10-25
SAL008464,EMP00491,48649.78,14273.09,1036.08,61886.79,2025-03-19
SAL008465,EMP00071,109486.54,2018.12,13147.35,98357.31,2025-09-02
SAL008466,EMP01129,113269.09,10406.88,4922.59,118753.38,2026-06-25
SAL008467,EMP01191,95203.86,2288.07,5005.18,92486.75,2024-10-02
SAL008468,EMP00632,75009.13,14853.22,2817.25,87045.1,2026-03-18
SAL008469,EMP00545,76405.1,16843.28,7988.97,85259.41,2026-06-15
SAL008470,EMP00608,47951.71,9546.03,2401.81,55095.93,2025-09-11
SAL008471,EMP01087,145489.52,13998.81,7059.86,152428.47,2024-09-15
SAL008472,EMP00160,78081.78,18611.83,9761.38,86932.23,2026-06-13
SAL008473,EMP00494,80836.51,19053.4,1576.72,98313.19,2024-09-29
SAL008474,EMP00507,129599.75,12646.4,12379.04,129867.11,2024-12-20
SAL008475,EMP00786,84763.77,3538.03,6360.99,81940.81,2026-05-04
SAL008476,EMP00879,25009.87,4986.61,2366.22,27630.26,2026-08-10
SAL008477,EMP00542,76587.81,9745.66,6476.71,79856.76,2025-04-28
SAL008478,EMP00166,112209.18,4883.17,12748.49,104343.86,2025-05-11
SAL008479,EMP00039,147561.89,3469.06,13727.42,137303.53,2024-10-05
SAL008480,EMP00352,73632.06,15572.85,12526.38,76678.53,2024-10-29
SAL008481,EMP01157,34796.95,1078.89,1949,33926.84,2025-09-14
SAL008482,EMP00529,43433.66,2439.34,11160.19,34712.81,2025-12-02
SAL008483,EMP00448,20307.4,7715.06,9088.66,18933.8,2025-11-11
SAL008484,EMP00345,53290.45,1810.18,14188.01,40912.62,2024-10-18
SAL008485,EMP01156,99769.84,13212.36,7366.94,105615.26,2026-07-03
SAL008486,EMP00934,58657.01,8322.87,5556.53,61423.35,2025-05-18
SAL008487,EMP01223,138250.47,6702.25,13320.9,131631.82,2026-04-07
SAL008488,EMP00139,60173.29,11564.46,3891.72,67846.03,2026-08-03
SAL008489,EMP00479,143941.49,2125.94,10185.26,135882.17,2024-08-24
SAL008490,EMP00721,43698.74,17195.58,4306.94,56587.38,2026-06-14
SAL008491,EMP01210,25654.71,8233.64,3158.26,30730.09,2025-03-25
SAL008492,EMP01156,74094.79,5068.71,14176.03,64987.47,2026-04-02
SAL008493,EMP00954,81171.86,15823.41,14258.8,82736.47,2024-11-22
SAL008494,EMP00512,63953.29,18957.7,9176,73734.99,2024-12-07
SAL008495,EMP00953,21088.14,2098.53,3430.34,19756.33,2024-10-06
SAL008496,EMP00753,53482.8,16672.02,4461.87,65692.95,2026-07-31
SAL008497,EMP00904,86254.58,18353.99,4402.85,100205.72,2024-08-18
SAL008498,EMP00459,63071.12,4566.91,4531.74,63106.29,2025-01-15
SAL008499,EMP01166,84001.59,8749.87,1839.34,90912.12,2026-03-05
SAL008500,EMP00118,104138.65,17008.19,11746.27,109400.57,2025-03-05
SAL008501,EMP00094,100464.7,3045.37,12915.98,90594.09,2025-06-08
SAL008502,EMP00038,114998.44,8536.83,12365.52,111169.75,2026-02-21
SAL008503,EMP01002,57553.2,15308.72,12507.17,60354.75,2025-08-30
SAL008504,EMP00017,42876.02,18030.21,1545.65,59360.58,2025-06-01
SAL008505,EMP00374,124192.64,11619.77,4837.62,130974.79,2025-01-06
SAL008506,EMP00031,28640.85,13827.55,12283.45,30184.95,2024-11-11
SAL008507,EMP00110,121520.59,2798.44,11176.76,113142.27,2026-01-17
SAL008508,EMP00705,107843.77,15634.95,4258.42,119220.3,2026-01-13
SAL008509,EMP00735,104118.03,5891.14,12549.26,97459.91,2025-12-28
SAL008510,EMP00518,33442.5,1676.04,4219.45,30899.09,2025-05-09
SAL008511,EMP00564,84872.52,19972.68,10643.04,94202.16,2025-07-21
SAL008512,EMP01000,59134.26,19462.47,7644.76,70951.97,2025-08-12
SAL008513,EMP00320,122060.23,7440.05,8941.72,120558.56,2026-07-22
SAL008514,EMP00684,42391.62,19212.19,4359.83,57243.98,2026-04-24
SAL008515,EMP01017,50797.1,9058.76,5892.85,53963.01,2026-07-19
SAL008516,EMP00163,103998.59,5449.73,12175.93,97272.39,2025-09-16
SAL008517,EMP00896,32371.21,5786.39,2967.38,35190.22,2025-02-07
SAL008518,EMP00115,34335.24,18931.53,9295.28,43971.49,2026-05-02
SAL008519,EMP01172,112039.19,4755.79,10651.55,106143.43,2025-11-15
SAL008520,EMP00331,85778.15,13999.93,14827.99,84950.09,2026-05-09
SAL008521,EMP00865,72532.93,18049.93,13011.79,77571.07,2026-08-09
SAL008522,EMP01134,107963.38,6694.81,4498.73,110159.46,2024-11-03
SAL008523,EMP00034,55365.81,14552.5,10629.66,59288.65,2025-12-01
SAL008524,EMP01055,54102.51,14878.81,3207.09,65774.23,2025-05-05
SAL008525,EMP01140,73870.99,17499.8,12385.93,78984.86,2026-06-02
SAL008526,EMP00047,94979.13,9947.31,1831.48,103094.96,2026-08-06
SAL008527,EMP01044,59616.69,3283.37,12804.43,50095.63,2024-12-22
SAL008528,EMP01199,21652,19536.81,7038.26,34150.55,2026-05-23
SAL008529,EMP00948,119813.48,4422.88,8625.15,115611.21,2025-09-25
SAL008530,EMP01214,73699.13,10313.18,4393.06,79619.25,2025-07-17
SAL008531,EMP00457,102090.74,8616.03,8443.11,102263.66,2024-11-04
SAL008532,EMP00532,92205.03,5848.47,3501.62,94551.88,2025-01-27
SAL008533,EMP00580,143784.85,6351.4,1924.85,148211.4,2025-08-15
SAL008534,EMP00412,110293,9647.64,9583.15,110357.49,2025-04-21
SAL008535,EMP01094,57363.8,16086.88,5226.26,68224.42,2026-06-06
SAL008536,EMP00917,141773.43,4394.61,8312.02,137856.02,2025-07-17
SAL008537,EMP00088,40703.49,5916.58,5251.97,41368.1,2025-01-31
SAL008538,EMP01135,108509.69,12963.29,9282.6,112190.38,2025-08-07
SAL008539,EMP00570,106426.58,10827.47,7536.32,109717.73,2026-07-31
SAL008540,EMP01164,145186.26,4295.14,4124.34,145357.06,2025-07-06
SAL008541,EMP00684,101703.97,14328.37,9502.91,106529.43,2025-02-03
SAL008542,EMP00386,60720.92,13297.72,9036.49,64982.15,2025-09-22
SAL008543,EMP00006,105254.85,12189.78,13328.46,104116.17,2025-07-04
SAL008544,EMP00629,42494.4,11498.71,10977.86,43015.25,2025-02-04
SAL008545,EMP00793,63759.24,10254.25,2374.11,71639.38,2026-01-27
SAL008546,EMP00069,81303.92,9165.2,11678.54,78790.58,2026-06-12
SAL008547,EMP00617,45909.57,17875.36,7404.12,56380.81,2024-11-04
SAL008548,EMP00063,106718.38,15894.41,7546.46,115066.33,2026-06-21
SAL008549,EMP00691,113489.1,19418.35,14983.75,117923.7,2026-01-23
SAL008550,EMP00910,112989.36,18591.07,2155.94,129424.49,2025-08-28
SAL008551,EMP00269,84253.58,6653.39,3642.56,87264.41,2024-08-15
SAL008552,EMP01048,123833.5,18453.42,2994.09,139292.83,2026-07-05
SAL008553,EMP00116,120041.15,5964.88,6512.84,119493.19,2025-12-12
SAL008554,EMP00946,149970.02,1671.09,1315.55,150325.56,2025-02-25
SAL008555,EMP00925,90251.21,17113.31,1408.06,105956.46,2025-02-28
SAL008556,EMP00567,34227.33,16968.37,1347.37,49848.33,2024-11-18
SAL008557,EMP01123,22440.4,17456.7,3963.83,35933.27,2026-03-20
SAL008558,EMP00540,69977.68,15091.62,2155.21,82914.09,2026-04-19
SAL008559,EMP00412,43425.71,13982.03,3273.13,54134.61,2024-09-02
SAL008560,EMP00167,82466.96,18134.16,7441.57,93159.55,2026-07-11
SAL008561,EMP00447,95950.99,12415.28,14754.7,93611.57,2025-11-03
SAL008562,EMP00258,146501.61,18295.12,9831.26,154965.47,2025-08-09
SAL008563,EMP00668,100118.16,19187.65,9724.39,109581.42,2025-09-20
SAL008564,EMP00683,139532.87,15796.27,9833.04,145496.1,2026-08-02
SAL008565,EMP01040,144475.27,6880.27,11807.35,139548.19,2026-07-23
SAL008566,EMP00242,134450.69,4954.6,8776.2,130629.09,2026-03-28
SAL008567,EMP00018,130251.45,7192.71,9112.08,128332.08,2025-01-15
SAL008568,EMP01114,119511.64,14001.07,6247.61,127265.1,2024-08-12
SAL008569,EMP00143,130417.72,9773.75,11795.27,128396.2,2025-07-18
SAL008570,EMP00083,88832.78,11656.97,3431.83,97057.92,2024-08-17
SAL008571,EMP00968,54047.54,6313.19,3741.87,56618.86,2024-10-29
SAL008572,EMP00880,91748.3,11912.91,6191.2,97470.01,2025-12-19
SAL008573,EMP00007,140860.75,15460.9,3831.69,152489.96,2026-03-09
SAL008574,EMP00233,49220.42,15325.48,5803.99,58741.91,2025-12-10
SAL008575,EMP00925,42928.2,16892.43,5500.86,54319.77,2025-05-26
SAL008576,EMP00109,50861.12,14525.83,3344.05,62042.9,2025-06-14
SAL008577,EMP00664,43582.71,2839.34,5747.84,40674.21,2024-12-09
SAL008578,EMP00689,24569.01,4837.67,10482.13,18924.55,2025-07-27
SAL008579,EMP01098,20305.42,13867.57,8024.22,26148.77,2025-08-31
SAL008580,EMP00321,60648.22,11547.97,10217.51,61978.68,2024-09-03
SAL008581,EMP00891,141548.78,9092.79,3405.72,147235.85,2026-01-30
SAL008582,EMP00054,27190.8,7041.3,4651.77,29580.33,2025-07-17
SAL008583,EMP00412,32021.46,1862.44,2511.32,31372.58,2025-01-10
SAL008584,EMP00121,39830.81,14458.18,1990.06,52298.93,2026-02-07
SAL008585,EMP00818,141551.25,17786.9,13847.96,145490.19,2024-10-06
SAL008586,EMP00254,24109.34,2114.07,1992.06,24231.35,2025-05-03
SAL008587,EMP00784,53861.02,17544.09,7874.99,63530.12,2026-01-05
SAL008588,EMP00464,126567.35,2359.46,14017.41,114909.4,2024-11-03
SAL008589,EMP00663,84681.79,11527.75,9882.7,86326.84,2024-10-24
SAL008590,EMP00876,46781.52,14197.49,4512.18,56466.83,2026-04-14
SAL008591,EMP00834,120009.32,16102.84,7668.33,128443.83,2026-02-26
SAL008592,EMP00096,21827.66,2929.75,3742.23,21015.18,2025-01-02
SAL008593,EMP00760,133921.78,9708.37,6483.32,137146.83,2024-09-17
SAL008594,EMP00102,27269.17,9611.12,10292.51,26587.78,2025-08-24
SAL008595,EMP01172,103863.35,13843.76,9840.77,107866.34,2025-06-02
SAL008596,EMP00532,38455.65,10714.05,2352.69,46817.01,2026-07-01
SAL008597,EMP00332,128003.24,3551.13,8359.37,123195,2026-05-08
SAL008598,EMP00698,58897.4,2657.03,4595.01,56959.42,2026-03-10
SAL008599,EMP00592,28784.81,4940.12,1587.39,32137.54,2026-01-22
SAL008600,EMP00059,147495.15,4458.11,9273.79,142679.47,2026-07-30
SAL008601,EMP00204,36794.76,4223.85,13540.79,27477.82,2024-09-30
SAL008602,EMP00119,38483.29,14741.12,9915.74,43308.67,2024-11-19
SAL008603,EMP01204,83711.01,3151.84,14128.89,72733.96,2025-05-25
SAL008604,EMP01030,136954.44,17588.45,3756.75,150786.14,2025-04-22
SAL008605,EMP00621,73671.71,14262.58,11146.96,76787.33,2026-03-15
SAL008606,EMP00397,58879.6,11365.97,6663.5,63582.07,2025-02-10
SAL008607,EMP00099,65655.84,13160.7,3050.37,75766.17,2026-01-04
SAL008608,EMP01054,57557.91,3042.56,13472.18,47128.29,2025-04-19
SAL008609,EMP01068,102165.38,9647.26,6142.61,105670.03,2025-02-08
SAL008610,EMP00766,124125.52,8038.63,3307.97,128856.18,2025-10-26
SAL008611,EMP00526,31609.44,8651.89,12231.87,28029.46,2024-09-06
SAL008612,EMP00211,112716.92,3751.77,2444.75,114023.94,2025-07-01
SAL008613,EMP00858,87344.04,16510.41,3522.69,100331.76,2025-06-19
SAL008614,EMP00690,67497.16,4855.43,6946.32,65406.27,2024-09-28
SAL008615,EMP00871,90821.28,14759.31,11158.24,94422.35,2024-11-04
SAL008616,EMP01206,25726.32,7066.17,12717.04,20075.45,2024-09-03
SAL008617,EMP00377,76564.44,17607.11,9006.29,85165.26,2026-06-07
SAL008618,EMP00495,113099.21,1521.49,4709.32,109911.38,2024-11-14
SAL008619,EMP00633,31924.4,1183.04,13987.98,19119.46,2026-04-12
SAL008620,EMP00277,52911.43,12471.77,10743.77,54639.43,2025-03-10
SAL008621,EMP00662,42629.67,13936.11,5061.48,51504.3,2025-08-20
SAL008622,EMP01162,43800.2,11516.76,3292.18,52024.78,2025-10-04
SAL008623,EMP01054,52028.62,4697.11,11541.82,45183.91,2024-08-31
SAL008624,EMP00734,93760.8,16056.04,3878.05,105938.79,2026-02-11
SAL008625,EMP00078,96292.31,6651.78,8234.46,94709.63,2026-02-10
SAL008626,EMP00647,53876.37,16933.69,6841.57,63968.49,2026-06-03
SAL008627,EMP00315,68378.79,11156.95,8518.1,71017.64,2025-03-10
SAL008628,EMP00841,38274.54,7347.2,11398.19,34223.55,2024-12-31
SAL008629,EMP00774,127206.13,13635.01,7567.66,133273.48,2025-08-19
SAL008630,EMP00167,127380.36,1815.74,9296.32,119899.78,2025-06-09
SAL008631,EMP00405,111787.34,5085.04,13468.34,103404.04,2025-12-30
SAL008632,EMP00699,32698.51,10513.84,3617.93,39594.42,2025-05-12
SAL008633,EMP00417,84399.07,10000.12,14915.4,79483.79,2025-07-12
SAL008634,EMP00688,148823.05,18093.08,14012.05,152904.08,2024-10-19
SAL008635,EMP00965,100520.31,7396.31,4638.42,103278.2,2026-05-17
SAL008636,EMP00546,43820.6,14905.31,1369.39,57356.52,2025-11-25
SAL008637,EMP00094,142450.13,12670.66,7350.52,147770.27,2026-01-18
SAL008638,EMP01010,110797.33,14550.49,8526.14,116821.68,2025-12-08
SAL008639,EMP00951,144129.93,5542.92,12744.88,136927.97,2026-01-01
SAL008640,EMP00906,138536.65,9176.91,7874.12,139839.44,2025-06-21
SAL008641,EMP00365,71135.58,7154.98,14632.38,63658.18,2026-01-10
SAL008642,EMP00974,144505.14,14013.7,5597.73,152921.11,2025-06-12
SAL008643,EMP00351,112486.85,4123.53,13393.68,103216.7,2025-09-06
SAL008644,EMP00257,54551.25,17081.39,14786.61,56846.03,2024-10-26
SAL008645,EMP00386,79273.73,14296.63,5296.09,88274.27,2024-10-17
SAL008646,EMP01033,65837.72,17563.44,6726.03,76675.13,2026-04-07
SAL008647,EMP00068,107185.37,2868.67,14397.14,95656.9,2025-06-30
SAL008648,EMP00870,104815.96,7432.1,7292.97,104955.09,2025-02-21
SAL008649,EMP00508,54866.38,3031.62,13496.43,44401.57,2026-07-12
SAL008650,EMP00293,78626.57,8110.49,4139.18,82597.88,2025-11-07
SAL008651,EMP00384,113975.46,6964.9,3106.35,117834.01,2025-04-25
SAL008652,EMP00143,101589.37,9176.65,11657.42,99108.6,2026-01-02
SAL008653,EMP00220,39054.92,13903.46,9702.04,43256.34,2026-01-21
SAL008654,EMP00782,105279.41,4740.74,9978.27,100041.88,2025-06-28
SAL008655,EMP00581,54000.63,8745.97,11937.77,50808.83,2025-12-16
SAL008656,EMP00940,26895.48,10031.44,13715.98,23210.94,2025-06-24
SAL008657,EMP00443,41028.02,18542.95,4159.73,55411.24,2026-06-21
SAL008658,EMP00498,58500.5,13298.91,10874.68,60924.73,2026-06-13
SAL008659,EMP00454,114808.3,9621.9,6343.86,118086.34,2025-08-11
SAL008660,EMP00886,149025.49,1613.36,5762.29,144876.56,2025-04-14
SAL008661,EMP00535,83754.28,7093.32,14483.08,76364.52,2026-07-22
SAL008662,EMP00919,106111.23,6945.26,5075.21,107981.28,2025-08-20
SAL008663,EMP00961,114586.36,6369.11,7985.78,112969.69,2025-02-28
SAL008664,EMP00804,135436.64,9676.46,11003.2,134109.9,2026-04-30
SAL008665,EMP00197,80241.1,15673.73,4820.68,91094.15,2025-04-13
SAL008666,EMP01177,88061.28,6999.78,11512.16,83548.9,2025-06-03
SAL008667,EMP00740,114638.02,18094.6,12121.74,120610.88,2026-01-18
SAL008668,EMP01154,128739.76,3384.28,5546.69,126577.35,2024-12-02
SAL008669,EMP00893,145555.68,6240.41,11788.87,140007.22,2026-02-23
SAL008670,EMP00748,24912.36,1034.84,10877.67,15069.53,2025-10-22
SAL008671,EMP00537,118977.32,17094.13,5546.31,130525.14,2025-09-06
SAL008672,EMP00396,58536.19,19472.53,14161.61,63847.11,2025-09-03
SAL008673,EMP01123,85285.75,16493.29,12598.67,89180.37,2024-09-14
SAL008674,EMP01031,134103.17,5383.98,12315.21,127171.94,2025-05-07
SAL008675,EMP00419,91131.66,14707.75,12501.42,93337.99,2026-03-02
SAL008676,EMP00803,47178.71,16158.58,4265.17,59072.12,2025-02-05
SAL008677,EMP01002,32925.57,9558.76,2730.8,39753.53,2025-03-13
SAL008678,EMP00349,57746.85,17525.16,4461.4,70810.61,2026-05-22
SAL008679,EMP00568,76286.55,14892.94,12848.34,78331.15,2026-05-06
SAL008680,EMP00921,46906.72,12016.66,1978.52,56944.86,2026-04-08
SAL008681,EMP01094,79647.32,7803.75,11569.65,75881.42,2025-02-04
SAL008682,EMP00386,125577.13,3600.87,12134.17,117043.83,2025-03-19
SAL008683,EMP01131,73620.4,16546.7,2278.61,87888.49,2026-03-18
SAL008684,EMP01076,135810.69,3719.61,13476.74,126053.56,2025-04-01
SAL008685,EMP01068,141310.47,14182.58,14518.52,140974.53,2025-11-18
SAL008686,EMP01083,76973.15,15191.48,12714.99,79449.64,2025-01-07
SAL008687,EMP00644,88642.36,9644.16,6473.02,91813.5,2025-09-04
SAL008688,EMP00823,67716.86,9247.62,6421.8,70542.68,2025-08-03
SAL008689,EMP00241,91385.47,14128.73,14777.7,90736.5,2026-02-03
SAL008690,EMP00143,111363.51,16742.29,10380.63,117725.17,2026-05-27
SAL008691,EMP00190,59145.79,12600.45,8764.16,62982.08,2025-06-02
SAL008692,EMP01211,44921.41,12386.67,1522.73,55785.35,2025-09-09
SAL008693,EMP00801,119796.41,19152.21,6331.96,132616.66,2025-05-28
SAL008694,EMP00280,32664.98,6433.02,6758.29,32339.71,2025-11-26
SAL008695,EMP00959,45123.4,13692.59,5840.99,52975,2024-09-24
SAL008696,EMP00801,56026.46,11748.6,1061.84,66713.22,2026-07-29
SAL008697,EMP01045,46007.73,11350.2,6730.24,50627.69,2026-04-09
SAL008698,EMP00662,131827.93,17368.09,13455.47,135740.55,2025-07-26
SAL008699,EMP00312,89587.18,10973.34,12964.16,87596.36,2025-05-25
SAL008700,EMP01024,68399.56,11502.66,5999.1,73903.12,2025-11-06
SAL008701,EMP00393,142976.7,15557.35,6021.53,152512.52,2024-12-03
SAL008702,EMP00575,55697.47,18670.66,11897.47,62470.66,2024-09-26
SAL008703,EMP00106,59304.31,1214.8,7466.44,53052.67,2025-11-19
SAL008704,EMP00759,55823.17,13597.53,12222.75,57197.95,2026-06-30
SAL008705,EMP00131,63505.31,19810.84,3056.29,80259.86,2025-01-21
SAL008706,EMP00855,20712.03,2920.4,2444.34,21188.09,2026-03-20
SAL008707,EMP00387,128365.2,11463.04,10297.81,129530.43,2024-10-26
SAL008708,EMP00199,69141.58,3916.83,2576.78,70481.63,2025-01-02
SAL008709,EMP00162,120156.43,4696.74,12168,112685.17,2024-10-02
SAL008710,EMP00215,60081.89,18007.87,1586.4,76503.36,2026-07-04
SAL008711,EMP00259,82294.59,18019.63,11017.9,89296.32,2025-11-28
SAL008712,EMP00364,143607.29,11345.87,5768.36,149184.8,2025-10-06
SAL008713,EMP00326,107664.89,2150.49,4273.84,105541.54,2026-05-27
SAL008714,EMP00268,46339.04,13071.5,5578.83,53831.71,2025-04-21
SAL008715,EMP01017,62230.21,6934.74,1961.55,67203.4,2025-06-06
SAL008716,EMP01105,81483.63,8527.75,5604.16,84407.22,2026-04-25
SAL008717,EMP00813,43702.53,4102.23,3816.59,43988.17,2026-08-10
SAL008718,EMP01036,145313.26,5859.01,11397.22,139775.05,2025-10-24
SAL008719,EMP01073,148465.42,11992.22,5778.98,154678.66,2026-01-19
SAL008720,EMP00166,144208.52,18611.18,7420.47,155399.23,2026-02-09
SAL008721,EMP00829,78284.6,7893.52,11922.7,74255.42,2025-08-16
SAL008722,EMP00301,53546.11,6351.49,1641.58,58256.02,2026-01-16
SAL008723,EMP00789,130887.51,14455.79,10011.8,135331.5,2025-01-09
SAL008724,EMP00907,64497.36,1592.52,5141.21,60948.67,2025-10-03
SAL008725,EMP00038,117455.74,3225.52,8779.99,111901.27,2025-08-09
SAL008726,EMP00162,124462.89,7644,5300.29,126806.6,2026-07-05
SAL008727,EMP00881,81220.34,1567.92,4995.84,77792.42,2025-07-27
SAL008728,EMP00928,113490.16,9632.18,3513.21,119609.13,2026-06-12
SAL008729,EMP00103,103955.31,13021.99,14155.18,102822.12,2025-08-21
SAL008730,EMP00583,113083.82,12874.01,3671.46,122286.37,2025-09-20
SAL008731,EMP00267,86201.02,5707.84,10102,81806.86,2026-05-17
SAL008732,EMP00042,78885.85,11001.32,8993.25,80893.92,2026-07-23
SAL008733,EMP01105,142632.69,15280.56,6232.36,151680.89,2026-07-20
SAL008734,EMP00315,117054.84,9311.01,10056.71,116309.14,2026-02-27
SAL008735,EMP00603,20896.49,13578.8,8181.94,26293.35,2024-12-05
SAL008736,EMP01004,100754.18,7936.6,13779.45,94911.33,2026-03-01
SAL008737,EMP00820,86217.5,9846.02,13949.05,82114.47,2026-04-08
SAL008738,EMP00967,89588.02,4892.81,1840.36,92640.47,2025-02-11
SAL008739,EMP00162,89300.75,10883.07,5831.51,94352.31,2026-05-12
SAL008740,EMP00081,86474.83,3998.13,13830.13,76642.83,2024-08-20
SAL008741,EMP00050,79458.32,16376.18,6590.1,89244.4,2024-12-02
SAL008742,EMP01039,57129.25,9256.92,12989.52,53396.65,2026-07-30
SAL008743,EMP00607,115190.67,7176.36,13070.9,109296.13,2026-05-12
SAL008744,EMP01038,129746.03,5606.6,13798.55,121554.08,2025-03-08
SAL008745,EMP00839,112843.42,7813.91,10893.26,109764.07,2025-07-27
SAL008746,EMP00940,64371.81,18076.3,8485.98,73962.13,2025-12-17
SAL008747,EMP01050,124468.72,11916.71,13213.11,123172.32,2025-06-20
SAL008748,EMP00262,59750.78,14607.05,8563.63,65794.2,2025-11-21
SAL008749,EMP01106,30913.01,2182.9,1050.98,32044.93,2025-04-21
SAL008750,EMP00668,29478.64,14361.77,5957.02,37883.39,2026-06-07
SAL008751,EMP00858,138802.37,5492.6,12020.04,132274.93,2025-12-31
SAL008752,EMP00722,21305.93,4785.1,13102.36,12988.67,2025-05-28
SAL008753,EMP01067,38447.86,15876.1,6045.24,48278.72,2024-11-15
SAL008754,EMP00514,70494.3,11079.04,12551.65,69021.69,2026-08-02
SAL008755,EMP00201,103913.92,9308.97,2369.53,110853.36,2024-09-08
SAL008756,EMP01095,61649.55,12227.17,12761.66,61115.06,2025-10-10
SAL008757,EMP00412,39040.16,15438.09,3032.97,51445.28,2026-01-21
SAL008758,EMP00550,106705.43,19947.97,3654.84,122998.56,2026-05-18
SAL008759,EMP01207,42520.15,13971.45,2729.88,53761.72,2025-12-17
SAL008760,EMP00853,74352.5,19323.12,13365.24,80310.38,2025-07-17
SAL008761,EMP01138,47649.26,12271.36,14013.47,45907.15,2026-03-05
SAL008762,EMP00814,25757.61,18706.03,6110.17,38353.47,2026-08-12
SAL008763,EMP00919,56287.83,16894.9,13587.23,59595.5,2026-08-08
SAL008764,EMP00413,92112.57,6322.77,11634.28,86801.06,2024-12-18
SAL008765,EMP01023,115084.63,19029.08,2598.02,131515.69,2025-08-23
SAL008766,EMP00571,143957.42,2402.44,1294.68,145065.18,2025-11-26
SAL008767,EMP00147,89005.69,3016.05,1594.5,90427.24,2025-10-28
SAL008768,EMP00513,28766.91,11736.71,11755.68,28747.94,2026-03-16
SAL008769,EMP00521,97691.75,6722.71,10162.55,94251.91,2026-02-23
SAL008770,EMP01105,131826.1,11965.27,1070.81,142720.56,2026-03-12
SAL008771,EMP00200,111478.39,1135.55,13504.77,99109.17,2025-09-29
SAL008772,EMP00094,100245.08,13088.95,4315.4,109018.63,2025-04-19
SAL008773,EMP00619,80488.03,17033.7,8173.05,89348.68,2024-12-15
SAL008774,EMP01059,105962.92,1627.87,10635.6,96955.19,2024-08-13
SAL008775,EMP00406,65297.84,8272.77,7825.6,65745.01,2026-03-16
SAL008776,EMP00607,92028.92,2596.59,14247.09,80378.42,2025-10-06
SAL008777,EMP00932,76663.5,5088.52,14680.53,67071.49,2025-09-28
SAL008778,EMP00507,97017.8,13208.77,11653.73,98572.84,2024-12-26
SAL008779,EMP00613,102648.91,7715.31,3569.59,106794.63,2026-04-17
SAL008780,EMP00811,108738.64,7234.52,5536.25,110436.91,2025-12-01
SAL008781,EMP01086,21664.84,12430.1,11701.8,22393.14,2025-03-21
SAL008782,EMP01028,135794.09,14680.34,2365.01,148109.42,2025-03-29
SAL008783,EMP00462,146945.97,11113.56,1332.35,156727.18,2024-12-07
SAL008784,EMP00406,79031.2,8298.43,4042.65,83286.98,2026-04-17
SAL008785,EMP00011,71002.58,12267.06,3948.76,79320.88,2026-08-03
SAL008786,EMP00522,108884.58,16012.69,8646.51,116250.76,2025-11-20
SAL008787,EMP00492,40745.21,10437.13,4213.76,46968.58,2024-11-19
SAL008788,EMP01137,80441.35,5288.23,3654.53,82075.05,2026-01-12
SAL008789,EMP01094,76410.6,2223.71,2832.99,75801.32,2024-11-17
SAL008790,EMP00416,98438.2,10200.58,4698.67,103940.11,2024-08-27
SAL008791,EMP00592,134308.96,2319.87,7369.71,129259.12,2024-10-14
SAL008792,EMP00382,134995.22,15277.97,11039.46,139233.73,2025-05-29
SAL008793,EMP00505,148311.76,17930.97,12739.56,153503.17,2024-09-02
SAL008794,EMP00932,34438.7,15190.6,2872.83,46756.47,2025-03-23
SAL008795,EMP00530,36624.54,3754.01,9900.64,30477.91,2025-12-14
SAL008796,EMP00305,58330.62,13546.16,1845.57,70031.21,2026-01-03
SAL008797,EMP01016,77771.83,16287.32,1898.04,92161.11,2026-02-14
SAL008798,EMP00981,108996.57,5889.83,13441.61,101444.79,2025-01-15
SAL008799,EMP00057,32000.3,9223.09,8509.22,32714.17,2025-07-29
SAL008800,EMP00069,51182.17,10215.65,3778.46,57619.36,2024-12-01
SAL008801,EMP00726,113064.86,8499.69,12828.87,108735.68,2025-02-06
SAL008802,EMP00643,105909.9,13710.7,5245.44,114375.16,2025-01-25
SAL008803,EMP00166,94265.29,16713.29,9096.86,101881.72,2025-06-03
SAL008804,EMP00142,148503.2,5735.7,13331.31,140907.59,2026-04-09
SAL008805,EMP00065,35546.18,4520.74,6766.86,33300.06,2026-05-28
SAL008806,EMP00961,59396.12,17525.76,10032.77,66889.11,2026-02-26
SAL008807,EMP00744,119842.7,6502.22,12463.6,113881.32,2025-03-02
SAL008808,EMP01179,69569.57,18256.23,4979.73,82846.07,2025-03-11
SAL008809,EMP00154,33831.34,5246.48,14047.08,25030.74,2024-10-28
SAL008810,EMP01117,143932.05,12802.1,4173.07,152561.08,2024-11-06
SAL008811,EMP01168,79648.55,18819.63,10115.99,88352.19,2025-10-23
SAL008812,EMP00038,87862.29,17060.37,13828.03,91094.63,2025-01-16
SAL008813,EMP01016,35959.08,18480.96,6776.62,47663.42,2024-12-25
SAL008814,EMP00698,142118.04,4835.13,8091.76,138861.41,2025-07-16
SAL008815,EMP00510,100221.2,10510.96,6270.78,104461.38,2024-09-15
SAL008816,EMP00179,33075.8,9823.09,8951.82,33947.07,2025-09-21
SAL008817,EMP00202,73844.1,18093.06,11898.7,80038.46,2026-05-05
SAL008818,EMP00797,140456.11,12005.05,8041.46,144419.7,2025-10-21
SAL008819,EMP01114,76375.14,1298.94,13741.72,63932.36,2025-06-19
SAL008820,EMP01147,140442.3,11966.92,2344.58,150064.64,2024-12-27
SAL008821,EMP00004,68617.34,4443.04,3456.22,69604.16,2026-03-04
SAL008822,EMP01105,134098.52,1992.74,7189.76,128901.5,2025-09-05
SAL008823,EMP00399,51838.75,15724.75,6613.75,60949.75,2025-08-26
SAL008824,EMP01030,113521.22,6010.48,2588.71,116942.99,2025-09-17
SAL008825,EMP00643,59265.13,15226.66,3236.83,71254.96,2025-12-10
SAL008826,EMP01198,131571.15,10266.89,9189.69,132648.35,2026-07-13
SAL008827,EMP00468,58599.16,19384.21,7206.7,70776.67,2026-03-11
SAL008828,EMP00548,53317.93,12842.38,6506.41,59653.9,2024-08-15
SAL008829,EMP00110,33110.61,15440.75,6810.61,41740.75,2026-06-08
SAL008830,EMP00307,37805.33,17559.4,4326.05,51038.68,2024-09-14
SAL008831,EMP00208,60761.66,5375.95,9524.09,56613.52,2025-03-19
SAL008832,EMP00248,78575.22,1009.8,5016.06,74568.96,2024-12-30
SAL008833,EMP00145,98565.88,6865.69,4980.25,100451.32,2024-10-06
SAL008834,EMP00552,127746.11,13641.04,7216.12,134171.03,2025-01-28
SAL008835,EMP00643,96243.28,5230.38,14140.67,87332.99,2025-08-02
SAL008836,EMP00159,143746.89,12993.35,1179.3,155560.94,2026-06-02
SAL008837,EMP01201,140224.78,17927.63,1793.34,156359.07,2025-01-24
SAL008838,EMP00553,62031.84,2890.59,6029.72,58892.71,2025-08-14
SAL008839,EMP00235,108260.25,14862.36,6840.62,116281.99,2026-06-09
SAL008840,EMP00052,76296.33,3027.79,11014.42,68309.7,2025-11-02
SAL008841,EMP00498,139817.15,1125.45,7054.91,133887.69,2025-08-08
SAL008842,EMP00251,107740.22,1614.9,12619.68,96735.44,2025-02-12
SAL008843,EMP00202,132477.3,18339.86,8088.69,142728.47,2026-06-29
SAL008844,EMP00258,90870.54,11295.25,5971.32,96194.47,2025-06-20
SAL008845,EMP00123,77635.11,13405.55,14216.96,76823.7,2025-01-03
SAL008846,EMP00271,25332.7,18300.33,12626.58,31006.45,2025-09-11
SAL008847,EMP01061,27582.91,19106.46,1126.03,45563.34,2025-01-15
SAL008848,EMP01145,80824.55,19247.24,1572.16,98499.63,2026-05-02
SAL008849,EMP00002,104781.42,16282.94,4133.38,116930.98,2025-01-08
SAL008850,EMP00003,142930.7,10066.15,6556.54,146440.31,2025-10-13
SAL008851,EMP00986,51582.7,17638.27,10846.64,58374.33,2026-03-15
SAL008852,EMP00361,72533.45,19490.03,9387.07,82636.41,2025-04-24
SAL008853,EMP00294,144296.38,18232.41,3305.99,159222.8,2025-11-18
SAL008854,EMP01040,45116.25,13891.64,14845.86,44162.03,2026-08-11
SAL008855,EMP00019,41154.61,4271.86,11882.56,33543.91,2024-12-02
SAL008856,EMP00901,92939,5498.61,11627.74,86809.87,2026-05-14
SAL008857,EMP00263,74737.64,15084.3,6281.27,83540.67,2025-04-15
SAL008858,EMP00541,47211.54,17963.25,8270.94,56903.85,2026-01-10
SAL008859,EMP00413,97260.58,17252.84,7139.75,107373.67,2026-02-01
SAL008860,EMP00784,65303.75,18982.19,14990.72,69295.22,2026-07-30
SAL008861,EMP01075,84762.71,11219.7,6989.97,88992.44,2025-01-15
SAL008862,EMP00225,105312.41,12570.18,7671.26,110211.33,2026-02-18
SAL008863,EMP00362,39466.32,13220.89,9624.94,43062.27,2026-04-18
SAL008864,EMP00159,23418.63,5015.13,8087.25,20346.51,2026-02-22
SAL008865,EMP00353,28777.93,1613.03,5510.26,24880.7,2024-08-14
SAL008866,EMP00684,68754.73,10758.82,6046.25,73467.3,2026-04-28
SAL008867,EMP00960,122828.12,7797.47,11179.49,119446.1,2025-11-26
SAL008868,EMP01038,142861.82,7141.05,9547.97,140454.9,2025-07-10
SAL008869,EMP00858,131402.6,9739.3,3865.39,137276.51,2025-04-02
SAL008870,EMP00773,53929.27,19469.23,3728.2,69670.3,2026-01-18
SAL008871,EMP00351,22451.98,8347.63,4900.11,25899.5,2024-12-28
SAL008872,EMP00942,31936.1,5721.83,10475.16,27182.77,2024-12-17
SAL008873,EMP00259,59480.15,7021.25,2321.87,64179.53,2024-09-29
SAL008874,EMP01004,106519.38,9918.96,2944.82,113493.52,2025-07-21
SAL008875,EMP00634,65430.12,3682.8,5001,64111.92,2025-01-18
SAL008876,EMP00826,30007.72,1672.4,13646.66,18033.46,2025-11-02
SAL008877,EMP01194,61592.6,13512.21,14544.09,60560.72,2025-11-13
SAL008878,EMP00541,130034.1,15003.38,11861.88,133175.6,2025-11-30
SAL008879,EMP00506,24271.39,16928.81,6596.97,34603.23,2025-10-28
SAL008880,EMP00694,28090.56,3737.01,11594.01,20233.56,2025-03-04
SAL008881,EMP00156,129053.14,11952.07,8799.76,132205.45,2025-08-14
SAL008882,EMP00040,85880.25,15348.08,5499.72,95728.61,2026-02-27
SAL008883,EMP00459,62536.09,5817.11,9793.95,58559.25,2026-07-06
SAL008884,EMP00476,110061.03,6248.25,3414.71,112894.57,2024-12-08
SAL008885,EMP00096,25540.46,16988.14,13598.3,28930.3,2026-04-20
SAL008886,EMP00998,121845.4,1148.16,5696.63,117296.93,2025-07-26
SAL008887,EMP00904,70211.15,19174.05,11078.74,78306.46,2025-12-26
SAL008888,EMP00661,144093.01,18021.75,8390.62,153724.14,2025-08-27
SAL008889,EMP00118,52768.53,10864.77,5538.77,58094.53,2026-05-21
SAL008890,EMP01026,36502.72,5478.92,14784.79,27196.85,2026-07-31
SAL008891,EMP00647,56101.37,19027.39,14048.83,61079.93,2025-11-28
SAL008892,EMP00145,93683.45,8942.18,13876.1,88749.53,2025-08-18
SAL008893,EMP00127,50093.52,8500.13,13211.35,45382.3,2024-11-13
SAL008894,EMP00254,149577.86,1203.95,8194.5,142587.31,2025-07-15
SAL008895,EMP00299,54490.63,4379.85,12967.98,45902.5,2025-04-09
SAL008896,EMP00368,74051.11,12408.99,8706.72,77753.38,2024-11-06
SAL008897,EMP00739,26258.12,16209.4,14665.89,27801.63,2025-03-27
SAL008898,EMP00402,47756.97,13957.83,7040.67,54674.13,2025-09-30
SAL008899,EMP00481,78373.63,7325.2,10477.12,75221.71,2025-10-24
SAL008900,EMP01067,123138.24,6726.13,12883.61,116980.76,2026-06-06
SAL008901,EMP01038,34859.56,7261.19,10336.61,31784.14,2026-07-22
SAL008902,EMP01070,97432.18,7017.36,13869.72,90579.82,2026-05-07
SAL008903,EMP00789,102725.67,16040.37,2968.9,115797.14,2026-05-30
SAL008904,EMP00382,129558.91,2489.99,9147.22,122901.68,2024-09-27
SAL008905,EMP00225,101627.95,19366.98,7117.73,113877.2,2026-04-15
SAL008906,EMP00472,143868.97,1371.37,12614.07,132626.27,2025-07-27
SAL008907,EMP00144,63663.64,14301.23,3491.78,74473.09,2025-10-09
SAL008908,EMP00936,44316.17,9498.95,7001.03,46814.09,2025-01-25
SAL008909,EMP00931,105524.27,15096.72,8698.42,111922.57,2024-10-17
SAL008910,EMP00123,146661.75,8138.09,14258.58,140541.26,2025-07-19
SAL008911,EMP00893,129928.48,5186.27,6876.74,128238.01,2024-12-15
SAL008912,EMP00447,39748.57,12799.01,9719.39,42828.19,2025-09-25
SAL008913,EMP00687,32789.93,4100.98,12283.23,24607.68,2024-11-10
SAL008914,EMP00834,66078.63,2122.73,13996.67,54204.69,2025-08-29
SAL008915,EMP00402,33580.51,10186.65,6626.75,37140.41,2025-07-20
SAL008916,EMP00086,106185.4,12733.6,12932.31,105986.69,2025-06-19
SAL008917,EMP00390,145248.28,6253.63,1485.63,150016.28,2026-06-29
SAL008918,EMP00230,118401.05,5167.07,9037.69,114530.43,2025-08-12
SAL008919,EMP00456,41493.59,6525.74,13527.7,34491.63,2025-12-09
SAL008920,EMP00317,33272.42,19656.55,9373.18,43555.79,2026-01-13
SAL008921,EMP00785,139974.74,4794.03,6965.89,137802.88,2025-11-19
SAL008922,EMP00317,64461.26,6753.08,11126.28,60088.06,2025-08-21
SAL008923,EMP00779,84669.36,2066.27,6155.74,80579.89,2026-08-05
SAL008924,EMP00328,66450.98,10253.34,6326.27,70378.05,2025-01-18
SAL008925,EMP00946,88106.21,16620.89,9103.54,95623.56,2026-03-09
SAL008926,EMP00535,64098.57,13863.76,11498.76,66463.57,2026-02-24
SAL008927,EMP00787,139692.44,9336.48,5073.39,143955.53,2026-03-06
SAL008928,EMP00851,137564.58,13420.19,14291.91,136692.86,2024-08-24
SAL008929,EMP00479,60442.16,10959.39,2115.26,69286.29,2026-07-01
SAL008930,EMP00510,45301.51,17014.49,5227.88,57088.12,2026-07-06
SAL008931,EMP00106,30710.39,7834.74,6361.88,32183.25,2025-12-22
SAL008932,EMP00365,99356.62,10729.86,4361.8,105724.68,2026-07-05
SAL008933,EMP00864,144900.17,16028.54,5713.26,155215.45,2025-12-20
SAL008934,EMP00047,131753.57,17353.27,7580.03,141526.81,2025-11-10
SAL008935,EMP00532,108201.7,15997.65,2279.71,121919.64,2024-10-11
SAL008936,EMP00555,134569.85,1989.12,8295.31,128263.66,2025-03-14
SAL008937,EMP00939,38709.57,14136.53,10371.75,42474.35,2026-02-08
SAL008938,EMP00755,39060.49,7073.45,9707.75,36426.19,2026-04-01
SAL008939,EMP00616,25274.94,8953.54,9165.28,25063.2,2024-10-12
SAL008940,EMP00132,83387.59,3422.03,3549.85,83259.77,2026-07-14
SAL008941,EMP01054,72219.18,12338.26,14887.42,69670.02,2024-09-19
SAL008942,EMP00729,103308.38,5091.2,11783.43,96616.15,2026-02-11
SAL008943,EMP00194,80571.57,11414.5,2795.79,89190.28,2024-12-14
SAL008944,EMP00934,100733.36,14285.88,12812.22,102207.02,2026-01-23
SAL008945,EMP00895,89986.01,18392.47,6208.65,102169.83,2025-08-26
SAL008946,EMP01117,140063.1,16372.59,1130.62,155305.07,2025-01-18
SAL008947,EMP00981,48466.77,8927.45,9573.97,47820.25,2024-09-21
SAL008948,EMP00464,90845.18,8274.24,5513.02,93606.4,2024-12-03
SAL008949,EMP00835,100483.52,16317.66,7228.41,109572.77,2026-04-03
SAL008950,EMP00198,35735.92,18394.17,9375.48,44754.61,2025-04-22
SAL008951,EMP00063,48195.26,9239.57,5999.48,51435.35,2026-06-10
SAL008952,EMP00196,97217.37,3581.23,4913.35,95885.25,2024-10-14
SAL008953,EMP01007,89554.24,10672.01,11895.84,88330.41,2026-04-11
SAL008954,EMP00388,111251.1,1081.87,10386.23,101946.74,2025-10-13
SAL008955,EMP00379,47421.84,13762.92,14163.4,47021.36,2025-08-28
SAL008956,EMP00603,48408.66,1829.65,3994.65,46243.66,2025-12-15
SAL008957,EMP00533,48171.27,18801.08,5138.17,61834.18,2025-08-07
SAL008958,EMP00316,104427.69,2883.31,11568.26,95742.74,2025-05-05
SAL008959,EMP00995,29195.75,6682.87,14517.09,21361.53,2025-12-01
SAL008960,EMP01099,25901.91,17372.96,11499.45,31775.42,2025-07-19
SAL008961,EMP01015,41940.7,12763.46,12868.63,41835.53,2026-06-15
SAL008962,EMP00808,105908.41,4592.77,14516.38,95984.8,2026-08-09
SAL008963,EMP00354,40049.24,15257.18,8065.86,47240.56,2026-04-10
SAL008964,EMP00557,87792.88,8407.33,9659.19,86541.02,2025-08-20
SAL008965,EMP00860,95756.23,2570.84,4384.68,93942.39,2025-08-29
SAL008966,EMP01084,113765.32,10169.63,6122.59,117812.36,2026-02-13
SAL008967,EMP00869,42705.8,17491.09,7497.55,52699.34,2025-07-13
SAL008968,EMP01052,78979.55,12912.46,8413.99,83478.02,2025-10-14
SAL008969,EMP00627,106832.09,19984.35,2761.47,124054.97,2026-01-18
SAL008970,EMP00625,23995.27,14155.77,10095.39,28055.65,2025-11-04
SAL008971,EMP01144,49968.26,1987.02,2692.06,49263.22,2025-09-01
SAL008972,EMP00107,30283.31,12830.37,1409.31,41704.37,2026-05-13
SAL008973,EMP01058,80984.84,18956.13,5334.26,94606.71,2024-10-07
SAL008974,EMP00728,40299.36,3377.28,6382.59,37294.05,2026-02-07
SAL008975,EMP01035,99652.97,18045.84,5226.56,112472.25,2025-05-28
SAL008976,EMP00368,26866.82,16813.41,4061.57,39618.66,2024-12-09
SAL008977,EMP00685,56168.46,12649.24,12605.33,56212.37,2024-12-21
SAL008978,EMP00867,125129.43,16595.22,3194.9,138529.75,2026-03-10
SAL008979,EMP00716,33486.57,15129.88,6256.56,42359.89,2026-04-06
SAL008980,EMP00117,46148.49,12235.07,14078.81,44304.75,2024-12-15
SAL008981,EMP00958,84072.77,8559.61,13279.96,79352.42,2025-01-15
SAL008982,EMP01174,98186.43,6476.48,10054.61,94608.3,2026-03-18
SAL008983,EMP00230,67890.1,8706.64,5925.14,70671.6,2024-12-19
SAL008984,EMP00572,126506.26,5869.73,7584.39,124791.6,2026-03-18
SAL008985,EMP01108,27702.09,9953.85,1817.38,35838.56,2025-12-30
SAL008986,EMP00521,90211.02,17403.74,2034.54,105580.22,2025-06-20
SAL008987,EMP01098,107800.54,9962.42,14788.32,102974.64,2025-08-13
SAL008988,EMP00407,136432.33,18868.62,12792.38,142508.57,2025-03-07
SAL008989,EMP01177,104200.65,8410.5,3309.6,109301.55,2025-05-08
SAL008990,EMP00228,148793.2,2579.44,3626.53,147746.11,2025-08-18
SAL008991,EMP00763,45341.7,7904.28,4707.38,48538.6,2025-06-20
SAL008992,EMP00362,139560.68,8155.04,4802.61,142913.11,2026-05-11
SAL008993,EMP00900,33604.9,11171.41,10047.41,34728.9,2024-09-13
SAL008994,EMP00505,38729.46,11467.24,9361.71,40834.99,2025-04-17
SAL008995,EMP00112,89628.25,7384.21,7071.73,89940.73,2026-05-31
SAL008996,EMP00810,130369.24,5788.08,1218.95,134938.37,2024-12-23
SAL008997,EMP00018,91442.13,16483.94,11885.05,96041.02,2026-03-09
SAL008998,EMP00381,70802.33,19173.94,11374.3,78601.97,2025-05-03
SAL008999,EMP01071,133899.51,8780.67,1804.42,140875.76,2024-11-19
SAL009000,EMP00631,52382.96,6880.07,1558.1,57704.93,2025-06-20
SAL009001,EMP00112,50004.19,11439.91,12497.19,48946.91,2025-11-09
SAL009002,EMP00922,104767.98,3245.3,4584.32,103428.96,2024-10-23
SAL009003,EMP00895,114918.93,14800.41,1284.57,128434.77,2026-01-13
SAL009004,EMP00084,37951.04,14095.36,9750.53,42295.87,2026-06-19
SAL009005,EMP00294,39551.92,16360.52,10128.21,45784.23,2025-12-31
SAL009006,EMP00828,105950.83,12215.01,11737.74,106428.1,2026-02-16
SAL009007,EMP00883,140716.19,10899.11,14617.77,136997.53,2024-10-07
SAL009008,EMP00128,60757.77,5044.59,6670.21,59132.15,2025-01-30
SAL009009,EMP00918,45468.34,8481.46,3490.57,50459.23,2024-10-22
SAL009010,EMP01050,58708.08,1891.55,9925.74,50673.89,2024-09-05
SAL009011,EMP00906,52041.07,2610.05,1458.5,53192.62,2025-06-11
SAL009012,EMP00459,99061.26,8934.44,6746.55,101249.15,2025-08-30
SAL009013,EMP00061,103303.02,6442.17,12787.26,96957.93,2026-02-22
SAL009014,EMP01103,86594.35,17515.08,12212.91,91896.52,2025-01-26
SAL009015,EMP00344,29782.78,6442.03,9352.16,26872.65,2025-02-14
SAL009016,EMP00156,112808.89,18484.29,10204.03,121089.15,2024-12-31
SAL009017,EMP00458,133160.9,14043.26,7919.63,139284.53,2025-09-22
SAL009018,EMP00931,136026.06,11642.38,6710.58,140957.86,2026-05-04
SAL009019,EMP00268,61886.06,14138.75,1323.01,74701.8,2025-11-25
SAL009020,EMP00173,137020.19,17400.46,7716.75,146703.9,2025-02-05
SAL009021,EMP00447,106043.17,12910.53,5911.16,113042.54,2024-08-16
SAL009022,EMP00696,145528.58,5475.79,2334.88,148669.49,2026-03-23
SAL009023,EMP01158,70865.75,14929.96,1854.92,83940.79,2024-10-03
SAL009024,EMP00285,116108.2,17601.15,3835.03,129874.32,2025-11-29
SAL009025,EMP00779,136641.78,1517.27,9660.46,128498.59,2025-08-26
SAL009026,EMP00583,48737.6,19360.67,5120.04,62978.23,2025-01-27
SAL009027,EMP01035,98784.22,14473.42,13665.49,99592.15,2024-10-31
SAL009028,EMP00025,61130.08,12970,12959.51,61140.57,2025-08-20
SAL009029,EMP00145,134780.89,19022.07,8719.72,145083.24,2025-04-14
SAL009030,EMP00962,126084.77,8503.2,7519.33,127068.64,2025-12-27
SAL009031,EMP00254,110778.33,12323.21,2904.81,120196.73,2025-03-22
SAL009032,EMP00646,29133.25,1275.37,8379.15,22029.47,2025-08-02
SAL009033,EMP00431,42243.24,11300.99,13316.34,40227.89,2026-04-24
SAL009034,EMP00017,64071.48,16973.3,2608.21,78436.57,2025-08-16
SAL009035,EMP00598,47854.32,3450.08,6575.09,44729.31,2026-02-07
SAL009036,EMP00570,142488,3493.97,3444.45,142537.52,2025-06-26
SAL009037,EMP00931,50275.76,5898.27,13034.31,43139.72,2025-06-21
SAL009038,EMP00977,37674.25,9511.06,7826.25,39359.06,2025-07-14
SAL009039,EMP00573,34331.39,3422.17,10751.02,27002.54,2024-09-28
SAL009040,EMP00887,54487.12,10762.19,14479.59,50769.72,2025-11-29
SAL009041,EMP00684,93257.53,19088.96,3147.02,109199.47,2025-12-07
SAL009042,EMP00880,111731.49,2933.06,2921.06,111743.49,2025-01-15
SAL009043,EMP00384,125008.09,9376.13,13662.98,120721.24,2024-08-22
SAL009044,EMP00482,111295.94,10705.42,2998.93,119002.43,2026-08-01
SAL009045,EMP00097,112483.04,15700.85,12433.38,115750.51,2024-12-14
SAL009046,EMP01092,105797.5,1008.74,6499.38,100306.86,2025-05-20
SAL009047,EMP01204,133000.15,6626.3,6865.67,132760.78,2026-01-06
SAL009048,EMP00471,20617.63,1464.72,6249.73,15832.62,2025-01-06
SAL009049,EMP00474,105778.9,17329.43,2225.6,120882.73,2026-05-15
SAL009050,EMP00321,26699.94,10309.71,1915.43,35094.22,2024-11-13
SAL009051,EMP00740,29860.29,16126.75,10924.2,35062.84,2025-06-27
SAL009052,EMP00734,137042.95,15142.27,9152.47,143032.75,2026-02-21
SAL009053,EMP01021,95994.76,19719.12,6312.02,109401.86,2025-04-25
SAL009054,EMP01032,103381.39,11490.38,1073.31,113798.46,2024-10-25
SAL009055,EMP00825,112850.98,4530.4,2742.56,114638.82,2026-03-15
SAL009056,EMP01037,62381.51,19696.28,5530.08,76547.71,2024-08-31
SAL009057,EMP01028,125517.02,5527.87,3837.1,127207.79,2024-11-15
SAL009058,EMP00371,79087.22,13636.93,5172.64,87551.51,2026-06-05
SAL009059,EMP00496,32942.55,11282.74,8149.14,36076.15,2025-06-27
SAL009060,EMP00396,41754.53,10667.7,13386.59,39035.64,2024-12-21
SAL009061,EMP00763,105790.17,4005.09,9331.09,100464.17,2025-09-05
SAL009062,EMP01182,120565.75,12251.97,4698.21,128119.51,2025-07-21
SAL009063,EMP00707,76551.88,2777.73,1352.23,77977.38,2025-08-28
SAL009064,EMP00849,43515.71,10792.89,8768.94,45539.66,2024-10-31
SAL009065,EMP00194,103345.19,8836.32,12062.68,100118.83,2025-01-06
SAL009066,EMP00976,47211.18,4019.78,13513.93,37717.03,2025-02-06
SAL009067,EMP00137,148429.29,4685.63,11848.47,141266.45,2025-10-25
SAL009068,EMP00492,95948.43,9972.54,5220.29,100700.68,2026-04-01
SAL009069,EMP00996,73683.73,16386.15,4052.2,86017.68,2024-09-06
SAL009070,EMP00296,52317.14,17194.68,10422.44,59089.38,2026-07-07
SAL009071,EMP00987,114792.22,19968,10792.99,123967.23,2025-11-20
SAL009072,EMP00926,110454.51,14415.91,7412.59,117457.83,2025-07-31
SAL009073,EMP00134,52179.47,11946.38,8703.32,55422.53,2026-04-09
SAL009074,EMP00047,116342.42,9756.41,3781.61,122317.22,2025-03-28
SAL009075,EMP00696,42607.33,18129.8,6724.69,54012.44,2025-03-13
SAL009076,EMP00298,92432.45,12531.32,8111.65,96852.12,2025-03-16
SAL009077,EMP00823,88507.02,7648.18,6144.91,90010.29,2025-08-04
SAL009078,EMP00285,63270.39,14190.64,12088.6,65372.43,2025-12-02
SAL009079,EMP00924,142562.8,3889.36,3047,143405.16,2025-11-03
SAL009080,EMP00200,63307.3,9853.26,10208.07,62952.49,2025-05-17
SAL009081,EMP00841,122126.46,9657.72,8004.66,123779.52,2024-11-26
SAL009082,EMP00569,43077.74,11554.78,13708.3,40924.22,2025-04-27
SAL009083,EMP00954,75733.62,18171.12,14564.24,79340.5,2025-12-15
SAL009084,EMP01145,61021.92,18643.54,2458.76,77206.7,2025-09-11
SAL009085,EMP00431,102438.11,14019,8455.39,108001.72,2025-11-10
SAL009086,EMP00631,92578.45,10604.52,12353.11,90829.86,2025-09-09
SAL009087,EMP01174,141130.88,17265.51,4409.32,153987.07,2025-02-19
SAL009088,EMP00416,137189.8,16951.7,10165.14,143976.36,2025-09-19
SAL009089,EMP00211,22313.63,2614.66,12037.08,12891.21,2025-06-08
SAL009090,EMP00462,46567.38,10369.1,6740.01,50196.47,2024-12-15
SAL009091,EMP01003,78474.3,18906.94,7710.67,89670.57,2025-09-08
SAL009092,EMP00688,100709.1,14753.52,6661.59,108801.03,2025-03-08
SAL009093,EMP01161,139349.98,10754.26,9968.28,140135.96,2025-01-08
SAL009094,EMP00055,126049.24,17182.72,14869.19,128362.77,2026-05-27
SAL009095,EMP01012,137439.04,12456.9,2129.47,147766.47,2026-03-12
SAL009096,EMP01031,130169.16,9121.55,9618.01,129672.7,2024-12-16
SAL009097,EMP00146,132125.64,5340.96,13374.78,124091.82,2025-02-24
SAL009098,EMP00272,33710.2,8342.86,11555.74,30497.32,2025-11-15
SAL009099,EMP00597,83275.13,13924.74,1059.26,96140.61,2024-12-12
SAL009100,EMP00401,30388.97,6354.96,6167.66,30576.27,2025-02-15
SAL009101,EMP01040,30300.34,14775.47,8232.7,36843.11,2026-07-17
SAL009102,EMP00007,68059,2951.78,8605.38,62405.4,2025-04-24
SAL009103,EMP00538,62620.57,16003.24,3607.92,75015.89,2026-01-05
SAL009104,EMP00761,54933.47,4041.83,13519.93,45455.37,2025-03-21
SAL009105,EMP00459,20575.99,18912.63,6574.24,32914.38,2025-07-29
SAL009106,EMP00897,135887.12,12423.23,11241.64,137068.71,2025-05-06
SAL009107,EMP00821,128967.1,19306.95,6015.72,142258.33,2026-07-23
SAL009108,EMP00660,86543.8,14673.19,8601.97,92615.02,2026-03-26
SAL009109,EMP00965,126694.66,8573.29,2046.86,133221.09,2025-01-28
SAL009110,EMP00216,130265.54,14611.59,4715.97,140161.16,2025-10-16
SAL009111,EMP01181,99609.75,3687.86,7643.13,95654.48,2026-05-18
SAL009112,EMP00159,31454.03,2925.22,12636.59,21742.66,2026-05-20
SAL009113,EMP00324,53518.85,5437.46,10341.13,48615.18,2026-07-08
SAL009114,EMP00079,74081.83,6397.34,6132.96,74346.21,2026-06-24
SAL009115,EMP01090,33520.21,19094.34,7423.19,45191.36,2024-11-18
SAL009116,EMP00859,138412.49,14530.58,10391.44,142551.63,2026-03-04
SAL009117,EMP00625,31170.09,1378.73,8653.33,23895.49,2025-05-22
SAL009118,EMP00635,42799.49,3141.34,14845.67,31095.16,2024-09-28
SAL009119,EMP01134,39732.07,16529.33,3341.25,52920.15,2026-07-04
SAL009120,EMP00781,138899.49,6073.45,10987.65,133985.29,2025-09-07
SAL009121,EMP00644,79964.6,6452.23,13229.31,73187.52,2025-08-05
SAL009122,EMP01128,133337.1,7303.01,5753.22,134886.89,2026-05-18
SAL009123,EMP00930,51758.06,6519.12,9132.6,49144.58,2024-12-07
SAL009124,EMP00041,90133.65,4415.23,2761.98,91786.9,2025-02-16
SAL009125,EMP00802,39904.07,14767.8,12431.75,42240.12,2025-06-20
SAL009126,EMP00619,125802.26,2406.16,14617.27,113591.15,2024-10-29
SAL009127,EMP00328,30315.75,4032.27,4424.83,29923.19,2026-07-13
SAL009128,EMP00245,143436.83,10886.48,7360.31,146963,2024-10-24
SAL009129,EMP00104,58389.2,13097.86,11050.94,60436.12,2025-08-10
SAL009130,EMP00753,149990.82,10185.68,10930.84,149245.66,2026-01-02
SAL009131,EMP00709,92165.82,16529.67,7854.94,100840.55,2024-10-08
SAL009132,EMP00028,92869.49,12553.96,7999.2,97424.25,2025-04-12
SAL009133,EMP00164,118962.57,15346.18,9644.14,124664.61,2026-06-21
SAL009134,EMP00382,146435.41,1097.26,9118.97,138413.7,2024-10-29
SAL009135,EMP00880,141143.51,17651.25,7377,151417.76,2025-01-25
SAL009136,EMP00800,101068.85,3956.86,1311.8,103713.91,2025-08-15
SAL009137,EMP00246,49633.53,19883.09,8118.97,61397.65,2025-12-04
SAL009138,EMP00463,62275.36,2044.85,10206.23,54113.98,2024-11-26
SAL009139,EMP00288,139339.38,16815.11,7793.61,148360.88,2026-02-23
SAL009140,EMP00019,91176.97,19769.76,3828.79,107117.94,2026-02-07
SAL009141,EMP00867,146496.45,3525.15,8506.09,141515.51,2024-12-12
SAL009142,EMP00088,73587.52,5065.1,8017.43,70635.19,2025-10-01
SAL009143,EMP00315,128508.35,16685.63,11647.82,133546.16,2024-12-23
SAL009144,EMP00243,20731.3,10931.67,4140.77,27522.2,2025-06-28
SAL009145,EMP00435,32190.1,13890.38,12816.41,33264.07,2025-11-22
SAL009146,EMP00102,28522.43,17154.76,13375.2,32301.99,2024-11-21
SAL009147,EMP00386,54136.58,15685.64,2879.48,66942.74,2025-02-19
SAL009148,EMP00732,56619.23,1072.99,12494.42,45197.8,2026-05-04
SAL009149,EMP01149,86028.27,2028.5,14938.72,73118.05,2026-07-30
SAL009150,EMP00117,72067.07,8379.6,7831.25,72615.42,2026-07-13
SAL009151,EMP00257,109762.33,19811.44,12756.18,116817.59,2025-10-25
SAL009152,EMP00417,122788.69,3234.17,1090.14,124932.72,2025-06-18
SAL009153,EMP01025,67663.82,18876.22,7610.41,78929.63,2025-10-02
SAL009154,EMP00813,86751.28,3306.96,12574.05,77484.19,2024-11-14
SAL009155,EMP01037,28409.98,18162.67,6602.78,39969.87,2026-01-19
SAL009156,EMP00662,119940.58,14771.95,2053.89,132658.64,2026-01-29
SAL009157,EMP00125,20833.62,4223.64,13784.5,11272.76,2025-10-17
SAL009158,EMP00999,140504.52,8491.22,5637.94,143357.8,2025-07-01
SAL009159,EMP01225,130692.66,1364.79,3485.75,128571.7,2026-01-27
SAL009160,EMP00759,120500.84,15171.35,3350.7,132321.49,2025-11-06
SAL009161,EMP01041,117814.21,19763.29,13185.85,124391.65,2026-03-05
SAL009162,EMP00885,130977.27,11369.38,12875.6,129471.05,2026-06-18
SAL009163,EMP00670,47960.81,17764.01,11193.44,54531.38,2024-11-12
SAL009164,EMP00901,33128.97,6686.93,12788.26,27027.64,2025-03-17
SAL009165,EMP01038,31898.04,12201.62,6271.72,37827.94,2025-05-07
SAL009166,EMP00313,58518.05,6736.79,8428.28,56826.56,2025-06-15
SAL009167,EMP00918,102123.56,1599.48,10935.93,92787.11,2024-09-21
SAL009168,EMP00169,93926.04,11601.25,14168,91359.29,2024-10-26
SAL009169,EMP01026,50547.87,8259.24,6669.51,52137.6,2026-04-16
SAL009170,EMP00262,148674.59,19656.94,2620.09,165711.44,2024-09-01
SAL009171,EMP00447,27568.09,9141.28,1371.9,35337.47,2025-04-21
SAL009172,EMP00588,76252.98,2749.4,7144.98,71857.4,2025-05-27
SAL009173,EMP00499,60244.04,4078.19,11414.88,52907.35,2026-05-25
SAL009174,EMP00871,147449.23,10289.31,10595.88,147142.66,2026-05-15
SAL009175,EMP01096,102253.4,1597.24,14995.59,88855.05,2026-04-30
SAL009176,EMP01108,43522.49,2266.53,13337.58,32451.44,2026-04-04
SAL009177,EMP00999,72368.16,8702.53,12813.86,68256.83,2025-03-17
SAL009178,EMP00124,90374.85,4875.96,11027.28,84223.53,2025-06-04
SAL009179,EMP00070,39916.19,12162.95,1875.41,50203.73,2025-03-20
SAL009180,EMP00136,64628.15,11504.22,11417.81,64714.56,2025-03-16
SAL009181,EMP00323,72935.66,1917.89,9933.92,64919.63,2025-04-25
SAL009182,EMP00130,31771.85,12976.66,14345.72,30402.79,2025-02-13
SAL009183,EMP00606,39745.43,11919.54,12027.37,39637.6,2025-01-22
SAL009184,EMP00816,65596.38,15090.56,13780.59,66906.35,2025-11-27
SAL009185,EMP00996,81910.53,12826.49,14841.03,79895.99,2024-12-06
SAL009186,EMP00109,99440.36,6437.56,5691.18,100186.74,2024-09-20
SAL009187,EMP00801,147145.34,8240.32,12363.64,143022.02,2024-09-23
SAL009188,EMP00574,32381.18,10230.18,3605.4,39005.96,2025-02-27
SAL009189,EMP00560,55687.26,18705.39,11863.86,62528.79,2026-04-30
SAL009190,EMP00811,136513.61,7407.44,7486.73,136434.32,2025-02-02
SAL009191,EMP00486,125868.79,5670.49,9199.24,122340.04,2026-08-02
SAL009192,EMP00346,119161.78,12692.34,5847.84,126006.28,2025-12-15
SAL009193,EMP00661,83687.74,7044.35,5231.34,85500.75,2025-05-10
SAL009194,EMP00908,73946.75,11304.78,7410.13,77841.4,2025-01-26
SAL009195,EMP01128,70615.31,3478.54,10539.24,63554.61,2025-11-19
SAL009196,EMP00961,34097.36,9953.41,3512.33,40538.44,2025-07-09
SAL009197,EMP00930,43402.38,9050.13,6825.32,45627.19,2026-05-19
SAL009198,EMP00477,37604.41,3671.77,8316.84,32959.34,2026-02-12
SAL009199,EMP00049,32598.02,18227.39,14223.82,36601.59,2026-08-02
SAL009200,EMP00510,110323.81,3496.5,5186.77,108633.54,2025-06-24
SAL009201,EMP00740,146583.36,3182.21,13261.87,136503.7,2025-03-06
SAL009202,EMP00417,132966.1,17579.9,11311.21,139234.79,2025-03-11
SAL009203,EMP00823,26859.01,1199.57,7746.53,20312.05,2025-11-11
SAL009204,EMP00549,124710.15,2967.42,7123.06,120554.51,2026-03-09
SAL009205,EMP01143,139043.21,3470.29,4798.27,137715.23,2025-10-15
SAL009206,EMP01188,144475.07,12803.05,7606.14,149671.98,2026-03-06
SAL009207,EMP00136,51856.03,7883.93,5544.42,54195.54,2025-05-14
SAL009208,EMP00425,63505.16,5303.26,10536.93,58271.49,2026-01-23
SAL009209,EMP00758,85640.64,16786.87,6853.31,95574.2,2025-02-04
SAL009210,EMP00163,120972.65,13112.56,13691.78,120393.43,2026-02-10
SAL009211,EMP01091,67002.85,15766.94,7908.01,74861.78,2025-04-08
SAL009212,EMP00218,122632.41,6836.11,2222,127246.52,2025-12-03
SAL009213,EMP01095,31702.72,17786.83,14839.37,34650.18,2026-05-31
SAL009214,EMP01130,67384.72,2760.43,5313.35,64831.8,2026-03-09
SAL009215,EMP00778,38676.08,10852.63,8513.9,41014.81,2024-10-20
SAL009216,EMP00861,91946.81,6498.31,3165.45,95279.67,2025-03-18
SAL009217,EMP00166,24611.44,8870.09,1263.73,32217.8,2026-04-08
SAL009218,EMP00625,109994.35,4513.97,4219.83,110288.49,2024-12-03
SAL009219,EMP00733,146215.1,19215.19,8232.51,157197.78,2026-07-01
SAL009220,EMP00256,129217.49,2618.19,6217.81,125617.87,2024-09-13
SAL009221,EMP01165,123893.42,3016.74,1555.49,125354.67,2025-08-27
SAL009222,EMP00527,86219.08,8060.89,7680.81,86599.16,2024-09-10
SAL009223,EMP00541,142825.45,2031.13,2115.65,142740.93,2026-07-10
SAL009224,EMP00882,75788.94,12109.63,3064.42,84834.15,2024-10-25
SAL009225,EMP00041,29497.74,15231.3,5544.3,39184.74,2026-03-16
SAL009226,EMP00218,74671.14,10319.46,9842.42,75148.18,2024-08-19
SAL009227,EMP00160,139958.45,16542.44,9180.75,147320.14,2025-08-29
SAL009228,EMP00425,105901.49,16867.42,5397.73,117371.18,2025-07-03
SAL009229,EMP01019,51916.82,13768.1,8366.99,57317.93,2025-06-02
SAL009230,EMP00013,61551.64,18778.62,7778.12,72552.14,2024-10-04
SAL009231,EMP00713,64242.94,11235.02,1232.13,74245.83,2025-11-20
SAL009232,EMP00475,52381.99,16452.37,10214.66,58619.7,2025-04-18
SAL009233,EMP00285,147482.41,8650.91,2316.01,153817.31,2025-04-30
SAL009234,EMP00596,127221.29,8970.4,13750.87,122440.82,2026-06-13
SAL009235,EMP00308,47529.13,1245.77,10212.92,38561.98,2024-09-14
SAL009236,EMP01051,136808.19,13790.89,3554.71,147044.37,2025-06-25
SAL009237,EMP01192,112513.63,4612.48,11435.5,105690.61,2025-07-05
SAL009238,EMP00511,65429.51,18201.08,9619.24,74011.35,2025-03-31
SAL009239,EMP00471,79128,3109.53,14455.18,67782.35,2025-04-22
SAL009240,EMP00239,72544.3,7927.61,1964.78,78507.13,2024-08-13
SAL009241,EMP01027,39209.08,13535.54,9008.57,43736.05,2026-07-09
SAL009242,EMP00893,53019.66,7144.7,3048.37,57115.99,2026-06-26
SAL009243,EMP00418,45034.9,11959.42,9481.36,47512.96,2025-08-12
SAL009244,EMP00106,137962.43,3135.32,12659.11,128438.64,2025-01-18
SAL009245,EMP00342,118654.42,1126.38,13286.47,106494.33,2024-12-11
SAL009246,EMP00654,33299.82,3389.28,13071.74,23617.36,2024-11-03
SAL009247,EMP00340,56347.45,6273.2,5001.89,57618.76,2026-02-02
SAL009248,EMP00174,146436.68,5268.05,8919.61,142785.12,2025-11-05
SAL009249,EMP00439,58619.27,12672.77,4073.4,67218.64,2024-12-25
SAL009250,EMP00918,125821.52,10386.33,7533.18,128674.67,2025-11-25
SAL009251,EMP00293,47757.35,13611.74,6851.08,54518.01,2025-05-03
SAL009252,EMP00957,139419.96,10763.46,14816.4,135367.02,2024-10-21
SAL009253,EMP01021,28109.51,12483.96,2217.54,38375.93,2026-04-02
SAL009254,EMP00106,83832.21,6457.56,11679.53,78610.24,2024-09-10
SAL009255,EMP00468,97463.96,15717.71,3984.46,109197.21,2025-05-22
SAL009256,EMP00251,68055.44,6996.69,8166.81,66885.32,2025-07-18
SAL009257,EMP00856,147149.84,17540.58,9157.86,155532.56,2026-07-18
SAL009258,EMP00339,83085.96,17636.54,14791.48,85931.02,2026-05-09
SAL009259,EMP00321,33880.37,18052.46,9258.94,42673.89,2026-07-25
SAL009260,EMP01184,70359.14,2493.5,9736.32,63116.32,2024-10-25
SAL009261,EMP00091,113047.74,2401.89,5434.68,110014.95,2025-09-15
SAL009262,EMP00591,32308.37,7202.08,12348.28,27162.17,2025-06-23
SAL009263,EMP00740,120167.59,9873.3,12682.46,117358.43,2025-04-05
SAL009264,EMP01088,97402.57,18312.12,2053.85,113660.84,2025-06-21
SAL009265,EMP00698,89768.03,7121.83,6820.91,90068.95,2026-03-14
SAL009266,EMP00139,122407.09,9994.03,4807.39,127593.73,2025-03-20
SAL009267,EMP00915,51652.54,7525.21,12432.24,46745.51,2024-09-02
SAL009268,EMP00220,36624.87,19830.31,4837.32,51617.86,2024-08-30
SAL009269,EMP00495,24122.49,3359.4,14150.13,13331.76,2025-10-16
SAL009270,EMP00015,21035.84,9700.56,11531.26,19205.14,2026-08-06
SAL009271,EMP00442,124128.43,10375.86,7129.97,127374.32,2025-04-18
SAL009272,EMP00026,34039.96,1275.01,14813.18,20501.79,2025-11-17
SAL009273,EMP00762,143181.85,5649.55,5050.23,143781.17,2026-01-09
SAL009274,EMP00659,147139.89,10786.74,3960.3,153966.33,2025-01-27
SAL009275,EMP00543,119687.22,5052.45,10371.59,114368.08,2026-05-27
SAL009276,EMP00496,130370.87,9049.86,12662.78,126757.95,2025-07-14
SAL009277,EMP00283,60516.08,8341.96,7041.96,61816.08,2025-07-16
SAL009278,EMP01068,123454.48,5943.34,10598.31,118799.51,2026-06-23
SAL009279,EMP01005,98359.54,11715.43,9352.54,100722.43,2025-06-20
SAL009280,EMP00126,43136.96,4837.85,6638.12,41336.69,2026-02-27
SAL009281,EMP00591,92122.02,19642.62,12284.95,99479.69,2026-01-02
SAL009282,EMP00166,145758.55,10683.15,11614.47,144827.23,2026-06-12
SAL009283,EMP00687,131513.75,11974.74,8659.17,134829.32,2024-12-23
SAL009284,EMP00076,22552.45,5577.87,7539.74,20590.58,2025-05-20
SAL009285,EMP00140,47059.99,6033.49,13095.27,39998.21,2024-10-05
SAL009286,EMP00672,101876.34,13056.83,6334.88,108598.29,2025-11-27
SAL009287,EMP00307,88348.54,13722.21,3812.43,98258.32,2026-03-08
SAL009288,EMP01070,60928.62,11398.62,6830.45,65496.79,2025-10-09
SAL009289,EMP00855,128310.02,10011.08,1360.21,136960.89,2025-12-04
SAL009290,EMP00967,64480.86,12134.13,6956.83,69658.16,2025-08-18
SAL009291,EMP00675,26934.39,4742.38,13894.43,17782.34,2025-09-18
SAL009292,EMP00432,40649.97,19211.89,7205.36,52656.5,2025-08-17
SAL009293,EMP00584,76055.31,5497.12,1972.13,79580.3,2024-10-19
SAL009294,EMP00367,139601.77,4807.65,14666.41,129743.01,2025-05-02
SAL009295,EMP00913,118355.89,1862.02,11516.91,108701,2025-04-26
SAL009296,EMP00397,142575.32,3698.94,12892.1,133382.16,2026-05-10
SAL009297,EMP00138,138311.23,5023.81,13970.46,129364.58,2025-07-10
SAL009298,EMP01105,124816.44,10749.11,2193.12,133372.43,2025-11-13
SAL009299,EMP00251,20949.83,11286.96,2513.2,29723.59,2026-07-14
SAL009300,EMP00202,77843.84,14739.35,8804.08,83779.11,2026-01-11
SAL009301,EMP00361,137503.47,10720.99,8125.86,140098.6,2025-10-23
SAL009302,EMP00736,67651.47,6734.01,4735.93,69649.55,2026-01-13
SAL009303,EMP00966,47297.66,11241.32,2943.85,55595.13,2025-05-25
SAL009304,EMP00013,136916.1,15588.41,2142.35,150362.16,2024-10-05
SAL009305,EMP00181,123549.67,17578.08,7796.48,133331.27,2024-10-01
SAL009306,EMP00333,32947.82,6032.38,13402.98,25577.22,2025-03-29
SAL009307,EMP01037,132822.09,4762.76,10810.17,126774.68,2024-12-18
SAL009308,EMP00268,98397.14,8651.57,6009.34,101039.37,2025-01-17
SAL009309,EMP00155,58913.69,6615.27,1352.49,64176.47,2025-08-30
SAL009310,EMP01017,33800.79,8847.81,9449,33199.6,2026-03-07
SAL009311,EMP01089,114107.82,18250.33,5044.36,127313.79,2024-10-15
SAL009312,EMP01043,36297.18,4309.35,6609.51,33997.02,2025-05-27
SAL009313,EMP00908,55054.51,13782.4,14513.55,54323.36,2025-12-07
SAL009314,EMP00952,138838.68,2051.15,8540.01,132349.82,2024-09-19
SAL009315,EMP00677,149321.3,7994.86,10605.88,146710.28,2024-11-20
SAL009316,EMP01141,23114.21,19639.57,1447.27,41306.51,2025-05-11
SAL009317,EMP00434,96853.57,9246.15,12788.73,93310.99,2025-10-18
SAL009318,EMP00966,67626.07,9617.02,3646.67,73596.42,2024-08-23
SAL009319,EMP01158,33457.61,9688.96,13759.29,29387.28,2025-07-08
SAL009320,EMP01126,39363.17,8209.81,6782.86,40790.12,2025-06-20
SAL009321,EMP00092,123853.71,15617.78,14492.83,124978.66,2025-07-26
SAL009322,EMP00498,72687.33,17231.05,13229.33,76689.05,2025-12-28
SAL009323,EMP00479,55809.99,10438.63,2345.43,63903.19,2026-04-29
SAL009324,EMP00993,116648.25,14765.46,9886.76,121526.95,2025-03-02
SAL009325,EMP00058,121146.26,3174.6,9317.2,115003.66,2025-06-12
SAL009326,EMP00120,30544.47,8925.56,14069.2,25400.83,2025-07-08
SAL009327,EMP00282,144268.74,2140,11692.84,134715.9,2024-09-05
SAL009328,EMP00901,112071.4,5327.5,10170.5,107228.4,2025-10-19
SAL009329,EMP00039,75937.42,12021.26,3919.88,84038.8,2025-05-08
SAL009330,EMP00798,87505.76,9278.97,12248.14,84536.59,2025-04-12
SAL009331,EMP00151,65341.16,7533.11,1889.04,70985.23,2024-09-03
SAL009332,EMP00803,129636.85,9878.87,5133.53,134382.19,2024-10-13
SAL009333,EMP00887,84622.93,4675.83,1451.65,87847.11,2026-02-28
SAL009334,EMP00196,59969.23,16042.67,4448.05,71563.85,2025-07-14
SAL009335,EMP01083,148619.04,6673.89,2580.93,152712,2026-01-20
SAL009336,EMP01093,101633.9,2488.03,5972.53,98149.4,2025-07-01
SAL009337,EMP00127,148718.38,19844.99,8367.93,160195.44,2025-11-25
SAL009338,EMP00400,31465.4,15682.92,2184.9,44963.42,2025-05-24
SAL009339,EMP00815,126953.29,4139.76,9852.85,121240.2,2025-02-26
SAL009340,EMP00437,77107.18,1520.46,3391.98,75235.66,2025-11-12
SAL009341,EMP00074,31594.18,14952.73,1870.69,44676.22,2026-07-07
SAL009342,EMP00907,30777.14,10116.04,6134.29,34758.89,2024-09-20
SAL009343,EMP00009,59204.35,3052.41,9243.8,53012.96,2025-02-17
SAL009344,EMP01022,145897.44,9412.28,11002.72,144307,2026-03-01
SAL009345,EMP00783,38131.74,4767.15,11771.68,31127.21,2024-10-07
SAL009346,EMP01132,120282.52,1550.67,6662.77,115170.42,2026-03-29
SAL009347,EMP00788,137088.88,2041.91,12299.7,126831.09,2026-07-25
SAL009348,EMP00284,86021.08,8956.39,1642.05,93335.42,2025-11-24
SAL009349,EMP00493,118827.07,3300.58,9331.37,112796.28,2025-02-04
SAL009350,EMP01213,149104.27,5161.78,11805.58,142460.47,2025-01-31
SAL009351,EMP00966,109736.64,2496.53,7083.87,105149.3,2024-10-27
SAL009352,EMP00124,72909.11,7396.28,14389.57,65915.82,2026-03-23
SAL009353,EMP00714,91341.08,19537.34,11877.88,99000.54,2025-04-23
SAL009354,EMP00941,47098.4,11613.66,1972.43,56739.63,2025-03-15
SAL009355,EMP00701,39441.27,8877.91,9006.59,39312.59,2025-05-18
SAL009356,EMP00800,109616.44,10893.02,13279.84,107229.62,2024-12-05
SAL009357,EMP00539,98777.23,13222.35,12662.75,99336.83,2025-12-24
SAL009358,EMP00322,125595.26,18409.66,2274.75,141730.17,2026-04-21
SAL009359,EMP00166,140342.91,3837.71,7842.83,136337.79,2026-07-20
SAL009360,EMP00294,103281.53,17237.72,13736.19,106783.06,2026-07-23
SAL009361,EMP00676,84725.85,5961.97,6696.1,83991.72,2026-04-26
SAL009362,EMP00547,73599.24,3807.62,7576.46,69830.4,2025-09-01
SAL009363,EMP00696,72487.91,1263.23,10730.74,63020.4,2026-05-03
SAL009364,EMP00617,44605.86,19907.74,10484.27,54029.33,2026-03-24
SAL009365,EMP01027,141515.25,17651.32,7095.24,152071.33,2026-05-17
SAL009366,EMP00544,63749.61,17899.22,6654.54,74994.29,2025-05-16
SAL009367,EMP00828,50997.72,4724.24,3609.41,52112.55,2025-02-25
SAL009368,EMP00781,128351.9,5862.78,8063.01,126151.67,2024-10-11
SAL009369,EMP00537,118638.56,15284.94,12924.76,120998.74,2026-05-01
SAL009370,EMP00799,25199.09,17193.17,5508.42,36883.84,2024-08-30
SAL009371,EMP00913,59767.51,9548.43,12579.13,56736.81,2026-07-06
SAL009372,EMP00984,36361.95,15518.77,9427.64,42453.08,2024-09-26
SAL009373,EMP00194,111054.94,2758.03,7552.16,106260.81,2026-02-25
SAL009374,EMP00668,82321.24,7336.79,8318.24,81339.79,2025-03-30
SAL009375,EMP00328,102480.7,17093.38,4543.66,115030.42,2025-12-27
SAL009376,EMP00931,76510.35,16165.34,3150.09,89525.6,2025-12-07
SAL009377,EMP00166,125508.58,13734.11,2390.93,136851.76,2025-07-14
SAL009378,EMP01222,87537.94,7500.03,1754.05,93283.92,2025-10-23
SAL009379,EMP00809,121345.78,8701.13,10349.6,119697.31,2026-04-07
SAL009380,EMP00547,147170.59,3595.43,9888.97,140877.05,2026-07-27
SAL009381,EMP00218,123451,9559.41,4994.75,128015.66,2025-07-05
SAL009382,EMP00579,31979.27,6479.23,5897.11,32561.39,2026-06-07
SAL009383,EMP00618,97968.22,10284.37,8893.45,99359.14,2024-09-04
SAL009384,EMP01048,48704.42,2492.8,2439.25,48757.97,2026-06-01
SAL009385,EMP00199,107815.21,15359.63,3858.51,119316.33,2026-06-10
SAL009386,EMP00539,138864.91,12632.2,8182.81,143314.3,2025-10-13
SAL009387,EMP00485,74333.57,2754.34,4719.62,72368.29,2024-09-22
SAL009388,EMP01143,30561.59,19764.74,12053.25,38273.08,2025-05-31
SAL009389,EMP00942,91066.09,11240.37,3956.76,98349.7,2025-05-03
SAL009390,EMP01003,79099.55,13490.53,13295.56,79294.52,2024-12-11
SAL009391,EMP00935,88626.24,9089.28,10686.62,87028.9,2025-02-16
SAL009392,EMP00574,39639.06,5672.29,6630.83,38680.52,2024-09-27
SAL009393,EMP00366,139311.55,9056.57,1554.5,146813.62,2025-06-17
SAL009394,EMP00455,23437.66,17076.99,12654.44,27860.21,2024-08-12
SAL009395,EMP00079,68857.45,10821.67,2388.84,77290.28,2025-12-14
SAL009396,EMP00327,146669.49,15220.41,9318.69,152571.21,2025-01-08
SAL009397,EMP00166,60475.88,5679.61,3171.21,62984.28,2025-01-01
SAL009398,EMP00033,47799.51,4651.32,6100.43,46350.4,2025-02-02
SAL009399,EMP01031,112089.15,16161.17,7489.91,120760.41,2025-01-25
SAL009400,EMP00243,42742.73,13236.04,8065.04,47913.73,2026-06-11
SAL009401,EMP00227,111549.15,7253.83,13641.17,105161.81,2024-10-18
SAL009402,EMP00689,105813.95,18390.17,7148.02,117056.1,2026-03-02
SAL009403,EMP00699,132492.96,1828.91,9072.07,125249.8,2025-05-06
SAL009404,EMP00744,57909.68,14149.46,4487.83,67571.31,2025-12-24
SAL009405,EMP00304,136330.8,7610.74,12028.13,131913.41,2026-07-03
SAL009406,EMP00344,59584.93,5471.47,6117.62,58938.78,2026-04-14
SAL009407,EMP00036,65453.1,6554.29,13438.75,58568.64,2026-07-01
SAL009408,EMP00670,57397.89,19522.27,6057.66,70862.5,2025-09-18
SAL009409,EMP00199,99795.41,6737.59,13186.48,93346.52,2025-08-26
SAL009410,EMP00355,45809.54,7921.84,12044.31,41687.07,2026-05-06
SAL009411,EMP00602,104108.76,17826.58,4338.28,117597.06,2026-01-29
SAL009412,EMP01228,44884.12,4795.58,3650.96,46028.74,2025-06-25
SAL009413,EMP00614,25341.21,13407.06,11348.55,27399.72,2026-02-24
SAL009414,EMP00482,39960.87,18663.92,7480.64,51144.15,2025-10-04
SAL009415,EMP00633,39062.53,8311.8,13933.48,33440.85,2025-03-14
SAL009416,EMP00545,93691.06,2747.4,8294.63,88143.83,2026-01-14
SAL009417,EMP00422,95134.6,18708.95,11816.29,102027.26,2025-08-23
SAL009418,EMP00674,72642.86,2441.05,9709.63,65374.28,2025-11-04
SAL009419,EMP00496,108157.49,19314.27,8051.71,119420.05,2025-08-08
SAL009420,EMP00365,59071.26,18369.24,13898.97,63541.53,2025-04-12
SAL009421,EMP00096,58925.73,4638.77,12746.96,50817.54,2026-07-07
SAL009422,EMP00239,80447.46,6459.45,2360.64,84546.27,2025-06-12
SAL009423,EMP00274,90631.72,19421.63,2133.5,107919.85,2026-02-19
SAL009424,EMP00642,123784.7,17677.59,13630.09,127832.2,2026-08-10
SAL009425,EMP00998,60067.65,6934.82,7179.84,59822.63,2025-02-12
SAL009426,EMP00198,57418.56,19934.79,10893.07,66460.28,2024-08-13
SAL009427,EMP00374,44526.08,2913.93,14544.79,32895.22,2025-10-19
SAL009428,EMP00999,62770.19,3325.97,2318.5,63777.66,2025-11-07
SAL009429,EMP00466,107447.09,18959.81,10742.34,115664.56,2024-11-15
SAL009430,EMP00458,43057.58,8151.02,14311.96,36896.64,2025-08-17
SAL009431,EMP00556,51450.46,12695.07,6119.28,58026.25,2025-05-22
SAL009432,EMP00155,134370.06,16181.43,2969.98,147581.51,2024-12-12
SAL009433,EMP00830,35221.35,1583.63,5484.94,31320.04,2025-10-15
SAL009434,EMP00897,82153.1,8875.16,2441.97,88586.29,2025-02-23
SAL009435,EMP00583,22539.67,3648.06,10135.01,16052.72,2026-06-06
SAL009436,EMP00794,83900.7,8209.19,2827.8,89282.09,2026-04-22
SAL009437,EMP00363,63380.13,6501.12,5547.66,64333.59,2026-02-03
SAL009438,EMP00801,138901.74,1641.68,7527.94,133015.48,2026-05-21
SAL009439,EMP00330,85646.55,2310.66,8828.45,79128.76,2026-06-24
SAL009440,EMP00944,79408.14,3165.63,1946.19,80627.58,2025-09-23
SAL009441,EMP00181,56332.96,14401.57,3384.39,67350.14,2026-01-25
SAL009442,EMP00180,83629.97,3111.51,12711.4,74030.08,2024-09-25
SAL009443,EMP00794,124902.91,12005.18,3489.41,133418.68,2026-07-02
SAL009444,EMP00681,98052.56,18881.61,8180.42,108753.75,2025-02-07
SAL009445,EMP00350,140467.23,9061.29,2923.98,146604.54,2026-04-28
SAL009446,EMP01037,57693.44,12687.66,6230.38,64150.72,2026-05-13
SAL009447,EMP00536,144357.73,11415.11,9236.44,146536.4,2024-08-29
SAL009448,EMP00176,67543.82,2664.27,13781.56,56426.53,2026-05-14
SAL009449,EMP00912,104932.04,16737.98,3130.21,118539.81,2024-12-19
SAL009450,EMP01220,63645.48,1225.21,5777.95,59092.74,2025-07-05
SAL009451,EMP01124,78086.9,8280.1,2469.16,83897.84,2025-09-04
SAL009452,EMP00461,100202.43,8126.12,1592.28,106736.27,2026-03-01
SAL009453,EMP00368,106622.9,9207.02,2117.57,113712.35,2026-04-27
SAL009454,EMP01182,69452.32,18259.42,10137.73,77574.01,2026-05-21
SAL009455,EMP01221,101273.79,10532.12,10714.27,101091.64,2026-04-16
SAL009456,EMP01058,144686.52,7510.8,11041.18,141156.14,2026-06-26
SAL009457,EMP00618,118514.36,16448.73,8881.16,126081.93,2025-04-21
SAL009458,EMP00519,58723.74,7206.84,6104.8,59825.78,2026-03-24
SAL009459,EMP00270,89680.13,14986.13,7426.07,97240.19,2025-07-15
SAL009460,EMP00571,74899.26,19487.39,1985.07,92401.58,2024-08-17
SAL009461,EMP00696,43149.61,3310.08,9532.12,36927.57,2025-05-24
SAL009462,EMP00782,99150.6,10832.73,2036.28,107947.05,2024-09-13
SAL009463,EMP00558,27752.09,5294.12,2215.04,30831.17,2024-12-05
SAL009464,EMP00018,22890.3,13102.22,3171.23,32821.29,2025-12-24
SAL009465,EMP01230,63657.25,1160.61,4163.03,60654.83,2026-02-13
SAL009466,EMP00350,53013.35,11117.02,7244.62,56885.75,2025-07-30
SAL009467,EMP00916,101285.09,15707.22,14536.49,102455.82,2026-03-23
SAL009468,EMP01077,26453.62,18974.47,13930.18,31497.91,2025-07-14
SAL009469,EMP01130,81493.84,4978.66,8134.29,78338.21,2024-12-01
SAL009470,EMP01041,131773.64,13895.73,7243.6,138425.77,2024-11-06
SAL009471,EMP00962,32990.3,17663.81,1197.84,49456.27,2025-01-02
SAL009472,EMP00456,86958.84,18677.22,3882.13,101753.93,2025-07-23
SAL009473,EMP00966,48235.6,4188.95,1353.3,51071.25,2026-02-06
SAL009474,EMP01138,90057.46,19770.37,10520.9,99306.93,2024-09-04
SAL009475,EMP00790,53879.65,3291.39,13846.76,43324.28,2025-06-11
SAL009476,EMP00147,87034.79,18783.42,10678.48,95139.73,2026-02-04
SAL009477,EMP00745,141507.94,8625.04,12808.78,137324.2,2026-01-10
SAL009478,EMP00042,79520.62,9544.56,4189.04,84876.14,2025-01-18
SAL009479,EMP00244,142809.5,4544.03,10130.28,137223.25,2026-02-20
SAL009480,EMP00237,80338.99,5961.31,12503.08,73797.22,2024-11-19
SAL009481,EMP00767,79913.89,15718.47,12084.78,83547.58,2026-06-11
SAL009482,EMP00623,122467.48,13966.11,1632.91,134800.68,2024-09-27
SAL009483,EMP00995,46125.91,10011.25,13722.22,42414.94,2026-06-28
SAL009484,EMP00296,61723.01,14073.02,3490.22,72305.81,2026-05-12
SAL009485,EMP00238,103656.66,19757.61,9778.04,113636.23,2025-11-14
SAL009486,EMP00025,36376.25,8016,12839.84,31552.41,2025-08-30
SAL009487,EMP00988,100212.21,15565.44,14453.27,101324.38,2026-06-12
SAL009488,EMP00659,50925.97,9234.16,8458.5,51701.63,2026-07-22
SAL009489,EMP00022,113889.78,1007.01,3379.18,111517.61,2025-11-07
SAL009490,EMP00852,148516.8,12750.17,2646.25,158620.72,2024-10-07
SAL009491,EMP00836,96683.93,17536.29,2130.49,112089.73,2024-08-16
SAL009492,EMP01112,68497.48,18449.22,8453.61,78493.09,2025-04-11
SAL009493,EMP00195,121565.39,7238.02,13760.96,115042.45,2026-03-18
SAL009494,EMP01065,120114.92,4886.64,7097.64,117903.92,2026-06-16
SAL009495,EMP00502,92244.88,4508.11,7606.12,89146.87,2025-01-16
SAL009496,EMP00744,88623.09,4773.73,14038,79358.82,2025-10-05
SAL009497,EMP00936,36199.24,16164.34,13221.31,39142.27,2024-10-07
SAL009498,EMP00544,20101.48,12646.34,11052.27,21695.55,2025-11-17
SAL009499,EMP00650,120909.15,4223.4,4118.4,121014.15,2024-10-13
SAL009500,EMP01094,90980.15,13092.15,12629.42,91442.88,2026-01-07
SAL009501,EMP00566,88130.37,4282.43,5005.64,87407.16,2024-12-17
SAL009502,EMP00709,40540.66,2857.96,2506.86,40891.76,2026-02-16
SAL009503,EMP00857,140726.87,2415.51,2536.71,140605.67,2025-05-03
SAL009504,EMP00446,26504.02,1021.43,1268.93,26256.52,2025-06-20
SAL009505,EMP00197,116601.35,19567.6,6031.8,130137.15,2024-11-06
SAL009506,EMP00684,41609.19,19503.75,10510.25,50602.69,2025-03-08
SAL009507,EMP00403,133050.23,10119.84,2742.08,140427.99,2024-12-30
SAL009508,EMP01125,64089.19,14889.85,10201.85,68777.19,2024-08-28
SAL009509,EMP01040,136755.71,8886.27,2851.32,142790.66,2025-05-27
SAL009510,EMP00601,50415.5,2568.3,8512.67,44471.13,2026-05-03
SAL009511,EMP00498,95391.38,7226.86,14924.96,87693.28,2026-03-17
SAL009512,EMP00829,43352.96,18014.55,3462.25,57905.26,2025-11-04
SAL009513,EMP00740,141784.32,19847.08,14940.63,146690.77,2026-02-04
SAL009514,EMP00253,143390.44,4246.74,9471.52,138165.66,2025-06-07
SAL009515,EMP00204,70837.28,12451.91,8458.43,74830.76,2025-11-11
SAL009516,EMP00616,146767.44,12199.93,9342.14,149625.23,2024-09-02
SAL009517,EMP00922,60165.79,16717.8,4736.57,72147.02,2026-01-24
SAL009518,EMP00560,31912.58,6265.19,6295.96,31881.81,2025-05-08
SAL009519,EMP00585,55499.25,4965.52,7589.88,52874.89,2024-09-15
SAL009520,EMP00057,102451.6,8086.73,5198.09,105340.24,2024-09-24
SAL009521,EMP00004,68759.03,15611.05,14152.55,70217.53,2026-04-22
SAL009522,EMP00925,141325.36,14149.74,10218.21,145256.89,2026-05-01
SAL009523,EMP00999,29463.41,2107.69,7069.76,24501.34,2025-07-14
SAL009524,EMP00715,122503.59,16591.09,7291.29,131803.39,2025-10-07
SAL009525,EMP00635,36411.75,11290.01,5111.93,42589.83,2024-12-14
SAL009526,EMP01076,90570.7,5073.42,8798.65,86845.47,2025-05-16
SAL009527,EMP00229,103432.17,4447.19,6333.2,101546.16,2025-08-06
SAL009528,EMP01136,49782.69,4209.01,3345.74,50645.96,2026-03-24
SAL009529,EMP00242,84191.48,15845.89,14755.95,85281.42,2025-05-28
SAL009530,EMP00314,76661.31,16345.46,10793.24,82213.53,2025-05-26
SAL009531,EMP01128,83647.98,15805.28,11461.29,87991.97,2025-11-18
SAL009532,EMP00360,42389.43,8740.16,14681.91,36447.68,2025-11-27
SAL009533,EMP00140,141450.8,13712.41,7438.3,147724.91,2025-07-25
SAL009534,EMP00210,105469.67,13443.04,3096.55,115816.16,2024-11-20
SAL009535,EMP00726,82370.71,11116.15,1851.66,91635.2,2026-05-14
SAL009536,EMP00447,49645.8,6834.83,3387.57,53093.06,2025-05-07
SAL009537,EMP00560,99174.57,8059.44,11791.21,95442.8,2024-12-11
SAL009538,EMP00316,41814.19,14091.39,2188.34,53717.24,2025-07-18
SAL009539,EMP00711,55806.41,6608.54,7920.05,54494.9,2026-02-07
SAL009540,EMP00551,23524.21,4565.02,1698.16,26391.07,2024-08-15
SAL009541,EMP00091,141130.21,16920,5818.9,152231.31,2026-01-14
SAL009542,EMP00175,90582.69,7659.58,1867.29,96374.98,2026-06-19
SAL009543,EMP00452,64057.76,10200.15,2036.1,72221.81,2026-04-10
SAL009544,EMP01126,39812.18,12965.95,9914.96,42863.17,2025-11-13
SAL009545,EMP00317,101538.38,7869.58,8493.62,100914.34,2026-05-05
SAL009546,EMP00462,72320.29,5168.42,8383.02,69105.69,2026-05-02
SAL009547,EMP00774,112486.49,5577.01,10124.22,107939.28,2025-08-14
SAL009548,EMP00787,91250.71,15215.25,7225.15,99240.81,2025-04-13
SAL009549,EMP00928,114761.64,3921.79,1670.95,117012.48,2025-01-31
SAL009550,EMP00186,128852.14,13385.57,2440.5,139797.21,2026-04-01
SAL009551,EMP00263,86820.53,15157.92,7444.49,94533.96,2025-09-20
SAL009552,EMP00847,67455.15,3154.08,11746.57,58862.66,2025-07-15
SAL009553,EMP00034,84267.44,16776.69,7401.59,93642.54,2026-07-25
SAL009554,EMP00989,78875.65,5796.42,2547.62,82124.45,2026-01-20
SAL009555,EMP00168,46163.46,2050.45,11142.33,37071.58,2024-08-18
SAL009556,EMP00328,30245.25,15406.63,11575.91,34075.97,2026-01-13
SAL009557,EMP00795,68096.16,13011.27,8511.2,72596.23,2025-04-02
SAL009558,EMP00360,78530.73,5079.74,8723.25,74887.22,2026-07-20
SAL009559,EMP00070,69361.7,7032.95,12223.23,64171.42,2025-10-17
SAL009560,EMP00728,108359.18,13069.12,6726.81,114701.49,2026-03-28
SAL009561,EMP00696,104166.83,9839.13,7186.06,106819.9,2025-05-19
SAL009562,EMP00724,49010.06,14107.19,14037.33,49079.92,2026-04-23
SAL009563,EMP00772,85925.98,3319.8,12873.51,76372.27,2025-05-21
SAL009564,EMP00208,45698.98,5558.02,6974.22,44282.78,2026-02-26
SAL009565,EMP00446,124031.58,18469.13,10526.93,131973.78,2025-07-23
SAL009566,EMP00396,119987.82,15552.95,9939.08,125601.69,2026-03-02
SAL009567,EMP00052,25088.42,13850.31,9319.28,29619.45,2024-09-05
SAL009568,EMP00700,103455.7,7130.94,13372.34,97214.3,2026-03-28
SAL009569,EMP00244,54476.99,14022.12,10279.56,58219.55,2024-08-29
SAL009570,EMP01006,23110.26,1431.36,7713.14,16828.48,2026-02-07
SAL009571,EMP00678,123652.73,16495.91,5486.26,134662.38,2024-10-09
SAL009572,EMP01225,83556.03,7097.41,6215.17,84438.27,2026-04-05
SAL009573,EMP00951,121754.58,13640.19,2652.9,132741.87,2026-08-01
SAL009574,EMP00325,65233.9,11276.22,12066.93,64443.19,2025-01-17
SAL009575,EMP00499,124897.1,7268.79,3128.26,129037.63,2025-10-25
SAL009576,EMP00232,90472.63,2085.26,5265.08,87292.81,2024-09-13
SAL009577,EMP00359,127258.13,12051.9,11541.42,127768.61,2026-03-07
SAL009578,EMP00693,115199.35,9876.92,5068.68,120007.59,2026-02-14
SAL009579,EMP00578,109251.24,17644.78,13951.59,112944.43,2025-04-03
SAL009580,EMP00052,31082.03,5636.97,13091,23628,2025-06-15
SAL009581,EMP00867,134654.46,11511.98,2678.54,143487.9,2025-08-05
SAL009582,EMP01098,121465.42,13695.36,4818.9,130341.88,2025-01-06
SAL009583,EMP00934,61863.85,16660.6,2037.2,76487.25,2026-03-20
SAL009584,EMP00255,95120.55,9825.79,11803.7,93142.64,2025-09-25
SAL009585,EMP00222,125372.14,17032.12,14886.19,127518.07,2026-02-15
SAL009586,EMP00163,132998,7913.5,10457.45,130454.05,2026-08-06
SAL009587,EMP00622,66376.5,5462.02,11875.2,59963.32,2025-08-13
SAL009588,EMP00088,25836.57,4266.78,14167.86,15935.49,2025-07-14
SAL009589,EMP00223,53778.63,11978.45,5583.69,60173.39,2025-07-07
SAL009590,EMP00679,127808.74,19442.36,1423.42,145827.68,2026-01-01
SAL009591,EMP00380,27228.42,4694.17,3814.21,28108.38,2025-08-29
SAL009592,EMP00265,107187.83,6214.5,14775.52,98626.81,2025-08-10
SAL009593,EMP01195,84672.63,1898.04,2221.56,84349.11,2024-10-18
SAL009594,EMP00749,21791.85,9759.47,11514.53,20036.79,2025-04-04
SAL009595,EMP00711,75681.09,2386.85,9178.29,68889.65,2025-11-19
SAL009596,EMP01063,82883.93,9293.49,2422.59,89754.83,2026-07-25
SAL009597,EMP00617,78113.18,11398.69,8666.69,80845.18,2025-12-04
SAL009598,EMP00865,20035.23,2799.94,1733.13,21102.04,2025-09-01
SAL009599,EMP00825,70692.06,14392.83,8025.12,77059.77,2024-09-27
SAL009600,EMP00424,43101.65,3316.7,7277.16,39141.19,2024-12-19
SAL009601,EMP00303,65935.3,6327.4,2419.4,69843.3,2026-06-11
SAL009602,EMP00052,73377.14,12841.29,10203.04,76015.39,2024-11-11
SAL009603,EMP00051,36886.7,1031.48,1351.39,36566.79,2025-02-02
SAL009604,EMP00181,46218.01,18341.33,6055.63,58503.71,2024-09-14
SAL009605,EMP00133,64705.76,11713.69,13340.8,63078.65,2025-07-30
SAL009606,EMP01130,21197.93,15843.77,10817.01,26224.69,2025-01-10
SAL009607,EMP00373,98671.15,6294.24,13557.59,91407.8,2026-04-09
SAL009608,EMP00284,110416.79,15539.37,4159.23,121796.93,2026-02-12
SAL009609,EMP00547,31224.75,12703.6,10828.33,33100.02,2024-10-07
SAL009610,EMP00943,142639.42,8317.52,1181.03,149775.91,2026-05-27
SAL009611,EMP00463,81235.58,15858.27,10425.75,86668.1,2026-06-08
SAL009612,EMP00168,76348.59,6013.58,6413.18,75948.99,2024-11-20
SAL009613,EMP00357,32889.75,16784.29,6782.94,42891.1,2024-09-02
SAL009614,EMP00462,118497.06,9730.23,3962.57,124264.72,2026-07-23
SAL009615,EMP00925,55090.68,18721.23,8146.6,65665.31,2026-04-27
SAL009616,EMP00919,33757.29,17858.04,10302.11,41313.22,2025-04-23
SAL009617,EMP00777,55922.46,9707.19,8779.36,56850.29,2026-01-18
SAL009618,EMP00951,126582.21,2411.44,4411.44,124582.21,2025-06-01
SAL009619,EMP00774,49169.82,18790.19,7836.07,60123.94,2026-06-29
SAL009620,EMP00546,86090.01,17817.74,9731.92,94175.83,2025-12-21
SAL009621,EMP00791,81960.9,1274.72,13360.47,69875.15,2026-02-07
SAL009622,EMP00282,106624.84,16780.88,9884.11,113521.61,2025-06-14
SAL009623,EMP01009,133801.42,1887.62,4687.72,131001.32,2025-11-18
SAL009624,EMP00631,37619.18,18966.37,1079.55,55506,2025-07-22
SAL009625,EMP00255,115146.58,15214.44,12668.11,117692.91,2025-08-19
SAL009626,EMP00079,28960.8,2597.35,3756.58,27801.57,2024-11-29
SAL009627,EMP00339,103796.84,15199.06,10245.87,108750.03,2025-12-06
SAL009628,EMP00319,52451.9,19776.88,5590.49,66638.29,2025-03-26
SAL009629,EMP01200,34155.8,13803.68,9013.92,38945.56,2025-06-28
SAL009630,EMP00499,131825.8,14028.46,3246.31,142607.95,2026-08-06
SAL009631,EMP00128,96993.46,5438.67,12105.65,90326.48,2025-10-31
SAL009632,EMP00595,21799.03,2539.27,6700.33,17637.97,2026-06-21
SAL009633,EMP00468,42188.65,5890.42,5488.15,42590.92,2026-07-23
SAL009634,EMP00831,99969.9,16081.05,12970.82,103080.13,2025-07-05
SAL009635,EMP00298,141714.76,8419.26,6317.22,143816.8,2024-08-12
SAL009636,EMP00328,68422.19,5453.54,1316.99,72558.74,2025-05-12
SAL009637,EMP01188,76513.19,13916.06,12845.5,77583.75,2025-06-27
SAL009638,EMP00657,59398.42,10271.18,5240.97,64428.63,2024-09-15
SAL009639,EMP00013,96105.11,11654.22,14724.84,93034.49,2026-06-20
SAL009640,EMP01229,148294.8,1323.74,12735.2,136883.34,2025-08-27
SAL009641,EMP00897,64048.27,18540.42,9736.47,72852.22,2026-08-08
SAL009642,EMP00147,122370.57,4654.51,13896.02,113129.06,2025-05-05
SAL009643,EMP00462,108465.45,16279.62,12199.01,112546.06,2026-05-20
SAL009644,EMP00003,118285.15,16677.88,7835.47,127127.56,2025-07-09
SAL009645,EMP00386,30764.47,2259.62,3265.26,29758.83,2026-03-01
SAL009646,EMP00778,101495.49,2619.7,9825.02,94290.17,2025-01-15
SAL009647,EMP00963,32710.17,17069.73,13290.94,36488.96,2026-01-09
SAL009648,EMP00404,93041.82,9900.4,4740.91,98201.31,2024-10-19
SAL009649,EMP00085,127207.63,13984.66,11105.79,130086.5,2025-03-15
SAL009650,EMP00127,140150.99,1937.49,4492.83,137595.65,2025-09-28
SAL009651,EMP01205,112102.39,17491.16,14170.27,115423.28,2026-05-27
SAL009652,EMP01145,86235.92,3219.89,7971.31,81484.5,2025-03-15
SAL009653,EMP00495,127522.05,12310.36,9732.23,130100.18,2024-09-24
SAL009654,EMP00715,23207.55,19375.42,2797.18,39785.79,2025-10-13
SAL009655,EMP00531,58479.5,15752.05,6855.35,67376.2,2024-11-28
SAL009656,EMP00612,45453.49,10268.6,6839.79,48882.3,2026-01-10
SAL009657,EMP00272,35708.67,12177.62,7778.75,40107.54,2024-08-30
SAL009658,EMP01005,57955.28,14938.63,5674.22,67219.69,2025-06-25
SAL009659,EMP00782,123565.12,18936.75,2879.59,139622.28,2026-08-08
SAL009660,EMP00289,127522.65,12819.4,2034.29,138307.76,2025-03-04
SAL009661,EMP00121,118599.65,10783.33,1279.25,128103.73,2024-11-14
SAL009662,EMP01156,89880.29,6607.19,6020.91,90466.57,2025-05-06
SAL009663,EMP00022,24173.36,8977.35,2919.8,30230.91,2025-11-01
SAL009664,EMP00676,102918.74,15739.25,12343.63,106314.36,2026-06-23
SAL009665,EMP00303,140644.63,18692.63,12766.02,146571.24,2026-02-09
SAL009666,EMP00727,108089.86,16750.66,10791.38,114049.14,2025-02-15
SAL009667,EMP00984,45291.16,17012.51,6390.4,55913.27,2026-06-07
SAL009668,EMP00841,109726.75,3332.15,12987.37,100071.53,2025-05-12
SAL009669,EMP00978,130675.51,9923.13,13196.98,127401.66,2025-07-02
SAL009670,EMP01179,38376.35,13331.89,12189.88,39518.36,2024-10-07
SAL009671,EMP00659,85890.39,18335.81,3335.24,100890.96,2025-05-22
SAL009672,EMP00036,129359.87,11932.31,12473.12,128819.06,2025-12-13
SAL009673,EMP00304,56802.11,19393.54,12145.64,64050.01,2025-11-29
SAL009674,EMP00662,22356.24,7889.23,10768.74,19476.73,2025-12-10
SAL009675,EMP00459,118871.92,16386.01,13985.28,121272.65,2025-03-12
SAL009676,EMP01100,108785.46,2998.49,6394.1,105389.85,2025-05-15
SAL009677,EMP00718,101902.79,5485.7,5022.8,102365.69,2025-02-19
SAL009678,EMP00614,25666.57,16651.42,5224.53,37093.46,2024-09-17
SAL009679,EMP00862,117259.35,13719.74,13885.5,117093.59,2025-07-11
SAL009680,EMP00939,63752.43,13907.24,9972.9,67686.77,2025-11-08
SAL009681,EMP00863,123665.42,5286.12,11059.39,117892.15,2025-10-22
SAL009682,EMP00893,82513.86,9641.07,2719.89,89435.04,2025-03-19
SAL009683,EMP00031,38886.32,2770.43,3369.15,38287.6,2024-08-27
SAL009684,EMP00573,121687.45,13022.34,6968.57,127741.22,2025-06-25
SAL009685,EMP00305,109918.68,15090.03,1261.15,123747.56,2026-06-10
SAL009686,EMP00247,45115.72,3876.57,12452.83,36539.46,2025-01-08
SAL009687,EMP00159,46253.04,14130.77,6131.01,54252.8,2025-12-13
SAL009688,EMP00420,138390.6,13349.12,11785.35,139954.37,2024-08-27
SAL009689,EMP00241,91116.63,4061.02,8153.39,87024.26,2025-10-18
SAL009690,EMP01168,114868.99,8889.5,11780.26,111978.23,2024-09-21
SAL009691,EMP00452,89411.54,15348.95,10122.57,94637.92,2025-02-17
SAL009692,EMP01199,44579.7,4541.97,2271.37,46850.3,2025-02-28
SAL009693,EMP00119,37000.7,16539.89,13556.05,39984.54,2026-03-31
SAL009694,EMP00167,61407.39,8768.98,2375.21,67801.16,2025-12-26
SAL009695,EMP00286,117680.07,6928.31,9924.43,114683.95,2024-09-09
SAL009696,EMP00150,88550.46,6566.91,2248.17,92869.2,2026-02-10
SAL009697,EMP00947,43994.3,12934.3,9628.84,47299.76,2025-06-24
SAL009698,EMP00912,74682.15,17360.04,12535.27,79506.92,2025-04-29
SAL009699,EMP00907,128272.29,6735.4,10650.95,124356.74,2024-12-16
SAL009700,EMP01210,99173.1,10781.62,4694.88,105259.84,2024-08-29
SAL009701,EMP00533,146813.07,9312.62,8477,147648.69,2026-03-17
SAL009702,EMP00693,62409.6,11896.8,1742.6,72563.8,2024-12-14
SAL009703,EMP00915,51465.96,9511.99,8524.24,52453.71,2025-09-21
SAL009704,EMP01028,101019.83,16596.24,9721.2,107894.87,2025-06-27
SAL009705,EMP00973,139204.08,6925.53,10250.07,135879.54,2024-08-25
SAL009706,EMP00317,22871.41,2365.28,13718.63,11518.06,2026-02-09
SAL009707,EMP00168,145227.33,10958.27,1880.14,154305.46,2026-07-31
SAL009708,EMP00483,113682.32,5960.63,14536.67,105106.28,2025-01-27
SAL009709,EMP00262,21376.18,4983.9,5100.44,21259.64,2026-05-10
SAL009710,EMP00045,23255.76,14319.82,13587.13,23988.45,2024-11-16
SAL009711,EMP00852,145235.11,9835.4,4694.35,150376.16,2025-12-16
SAL009712,EMP01162,57330.58,19868.94,6111.81,71087.71,2025-09-02
SAL009713,EMP00591,29932.07,14042.02,5454.67,38519.42,2025-08-01
SAL009714,EMP01189,90475.92,18498.65,13411.09,95563.48,2025-03-24
SAL009715,EMP00299,148553.99,7037.94,11278.07,144313.86,2025-10-09
SAL009716,EMP00744,89229.7,4929.89,2840.13,91319.46,2026-05-24
SAL009717,EMP00742,41443.4,5788.14,11372.54,35859,2026-02-27
SAL009718,EMP00324,117449,4771.61,13923.58,108297.03,2026-02-24
SAL009719,EMP00698,93090.28,14882.35,7520.55,100452.08,2025-09-13
SAL009720,EMP00065,125008.07,19042.81,2002.83,142048.05,2025-07-25
SAL009721,EMP01161,99019.99,5378.47,12278.87,92119.59,2024-10-18
SAL009722,EMP00912,93450.35,2756.9,6703.41,89503.84,2025-03-21
SAL009723,EMP01070,134475.37,11133.25,5323.16,140285.46,2026-06-19
SAL009724,EMP00838,143386.8,19558.84,4829.26,158116.38,2024-11-13
SAL009725,EMP00041,62717.3,5822.96,11061.38,57478.88,2025-10-01
SAL009726,EMP01023,80527.46,1643.26,9765.93,72404.79,2024-09-24
SAL009727,EMP00794,98100.2,2723.47,5570.3,95253.37,2025-04-26
SAL009728,EMP00491,43839.75,14207.78,1428.18,56619.35,2026-02-24
SAL009729,EMP00846,26793.17,19780.18,11340.43,35232.92,2025-11-16
SAL009730,EMP00078,142022.3,16239.57,7807.23,150454.64,2026-01-01
SAL009731,EMP00595,78814.03,9522.82,10241.76,78095.09,2025-10-21
SAL009732,EMP00618,144427.34,2478.7,5776.48,141129.56,2025-07-18
SAL009733,EMP01062,92760.03,12021.48,14169.59,90611.92,2025-03-03
SAL009734,EMP01060,59969.96,18099.63,14652.7,63416.89,2025-04-14
SAL009735,EMP00151,32383.72,10120.44,4938.51,37565.65,2024-08-21
SAL009736,EMP00411,130876.78,15072.82,7033.38,138916.22,2025-12-20
SAL009737,EMP00895,58250.81,9078.71,2637.44,64692.08,2025-09-11
SAL009738,EMP00623,55284.17,19239.16,4230.4,70292.93,2026-01-31
SAL009739,EMP00085,78195.3,16378.46,2896.82,91676.94,2024-11-11
SAL009740,EMP00481,21657.1,8618.33,8395.69,21879.74,2024-10-15
SAL009741,EMP00557,34772.61,12742.99,7950.44,39565.16,2025-06-16
SAL009742,EMP00472,144888.31,12487.54,6661.48,150714.37,2025-02-16
SAL009743,EMP00079,40128.29,3242.1,10941.84,32428.55,2025-02-01
SAL009744,EMP00284,115989.66,10587.01,10374.91,116201.76,2025-04-24
SAL009745,EMP01075,131560.01,8278.29,3041.42,136796.88,2026-02-01
SAL009746,EMP00483,139424.04,12818.84,6527.83,145715.05,2024-12-13
SAL009747,EMP00693,116007.62,13325.95,5567.53,123766.04,2025-07-02
SAL009748,EMP01111,28735.17,17655.55,6565.67,39825.05,2025-02-05
SAL009749,EMP00633,86966.77,11176.49,12553.28,85589.98,2024-11-19
SAL009750,EMP00146,109885.93,17656.05,3732.97,123809.01,2025-12-15
SAL009751,EMP00991,140054.35,18378.96,9416.38,149016.93,2025-10-03
SAL009752,EMP00886,133386.74,15290.82,8652.79,140024.77,2025-01-06
SAL009753,EMP00593,95570.84,17759.69,3936.32,109394.21,2024-12-16
SAL009754,EMP00847,30563.32,8068.36,12945.08,25686.6,2025-11-14
SAL009755,EMP00013,29122.27,14112.2,12058.1,31176.37,2026-05-29
SAL009756,EMP01168,43297.78,11080.41,11489.39,42888.8,2025-02-19
SAL009757,EMP01104,27577.1,13574.15,11000.03,30151.22,2024-08-24
SAL009758,EMP00110,23851.6,16334.34,12331.78,27854.16,2025-07-08
SAL009759,EMP01151,73944.6,3378.3,10530.37,66792.53,2025-12-21
SAL009760,EMP00921,38420.39,8366.47,1141.66,45645.2,2024-08-23
SAL009761,EMP00389,133069.65,9942.21,10687.17,132324.69,2026-07-26
SAL009762,EMP00337,131861.71,2499.06,2636.54,131724.23,2024-09-29
SAL009763,EMP00539,66469.52,17365.68,6251.53,77583.67,2025-06-14
SAL009764,EMP00931,67536.95,7140.94,6947.96,67729.93,2025-12-25
SAL009765,EMP00313,74668.68,9414.53,14281.17,69802.04,2025-11-19
SAL009766,EMP00450,127851.26,10939.03,10132.56,128657.73,2025-07-15
SAL009767,EMP01144,104540.78,5217.74,8022.51,101736.01,2025-01-17
SAL009768,EMP00777,121494.61,17172.73,14097.61,124569.73,2024-10-18
SAL009769,EMP00411,57321.65,9172.03,6419.92,60073.76,2024-12-20
SAL009770,EMP01161,51409.18,7798.05,10033.22,49174.01,2025-03-01
SAL009771,EMP00910,30501.71,11054.63,11521.46,30034.88,2026-02-10
SAL009772,EMP00670,45703.55,19567.77,8909.66,56361.66,2025-05-07
SAL009773,EMP00480,60262.53,19545.06,2304.77,77502.82,2025-04-06
SAL009774,EMP00608,42873.83,19110.42,6644.11,55340.14,2026-07-17
SAL009775,EMP00414,70267.72,1138.68,14098.32,57308.08,2025-08-25
SAL009776,EMP00192,111691,11334.41,9799.21,113226.2,2025-02-19
SAL009777,EMP00435,137813.63,14893.99,12703.58,140004.04,2025-04-04
SAL009778,EMP00337,63519.31,4170.21,3337.49,64352.03,2025-10-25
SAL009779,EMP00318,24421.44,4965.25,3899.42,25487.27,2025-05-17
SAL009780,EMP01165,84326.34,5423.35,5033.52,84716.17,2025-02-14
SAL009781,EMP00934,34885.46,8748.21,14423.85,29209.82,2026-04-11
SAL009782,EMP00934,145007.31,13131.27,12847.52,145291.06,2025-11-08
SAL009783,EMP00927,56915.94,10575.05,14824.22,52666.77,2025-06-12
SAL009784,EMP00599,80262.4,1886.94,11128.15,71021.19,2026-08-10
SAL009785,EMP00096,89567.5,15444.35,12032.33,92979.52,2026-05-29
SAL009786,EMP01187,89168.71,1097.46,9803.78,80462.39,2024-10-22
SAL009787,EMP01226,99950.82,4463.31,6938.02,97476.11,2026-02-17
SAL009788,EMP00368,20744.6,13552.4,13374.24,20922.76,2026-03-22
SAL009789,EMP01040,108189.21,16823.99,1232.37,123780.83,2025-06-02
SAL009790,EMP00975,88185.97,15425.63,10854.93,92756.67,2025-11-01
SAL009791,EMP00850,34488.07,9275.93,14384.14,29379.86,2025-12-26
SAL009792,EMP00293,29897.8,1222.44,6996.77,24123.47,2024-08-19
SAL009793,EMP00890,36622.42,15246.39,9256.91,42611.9,2026-06-28
SAL009794,EMP00342,94750.74,5449.56,4448.84,95751.46,2025-09-17
SAL009795,EMP01052,92226.7,10148.53,13939.05,88436.18,2025-06-19
SAL009796,EMP00232,72335.61,3426.42,5603.79,70158.24,2025-03-11
SAL009797,EMP00596,145060.79,16012.27,10412.17,150660.89,2025-11-18
SAL009798,EMP00496,93941.3,8617.24,14098.24,88460.3,2026-01-03
SAL009799,EMP01089,27739.25,2817.09,4710.31,25846.03,2026-02-26
SAL009800,EMP00735,129508.31,2063.02,7264.01,124307.32,2026-05-20
SAL009801,EMP00465,122256.57,5260.91,14584.55,112932.93,2024-09-30
SAL009802,EMP00603,49721.24,8160.55,2326.13,55555.66,2026-04-26
SAL009803,EMP01179,112201.96,8003.71,7164.94,113040.73,2025-05-09
SAL009804,EMP00691,76029.44,15808.94,10651.89,81186.49,2025-07-21
SAL009805,EMP00874,83076.99,16831.08,5547.99,94360.08,2026-06-25
SAL009806,EMP01196,148663.18,8947.35,9688.45,147922.08,2025-04-26
SAL009807,EMP00076,103910.6,16909.64,8094,112726.24,2024-08-13
SAL009808,EMP00276,118500.86,18692.9,9024.1,128169.66,2025-02-01
SAL009809,EMP00539,69385.28,13850.64,5985.16,77250.76,2024-11-17
SAL009810,EMP00512,94025.25,1118.44,8160.92,86982.77,2025-08-22
SAL009811,EMP00515,35100.56,12432.17,8367.1,39165.63,2026-04-15
SAL009812,EMP00514,132244.67,16568.65,5944.68,142868.64,2026-04-13
SAL009813,EMP00940,30999.89,7749.2,10288.21,28460.88,2026-07-27
SAL009814,EMP00885,30114.13,3957.84,1753.69,32318.28,2025-09-29
SAL009815,EMP00460,26346.02,18105.58,6400.56,38051.04,2026-02-01
SAL009816,EMP00491,134753.51,4317.74,13943.01,125128.24,2024-10-17
SAL009817,EMP00532,50417.41,4326.46,14785.27,39958.6,2025-10-10
SAL009818,EMP00739,142106.34,4416.35,13346.12,133176.57,2025-07-04
SAL009819,EMP00598,57805.7,12983.57,13158.92,57630.35,2024-09-20
SAL009820,EMP00258,82105.12,2601.15,1922.92,82783.35,2026-02-08
SAL009821,EMP01071,100935.83,14696.01,14567.05,101064.79,2025-04-18
SAL009822,EMP00362,51684.15,18451.73,9275.99,60859.89,2025-07-21
SAL009823,EMP00885,126169.09,1313.18,7484.09,119998.18,2024-08-20
SAL009824,EMP00019,52289.29,13650.99,7288.06,58652.22,2025-04-04
SAL009825,EMP00146,72426.61,10572.57,2177,80822.18,2024-10-11
SAL009826,EMP00859,32385.65,1083.23,12162.61,21306.27,2026-08-03
SAL009827,EMP00502,90056.36,14230.53,4144.73,100142.16,2024-09-28
SAL009828,EMP00632,58280,15340.48,2182.77,71437.71,2024-12-22
SAL009829,EMP00375,28926.05,2781.37,13321.63,18385.79,2026-05-15
SAL009830,EMP00014,71662.96,2562.54,5045.69,69179.81,2025-12-12
SAL009831,EMP00502,90057.33,17197.53,8922.56,98332.3,2025-11-14
SAL009832,EMP00087,89047.88,16628.42,9290.84,96385.46,2025-01-31
SAL009833,EMP01201,95454.26,18144.98,1285.86,112313.38,2025-09-14
SAL009834,EMP00437,106036.4,16891.8,14773.47,108154.73,2025-03-28
SAL009835,EMP00544,108421.77,1647.64,5707.26,104362.15,2025-12-10
SAL009836,EMP01158,64603.33,4624.3,11291.67,57935.96,2026-08-03
SAL009837,EMP00066,140199.61,12829.47,5333.98,147695.1,2025-12-25
SAL009838,EMP00039,100492.09,18557.77,8186.91,110862.95,2025-07-14
SAL009839,EMP00014,58187.73,12108.7,1592.06,68704.37,2024-09-29
SAL009840,EMP00368,96791.99,1212.8,12002.73,86002.06,2026-02-07
SAL009841,EMP00922,25112.91,18218.49,11079.12,32252.28,2024-11-01
SAL009842,EMP01154,134859.58,8323.35,8377.67,134805.26,2025-04-03
SAL009843,EMP00227,37986.83,2244.32,5072.25,35158.9,2026-02-27
SAL009844,EMP00735,72891.55,18657.79,12827.74,78721.6,2026-06-09
SAL009845,EMP00389,124023.68,2853.74,8219.81,118657.61,2026-07-24
SAL009846,EMP00830,40517.27,4514.84,12956.77,32075.34,2026-01-12
SAL009847,EMP01079,57990.54,18786.28,8905.75,67871.07,2025-07-26
SAL009848,EMP00489,38075.79,19729.59,11217.97,46587.41,2025-12-06
SAL009849,EMP00487,55353.13,10934.71,8791.47,57496.37,2025-01-30
SAL009850,EMP00300,24690.67,9273.97,5079.01,28885.63,2025-06-29
SAL009851,EMP01124,116542.35,4747.36,7444.43,113845.28,2025-08-19
SAL009852,EMP00743,126565.25,12272.68,9588.34,129249.59,2024-08-12
SAL009853,EMP01117,64074.79,19238.03,13210.75,70102.07,2026-04-24
SAL009854,EMP00611,112807.86,5749.27,7753.48,110803.65,2024-09-01
SAL009855,EMP01039,23496.92,17814.02,6376.4,34934.54,2025-12-12
SAL009856,EMP00810,95565.92,6436,12703.36,89298.56,2025-03-27
SAL009857,EMP00325,113136.49,5749.75,6189.15,112697.09,2025-05-24
SAL009858,EMP00386,81097.33,11116.42,11676.9,80536.85,2026-03-12
SAL009859,EMP00341,104036.86,8884.45,2986.27,109935.04,2024-12-16
SAL009860,EMP00948,27558.39,4358.4,2801.04,29115.75,2025-03-20
SAL009861,EMP00761,75406.68,6185.52,2808.29,78783.91,2025-07-22
SAL009862,EMP00368,129648.93,11440.88,12139.62,128950.19,2024-10-27
SAL009863,EMP00664,51113.57,13471.54,14379.81,50205.3,2025-10-21
SAL009864,EMP00527,50126.97,6349.13,1358.75,55117.35,2025-03-28
SAL009865,EMP00360,69717.69,15103.75,3486.4,81335.04,2025-03-08
SAL009866,EMP00830,86667.19,18976.77,10764.27,94879.69,2024-12-06
SAL009867,EMP00588,121619.88,13225.4,6817.74,128027.54,2025-08-06
SAL009868,EMP00751,59115.68,16700.93,5167.73,70648.88,2026-04-09
SAL009869,EMP00846,21466.01,18054.78,1348.68,38172.11,2026-08-09
SAL009870,EMP01087,60831.58,4935.66,9497.91,56269.33,2025-11-24
SAL009871,EMP00936,89652.92,14187.62,9232.67,94607.87,2025-10-25
SAL009872,EMP01137,75255.83,2813.39,8551.61,69517.61,2025-03-05
SAL009873,EMP00359,87915.96,18242.38,6503.54,99654.8,2025-05-23
SAL009874,EMP01067,95943.77,13708.65,7020.83,102631.59,2024-08-26
SAL009875,EMP00173,143369.19,16977.33,14245.3,146101.22,2025-11-19
SAL009876,EMP00100,115180.84,9387.27,6397.1,118171.01,2024-08-15
SAL009877,EMP01131,35200.23,10552.67,8392.28,37360.62,2024-09-29
SAL009878,EMP00587,40915.26,11901.41,9921.17,42895.5,2025-09-30
SAL009879,EMP00532,30793,3043.84,4387.32,29449.52,2025-06-06
SAL009880,EMP00106,133294.83,13446.44,14077.15,132664.12,2025-06-14
SAL009881,EMP00494,123455.57,3307.65,4056.93,122706.29,2026-05-15
SAL009882,EMP01183,83671.25,16052.34,11491.84,88231.75,2025-11-02
SAL009883,EMP00002,132096.79,18491.11,2457.91,148129.99,2024-11-19
SAL009884,EMP01218,56614.87,3090.73,13600.02,46105.58,2025-09-27
SAL009885,EMP00019,126408.38,16200.09,13906.35,128702.12,2025-06-11
SAL009886,EMP00671,136563.2,17607.1,5349.81,148820.49,2025-05-30
SAL009887,EMP00532,94494.04,17316.95,14167.27,97643.72,2025-03-20
SAL009888,EMP00640,77587.75,5231.3,2025.89,80793.16,2024-09-06
SAL009889,EMP00134,124159.56,6816.12,8842.23,122133.45,2024-11-03
SAL009890,EMP01186,61996.26,13752.97,4496.09,71253.14,2025-09-26
SAL009891,EMP00724,87521.78,17869.88,2905.79,102485.87,2025-03-10
SAL009892,EMP00580,122367.8,8298,10644.61,120021.19,2025-05-01
SAL009893,EMP01161,133420.7,12873.87,12928.56,133366.01,2025-09-25
SAL009894,EMP00231,36717.44,2206.44,5676.95,33246.93,2026-03-04
SAL009895,EMP00964,100950.81,7607.87,6784.68,101774,2024-09-06
SAL009896,EMP00619,27329.57,1397.26,9181.96,19544.87,2025-04-08
SAL009897,EMP01025,89915.02,6509.23,1252.12,95172.13,2026-03-30
SAL009898,EMP00669,88631.43,11513.32,1311.88,98832.87,2025-02-24
SAL009899,EMP00886,59177.09,7856.49,13973.76,53059.82,2025-08-18
SAL009900,EMP01117,26407.77,11854.84,4516.59,33746.02,2024-12-18
SAL009901,EMP00076,137715.53,17959.5,10686.17,144988.86,2024-11-13
SAL009902,EMP00719,122600.79,7307.32,2833.97,127074.14,2026-02-11
SAL009903,EMP00893,58496.07,13641.33,14872.04,57265.36,2024-09-21
SAL009904,EMP00112,137329.7,17254.02,13418.04,141165.68,2026-08-12
SAL009905,EMP00153,101054.41,2190.13,11734.3,91510.24,2025-10-25
SAL009906,EMP00082,26426.82,12746.74,8619.7,30553.86,2024-10-26
SAL009907,EMP00214,139515.97,19700.42,12017.54,147198.85,2025-12-25
SAL009908,EMP00736,24869.72,14727.63,6845.41,32751.94,2025-05-21
SAL009909,EMP00362,100317.16,6855.48,3402.58,103770.06,2024-10-19
SAL009910,EMP00151,28501.62,5692.15,10489.55,23704.22,2026-07-03
SAL009911,EMP00113,48078.51,2428.46,9330.3,41176.67,2025-06-29
SAL009912,EMP00536,149944.22,2416,6754.47,145605.75,2026-03-10
SAL009913,EMP00733,54136.57,13948.35,14437.58,53647.34,2026-04-23
SAL009914,EMP00953,44205.65,10345.28,6582.57,47968.36,2024-11-01
SAL009915,EMP00014,49812.25,2840.48,14097.41,38555.32,2025-11-17
SAL009916,EMP01215,143165.82,18817.14,8634.77,153348.19,2026-08-07
SAL009917,EMP00562,40977.12,8068.92,12733.14,36312.9,2026-05-12
SAL009918,EMP00917,56481.19,1846.89,5240.95,53087.13,2024-09-22
SAL009919,EMP00926,128974.51,7961.16,5821.06,131114.61,2026-05-26
SAL009920,EMP01205,74644.15,7915.49,13607.18,68952.46,2025-10-09
SAL009921,EMP00775,97882.48,3744.29,12665.79,88960.98,2024-09-20
SAL009922,EMP00872,64697.61,9945.42,1345.5,73297.53,2025-02-25
SAL009923,EMP01046,137503.07,9778.01,12362.77,134918.31,2025-06-17
SAL009924,EMP00887,149225.85,3346.65,6582.59,145989.91,2025-07-01
SAL009925,EMP01155,117443.9,16094.77,11796.17,121742.5,2025-02-23
SAL009926,EMP00324,57439.65,5463.46,6988.2,55914.91,2024-12-30
SAL009927,EMP00416,129865.32,12125.48,1881.76,140109.04,2025-02-06
SAL009928,EMP00060,142984.85,8012.49,12001.68,138995.66,2024-10-31
SAL009929,EMP00131,50577.72,15084.72,7913.32,57749.12,2024-11-12
SAL009930,EMP01010,90053.02,2552.41,12577.35,80028.08,2026-02-04
SAL009931,EMP00639,50977.83,2068.39,8620.13,44426.09,2025-07-01
SAL009932,EMP00276,136927.34,1833.03,13229.68,125530.69,2025-01-18
SAL009933,EMP00062,96003.15,7092.38,9720.85,93374.68,2026-01-24
SAL009934,EMP00782,77077.77,9829.9,8298.69,78608.98,2026-07-03
SAL009935,EMP00782,95086.91,9554.22,6977.3,97663.83,2024-10-06
SAL009936,EMP00777,75039.12,11421.45,13100.06,73360.51,2025-03-18
SAL009937,EMP00711,130472.79,3605.93,5636.26,128442.46,2024-10-29
SAL009938,EMP00205,107512.4,8994.13,2987.71,113518.82,2024-10-03
SAL009939,EMP00823,53181.94,16161.17,4885.31,64457.8,2025-03-26
SAL009940,EMP01186,93897.11,4100.92,1700.16,96297.87,2026-08-06
SAL009941,EMP01224,61322.21,12287.61,2350.41,71259.41,2026-06-19
SAL009942,EMP00217,24779.07,1858.23,6243.76,20393.54,2026-05-05
SAL009943,EMP00989,29706.4,16672.02,7872.55,38505.87,2026-05-22
SAL009944,EMP00401,116524,16570.52,11646.64,121447.88,2024-09-03
SAL009945,EMP00433,104237.65,8624.69,8455.82,104406.52,2025-07-19
SAL009946,EMP00108,128594.11,14140.83,11518.95,131215.99,2024-10-13
SAL009947,EMP00573,61162.04,18624.88,5512.3,74274.62,2026-03-30
SAL009948,EMP01114,122624.49,19168.23,5649.31,136143.41,2024-12-11
SAL009949,EMP00683,107837.65,18766.18,9674.47,116929.36,2026-04-16
SAL009950,EMP00522,80850.05,18882.47,5729.5,94003.02,2024-12-18
SAL009951,EMP00953,78172.54,1888.03,5434.34,74626.23,2025-07-12
SAL009952,EMP00798,106450.94,14521.83,2618.44,118354.33,2026-04-13
SAL009953,EMP00648,20879.96,19011.14,14874.24,25016.86,2025-10-08
SAL009954,EMP00103,110553.1,19051.98,6290.98,123314.1,2025-06-09
SAL009955,EMP00417,142267.96,9117.56,10125.29,141260.23,2024-11-29
SAL009956,EMP00400,147767.94,5975.72,5893.12,147850.54,2026-04-09
SAL009957,EMP00998,72458.79,15042.21,4738.34,82762.66,2024-09-11
SAL009958,EMP00578,139651.46,17146.78,14661.91,142136.33,2025-11-07
SAL009959,EMP01193,39904.64,19018.47,4132.36,54790.75,2026-08-04
SAL009960,EMP00373,37843.59,9640.34,14113.46,33370.47,2025-06-03
SAL009961,EMP00537,22489.79,3684.69,13059.8,13114.68,2026-06-15
SAL009962,EMP01047,124550.82,5387.53,14931.39,115006.96,2025-11-21
SAL009963,EMP01062,61173.35,7900,14183.32,54890.03,2025-09-10
SAL009964,EMP00899,39750.54,7589.59,3416.88,43923.25,2025-02-25
SAL009965,EMP00944,126194.57,16753.3,3687.68,139260.19,2026-07-30
SAL009966,EMP01015,63020.61,9344.14,8331.09,64033.66,2025-09-20
SAL009967,EMP00948,128775.43,13375.34,13937.98,128212.79,2025-07-06
SAL009968,EMP00016,42054.71,10525.69,11170.21,41410.19,2025-01-03
SAL009969,EMP01106,112812.16,12812.55,8107.57,117517.14,2026-06-14
SAL009970,EMP00624,120721.54,7898.06,14662.93,113956.67,2026-04-01
SAL009971,EMP00976,33233.1,10618.56,11915.8,31935.86,2026-06-20
SAL009972,EMP00093,141631.92,7941.53,12042.61,137530.84,2025-08-13
SAL009973,EMP00440,53670,14666.28,12578.89,55757.39,2024-10-03
SAL009974,EMP00067,112994.93,3163.05,8208.97,107949.01,2026-05-05
SAL009975,EMP01192,134078.95,7909.83,4488.67,137500.11,2026-05-10
SAL009976,EMP00242,101015.13,9485.9,13870.72,96630.31,2026-03-21
SAL009977,EMP00379,125013.48,4410.69,1665.96,127758.21,2026-05-03
SAL009978,EMP00125,71927.72,7669.04,10924.17,68672.59,2025-04-29
SAL009979,EMP00147,121125.51,3176.56,4288.05,120014.02,2025-05-15
SAL009980,EMP01154,64023.74,18374.39,1575.31,80822.82,2024-10-18
SAL009981,EMP01202,52638.76,7924.55,8914.56,51648.75,2024-10-18
SAL009982,EMP00929,112703.53,13584.42,5545.67,120742.28,2026-01-29
SAL009983,EMP00217,58001.11,12258.62,8612.51,61647.22,2025-06-25
SAL009984,EMP01209,49549.71,16850.87,11956.69,54443.89,2024-09-29
SAL009985,EMP01137,77592.73,7673.67,10836.2,74430.2,2025-06-15
SAL009986,EMP00508,54438.28,11086.11,10522.32,55002.07,2024-12-27
SAL009987,EMP00366,79970.86,6717.82,13130.39,73558.29,2025-10-20
SAL009988,EMP00130,106299.16,16491.74,14490.83,108300.07,2025-10-31
SAL009989,EMP00200,73339.97,15887.45,6099.29,83128.13,2026-05-23
SAL009990,EMP00468,121794.7,1925.79,8114.14,115606.35,2025-06-09
SAL009991,EMP00963,128243.76,3380.78,12688.6,118935.94,2026-05-05
SAL009992,EMP00168,123159.73,15339.19,12414.05,126084.87,2024-11-28
SAL009993,EMP00211,114316.14,12657.58,1313.83,125659.89,2024-12-30
SAL009994,EMP01047,91673.59,9268.25,1866.58,99075.26,2025-11-12
SAL009995,EMP00453,25127.49,1984.4,13437.53,13674.36,2024-09-14
SAL009996,EMP00026,143077.08,19252.86,4136.39,158193.55,2025-04-08
SAL009997,EMP00835,109851.73,7513.87,13530.84,103834.76,2026-08-07
SAL009998,EMP00594,95442.5,19684.6,9605.68,105521.42,2026-03-30
SAL009999,EMP00113,33506.26,4009.84,14032.3,23483.8,2024-12-23
SAL010000,EMP00022,145612.46,13980.42,11336.08,148256.8,2025-03-06
SAL010001,EMP00605,79410.91,13631.77,9559.91,83482.77,2025-12-26
SAL010002,EMP00517,145167.96,4030.96,13981.06,135217.86,2025-09-10
SAL010003,EMP00312,37872.29,19696.24,8202.75,49365.78,2025-08-23
SAL010004,EMP00648,108369.01,5640.5,13979.61,100029.9,2024-09-30
SAL010005,EMP00195,24086.97,16837.03,9756.97,31167.03,2026-01-21
SAL010006,EMP00828,47700.21,17115.65,2210.14,62605.72,2024-12-27
SAL010007,EMP00404,136229.32,15514.01,1857.11,149886.22,2026-04-14
SAL010008,EMP01165,51362.86,5713.06,8994.14,48081.78,2025-06-26
SAL010009,EMP00940,133123.03,13998.43,13617.93,133503.53,2026-03-09
SAL010010,EMP00248,111755.87,10106.22,4826.87,117035.22,2026-01-09
SAL010011,EMP01186,121435.69,18332.7,5256.77,134511.62,2025-10-12
SAL010012,EMP00003,90240.37,19825.61,3427.08,106638.9,2025-12-13
SAL010013,EMP00485,106164.67,9243.18,2308.35,113099.5,2025-01-28
SAL010014,EMP00480,86842.44,4283.97,11460.96,79665.45,2024-08-27
SAL010015,EMP00349,38346.57,6197.73,11165.4,33378.9,2024-10-06
SAL010016,EMP01050,43985.47,8002.85,13150.83,38837.49,2024-08-30
SAL010017,EMP00611,43518.43,11568.9,9451.11,45636.22,2025-08-02
SAL010018,EMP00031,88943.83,12185.08,5212.3,95916.61,2024-11-04
SAL010019,EMP00483,69218.03,12658.69,9154.57,72722.15,2025-03-24
SAL010020,EMP00768,104589.9,18144.2,2772.22,119961.88,2026-05-14
SAL010021,EMP00484,58249.97,16199.59,7089.02,67360.54,2025-04-13
SAL010022,EMP00844,98487.2,16029.57,12964.55,101552.22,2025-10-05
SAL010023,EMP00506,137736.47,2956.53,7442.32,133250.68,2024-10-05
SAL010024,EMP00232,68786.18,2998.45,10650.63,61134,2025-05-07
SAL010025,EMP00433,67395.3,6928.44,4369.1,69954.64,2025-01-25
SAL010026,EMP00772,102285.34,2549.59,1460.25,103374.68,2025-05-05
SAL010027,EMP00899,136176.31,2586.29,5524.1,133238.5,2024-10-15
SAL010028,EMP00680,143310.16,4606.95,1236.48,146680.63,2025-10-04
SAL010029,EMP00200,114708.99,2477.15,2144.78,115041.36,2025-05-29
SAL010030,EMP00754,111267.11,15465.86,12115.07,114617.9,2026-01-12
SAL010031,EMP00866,129331.54,14154.04,13046.99,130438.59,2025-07-31
SAL010032,EMP00519,83286.09,10670.55,7140.8,86815.84,2026-01-21
SAL010033,EMP00823,47275.36,12236.38,9103.02,50408.72,2025-07-26
SAL010034,EMP00989,20083.23,9481.87,4925.39,24639.71,2025-12-02
SAL010035,EMP00449,39570.75,2266.35,14530.83,27306.27,2025-08-05
SAL010036,EMP00815,115583.88,17251.83,11678.2,121157.51,2026-04-20
SAL010037,EMP00196,71203.81,1588,4658.94,68132.87,2026-05-01
SAL010038,EMP00338,97441.46,19903.32,11815.33,105529.45,2026-07-26
SAL010039,EMP01098,139978.61,3479.24,3650.75,139807.1,2024-10-30
SAL010040,EMP00843,85008.33,10559.44,2267.58,93300.19,2025-01-08
SAL010041,EMP01006,111462.73,19153.01,13723.79,116891.95,2024-12-23
SAL010042,EMP00752,99756.43,13913.23,13719.8,99949.86,2026-03-17
SAL010043,EMP00928,70624.31,5117.42,5772.68,69969.05,2026-05-24
SAL010044,EMP01180,90280.38,3818.38,4619.29,89479.47,2025-05-11
SAL010045,EMP01002,99205.96,7591.52,14737.29,92060.19,2025-05-20
SAL010046,EMP00825,123012.7,18613.46,6761.35,134864.81,2024-10-26
SAL010047,EMP00340,107852.48,5440.39,12925.02,100367.85,2024-12-04
SAL010048,EMP00786,113094.88,8804.24,3890.82,118008.3,2026-02-07
SAL010049,EMP01050,93615.22,10319.38,6241.03,97693.57,2024-11-13
SAL010050,EMP00236,129624.68,16928.52,9528.87,137024.33,2025-01-23
SAL010051,EMP00804,47258.77,13670.53,4419.84,56509.46,2026-07-21
SAL010052,EMP00301,116600.08,3018.47,12524.33,107094.22,2025-01-13
SAL010053,EMP00269,106956.24,18092.23,10016.15,115032.32,2024-10-30
SAL010054,EMP00005,48506.66,6371.29,8095.14,46782.81,2026-02-11
SAL010055,EMP00981,72064.94,5923.91,6962.81,71026.04,2024-12-16
SAL010056,EMP00135,109553.48,1182.21,5913.61,104822.08,2025-07-11
SAL010057,EMP00839,128618.73,9792.58,4796.77,133614.54,2025-06-10
SAL010058,EMP00385,132096.86,4482.73,2826.71,133752.88,2025-04-30
SAL010059,EMP00517,47559.04,9150.5,9880.02,46829.52,2024-10-06
SAL010060,EMP00671,49475.75,8227.57,9471.56,48231.76,2025-01-24
SAL010061,EMP00695,100965.74,10355.31,4167.64,107153.41,2024-10-13
SAL010062,EMP00734,130190.49,9334.48,3826.74,135698.23,2026-05-30
SAL010063,EMP00435,137134.03,4173.67,14055.7,127252,2025-02-06
SAL010064,EMP00331,92731.25,2774.71,13820.37,81685.59,2026-07-13
SAL010065,EMP00112,102476.33,6160.56,3989.27,104647.62,2025-06-23
SAL010066,EMP01043,74433.51,12903.48,13998.09,73338.9,2025-10-27
SAL010067,EMP00305,88270.14,6404.47,8688.27,85986.34,2026-06-04
SAL010068,EMP00430,20622.09,1251.74,5845.12,16028.71,2026-04-08
SAL010069,EMP00253,104944.56,6056.55,13140.08,97861.03,2026-06-29
SAL010070,EMP00302,33096.29,6948.12,5846.3,34198.11,2024-12-14
SAL010071,EMP00403,61298.85,7812.69,4100.62,65010.92,2025-06-27
SAL010072,EMP01173,148747.69,3647.85,10061.33,142334.21,2025-09-30
SAL010073,EMP00985,134490.24,6020.19,13744.45,126765.98,2025-05-04
SAL010074,EMP00746,147696.48,11657.1,13567.34,145786.24,2025-02-02
SAL010075,EMP00013,76135.64,5942.54,5255.39,76822.79,2025-03-26
SAL010076,EMP00587,36408.65,4621.44,4300.5,36729.59,2025-02-06
SAL010077,EMP00773,70075.05,10002.89,8823.57,71254.37,2025-01-10
SAL010078,EMP00271,81221.05,5884.54,9955.52,77150.07,2024-10-01
SAL010079,EMP00076,140585.3,11067.07,5905.02,145747.35,2026-03-25
SAL010080,EMP00267,92154.8,13020.37,4446.02,100729.15,2025-02-13
SAL010081,EMP00117,74253.19,6720.55,8866.46,72107.28,2025-10-15
SAL010082,EMP00264,96620.88,18608.55,8374.75,106854.68,2025-09-23
SAL010083,EMP00661,40710.86,17191.92,8599.32,49303.46,2024-08-26
SAL010084,EMP00496,42676.27,12604.75,8368.56,46912.46,2024-11-01
SAL010085,EMP00410,79679.27,17992.21,7218.84,90452.64,2025-04-04
SAL010086,EMP00035,146025.6,7378.3,5640.75,147763.15,2026-06-09
SAL010087,EMP00480,135971.45,13921.83,14314.58,135578.7,2025-09-07
SAL010088,EMP00679,32424.46,10802.25,8585.03,34641.68,2025-12-06
SAL010089,EMP00364,29146.23,19713.06,14852.66,34006.63,2025-05-15
SAL010090,EMP00153,135867.12,15141.87,14713.32,136295.67,2025-10-03
SAL010091,EMP00808,63765.52,15775.41,8347.71,71193.22,2025-09-16
SAL010092,EMP00011,99301.94,9142.1,6035.31,102408.73,2024-11-19
SAL010093,EMP00951,99892.88,17638.38,6093,111438.26,2025-03-13
SAL010094,EMP00099,28663.47,8975.76,13888.57,23750.66,2025-12-10
SAL010095,EMP00639,29384.68,2566.93,10271.29,21680.32,2026-05-23
SAL010096,EMP00170,133920.36,2887.48,3894.88,132912.96,2025-06-19
SAL010097,EMP00192,67323.83,14883.09,7917.31,74289.61,2025-07-15
SAL010098,EMP00963,53940.51,2488.3,4758.71,51670.1,2026-07-08
SAL010099,EMP00971,81843.24,15809.36,8175.96,89476.64,2025-06-30
SAL010100,EMP01187,29465.07,12402.7,13389.87,28477.9,2025-12-28
SAL010101,EMP01160,29960.99,5566.3,2886.66,32640.63,2025-07-28
SAL010102,EMP01219,61667.82,18153.75,10755.84,69065.73,2025-02-28
SAL010103,EMP00478,89413.61,3471.78,11365.39,81520,2026-03-20
SAL010104,EMP00106,119054.42,15404.54,4287.37,130171.59,2025-03-18
SAL010105,EMP00847,125577.38,19236.91,5168.49,139645.8,2025-02-05
SAL010106,EMP00416,86683.22,3354.12,5178.98,84858.36,2025-09-15
SAL010107,EMP00053,47510.8,9507.46,1564.76,55453.5,2026-01-25
SAL010108,EMP00346,121779.87,1506.27,6301.52,116984.62,2026-01-08
SAL010109,EMP01013,134717.99,1024.66,2535.23,133207.42,2026-05-09
SAL010110,EMP00326,129991.82,9606.05,1043.12,138554.75,2025-12-25
SAL010111,EMP01190,76517.85,1775.24,14896.64,63396.45,2024-11-11
SAL010112,EMP00770,149200.98,14569.3,5851.02,157919.26,2025-12-17
SAL010113,EMP00608,98666.6,11142.55,11453.11,98356.04,2025-12-21
SAL010114,EMP01205,102830.78,5845.12,13662.23,95013.67,2025-03-19
SAL010115,EMP00015,45345.45,17635.54,6692.11,56288.88,2025-05-16
SAL010116,EMP00355,140921.16,12787.84,12839.41,140869.59,2026-04-13
SAL010117,EMP00805,59444.74,17246.88,10458.99,66232.63,2026-06-26
SAL010118,EMP00571,104922.92,11291.53,8042.83,108171.62,2025-02-19
SAL010119,EMP00259,45719.14,9674.55,5657.73,49735.96,2025-04-17
SAL010120,EMP00170,108858.69,1421.34,9062.02,101218.01,2024-11-17
SAL010121,EMP00195,141409.58,1729.37,13527.72,129611.23,2026-07-12
SAL010122,EMP00600,52677.52,10199.36,9366.91,53509.97,2025-06-11
SAL010123,EMP01051,108679.95,15485.25,12165.61,111999.59,2026-02-19
SAL010124,EMP00037,131859.83,16686.27,10551.35,137994.75,2026-08-11
SAL010125,EMP00453,121833.15,14485.8,2973.15,133345.8,2024-10-15
SAL010126,EMP00520,112434.04,17911.48,3900,126445.52,2026-06-11
SAL010127,EMP00140,116269.34,19794.81,2701.4,133362.75,2025-08-22
SAL010128,EMP00819,50598.83,14180.83,9876.82,54902.84,2024-09-16
SAL010129,EMP00667,47070.58,8415.93,6322.62,49163.89,2025-07-12
SAL010130,EMP00970,143246.06,1491.5,8801.18,135936.38,2024-09-01
SAL010131,EMP00098,58012.49,12863.63,6692.33,64183.79,2025-07-07
SAL010132,EMP00655,132744.22,11169.36,4981.71,138931.87,2026-04-30
SAL010133,EMP00424,92538.86,15075.47,2346.29,105268.04,2024-10-03
SAL010134,EMP00292,124650.45,4796.68,6183.91,123263.22,2026-04-03
SAL010135,EMP00084,47015.31,11131.89,6820.9,51326.3,2024-10-28
SAL010136,EMP01023,124603.91,17530.79,7236.89,134897.81,2024-12-30
SAL010137,EMP00095,127802.19,17597.65,14150.21,131249.63,2024-10-11
SAL010138,EMP00793,31220.13,2722.64,2062.56,31880.21,2025-10-27
SAL010139,EMP00517,128621.08,1332.9,7366.19,122587.79,2026-06-02
SAL010140,EMP00883,22211.08,14970.71,4106.3,33075.49,2025-01-19
SAL010141,EMP00063,47855.14,8107.9,6257.45,49705.59,2024-08-15
SAL010142,EMP00953,74814.28,18773.79,10761.3,82826.77,2026-03-30
SAL010143,EMP00510,71605.94,1801.24,11957.91,61449.27,2024-09-26
SAL010144,EMP00477,122622.5,2439.97,11826.63,113235.84,2025-08-27
SAL010145,EMP00857,67159.93,15789.51,4527.94,78421.5,2025-08-13
SAL010146,EMP00484,63217.69,8189.45,9814.13,61593.01,2024-12-26
SAL010147,EMP00003,130101.75,8307.25,14395.99,124013.01,2026-04-20
SAL010148,EMP00678,32575.96,4922.9,1780.47,35718.39,2026-05-17
SAL010149,EMP00976,96103.85,1151.27,6317.97,90937.15,2024-09-07
SAL010150,EMP00785,85619.61,6734.31,14134,78219.92,2024-12-26
SAL010151,EMP00781,73659.63,15683.69,10410.29,78933.03,2026-07-26
SAL010152,EMP00729,122766.84,6735.05,6086.15,123415.74,2025-03-24
SAL010153,EMP00293,116423.08,15535.12,7541.72,124416.48,2025-01-14
SAL010154,EMP00040,93879.12,6405.17,10526.4,89757.89,2026-05-05
SAL010155,EMP00713,26368.32,9748.2,11470.27,24646.25,2026-04-25
SAL010156,EMP00304,144703.35,4040.02,13752.9,134990.47,2026-08-06
SAL010157,EMP00861,101021.51,4408.69,10640.36,94789.84,2026-01-14
SAL010158,EMP01061,51479.13,2961.28,14275.45,40164.96,2026-03-03
SAL010159,EMP00750,73638.55,19233.35,8544.06,84327.84,2025-02-20
SAL010160,EMP01158,36459.13,17504.73,12051,41912.86,2026-01-08
SAL010161,EMP00323,93174.11,10218.35,1638.19,101754.27,2025-05-07
SAL010162,EMP00763,135139.85,7207.99,10246.15,132101.69,2026-07-12
SAL010163,EMP00321,74037.01,18753.12,4061.69,88728.44,2024-11-18
SAL010164,EMP00606,98557.75,10969.49,5512.27,104014.97,2025-04-25
SAL010165,EMP01127,78466.65,4133.47,9552.68,73047.44,2026-07-01
SAL010166,EMP00788,117877.07,5200.18,11838.01,111239.24,2025-03-12
SAL010167,EMP00415,36002.31,2735.17,1695.68,37041.8,2025-08-03
SAL010168,EMP01229,138556.02,19885.82,14552.12,143889.72,2024-09-29
SAL010169,EMP00333,99893.09,4437.04,10277.29,94052.84,2025-01-09
SAL010170,EMP00434,35676.34,3760.67,12458.5,26978.51,2026-06-28
SAL010171,EMP00258,68493.71,12406.01,5490.23,75409.49,2024-11-15
SAL010172,EMP01077,76205.41,13441.19,7041.38,82605.22,2025-01-04
SAL010173,EMP00060,130146.53,16769.09,3332.72,143582.9,2025-04-01
SAL010174,EMP01022,128555.7,2622.8,2008.53,129169.97,2026-04-30
SAL010175,EMP00674,64859.89,8619.99,10390.64,63089.24,2026-01-06
SAL010176,EMP00315,121370.25,11927.3,3096.97,130200.58,2025-08-02
SAL010177,EMP00744,75838.16,6213.64,1307.16,80744.64,2025-01-20
SAL010178,EMP00278,140230.13,19128.36,2978.2,156380.29,2026-08-12
SAL010179,EMP00261,43394.56,17982.92,10694.23,50683.25,2025-01-28
SAL010180,EMP00806,36198,12838.6,14622.69,34413.91,2026-05-21
SAL010181,EMP01176,110653.48,15736.63,3222.4,123167.71,2024-09-17
SAL010182,EMP00816,68123.12,3922.54,9457.12,62588.54,2026-06-15
SAL010183,EMP01067,57967.95,15784.33,11986.86,61765.42,2024-11-07
SAL010184,EMP00246,134186.6,7426.78,9671.54,131941.84,2025-06-12
SAL010185,EMP01022,58612.66,17656.45,6920.96,69348.15,2025-08-05
SAL010186,EMP00989,124255.06,4551.53,6529.52,122277.07,2024-11-14
SAL010187,EMP00982,65645.32,19806.85,7041.54,78410.63,2026-04-19
SAL010188,EMP00942,103416.57,2893.96,3714.28,102596.25,2024-09-02
SAL010189,EMP00931,68448.17,16895.68,14120.54,71223.31,2026-05-12
SAL010190,EMP01114,44059.38,16797.24,2580.22,58276.4,2026-01-22
SAL010191,EMP00326,76202.24,18987.06,6445.8,88743.5,2026-02-14
SAL010192,EMP01196,111961.35,4433.87,5179.27,111215.95,2026-07-29
SAL010193,EMP00769,119379.87,18597.52,11745.96,126231.43,2024-10-09
SAL010194,EMP01070,86067.93,2704.55,5465.55,83306.93,2025-12-14
SAL010195,EMP00344,148133.15,2205.84,1701.94,148637.05,2024-11-12
SAL010196,EMP00228,65505.25,14577.05,2083.55,77998.75,2025-05-23
SAL010197,EMP00037,29184.71,15827.47,5304.17,39708.01,2025-04-09
SAL010198,EMP00541,69800.03,18601.25,11136.22,77265.06,2025-12-23
SAL010199,EMP00342,72609.57,10011.11,2376.48,80244.2,2025-04-05
SAL010200,EMP01206,137752.9,12590.87,1920.32,148423.45,2026-08-11
SAL010201,EMP00041,43938.83,8478.71,4013.17,48404.37,2026-05-15
SAL010202,EMP00637,121578.16,7241.86,10430.18,118389.84,2025-07-05
SAL010203,EMP00126,32192.07,15134.75,10129.2,37197.62,2025-10-31
SAL010204,EMP00020,138990.95,17681.37,7913.8,148758.52,2024-11-16
SAL010205,EMP01146,27734.19,5647.99,11421.03,21961.15,2025-05-29
SAL010206,EMP01099,42450.23,4224.66,6876.35,39798.54,2024-12-15
SAL010207,EMP00261,70314.88,1386.53,11902.49,59798.92,2025-10-13
SAL010208,EMP00894,55804.46,3621.02,8111.71,51313.77,2025-03-26
SAL010209,EMP01202,115068.79,4663.19,4996.64,114735.34,2026-05-22
SAL010210,EMP00853,122935.9,10101.07,9934.68,123102.29,2025-12-01
SAL010211,EMP00397,64129.58,7375.23,2409.82,69094.99,2024-11-01
SAL010212,EMP00524,120301.65,5566.82,8880.9,116987.57,2026-02-05
SAL010213,EMP01005,57772.53,7707.7,12581.33,52898.9,2025-01-04
SAL010214,EMP00476,101129.56,15035.14,4092.31,112072.39,2025-09-30
SAL010215,EMP00175,128988.74,7977.71,6971.78,129994.67,2026-07-26
SAL010216,EMP00673,44401.02,6949.02,12203.24,39146.8,2026-01-23
SAL010217,EMP01175,76347.66,2594.37,3669.89,75272.14,2025-03-10
SAL010218,EMP00911,118369.13,6735.81,3621.11,121483.83,2024-10-12
SAL010219,EMP01119,138309.87,1654.5,12661.69,127302.68,2025-01-27
SAL010220,EMP00444,49531.49,6877.95,3353.62,53055.82,2026-07-24
SAL010221,EMP00865,49660.98,16909.96,4301.38,62269.56,2025-12-17
SAL010222,EMP01056,110312.42,4702.81,12174.33,102840.9,2025-02-28
SAL010223,EMP00144,87290.02,13790.88,3015.71,98065.19,2026-06-09
SAL010224,EMP00663,23462.84,2063.68,13864.38,11662.14,2025-12-28
SAL010225,EMP00169,20964.1,7038.35,13826.1,14176.35,2025-04-24
SAL010226,EMP00850,122223.73,11355.95,3888.57,129691.11,2025-08-06
SAL010227,EMP00429,74377.6,11415.04,4826.63,80966.01,2026-07-14
SAL010228,EMP00775,114103.06,5807.97,13748.78,106162.25,2026-04-13
SAL010229,EMP00562,106658.31,18915.27,1115.92,124457.66,2025-10-15
SAL010230,EMP00258,60577.32,6091.35,12581.08,54087.59,2024-12-01
SAL010231,EMP00390,50950.13,14786.63,12618.8,53117.96,2025-06-12
SAL010232,EMP00538,132736.94,14137.73,6335.61,140539.06,2026-01-06
SAL010233,EMP00013,61634.24,16006.78,14117.88,63523.14,2026-03-05
SAL010234,EMP00606,80286.1,2099.95,3968.07,78417.98,2026-08-12
SAL010235,EMP00154,115083.76,3991.45,11336.27,107738.94,2025-01-26
SAL010236,EMP01007,89969.79,15195.96,5030.22,100135.53,2025-10-01
SAL010237,EMP00008,45258.13,6566.48,13924.28,37900.33,2026-05-22
SAL010238,EMP00362,54412.98,4982.79,9082.53,50313.24,2026-02-02
SAL010239,EMP00624,55195.22,13986.14,14455.46,54725.9,2026-01-22
SAL010240,EMP00128,114221.06,1698.63,1273.66,114646.03,2024-11-28
SAL010241,EMP00462,123461.68,7466.92,3038.28,127890.32,2025-05-27
SAL010242,EMP00687,104296.62,13269.77,6220.19,111346.2,2025-01-31
SAL010243,EMP00567,105882.27,15396.91,11281.52,109997.66,2025-03-19
SAL010244,EMP00018,48716.87,18490.79,3540.5,63667.16,2024-11-03
SAL010245,EMP01159,121233.37,15938.35,7007.32,130164.4,2026-04-19
SAL010246,EMP00792,89038.5,7658.92,2912.44,93784.98,2025-04-19
SAL010247,EMP01043,73509.3,17931.88,4726.61,86714.57,2025-12-19
SAL010248,EMP00847,133195.02,2588.27,2582.75,133200.54,2025-06-26
SAL010249,EMP01170,127775.74,3360.71,3329.42,127807.03,2025-01-10
SAL010250,EMP00712,78970.12,7988.02,3023.16,83934.98,2025-05-09
SAL010251,EMP01189,103287.59,3216.1,2736.78,103766.91,2025-06-26
SAL010252,EMP00838,122890.04,19289.53,8695.56,133484.01,2026-01-18
SAL010253,EMP00944,73885.48,11135.04,6152.95,78867.57,2025-03-28
SAL010254,EMP01115,141100.79,12248.69,12938.01,140411.47,2026-06-25
SAL010255,EMP00637,127135.65,8042.52,5711.51,129466.66,2025-12-18
SAL010256,EMP00294,43907.25,5387.61,2556.11,46738.75,2026-05-22
SAL010257,EMP01155,121759.71,17879.68,2930.8,136708.59,2025-10-29
SAL010258,EMP00803,50925.35,17794.48,6951.53,61768.3,2024-08-21
SAL010259,EMP00978,103873.17,6183.49,2323.14,107733.52,2026-07-16
SAL010260,EMP00252,60406.36,1128.12,7455.64,54078.84,2025-09-26
SAL010261,EMP00290,28900.64,10485.66,9274.7,30111.6,2026-07-21
SAL010262,EMP00750,88682.94,16120.37,4723.19,100080.12,2026-06-10
SAL010263,EMP01020,64157.27,16447.11,13341.8,67262.58,2025-09-24
SAL010264,EMP00645,29817.44,8532.85,2639.28,35711.01,2026-04-01
SAL010265,EMP01200,119256.56,16225.31,10951.18,124530.69,2026-07-14
SAL010266,EMP00886,78489.4,5282.29,11558.72,72212.97,2025-11-21
SAL010267,EMP00788,124984.94,15924.53,8325.7,132583.77,2026-04-15
SAL010268,EMP00334,63330.58,4184.48,4264.87,63250.19,2025-04-07
SAL010269,EMP01197,124989,7078.21,1175.14,130892.07,2025-06-09
SAL010270,EMP00855,72407.18,3475.08,13515.07,62367.19,2025-09-17
SAL010271,EMP00752,52541.88,2100.28,5093.82,49548.34,2024-10-07
SAL010272,EMP00498,49816.71,10713.8,7354.73,53175.78,2025-10-02
SAL010273,EMP00695,124375.66,17653.35,6317.7,135711.31,2025-05-06
SAL010274,EMP00162,64798.9,5719.51,2510.62,68007.79,2026-07-31
SAL010275,EMP00913,26882.11,8859.66,12491.54,23250.23,2025-02-20
SAL010276,EMP01154,116615.18,5759.62,4917.4,117457.4,2025-01-18
SAL010277,EMP00556,85839.06,13939.67,13130.37,86648.36,2025-03-28
SAL010278,EMP00884,69845.57,4450.41,7115.17,67180.81,2025-10-02
SAL010279,EMP01094,53294.01,3997.02,5932.9,51358.13,2025-04-26
SAL010280,EMP00717,129329.78,4467.06,1817.95,131978.89,2025-05-26
SAL010281,EMP00983,48218.04,2241.74,1208.94,49250.84,2025-11-12
SAL010282,EMP01168,149594.77,1066.38,10149.48,140511.67,2024-09-22
SAL010283,EMP00711,121035.35,14628.3,1289.12,134374.53,2024-10-08
SAL010284,EMP00657,49069.39,5942.92,6885.63,48126.68,2026-05-29
SAL010285,EMP01036,45459.45,19161.45,8220.79,56400.11,2026-06-29
SAL010286,EMP00698,100590.78,2915.36,5854.86,97651.28,2025-02-11
SAL010287,EMP00026,74704.75,9235.38,13529.74,70410.39,2026-03-21
SAL010288,EMP00484,127204.99,12670.87,1108.94,138766.92,2025-04-16
SAL010289,EMP00423,43437.18,12465.84,12614.86,43288.16,2025-11-06
SAL010290,EMP00238,55102.52,13786.05,5252.84,63635.73,2025-01-14
SAL010291,EMP00326,36082.95,11231.63,14395.61,32918.97,2025-10-03
SAL010292,EMP00745,54470.89,9623.36,13325.88,50768.37,2024-11-23
SAL010293,EMP00208,76204.64,18207.6,10150.49,84261.75,2024-09-18
SAL010294,EMP01082,147154.32,10555.19,4419.57,153289.94,2025-07-21
SAL010295,EMP00558,109597.38,19449.43,3864.88,125181.93,2026-01-14
SAL010296,EMP00913,42512.55,18114.95,12409.39,48218.11,2025-10-12
SAL010297,EMP00585,132383.56,13024.7,10877.81,134530.45,2026-02-26
SAL010298,EMP00352,59242.55,4977.53,8955.58,55264.5,2024-10-21
SAL010299,EMP00859,131501.12,13398.78,11456.4,133443.5,2026-06-11
SAL010300,EMP00987,107571.22,13150.31,9310.75,111410.78,2025-05-13
SAL010301,EMP00326,25203.89,15364.69,2460.75,38107.83,2025-12-28
SAL010302,EMP00302,102329.79,1786.58,2155.09,101961.28,2026-03-08
SAL010303,EMP00176,87485.34,16538.15,6459,97564.49,2024-12-27
SAL010304,EMP00511,60003.41,13754.11,14367.27,59390.25,2024-10-01
SAL010305,EMP00979,148064.26,13501.55,10464.73,151101.08,2026-05-14
SAL010306,EMP00827,96424.38,18521.51,12627.01,102318.88,2026-07-25
SAL010307,EMP01132,149482.34,15952.24,10341.86,155092.72,2025-09-19
SAL010308,EMP00035,48230.76,11604.89,10720.88,49114.77,2025-03-06
SAL010309,EMP00627,106012.35,10986.15,8210.74,108787.76,2026-01-24
SAL010310,EMP00941,52506.32,16294.4,2948.42,65852.3,2026-04-20
SAL010311,EMP00421,44459.61,13059.99,14570.54,42949.06,2024-11-03
SAL010312,EMP01072,114618.1,5778.23,11461.63,108934.7,2026-01-29
SAL010313,EMP00990,64181.11,8965.47,13507.8,59638.78,2025-07-15
SAL010314,EMP00704,103334.39,5329.16,13421.36,95242.19,2024-09-02
SAL010315,EMP01184,136705.87,3407.16,1393,138720.03,2025-05-11
SAL010316,EMP00706,56157.02,9279.57,4604.52,60832.07,2026-06-23
SAL010317,EMP00300,41831.36,12593.85,6019.77,48405.44,2026-01-02
SAL010318,EMP01053,83390.48,4461.43,5528.75,82323.16,2025-05-23
SAL010319,EMP01226,40392.75,6860.19,11278.43,35974.51,2025-06-06
SAL010320,EMP01203,116310.32,10318.57,10963.77,115665.12,2026-01-11
SAL010321,EMP00239,37938.12,17214.31,3747.02,51405.41,2025-11-22
SAL010322,EMP01091,113506.94,7860.15,9391.16,111975.93,2025-04-13
SAL010323,EMP00120,113519.51,11082.75,9026.87,115575.39,2025-03-15
SAL010324,EMP00084,129831.1,5769.72,10052.86,125547.96,2025-06-12
SAL010325,EMP00383,126674.8,17448.53,1574.72,142548.61,2025-05-16
SAL010326,EMP00454,30251.33,18682.91,10917.91,38016.33,2025-02-12
SAL010327,EMP00332,85337.26,15776.79,13186.28,87927.77,2026-06-12
SAL010328,EMP00554,25838.62,17818.98,5128.37,38529.23,2024-12-08
SAL010329,EMP00606,78591.89,3007.96,8955.65,72644.2,2026-06-08
SAL010330,EMP00643,144662.29,2570.6,6378.86,140854.03,2026-03-09
SAL010331,EMP00107,22273.14,14321.46,5741.13,30853.47,2026-03-17
SAL010332,EMP00549,71721.47,12648.74,2190.29,82179.92,2025-11-27
SAL010333,EMP00815,25794.21,15059.45,5780.44,35073.22,2026-04-17
SAL010334,EMP00910,77318.24,18729.36,14378.18,81669.42,2026-03-04
SAL010335,EMP00132,89054.67,6396.85,1299.49,94152.03,2024-10-30
SAL010336,EMP00416,105548.64,3657.11,6815.22,102390.53,2024-12-06
SAL010337,EMP01052,76675.01,2245,8582.81,70337.2,2026-07-27
SAL010338,EMP00030,115692.97,4917.52,3186.92,117423.57,2024-09-28
SAL010339,EMP00479,143646.72,5769.83,1828.09,147588.46,2026-05-27
SAL010340,EMP00697,52041.93,16376.89,1613.74,66805.08,2025-11-21
SAL010341,EMP00741,48002.75,17029.93,1024.96,64007.72,2026-01-22
SAL010342,EMP00491,22732.38,9588.96,14444.45,17876.89,2025-03-28
SAL010343,EMP00497,28139.26,11852.61,3826.25,36165.62,2025-03-18
SAL010344,EMP00780,148875.95,10567.32,11514.64,147928.63,2024-09-10
SAL010345,EMP01076,119770.82,5586.72,7334.43,118023.11,2025-08-07
SAL010346,EMP00055,33613.65,11764.54,12292.04,33086.15,2026-06-30
SAL010347,EMP01190,131052.01,4912.02,6491.08,129472.95,2025-11-28
SAL010348,EMP00899,76285.91,3374.92,4637.1,75023.73,2025-05-22
SAL010349,EMP00638,44358.96,10218.97,5166.38,49411.55,2025-12-01
SAL010350,EMP00587,142570.78,14886.54,10958.47,146498.85,2026-04-27
SAL010351,EMP00278,92352.96,13577.07,14430.27,91499.76,2025-08-30
SAL010352,EMP01130,137361.26,19866.03,5740.43,151486.86,2024-09-30
SAL010353,EMP00375,140564.79,13937.16,7486.66,147015.29,2026-08-02
SAL010354,EMP00168,28623.1,6485.92,7932.11,27176.91,2024-09-16
SAL010355,EMP00228,131396.94,4660.23,6631.87,129425.3,2025-07-14
SAL010356,EMP00977,132532.75,2047.97,4197.83,130382.89,2025-12-23
SAL010357,EMP00285,138385.4,5384.15,8234.87,135534.68,2026-05-17
SAL010358,EMP01019,105860.24,9477.93,7026.88,108311.29,2025-06-01
SAL010359,EMP00532,24384.29,1700.97,2990.74,23094.52,2025-01-12
SAL010360,EMP00540,72457.86,10559.35,4465.39,78551.82,2024-11-23
SAL010361,EMP00603,111745.58,13001.7,12187.05,112560.23,2025-12-19
SAL010362,EMP00480,71824.95,12085.22,10195.19,73714.98,2025-09-06
SAL010363,EMP00750,26384.02,19983.96,7124.43,39243.55,2024-08-19
SAL010364,EMP00122,35722.12,14760.27,8970.73,41511.66,2024-09-09
SAL010365,EMP00113,148272.6,7408.54,3034.07,152647.07,2026-06-26
SAL010366,EMP00396,60585.88,14160.22,10203.5,64542.6,2026-02-23
SAL010367,EMP01123,45292.52,11706.84,13980.62,43018.74,2026-01-05
SAL010368,EMP01150,30843.67,2234.15,2519.67,30558.15,2024-11-23
SAL010369,EMP00517,132614.4,3012.06,1874.22,133752.24,2025-03-16
SAL010370,EMP00397,80757.69,11668.81,12188.9,80237.6,2025-07-23
SAL010371,EMP00166,20456.38,8004.85,10702.05,17759.18,2025-04-24
SAL010372,EMP00099,125839.87,9144.37,7869.78,127114.46,2025-07-07
SAL010373,EMP00026,144376.54,15678.62,9649.79,150405.37,2025-07-16
SAL010374,EMP00633,107808.63,6583.45,9404.57,104987.51,2025-07-24
SAL010375,EMP01025,135688.59,11981.95,11756.65,135913.89,2026-08-08
SAL010376,EMP00608,145490.18,4932.33,2337,148085.51,2025-10-19
SAL010377,EMP00744,68585.22,13971.61,7580.12,74976.71,2025-01-18
SAL010378,EMP01013,74856.51,17493.35,1883.9,90465.96,2025-06-12
SAL010379,EMP00583,125813.15,14809.22,12203.26,128419.11,2026-04-29
SAL010380,EMP00400,148293.01,18717.34,9917.37,157092.98,2025-11-10
SAL010381,EMP00327,57908.27,8264.34,12629.29,53543.32,2026-07-24
SAL010382,EMP01033,111880.21,1429.02,11827.02,101482.21,2025-06-23
SAL010383,EMP00544,134519.19,19077,11568.45,142027.74,2025-06-02
SAL010384,EMP00608,124048.18,4264.73,2118.8,126194.11,2025-12-27
SAL010385,EMP00061,94405.88,8560.34,4089.59,98876.63,2024-12-12
SAL010386,EMP00918,73583.03,8656.94,9311.23,72928.74,2026-01-01
SAL010387,EMP00788,32552.95,16429.24,14652.87,34329.32,2025-11-06
SAL010388,EMP00087,36574.45,8982.69,4684.87,40872.27,2026-06-17
SAL010389,EMP00282,55207.39,19998.42,7219.92,67985.89,2025-09-24
SAL010390,EMP01100,45480.65,16243.6,1895.28,59828.97,2026-08-04
SAL010391,EMP00496,69894.71,19089.85,10469.43,78515.13,2025-10-06
SAL010392,EMP00962,126707.33,3751.87,11031.05,119428.15,2026-05-14
SAL010393,EMP00117,65488.32,18755.1,3158.46,81084.96,2025-07-11
SAL010394,EMP00870,97651.92,15212.67,1050.22,111814.37,2025-11-04
SAL010395,EMP00434,90799.63,5401.16,14203.56,81997.23,2025-12-05
SAL010396,EMP00706,49112.94,15801.39,6671.65,58242.68,2025-03-24
SAL010397,EMP00951,146854.2,4392.17,7727.89,143518.48,2026-04-07
SAL010398,EMP00646,144322.29,5866.32,3286.92,146901.69,2026-03-26
SAL010399,EMP00522,87163.1,12493.45,14673.64,84982.91,2026-05-15
SAL010400,EMP00634,60350.24,6527.99,1414.97,65463.26,2025-02-09
SAL010401,EMP00550,76940.11,8388.92,7126.56,78202.47,2024-11-05
SAL010402,EMP01161,44505.12,19329.55,13407.13,50427.54,2025-04-08
SAL010403,EMP00744,21598.74,5992.19,12274.28,15316.65,2025-01-20
SAL010404,EMP00169,146487.83,18474.58,6827.9,158134.51,2024-12-18
SAL010405,EMP00479,75789.22,17650.91,14175.03,79265.1,2025-05-07
SAL010406,EMP01169,101510.4,10417.63,10299.98,101628.05,2026-07-27
SAL010407,EMP00352,51914.18,8017.32,4805.92,55125.58,2024-09-03
SAL010408,EMP00310,106067.77,9854.86,2417.68,113504.95,2024-08-15
SAL010409,EMP00157,22466.3,17963.26,14744.47,25685.09,2024-11-30
SAL010410,EMP00689,108684.11,1796.04,9962.28,100517.87,2025-03-09
SAL010411,EMP00306,90208.64,19944.24,13894.13,96258.75,2026-06-24
SAL010412,EMP01099,104133.97,13219.33,11567.04,105786.26,2025-11-28
SAL010413,EMP00293,126307.75,2245.51,3280.36,125272.9,2025-06-01
SAL010414,EMP00595,88091.22,6565.63,5408.66,89248.19,2026-03-04
SAL010415,EMP01158,118587.2,1006.77,3189.6,116404.37,2024-09-10
SAL010416,EMP00573,70210.72,12945.31,7877.6,75278.43,2025-01-15
SAL010417,EMP00146,137222.72,19829.8,10135.27,146917.25,2025-12-05
SAL010418,EMP00940,146829.47,13809.45,6732.98,153905.94,2025-04-09
SAL010419,EMP00533,116978.76,7602.94,14473.07,110108.63,2025-01-10
SAL010420,EMP01227,120236.85,9501.92,8221.86,121516.91,2024-11-23
SAL010421,EMP00257,21431.41,14425.73,2200.43,33656.71,2026-07-10
SAL010422,EMP00461,30301.51,1705.71,1621.92,30385.3,2024-10-08
SAL010423,EMP00333,74439.11,17309.35,7703.88,84044.58,2026-01-30
SAL010424,EMP00009,63334.25,13093.75,3841.69,72586.31,2024-11-16
SAL010425,EMP01185,33455.21,10686.19,9921.79,34219.61,2026-02-28
SAL010426,EMP00290,145771.89,11695.95,3282.11,154185.73,2026-06-26
SAL010427,EMP00207,137356.96,13798.03,5493.1,145661.89,2025-10-21
SAL010428,EMP00641,84600.18,13265.1,9732.65,88132.63,2026-07-03
SAL010429,EMP00820,112811.66,7583.19,12039.29,108355.56,2025-07-17
SAL010430,EMP00786,29213.7,19791.7,10329.67,38675.73,2025-02-15
SAL010431,EMP00501,116646.01,4007.42,12881.6,107771.83,2025-11-16
SAL010432,EMP00603,113371.75,7440.99,13515.98,107296.76,2024-11-29
SAL010433,EMP00856,116211.99,6196.19,12290.82,110117.36,2025-01-11
SAL010434,EMP00779,118383.97,11264.13,5225.93,124422.17,2025-03-17
SAL010435,EMP00611,28452.37,13410.16,10472.87,31389.66,2024-09-19
SAL010436,EMP01103,85845.63,19509.32,1672.65,103682.3,2026-01-19
SAL010437,EMP00470,144613.77,13664.97,9454.98,148823.76,2025-04-14
SAL010438,EMP01059,71056.82,16205.95,14649.47,72613.3,2025-08-23
SAL010439,EMP00502,111385.27,1776.43,9537.87,103623.83,2024-12-10
SAL010440,EMP00351,97794.83,5666.16,2223.33,101237.66,2026-02-09
SAL010441,EMP00164,21207.6,13000.85,3003.39,31205.06,2025-11-25
SAL010442,EMP00151,142750.35,2127.41,12391.04,132486.72,2025-07-03
SAL010443,EMP00767,60339.12,19001.27,1424.11,77916.28,2026-05-05
SAL010444,EMP00318,20318.01,3554.8,14125.97,9746.84,2025-06-01
SAL010445,EMP01076,89985.05,12667.3,7091.14,95561.21,2025-02-12
SAL010446,EMP00386,115772.51,9969.47,6662.1,119079.88,2025-09-27
SAL010447,EMP00815,59717.39,17616.63,2183.89,75150.13,2025-04-23
SAL010448,EMP00601,73383.35,3284.04,4168.79,72498.6,2026-03-07
SAL010449,EMP00032,110068.09,18843.12,8703.44,120207.77,2025-07-31
SAL010450,EMP00577,57374.94,2242.18,4671.52,54945.6,2026-07-31
SAL010451,EMP01217,107438.3,1086.96,3255.64,105269.62,2026-03-14
SAL010452,EMP01125,82255.5,8512.77,5845.6,84922.67,2024-10-26
SAL010453,EMP01057,108090.28,5706.92,5401.98,108395.22,2025-12-23
SAL010454,EMP00533,136169.59,15779.17,9078.5,142870.26,2026-05-15
SAL010455,EMP01028,80482.85,17279.09,11177.5,86584.44,2024-08-15
SAL010456,EMP00565,48300.14,8464.25,1752.79,55011.6,2026-04-21
SAL010457,EMP00064,124899.8,3574.87,8516.06,119958.61,2025-09-06
SAL010458,EMP00624,89090.87,16853.05,8609.6,97334.32,2025-10-29
SAL010459,EMP00148,20295.31,15397.42,5256.24,30436.49,2025-08-10
SAL010460,EMP00793,131834.69,11201.35,9623.77,133412.27,2026-01-26
SAL010461,EMP00026,70137.04,9540.91,9006.04,70671.91,2025-05-15
SAL010462,EMP00695,128110.87,7472.61,5109.71,130473.77,2025-07-21
SAL010463,EMP00523,149067.76,3947.75,10880.48,142135.03,2025-05-24
SAL010464,EMP00419,42164.77,6619.78,2702.77,46081.78,2025-02-03
SAL010465,EMP00805,42217.56,11927.34,12085.5,42059.4,2026-04-04
SAL010466,EMP00691,67750.35,5332.15,6712.06,66370.44,2026-02-06
SAL010467,EMP00455,105879.28,8000.67,10106.64,103773.31,2025-05-30
SAL010468,EMP00551,30183.44,6933.01,1709.02,35407.43,2025-04-27
SAL010469,EMP00910,81508.68,6674.88,3473.47,84710.09,2026-06-16
SAL010470,EMP00411,29588.87,10726.3,7919.21,32395.96,2025-03-11
SAL010471,EMP00139,124390.46,14960.55,9221.8,130129.21,2026-07-31
SAL010472,EMP00963,21582.24,3714.47,10776.64,14520.07,2025-03-10
SAL010473,EMP00907,39032.44,4203.97,6410.95,36825.46,2026-02-11
SAL010474,EMP00888,71789.45,2426.23,9739.25,64476.43,2026-01-21
SAL010475,EMP00913,92503.04,14425.07,1267.1,105661.01,2026-06-07
SAL010476,EMP00238,114911.68,12620.94,9529.11,118003.51,2026-01-17
SAL010477,EMP00156,114280.97,4695.95,3521.46,115455.46,2025-08-29
SAL010478,EMP00883,131377.77,2934.2,6222.09,128089.88,2025-07-27
SAL010479,EMP00159,143492.17,1942.12,7088.94,138345.35,2025-02-24
SAL010480,EMP00357,66671.13,1566.29,9280.35,58957.07,2026-01-19
SAL010481,EMP01130,72668.58,14354.36,14258.68,72764.26,2025-03-02
SAL010482,EMP00388,75095.81,4906.54,1155.97,78846.38,2025-12-14
SAL010483,EMP00159,126729.07,17955.27,11316,133368.34,2025-12-24
SAL010484,EMP00059,50519.28,10091.31,14920.5,45690.09,2025-11-22
SAL010485,EMP00644,21957.88,3553.07,3253.71,22257.24,2026-04-11
SAL010486,EMP00049,73853.07,1998.15,6351.72,69499.5,2026-01-14
SAL010487,EMP00670,112973.44,11098.38,13069.96,111001.86,2025-03-17
SAL010488,EMP00346,20498.21,10071.42,5882.65,24686.98,2026-07-11
SAL010489,EMP00080,147067.94,1902.59,12547.89,136422.64,2026-02-28
SAL010490,EMP00736,116739.07,18078.83,4324.98,130492.92,2025-03-03
SAL010491,EMP00009,147105.91,12699.76,5409.47,154396.2,2024-11-26
SAL010492,EMP00228,143131.71,3860.97,10572.21,136420.47,2025-05-28
SAL010493,EMP01093,63546.07,12374.57,9334.73,66585.91,2025-04-05
SAL010494,EMP00568,101901.04,6061.96,1264.84,106698.16,2026-06-20
SAL010495,EMP00194,101783.43,13555.03,1846.99,113491.47,2026-08-01
SAL010496,EMP01081,55560.99,18442.36,10521.36,63481.99,2025-07-16
SAL010497,EMP01080,87407.77,10546.4,8378.56,89575.61,2025-01-13
SAL010498,EMP00763,147578.83,9124.71,5198.44,151505.1,2026-03-08
SAL010499,EMP00198,141263.72,7194.87,14637.31,133821.28,2026-05-03
SAL010500,EMP01107,24663.81,17879.45,2091.51,40451.75,2025-05-22
SAL010501,EMP00061,116637.59,1533.12,4262.66,113908.05,2024-12-21
SAL010502,EMP00717,76932.41,3658.23,5693.94,74896.7,2026-05-08
SAL010503,EMP00469,65269.6,1072.95,4841.1,61501.45,2026-07-06
SAL010504,EMP00146,51651.73,8676.08,4333.83,55993.98,2025-05-02
SAL010505,EMP00706,146326.78,11361.94,8346.12,149342.6,2025-12-06
SAL010506,EMP00547,52265.25,7751.97,14181.57,45835.65,2024-08-24
SAL010507,EMP00337,119182.02,14970.22,5301.55,128850.69,2024-11-19
SAL010508,EMP00836,26411.47,14477.56,4930.82,35958.21,2024-11-12
SAL010509,EMP00793,53116.57,2700.99,11456.33,44361.23,2026-01-17
SAL010510,EMP00832,21565.88,19172.02,6230.15,34507.75,2025-12-02
SAL010511,EMP00568,96077.99,3315.38,4963.67,94429.7,2024-10-21
SAL010512,EMP00078,148136.03,11008.4,6111.38,153033.05,2024-12-24
SAL010513,EMP00444,56338.38,9187.77,9391.55,56134.6,2025-12-03
SAL010514,EMP00919,35153.92,2239.13,8558.31,28834.74,2026-02-28
SAL010515,EMP00326,103085.72,10036.68,3323.74,109798.66,2025-05-27
SAL010516,EMP00983,72733.36,12154.04,8077.25,76810.15,2026-05-07
SAL010517,EMP00912,21935.13,16761.77,9946.22,28750.68,2025-04-26
SAL010518,EMP01078,67928.88,14341.76,13083.37,69187.27,2026-01-12
SAL010519,EMP00480,105624.26,15068.3,10514.78,110177.78,2024-09-01
SAL010520,EMP00193,73015.76,16383.27,6488.56,82910.47,2025-07-07
SAL010521,EMP00247,125068.6,6072.06,11946.63,119194.03,2025-08-31
SAL010522,EMP00574,51129.71,9731.77,8271.15,52590.33,2025-12-04
SAL010523,EMP01174,95797.93,19632.3,13028.64,102401.59,2026-02-08
SAL010524,EMP00409,60297.93,4820.41,9887.93,55230.41,2026-06-03
SAL010525,EMP00694,83698.27,7081.56,2189.58,88590.25,2024-10-31
SAL010526,EMP00669,122039.02,4688.7,1968.84,124758.88,2026-01-21
SAL010527,EMP00119,79958.53,4472.09,12519.71,71910.91,2024-11-03
SAL010528,EMP00229,109047.94,5525.96,3928.42,110645.48,2025-07-19
SAL010529,EMP00853,42018.6,13900.41,10558.34,45360.67,2025-06-30
SAL010530,EMP01185,55409.31,15593.93,6722.09,64281.15,2025-08-30
SAL010531,EMP01121,48244.62,6643.88,1988.43,52900.07,2024-09-24
SAL010532,EMP01052,102989.27,14791.91,1291.61,116489.57,2026-04-26
SAL010533,EMP00574,111521.22,13171.17,13931.03,110761.36,2025-10-25
SAL010534,EMP00179,21459.84,13221.09,4591,30089.93,2025-11-23
SAL010535,EMP00498,117780.29,3190.36,2327.72,118642.93,2025-10-15
SAL010536,EMP00227,142800.5,7286.99,3295.9,146791.59,2026-04-04
SAL010537,EMP00636,68811.7,15047.39,3157.15,80701.94,2025-12-12
SAL010538,EMP00117,93307.61,14460.92,3553.8,104214.73,2026-04-20
SAL010539,EMP00130,96850.3,16574.81,7802.83,105622.28,2025-04-01
SAL010540,EMP00421,118129.39,6482.37,3171.53,121440.23,2026-03-06
SAL010541,EMP00096,46258.29,18822.1,2149.89,62930.5,2025-02-04
SAL010542,EMP00143,102241.7,15208.95,3743.45,113707.2,2025-10-26
SAL010543,EMP00230,45964.49,4546.24,1217.37,49293.36,2026-03-22
SAL010544,EMP00116,123705.54,17708.39,14577.23,126836.7,2025-03-27
SAL010545,EMP00095,88957.34,8414.99,13042.58,84329.75,2026-02-10
SAL010546,EMP00258,139883,17295.01,9741.02,147436.99,2024-12-04
SAL010547,EMP01112,136798.63,19679.65,14073.78,142404.5,2026-08-02
SAL010548,EMP00093,67967.34,6657.57,3258.41,71366.5,2024-12-19
SAL010549,EMP00645,75865.64,16513.21,3304.13,89074.72,2025-07-30
SAL010550,EMP00270,111720.54,1957.6,8916.34,104761.8,2026-06-03
SAL010551,EMP01210,109953.38,15318.16,2747.78,122523.76,2026-01-10
SAL010552,EMP00035,129379.07,10399.34,4865.68,134912.73,2024-12-26
SAL010553,EMP00098,79119.88,11579.63,14279.18,76420.33,2026-07-23
SAL010554,EMP00856,126433.2,14132.3,9777.79,130787.71,2025-09-23
SAL010555,EMP00397,132825.46,8150.79,4858.27,136117.98,2025-12-20
SAL010556,EMP00032,40938.17,3467.09,5063.66,39341.6,2025-11-10
SAL010557,EMP00246,147557.12,16714.51,10725.53,153546.1,2026-03-14
SAL010558,EMP00631,124820.27,7311.68,5024.71,127107.24,2026-06-09
SAL010559,EMP00855,81620.23,1346.44,2930.6,80036.07,2025-12-08
SAL010560,EMP00235,131862.36,3036.42,9213.2,125685.58,2024-10-05
SAL010561,EMP00503,107075.17,18672.77,14170.79,111577.15,2025-06-06
SAL010562,EMP01175,121576.72,14492.56,9546.29,126522.99,2024-10-21
SAL010563,EMP00504,107252.53,3825.21,6498.66,104579.08,2025-12-29
SAL010564,EMP00658,68734.04,3452.11,6032.92,66153.23,2025-01-26
SAL010565,EMP00206,82708.25,15896.48,12938.59,85666.14,2026-03-06
SAL010566,EMP00433,125929.36,14110.68,8587.06,131452.98,2026-06-13
SAL010567,EMP00266,109066.55,15929.72,12011.24,112985.03,2025-04-17
SAL010568,EMP01105,42728.79,17512.08,11495.32,48745.55,2024-12-18
SAL010569,EMP01129,32003.68,15069.87,2472.16,44601.39,2024-10-06
SAL010570,EMP00916,85708.64,11463.81,3974.7,93197.75,2026-05-12
SAL010571,EMP00795,100116.01,3200.4,9135.86,94180.55,2025-05-27
SAL010572,EMP00983,72459.58,3343.62,7136.56,68666.64,2026-01-04
SAL010573,EMP00151,77793.52,14191.65,12987.01,78998.16,2026-07-14
SAL010574,EMP00450,57812.24,19463.91,11042.16,66233.99,2025-03-31
SAL010575,EMP00755,110063,11208.07,9575.93,111695.14,2026-07-29
SAL010576,EMP00555,105737.9,14374.63,14650.65,105461.88,2025-09-13
SAL010577,EMP01030,126227.39,10103.73,1511.81,134819.31,2025-11-09
SAL010578,EMP00255,144016.51,16336.74,4950.42,155402.83,2025-12-14
SAL010579,EMP00871,30228.73,18017.56,2523.09,45723.2,2024-10-18
SAL010580,EMP00479,55489.12,4655.52,3855.62,56289.02,2026-03-31
SAL010581,EMP00879,141604.18,10400.92,13787.54,138217.56,2025-02-11
SAL010582,EMP00337,83736.33,5248.37,11537.37,77447.33,2024-08-26
SAL010583,EMP00860,31991.94,8473.49,10297.36,30168.07,2026-08-12
SAL010584,EMP00441,120163.13,13840.11,8859.16,125144.08,2026-08-06
SAL010585,EMP00685,93255.81,7818.81,11960.94,89113.68,2025-04-19
SAL010586,EMP01045,88681.39,9863.78,2430.17,96115,2025-07-16
SAL010587,EMP00434,44422.73,9785.79,3373.32,50835.2,2024-11-09
SAL010588,EMP00570,148474.17,16300.23,11565.79,153208.61,2024-09-20
SAL010589,EMP00463,78849.41,4487.26,12537.61,70799.06,2026-07-31
SAL010590,EMP01103,69131.05,9723.67,3740.07,75114.65,2026-05-06
SAL010591,EMP00594,118304.91,17799.43,7851.51,128252.83,2026-06-28
SAL010592,EMP00512,145957.49,9412.53,11166.13,144203.89,2024-12-28
SAL010593,EMP00028,81342.39,19484.19,6573.65,94252.93,2025-11-11
SAL010594,EMP01170,40685.15,12041.15,1551.59,51174.71,2025-05-20
SAL010595,EMP00453,77664.61,3244.37,6652.21,74256.77,2024-11-11
SAL010596,EMP00985,79397.43,4895.03,6063.79,78228.67,2025-07-06
SAL010597,EMP00323,127083.47,5589.9,5368.11,127305.26,2025-05-11
SAL010598,EMP00435,96657.38,1499.8,8499.04,89658.14,2025-05-24
SAL010599,EMP01193,60596.74,13446.27,12551.55,61491.46,2025-10-26
SAL010600,EMP00771,130245.79,13917.43,4517.58,139645.64,2025-05-05
SAL010601,EMP00520,43924.81,12566.43,5885.33,50605.91,2026-01-15
SAL010602,EMP01045,102767.43,7026.94,8536.96,101257.41,2025-10-14
SAL010603,EMP00136,40650.37,11061.2,9996.43,41715.14,2025-07-20
SAL010604,EMP01053,73072.95,3818.18,7970.99,68920.14,2024-12-02
SAL010605,EMP00894,46053.35,12104.71,6980.6,51177.46,2026-04-14
SAL010606,EMP00175,106800.74,18667.42,9638.24,115829.92,2025-05-15
SAL010607,EMP00516,55130.72,11556.16,5132.99,61553.89,2025-12-30
SAL010608,EMP00834,149163.23,1785.84,11783.95,139165.12,2026-06-19
SAL010609,EMP01033,23757.18,12071.01,13096.21,22731.98,2026-07-02
SAL010610,EMP00913,105965.04,10542.57,2998.45,113509.16,2026-01-09
SAL010611,EMP00467,65424.7,15073.23,11218.71,69279.22,2026-05-28
SAL010612,EMP00509,59114.33,19991.61,8130.27,70975.67,2024-12-01
SAL010613,EMP00885,104781.09,14223.68,9159.67,109845.1,2025-07-21
SAL010614,EMP00586,47365.21,14251.43,7714.63,53902.01,2025-12-30
SAL010615,EMP00206,130484.19,19659.62,7609.09,142534.72,2025-08-02
SAL010616,EMP00721,139441.67,2303.01,10973.02,130771.66,2026-04-22
SAL010617,EMP00650,86589.4,13119.31,12239.77,87468.94,2024-10-06
SAL010618,EMP00778,69018.28,10598.56,6347.31,73269.53,2025-10-25
SAL010619,EMP00229,24853.96,7806.61,5419.78,27240.79,2025-02-02
SAL010620,EMP00984,137029.49,6050.24,7263.75,135815.98,2024-12-15
SAL010621,EMP01010,147238.33,17078.93,6719.39,157597.87,2024-12-26
SAL010622,EMP00203,47597.87,13736.81,9497.86,51836.82,2025-11-28
SAL010623,EMP00787,60246.32,3532.62,4490.42,59288.52,2026-07-28
SAL010624,EMP00314,147939.98,15562.05,14927.74,148574.29,2026-03-29
SAL010625,EMP01066,137869.47,13395.89,12634.56,138630.8,2025-04-25
SAL010626,EMP01187,103189.6,19472.76,6597.05,116065.31,2025-12-20
SAL010627,EMP01056,74238.29,9756.3,12223.53,71771.06,2026-05-09
SAL010628,EMP00934,86401.4,12990.75,2159.65,97232.5,2025-09-28
SAL010629,EMP00154,92323.97,19200.84,11372.03,100152.78,2025-12-29
SAL010630,EMP01109,119210.28,9536.12,14974.11,113772.29,2024-10-07
SAL010631,EMP01105,74857.97,13867.83,2611.42,86114.38,2026-07-02
SAL010632,EMP00862,40930.49,15135.08,2437.32,53628.25,2026-07-10
SAL010633,EMP00543,90044.64,14435.2,5775.16,98704.68,2025-09-13
SAL010634,EMP00613,83084.76,10199.72,10522.89,82761.59,2025-04-13
SAL010635,EMP00224,112868.36,8603.29,4788.1,116683.55,2024-08-27
SAL010636,EMP00997,129265.56,5633.88,7310.71,127588.73,2025-12-06
SAL010637,EMP00418,121536.28,19928.67,1760.74,139704.21,2025-02-20
SAL010638,EMP00280,85279.45,18195.48,4239.51,99235.42,2025-04-12
SAL010639,EMP00555,124001.95,3793.03,10814.16,116980.82,2025-02-16
SAL010640,EMP00227,61729.99,15897.4,1885.11,75742.28,2026-02-27
SAL010641,EMP00537,112407.68,4235.84,11947.27,104696.25,2025-09-03
SAL010642,EMP00705,30324.98,3119.5,4055.39,29389.09,2025-02-12
SAL010643,EMP00390,62972.71,2945.65,14415.13,51503.23,2024-08-15
SAL010644,EMP01116,42411.97,3083.95,6170.82,39325.1,2025-05-12
SAL010645,EMP00213,113218.11,17785.94,3513.07,127490.98,2026-02-13
SAL010646,EMP00940,145654.03,16523.56,13904.28,148273.31,2025-05-11
SAL010647,EMP00746,99863.91,15615.19,12737.08,102742.02,2024-10-21
SAL010648,EMP00154,144156.01,10834.37,1945.21,153045.17,2025-07-02
SAL010649,EMP00904,98297.3,1545.92,3307.56,96535.66,2025-08-31
SAL010650,EMP00097,52625.97,11666.08,8570.98,55721.07,2026-03-13
SAL010651,EMP00501,132586.95,9731.85,12721.89,129596.91,2026-08-09
SAL010652,EMP00950,108262.36,8496.71,5636.3,111122.77,2025-01-29
SAL010653,EMP00315,68708.54,14411.96,12745.3,70375.2,2025-08-20
SAL010654,EMP00412,24272.47,12835.92,1837.82,35270.57,2026-08-01
SAL010655,EMP01060,101792.85,4320.83,8280.8,97832.88,2026-08-07
SAL010656,EMP01021,29645.06,11481.62,9421.1,31705.58,2025-10-22
SAL010657,EMP00389,31457.41,13831.25,8690.13,36598.53,2025-07-18
SAL010658,EMP01123,71090.93,11660.86,5458.79,77293,2024-09-02
SAL010659,EMP00147,93711.26,1102.07,14491.68,80321.65,2025-08-25
SAL010660,EMP00763,104220.27,6489.25,5347.35,105362.17,2025-11-25
SAL010661,EMP00971,147490,14949.88,3692.81,158747.07,2025-09-25
SAL010662,EMP01034,61383.71,11358.47,2926.41,69815.77,2025-07-05
SAL010663,EMP00963,30800.78,6183.13,12778.27,24205.64,2025-06-19
SAL010664,EMP00132,103122.98,15588.33,9865.8,108845.51,2024-09-04
SAL010665,EMP00162,25492.51,3824.35,11084.2,18232.66,2026-01-12
SAL010666,EMP00710,56189.84,17902.72,6367.55,67725.01,2025-01-16
SAL010667,EMP00831,91272.94,2124.91,6183.51,87214.34,2026-04-30
SAL010668,EMP00648,52411,19786.91,13425.17,58772.74,2024-11-09
SAL010669,EMP00521,140934.39,15357.87,13378.43,142913.83,2026-03-13
SAL010670,EMP01001,55623.2,12739.87,6395.37,61967.7,2025-10-04
SAL010671,EMP00947,129428.13,13803.66,10924.63,132307.16,2025-05-07
SAL010672,EMP00009,107198.68,12322.55,3671.73,115849.5,2025-11-30
SAL010673,EMP00898,89873.74,11167.61,10005.14,91036.21,2024-11-23
SAL010674,EMP00342,57270.25,19735.79,10712.84,66293.2,2026-01-26
SAL010675,EMP00131,146708.44,11588.45,10853.78,147443.11,2025-09-17
SAL010676,EMP00863,90962.57,16631.15,7091.83,100501.89,2024-11-05
SAL010677,EMP00220,43550.77,6672.27,2700.21,47522.83,2025-07-28
SAL010678,EMP00993,69161.23,14745.11,7736.4,76169.94,2026-01-27
SAL010679,EMP00995,83062.51,17227.14,10934.99,89354.66,2025-08-18
SAL010680,EMP01022,23240.27,13631.53,14227.26,22644.54,2026-07-10
SAL010681,EMP00965,59541.48,2276.51,4794.25,57023.74,2026-07-06
SAL010682,EMP00408,99893.03,19706.37,2830.11,116769.29,2024-09-21
SAL010683,EMP00638,101446.85,4769.07,7864.1,98351.82,2025-06-22
SAL010684,EMP00175,59705.95,3730.31,11210.72,52225.54,2026-08-07
SAL010685,EMP00480,117193.52,18548.66,9435.3,126306.88,2026-08-10
SAL010686,EMP00367,136878.91,14298.16,2511.06,148666.01,2025-12-14
SAL010687,EMP00974,56203.14,10761.49,3699.83,63264.8,2025-08-15
SAL010688,EMP00557,132651.26,2249.07,13261.42,121638.91,2025-10-03
SAL010689,EMP00988,103637.08,8367.72,6021.21,105983.59,2025-04-16
SAL010690,EMP00677,149627.93,1471.7,2523.29,148576.34,2025-04-03
SAL010691,EMP00429,116759.18,17596.78,14675.01,119680.95,2024-11-22
SAL010692,EMP01190,122171.47,12294.84,3899.01,130567.3,2025-07-10
SAL010693,EMP01127,81198.47,1364.53,2751.11,79811.89,2026-02-26
SAL010694,EMP00518,67967.87,15006.83,3966.21,79008.49,2026-07-12
SAL010695,EMP00005,26372.46,16620.55,9275.95,33717.06,2025-10-04
SAL010696,EMP00119,83238.49,9123.33,13210,79151.82,2025-04-07
SAL010697,EMP00765,146533.35,14951.85,3267.24,158217.96,2025-06-15
SAL010698,EMP00538,81133.04,3354.41,5254.11,79233.34,2024-12-03
SAL010699,EMP01019,124337.6,1547.94,12634.73,113250.81,2025-12-06
SAL010700,EMP00266,21485.47,5147.14,2428.92,24203.69,2026-04-26
SAL010701,EMP01204,92735.23,2876.18,2324.05,93287.36,2026-06-28
SAL010702,EMP00233,132537.68,17466.75,9169.09,140835.34,2025-02-20
SAL010703,EMP01100,113046.23,10002.81,7032.39,116016.65,2024-10-22
SAL010704,EMP00796,40267.45,6460.15,6987.8,39739.8,2026-02-28
SAL010705,EMP00820,94740.78,13839.5,4075.5,104504.78,2026-04-13
SAL010706,EMP00837,120726.25,4162.36,14814.19,110074.42,2026-02-07
SAL010707,EMP00746,104629.62,13174.42,10398.62,107405.42,2024-08-18
SAL010708,EMP01044,50203.55,4799.64,13660.17,41343.02,2026-06-14
SAL010709,EMP01043,104539.25,12275.02,10619.77,106194.5,2025-03-26
SAL010710,EMP00044,88607.02,8434.26,4924.63,92116.65,2025-11-26
SAL010711,EMP00101,36118.36,5654.47,2009.16,39763.67,2025-12-22
SAL010712,EMP00447,143940.5,2949.97,13625.23,133265.24,2025-07-29
SAL010713,EMP00176,101762.16,5705.02,12603.81,94863.37,2026-07-06
SAL010714,EMP01207,112270.75,7322.96,12196.74,107396.97,2026-03-26
SAL010715,EMP01212,146829.51,19909.44,3957.44,162781.51,2024-11-01
SAL010716,EMP01029,115020.63,16035.38,2700.53,128355.48,2025-12-07
SAL010717,EMP00472,117727.5,10023.75,8057.32,119693.93,2026-06-21
SAL010718,EMP00129,86013.67,7175.54,11776.9,81412.31,2026-07-16
SAL010719,EMP00203,43548.54,8338.64,14664.11,37223.07,2024-12-30
SAL010720,EMP01131,97870.65,7900.27,12107.58,93663.34,2025-04-24
SAL010721,EMP00496,103481.5,14161.02,10196.2,107446.32,2026-08-03
SAL010722,EMP00641,127308.23,19099.61,6958.46,139449.38,2025-08-29
SAL010723,EMP00591,145879.12,11749.66,11937.39,145691.39,2026-04-19
SAL010724,EMP00196,71464.16,7868.53,12441.22,66891.47,2025-05-01
SAL010725,EMP00356,99585.3,11467.44,4629.88,106422.86,2025-10-08
SAL010726,EMP00158,144007.01,5828.64,6983.66,142851.99,2025-09-13
SAL010727,EMP00292,22537.22,7647.51,6334.83,23849.9,2025-07-17
SAL010728,EMP00664,21246.15,14750.08,3923.4,32072.83,2025-10-20
SAL010729,EMP00569,141326.8,7289.24,2655.17,145960.87,2026-06-26
SAL010730,EMP00619,102286.82,3506.83,14190.24,91603.41,2024-11-30
SAL010731,EMP00384,134835.73,16313.85,13155.85,137993.73,2024-08-24
SAL010732,EMP00033,71425.77,6757.79,10758.58,67424.98,2026-01-22
SAL010733,EMP01180,49728.76,8428.61,7012.26,51145.11,2025-11-12
SAL010734,EMP00514,120161.64,17674.5,3812.54,134023.6,2026-08-05
SAL010735,EMP00863,71562.61,1207.11,8007.42,64762.3,2025-03-23
SAL010736,EMP00248,20377.72,3030.83,11482.6,11925.95,2025-09-23
SAL010737,EMP00893,42900.2,11081.36,7678.01,46303.55,2026-05-16
SAL010738,EMP00954,108653.76,17313.32,11784.74,114182.34,2024-09-10
SAL010739,EMP01187,146276.28,10401.83,1558.08,155120.03,2026-04-28
SAL010740,EMP00237,115135.37,10782.19,4674.38,121243.18,2025-10-23
SAL010741,EMP00826,33477.09,9336.88,8267.79,34546.18,2026-03-24
SAL010742,EMP00430,108715.07,19776.67,3322.78,125168.96,2024-08-13
SAL010743,EMP01051,40072.34,5947.73,3898.81,42121.26,2026-07-29
SAL010744,EMP00947,41228.13,4885.09,7195.48,38917.74,2026-07-14
SAL010745,EMP01187,71666.96,17632.69,5271.54,84028.11,2024-08-15
SAL010746,EMP00068,55784.71,8740.05,2874.4,61650.36,2025-02-04
SAL010747,EMP00519,95828.33,16292.37,5265.41,106855.29,2024-12-01
SAL010748,EMP00298,119120.18,7217.28,8153.39,118184.07,2025-03-18
SAL010749,EMP00517,124327.77,4353.31,2657.75,126023.33,2026-02-14
SAL010750,EMP00925,89528.34,18642.25,7173.25,100997.34,2025-07-17
SAL010751,EMP00222,122777.58,18376.21,8878.82,132274.97,2025-05-30
SAL010752,EMP00791,144437.61,12905.58,4154.66,153188.53,2026-07-25
SAL010753,EMP00040,142438.85,8092.03,1997.86,148533.02,2026-06-11
SAL010754,EMP01113,31731.96,7931.43,11427.81,28235.58,2024-08-17
SAL010755,EMP00082,30163.39,11360.9,11435.87,30088.42,2026-02-28
SAL010756,EMP00551,64933.38,1881.45,3222.87,63591.96,2025-04-29
SAL010757,EMP00900,93983.24,17128.22,13255.44,97856.02,2025-06-23
SAL010758,EMP00914,42272.92,6952.75,11170.54,38055.13,2025-04-10
SAL010759,EMP00209,96378.38,17435.65,4225.9,109588.13,2025-05-07
SAL010760,EMP00819,95790.62,8529.54,5538.71,98781.45,2026-02-18
SAL010761,EMP00213,101804.08,13117.61,1980.52,112941.17,2026-06-16
SAL010762,EMP01031,39315.15,13214.43,6044.05,46485.53,2025-09-13
SAL010763,EMP01055,39850.92,7649.57,10351.69,37148.8,2024-12-30
SAL010764,EMP00957,85198.71,8588.03,5147.46,88639.28,2026-05-27
SAL010765,EMP01169,39885.29,2991.27,4398.13,38478.43,2025-09-18
SAL010766,EMP00117,126590.49,8390.64,10151.09,124830.04,2024-08-25
SAL010767,EMP00205,89894.34,4014,3469.2,90439.14,2026-02-14
SAL010768,EMP00857,71856.84,7836.12,3803.08,75889.88,2025-04-27
SAL010769,EMP00703,127834.08,5896.2,6541.52,127188.76,2026-02-04
SAL010770,EMP00012,94214.26,14520.46,11796.47,96938.25,2025-07-09
SAL010771,EMP00022,122371.77,9958.25,11290.64,121039.38,2024-10-07
SAL010772,EMP00291,47897.9,16682.81,5247.51,59333.2,2025-09-18
SAL010773,EMP00153,40357.97,2333.52,9540.65,33150.84,2025-09-05
SAL010774,EMP00054,132690.57,15469.68,8886.5,139273.75,2026-04-10
SAL010775,EMP00836,68471.22,1711.53,12762.23,57420.52,2025-12-04
SAL010776,EMP01074,141592.4,12040.88,5520.6,148112.68,2025-12-27
SAL010777,EMP00263,74343.12,19612.63,4482.25,89473.5,2025-07-04
SAL010778,EMP00682,130486.95,16188.07,4112.48,142562.54,2025-01-22
SAL010779,EMP00443,67481.65,19157.6,9588.48,77050.77,2025-10-24
SAL010780,EMP00983,48143.93,10073.2,11555.67,46661.46,2024-10-24
SAL010781,EMP00826,51354.97,13722.13,4636.56,60440.54,2025-04-26
SAL010782,EMP00069,76469.5,15440,4551.23,87358.27,2025-05-23
SAL010783,EMP00905,39855.74,8140.72,3759.54,44236.92,2026-03-15
SAL010784,EMP00591,76093.81,10584.91,2973.06,83705.66,2025-01-10
SAL010785,EMP00392,132976.18,13780.52,12931.56,133825.14,2025-08-09
SAL010786,EMP01083,49976.63,13583.93,4063.89,59496.67,2026-08-04
SAL010787,EMP00016,97407.79,5091.64,14726.48,87772.95,2024-12-05
SAL010788,EMP00147,50928.83,7493.25,12116.97,46305.11,2025-05-21
SAL010789,EMP00106,148809.76,8987.93,2410.77,155386.92,2025-01-10
SAL010790,EMP00163,136632.44,17267.24,8883.81,145015.87,2025-08-31
SAL010791,EMP00228,41731.44,8943.57,10737.78,39937.23,2025-03-03
SAL010792,EMP00695,22427.57,9809.93,13504.28,18733.22,2025-06-15
SAL010793,EMP01034,71844.48,15452.64,5914.58,81382.54,2024-10-01
SAL010794,EMP00582,51877.78,4791.36,6966.72,49702.42,2024-12-26
SAL010795,EMP01146,118327.56,10514.91,13905.72,114936.75,2026-01-31
SAL010796,EMP00661,27800.25,15586.38,4342.5,39044.13,2025-11-06
SAL010797,EMP00201,28523.33,1741.03,1309.16,28955.2,2024-09-03
SAL010798,EMP00788,127060.57,6013.26,4424.92,128648.91,2024-08-28
SAL010799,EMP01076,116541.9,5889.67,11231.74,111199.83,2026-04-09
SAL010800,EMP00810,146972.89,7925.06,6905.43,147992.52,2025-10-24
SAL010801,EMP00583,123729.16,5874.77,14260.51,115343.42,2025-02-13
SAL010802,EMP00686,64920.78,3822.72,6134.59,62608.91,2025-10-11
SAL010803,EMP00546,31256.02,7885.28,6446.71,32694.59,2026-03-13
SAL010804,EMP00698,38830,12270.14,12165.86,38934.28,2026-04-18
SAL010805,EMP00803,44984.05,7051.48,13640.77,38394.76,2025-01-08
SAL010806,EMP01040,59097.46,3869.94,3255.07,59712.33,2025-07-18
SAL010807,EMP01161,85568.47,12771.58,2688.84,95651.21,2026-04-30
SAL010808,EMP00130,66881.74,7555.72,1994.74,72442.72,2025-11-22
SAL010809,EMP00131,127204.55,2933.92,2724.45,127414.02,2026-03-21
SAL010810,EMP01126,123750.88,10522.77,4632.22,129641.43,2024-09-28
SAL010811,EMP00661,144249.13,5869.72,5015.7,145103.15,2025-01-04
SAL010812,EMP00557,25008.03,16439.39,14642.53,26804.89,2026-05-07
SAL010813,EMP00155,105478.49,9435.07,14981.46,99932.1,2025-09-09
SAL010814,EMP00026,52172.19,5527.66,6767.01,50932.84,2024-12-25
SAL010815,EMP00957,131792.54,4524.72,7163.91,129153.35,2026-03-12
SAL010816,EMP00511,72195.94,16841.38,13916.02,75121.3,2025-09-17
SAL010817,EMP00929,119306.95,8434.92,4432.39,123309.48,2026-07-11
SAL010818,EMP01039,98489.15,3031.76,3251.39,98269.52,2026-07-05
SAL010819,EMP01156,98271.16,6233.36,12680.39,91824.13,2025-10-19
SAL010820,EMP00065,81640.75,19453.85,3487.7,97606.9,2025-06-10
SAL010821,EMP00044,48697.91,14228,4587.23,58338.68,2025-05-30
SAL010822,EMP00774,134812.74,3603.56,13466.38,124949.92,2025-01-25
SAL010823,EMP00603,52219.63,19667.22,3101.38,68785.47,2026-07-31
SAL010824,EMP01103,26088.79,14457.29,13803.78,26742.3,2025-08-28
SAL010825,EMP00911,35178.44,5519.02,12816.63,27880.83,2025-10-13
SAL010826,EMP00618,53728.61,14049.15,5477.81,62299.95,2025-03-28
SAL010827,EMP00864,113767.55,17821.46,7821.91,123767.1,2025-02-18
SAL010828,EMP00987,62155.74,13337.31,5969.93,69523.12,2025-11-01
SAL010829,EMP00516,20513.61,3667.16,4092.83,20087.94,2025-10-09
SAL010830,EMP00140,93051.79,6021.88,4998.53,94075.14,2025-09-16
SAL010831,EMP00714,80664.61,4766.71,11814.67,73616.65,2025-11-16
SAL010832,EMP00155,20556.64,16949.29,8348.92,29157.01,2024-10-31
SAL010833,EMP00554,93072.01,6029.51,12468.91,86632.61,2026-04-09
SAL010834,EMP00534,124732.24,2093.92,2260.65,124565.51,2024-08-29
SAL010835,EMP00309,89549.43,7531.62,1272.03,95809.02,2025-04-01
SAL010836,EMP01185,71316.41,9464.95,6808.69,73972.67,2025-03-15
SAL010837,EMP00473,140861.17,18319.55,8400.92,150779.8,2026-08-12
SAL010838,EMP00739,72697.12,15935.57,3980.4,84652.29,2025-11-14
SAL010839,EMP00563,131904.86,18179.97,12378.13,137706.7,2025-02-20
SAL010840,EMP00751,122694.83,7098.55,6333.41,123459.97,2025-10-13
SAL010841,EMP00579,56681.48,1560.59,7264.89,50977.18,2024-11-12
SAL010842,EMP00046,48297.52,19273.56,12208.41,55362.67,2026-04-14
SAL010843,EMP00333,134173.94,13358.35,1613.08,145919.21,2025-06-18
SAL010844,EMP00346,78451.7,10059.87,14202.43,74309.14,2024-12-01
SAL010845,EMP00319,140429.4,14885.03,8592.03,146722.4,2024-12-01
SAL010846,EMP00444,61373.3,2777.27,11257.56,52893.01,2025-08-17
SAL010847,EMP00264,32456.45,16398.52,8243.88,40611.09,2026-03-19
SAL010848,EMP00524,77375.26,5249.3,8842.07,73782.49,2024-11-09
SAL010849,EMP00994,51425.8,1904.68,5392.07,47938.41,2026-07-01
SAL010850,EMP00429,22757.45,4968.64,8153.19,19572.9,2025-08-06
SAL010851,EMP00129,30212.7,14550.41,12201.85,32561.26,2026-06-24
SAL010852,EMP00599,69055.49,4499.3,14445.31,59109.48,2025-01-15
SAL010853,EMP00579,100806,10234.03,5840.78,105199.25,2025-06-09
SAL010854,EMP00886,134654.76,19167.89,14642.81,139179.84,2024-12-04
SAL010855,EMP00656,105059.34,3455.76,13359.52,95155.58,2026-02-06
SAL010856,EMP00710,145779.95,5125.77,5331.42,145574.3,2025-11-20
SAL010857,EMP00023,37394.53,13752.28,1709.6,49437.21,2025-11-12
SAL010858,EMP00687,140454.47,9281.84,5056.53,144679.78,2024-08-20
SAL010859,EMP00941,50571.03,18866.03,14079.17,55357.89,2026-07-22
SAL010860,EMP01141,29216.91,2580.09,14291.97,17505.03,2025-08-08
SAL010861,EMP00406,109310.57,15919.86,6134.78,119095.65,2026-04-26
SAL010862,EMP01222,55115.61,13025.8,2815.65,65325.76,2025-12-28
SAL010863,EMP00807,22856.3,15425.73,3878.69,34403.34,2024-10-12
SAL010864,EMP00683,77118.77,15553.75,9887.71,82784.81,2025-12-14
SAL010865,EMP00970,81891.99,11123.55,9820.11,83195.43,2025-05-23
SAL010866,EMP00070,20007.73,13343.14,2651.38,30699.49,2025-02-12
SAL010867,EMP00455,126043.27,19837.23,10518.81,135361.69,2025-09-20
SAL010868,EMP00621,104712.05,7920.28,6870.15,105762.18,2024-08-15
SAL010869,EMP00419,109805.65,14441.74,5317,118930.39,2025-11-11
SAL010870,EMP00320,47253.98,1866.88,1206.73,47914.13,2026-07-29
SAL010871,EMP00580,33802.53,2661.11,10752.69,25710.95,2025-08-30
SAL010872,EMP00518,87958.93,15558.44,5855.44,97661.93,2024-11-06
SAL010873,EMP00897,138372.41,3178.07,8393.21,133157.27,2026-01-18
SAL010874,EMP00948,104952.92,11501.68,7322.36,109132.24,2026-07-18
SAL010875,EMP01127,60984.56,11091.46,10568.66,61507.36,2024-09-13
SAL010876,EMP01073,38219.16,11954.92,3921.81,46252.27,2025-03-23
SAL010877,EMP00187,69072.72,5504.52,10004.67,64572.57,2025-10-08
SAL010878,EMP00223,84301.57,7734,12999.18,79036.39,2024-10-25
SAL010879,EMP00592,112299.92,15011.24,5752.42,121558.74,2025-07-18
SAL010880,EMP00901,49161.71,8977.92,1115.38,57024.25,2025-09-11
SAL010881,EMP00384,76803.22,10095.56,13107.55,73791.23,2024-08-18
SAL010882,EMP00803,123123.5,17896.89,4183.4,136836.99,2026-02-23
SAL010883,EMP00832,142353.19,18016.44,12481.46,147888.17,2026-03-07
SAL010884,EMP00896,76793.53,16343.1,11148.23,81988.4,2025-03-08
SAL010885,EMP00278,115422.86,6808.02,12962.57,109268.31,2025-11-13
SAL010886,EMP01070,48386.04,3777.48,5078.72,47084.8,2025-12-16
SAL010887,EMP00290,65224.8,19955.74,1503.38,83677.16,2025-12-29
SAL010888,EMP00390,54758.86,18808.08,3126.48,70440.46,2026-02-19
SAL010889,EMP00454,32999.55,7392.04,10000.85,30390.74,2025-11-04
SAL010890,EMP00006,41004.05,12848.09,5301.8,48550.34,2025-07-01
SAL010891,EMP01219,77737.34,2980.65,11470.79,69247.2,2024-09-01
SAL010892,EMP00553,136506.01,1840.1,6123.39,132222.72,2024-08-23
SAL010893,EMP00899,50161.83,2120.19,3713.53,48568.49,2026-07-12
SAL010894,EMP00637,75451.18,3101.03,1488.23,77063.98,2026-03-30
SAL010895,EMP00647,61169.01,2238.68,14551.41,48856.28,2024-08-17
SAL010896,EMP00231,105113.71,14118.28,13349.08,105882.91,2025-10-23
SAL010897,EMP01005,51730.16,11155.5,4469.34,58416.32,2026-08-03
SAL010898,EMP00367,96021.49,6526.2,12449.54,90098.15,2024-11-17
SAL010899,EMP00534,126196.22,3069.21,11309.18,117956.25,2026-02-09
SAL010900,EMP00032,99528.74,13899.73,8978.59,104449.88,2025-08-03
SAL010901,EMP01069,47359.89,2591.6,8376.1,41575.39,2025-12-18
SAL010902,EMP00757,26742.91,14313.11,10453.74,30602.28,2025-06-23
SAL010903,EMP01029,116987.64,8591.89,4978.95,120600.58,2024-10-18
SAL010904,EMP00024,137307.84,18360.39,7303.25,148364.98,2025-05-23
SAL010905,EMP00689,37874.48,4394.39,13511.19,28757.68,2024-09-03
SAL010906,EMP00600,128333.61,12483.57,9728.64,131088.54,2026-07-30
SAL010907,EMP00465,75372.97,14120.67,5527.49,83966.15,2026-07-15
SAL010908,EMP01160,53879.93,6732.73,10011.99,50600.67,2026-03-20
SAL010909,EMP00176,130746.42,18196.09,7818.48,141124.03,2026-03-22
SAL010910,EMP00181,82797.6,12057.54,13523.99,81331.15,2025-04-28
SAL010911,EMP01086,33689.14,2073.82,9272.6,26490.36,2025-06-13
SAL010912,EMP01193,56519.87,8259.51,11031.19,53748.19,2026-04-08
SAL010913,EMP00789,58636.47,2379.86,10867.89,50148.44,2026-05-31
SAL010914,EMP00856,79888.99,12724.84,14703.66,77910.17,2025-01-14
SAL010915,EMP00953,67775.66,3432.57,14426.84,56781.39,2025-01-28
SAL010916,EMP00864,25001.28,5592.82,14879.82,15714.28,2024-09-17
SAL010917,EMP00086,102589.23,16141.39,12869.6,105861.02,2025-07-13
SAL010918,EMP00891,106565.27,3660.99,3207.78,107018.48,2024-08-21
SAL010919,EMP00617,88593.18,13938.55,13043.13,89488.6,2026-03-19
SAL010920,EMP00960,52321.99,6192.8,2465.82,56048.97,2026-07-27
SAL010921,EMP00886,133109.49,2050.27,1073.29,134086.47,2026-02-11
SAL010922,EMP00745,82987.12,18727.21,11239.28,90475.05,2025-03-24
SAL010923,EMP00922,147200.99,1342.21,9737.58,138805.62,2024-12-19
SAL010924,EMP00749,97979.74,18235.33,11933.77,104281.3,2024-10-24
SAL010925,EMP00537,126987.58,15091.01,2457.62,139620.97,2025-01-11
SAL010926,EMP00998,101038.86,16268.71,9259.81,108047.76,2024-12-03
SAL010927,EMP00028,40358.92,4018.43,12941.58,31435.77,2024-08-13
SAL010928,EMP01125,132815.36,2560.6,14836.75,120539.21,2026-06-29
SAL010929,EMP00400,133098.48,3612.26,5901.36,130809.38,2025-02-08
SAL010930,EMP00601,37482.21,18407.38,13145.38,42744.21,2025-11-17
SAL010931,EMP00730,105838.69,9601.15,10043.79,105396.05,2026-04-10
SAL010932,EMP00986,63007.6,2430.53,4437.77,61000.36,2025-06-24
SAL010933,EMP00412,65077.91,4049.73,6493.85,62633.79,2024-10-24
SAL010934,EMP01138,121840.24,19265.29,6351.75,134753.78,2026-01-01
SAL010935,EMP00539,99857.32,10535.83,6034.66,104358.49,2025-01-08
SAL010936,EMP00905,125275.43,2849.28,10081.52,118043.19,2024-12-27
SAL010937,EMP00409,79682.15,7197.18,8013.08,78866.25,2025-10-19
SAL010938,EMP00798,41711.86,7389.29,5363.4,43737.75,2025-02-14
SAL010939,EMP01049,101945.73,18373.38,13115.91,107203.2,2025-01-08
SAL010940,EMP00477,69299.83,7626.65,9611.74,67314.74,2025-06-22
SAL010941,EMP00683,115972.99,13174.62,12416.11,116731.5,2025-07-12
SAL010942,EMP00866,80996.26,8492.08,5305.9,84182.44,2025-08-16
SAL010943,EMP00256,50422.59,7821.25,7995.57,50248.27,2026-04-22
SAL010944,EMP00730,135530.76,8751.76,11323.41,132959.11,2025-02-20
SAL010945,EMP00065,73378.33,4427.86,11261,66545.19,2024-11-14
SAL010946,EMP00122,56430.27,10587.51,7207.97,59809.81,2025-09-28
SAL010947,EMP00683,125489.6,6667.46,8352.48,123804.58,2026-01-13
SAL010948,EMP00629,40743.01,1544.45,2071.91,40215.55,2024-11-20
SAL010949,EMP01128,62592.43,3942.12,8026.13,58508.42,2024-12-16
SAL010950,EMP01034,36761.04,6570.83,13936.88,29394.99,2026-07-21
SAL010951,EMP00269,21190.33,17745.76,2349.77,36586.32,2025-10-04
SAL010952,EMP00890,124742.65,7839.63,14116.69,118465.59,2025-06-09
SAL010953,EMP00979,141151.08,3740.95,6179.45,138712.58,2025-07-22
SAL010954,EMP00366,103321.56,4537.43,7943.82,99915.17,2026-02-09
SAL010955,EMP00646,125548.01,2563.57,1395.47,126716.11,2025-09-12
SAL010956,EMP00564,79600.82,10006.46,2390.72,87216.56,2025-01-27
SAL010957,EMP00895,139853.48,16199.48,1702.95,154350.01,2025-06-21
SAL010958,EMP00572,71937.05,2147.89,1423.52,72661.42,2025-10-04
SAL010959,EMP00701,126310.95,11898.52,6850.98,131358.49,2026-05-09
SAL010960,EMP00924,74308,8831.65,14475.39,68664.26,2025-06-22
SAL010961,EMP00276,20082.66,16789.63,10070.65,26801.64,2026-02-18
SAL010962,EMP00493,57473.78,18121.33,10969.28,64625.83,2025-11-01
SAL010963,EMP00708,69983.6,10855.78,11866.43,68972.95,2025-03-08
SAL010964,EMP00037,88845.41,15740.12,2964.59,101620.94,2025-10-17
SAL010965,EMP00703,148474.52,18557.63,3113.22,163918.93,2025-06-07
SAL010966,EMP00554,27201.53,15636.52,1869.91,40968.14,2025-10-07
SAL010967,EMP00660,49540.91,6937.27,5062.41,51415.77,2024-11-06
SAL010968,EMP00982,110379.87,19977.19,3481.6,126875.46,2025-06-24
SAL010969,EMP00772,27741.81,10096.58,4530.35,33308.04,2025-09-16
SAL010970,EMP00398,39245.99,3808.32,4243.4,38810.91,2024-09-20
SAL010971,EMP00424,136227.52,12663.05,8846.68,140043.89,2024-09-18
SAL010972,EMP00929,133596.77,18813.07,12079.79,140330.05,2025-01-28
SAL010973,EMP01180,97498.28,14006.2,13364.55,98139.93,2024-11-25
SAL010974,EMP00345,70314.16,16772.96,9668.83,77418.29,2024-09-16
SAL010975,EMP00166,132196.23,19244.99,12297.18,139144.04,2024-11-26
SAL010976,EMP00503,105901.27,7053.33,7789.33,105165.27,2025-10-18
SAL010977,EMP00095,143129.77,5349.93,13934.21,134545.49,2026-01-19
SAL010978,EMP00644,109618.76,14825.85,11383.28,113061.33,2026-07-15
SAL010979,EMP00074,123466.03,1113.64,10349.69,114229.98,2026-01-04
SAL010980,EMP00509,71507.12,19149.5,13671.36,76985.26,2025-07-04
SAL010981,EMP00149,71608.99,9806.22,3790.13,77625.08,2026-05-24
SAL010982,EMP00262,31127.25,8764.91,3550.51,36341.65,2024-10-22
SAL010983,EMP00815,28420.48,16358.45,10112.44,34666.49,2026-01-09
SAL010984,EMP01076,30791.55,18072.19,2538.59,46325.15,2026-02-10
SAL010985,EMP00854,104539.68,9774.1,14225.25,100088.53,2026-03-25
SAL010986,EMP00666,102338.22,17263.69,5394.86,114207.05,2024-10-27
SAL010987,EMP01107,119384.89,13264.75,4881.06,127768.58,2025-08-31
SAL010988,EMP00204,50197.48,13258.31,6330.44,57125.35,2025-03-02
SAL010989,EMP00125,86017.84,16539.85,7143.96,95413.73,2025-01-15
SAL010990,EMP00958,129138.1,11682.96,4088.22,136732.84,2025-01-07
SAL010991,EMP01064,61734.3,7498.91,3589.48,65643.73,2025-10-19
SAL010992,EMP00649,121056.12,7012.57,10420.69,117648,2025-10-09
SAL010993,EMP00281,117374.32,13215.67,1984.23,128605.76,2026-03-16
SAL010994,EMP00790,57715.94,8208.76,2338.48,63586.22,2024-12-11
SAL010995,EMP00686,148563.49,19768.27,1347.24,166984.52,2026-02-10
SAL010996,EMP01143,93787.51,3401.61,5688.33,91500.79,2025-04-25
SAL010997,EMP00993,105166.91,18944.14,8502.89,115608.16,2024-12-29
SAL010998,EMP00330,111328.66,6823.9,13853.47,104299.09,2025-01-21
SAL010999,EMP00004,122769.75,8347.27,2994.34,128122.68,2025-02-13
SAL011000,EMP00694,72762.16,12934.53,4218.39,81478.3,2024-11-29
SAL011001,EMP01225,79924.58,8445.19,13297.53,75072.24,2026-02-04
SAL011002,EMP00967,62154.59,4914.93,1894.17,65175.35,2025-10-07
SAL011003,EMP00258,104020.24,3402.54,12795.67,94627.11,2025-09-19
SAL011004,EMP01022,132055.4,12623.69,6576.61,138102.48,2025-11-12
SAL011005,EMP00862,38148.08,2333.9,5178.85,35303.13,2025-08-16
SAL011006,EMP00012,120555.91,1561.55,9709.93,112407.53,2026-02-07
SAL011007,EMP00048,87366.47,18417.71,7055.98,98728.2,2025-11-05
SAL011008,EMP00295,107127.64,7496.88,6620.69,108003.83,2025-01-06
SAL011009,EMP00353,21578.18,15276.85,9466.99,27388.04,2026-06-07
SAL011010,EMP00632,27122.72,6182.22,2948.47,30356.47,2026-07-29
SAL011011,EMP00502,53874.19,1755.3,4790.83,50838.66,2026-03-14
SAL011012,EMP00794,52481.42,11641.34,2239.91,61882.85,2025-10-01
SAL011013,EMP01125,66390.36,4817.97,1759.51,69448.82,2026-01-09
SAL011014,EMP00484,62861.04,4247.59,6177.58,60931.05,2025-12-04
SAL011015,EMP00659,92956.21,4079.01,4137.13,92898.09,2025-07-20
SAL011016,EMP00583,98913.49,8296.06,13842.08,93367.47,2025-03-15
SAL011017,EMP00841,141716.98,17110.19,8553.41,150273.76,2025-06-29
SAL011018,EMP00754,51619.56,1336.17,14170.51,38785.22,2026-08-12
SAL011019,EMP00550,23278.75,14860.79,5805.26,32334.28,2025-06-04
SAL011020,EMP00569,25901.25,19411.07,2465.05,42847.27,2025-02-05
SAL011021,EMP01171,47009.16,1200.38,12349.62,35859.92,2024-08-20
SAL011022,EMP00778,84970.48,17154.27,4559.78,97564.97,2026-07-13
SAL011023,EMP00596,71111.75,7823.8,4299.68,74635.87,2024-11-04
SAL011024,EMP00761,86824.08,18124.81,2458.13,102490.76,2026-04-29
SAL011025,EMP00838,34527.58,4238.83,9922.67,28843.74,2025-07-13
SAL011026,EMP00217,55170.81,4477.5,2799.71,56848.6,2024-11-22
SAL011027,EMP00434,95044.62,14978.04,10994.1,99028.56,2025-09-24
SAL011028,EMP00151,100779.23,18778.93,7421.07,112137.09,2024-11-17
SAL011029,EMP00127,88679.61,6200.44,7581.39,87298.66,2024-10-21
SAL011030,EMP00049,25216.23,3286.02,14052.37,14449.88,2025-08-21
SAL011031,EMP01228,49756.25,12657,6914.53,55498.72,2025-05-06
SAL011032,EMP00128,140945,13611.68,1981.16,152575.52,2025-08-19
SAL011033,EMP00572,64415.42,9630.61,9234.59,64811.44,2024-11-28
SAL011034,EMP00300,123990.38,15304.91,1845.03,137450.26,2025-07-07
SAL011035,EMP00788,134229.46,16750.3,9312.94,141666.82,2025-12-08
SAL011036,EMP00283,89957.86,6305.78,4970.01,91293.63,2026-01-14
SAL011037,EMP00979,126827.99,10099.25,8594.34,128332.9,2025-08-29
SAL011038,EMP00304,21422.24,10815.17,9633.12,22604.29,2025-09-03
SAL011039,EMP00185,64242.54,6034.14,4833.16,65443.52,2025-03-09
SAL011040,EMP00162,52802.99,2529.37,6206.15,49126.21,2025-05-23
SAL011041,EMP00296,63461.32,14632.18,5047.53,73045.97,2025-12-05
SAL011042,EMP00391,42447.46,1496.11,9928.12,34015.45,2025-01-24
SAL011043,EMP01226,114769.46,16232.77,13079.98,117922.25,2025-10-24
SAL011044,EMP01196,54093.35,12498.69,8658.59,57933.45,2024-10-23
SAL011045,EMP00726,125424.98,12776.71,12415.35,125786.34,2025-08-09
SAL011046,EMP01152,130305.01,17795.2,5843.6,142256.61,2025-12-23
SAL011047,EMP01113,91557.46,15706.99,12868.19,94396.26,2024-11-22
SAL011048,EMP00665,140826.99,3054.55,4073.08,139808.46,2024-12-25
SAL011049,EMP00126,44444.1,11588.63,6753.11,49279.62,2026-06-08
SAL011050,EMP00748,20798.7,7982.29,12058.27,16722.72,2024-11-30
SAL011051,EMP01041,71387.57,18154.69,6149.38,83392.88,2025-04-10
SAL011052,EMP00990,136257.32,8099,14815.18,129541.14,2025-10-12
SAL011053,EMP00339,94797.75,16394.38,10286,100906.13,2024-09-10
SAL011054,EMP00362,107006.83,11585.52,12968.11,105624.24,2024-12-04
SAL011055,EMP00551,130334.01,1726.52,10107.78,121952.75,2025-02-16
SAL011056,EMP00161,78323.28,9851.62,13116.04,75058.86,2025-11-12
SAL011057,EMP00649,61707.3,17362.07,1687.17,77382.2,2025-12-29
SAL011058,EMP00037,74542.56,4555.88,8568.62,70529.82,2024-08-22
SAL011059,EMP00320,34600.82,11321.01,4684.95,41236.88,2024-08-22
SAL011060,EMP00107,61850.41,3753.89,2838.77,62765.53,2024-08-23
SAL011061,EMP01124,72465.84,12398.67,4467.98,80396.53,2025-08-22
SAL011062,EMP00729,149196.54,3199.1,10636,141759.64,2026-01-22
SAL011063,EMP00252,42141.09,16339.39,1551.57,56928.91,2025-05-16
SAL011064,EMP00146,75417.46,13143.09,7890.29,80670.26,2025-09-14
SAL011065,EMP01161,97964.95,7014.15,14788.68,90190.42,2024-11-25
SAL011066,EMP00262,55492.55,17419.2,12333.53,60578.22,2025-09-06
SAL011067,EMP00475,21411.19,18247.73,5138.22,34520.7,2026-01-12
SAL011068,EMP01108,110264.81,1918.31,2710.58,109472.54,2025-04-07
SAL011069,EMP00249,35908.6,19606.09,6673.29,48841.4,2025-10-31
SAL011070,EMP00663,110565.6,4713.85,11198.34,104081.11,2026-02-20
SAL011071,EMP00158,95367.2,18662.62,5737.23,108292.59,2025-06-16
SAL011072,EMP00449,131179.46,8612.64,8098.64,131693.46,2024-10-17
SAL011073,EMP00739,117549.87,10102.27,3128.39,124523.75,2025-12-24
SAL011074,EMP00387,76466.19,9900.82,13918.13,72448.88,2025-09-27
SAL011075,EMP00836,140140.45,3020.61,9575.55,133585.51,2025-12-18
SAL011076,EMP00050,57504.69,18199.18,12806.28,62897.59,2025-06-02
SAL011077,EMP00143,30255.21,17560.94,13125.29,34690.86,2024-08-30
SAL011078,EMP00390,139390.79,15758.69,13310.64,141838.84,2025-01-27
SAL011079,EMP00876,56183.9,11048.07,14321.98,52909.99,2025-02-02
SAL011080,EMP00109,57850.51,14103.96,13926.92,58027.55,2026-06-14
SAL011081,EMP01099,75257.69,4363.3,2806.85,76814.14,2024-11-10
SAL011082,EMP00827,71953.96,3338.78,3920.02,71372.72,2026-02-25
SAL011083,EMP01095,89708.75,9522.64,14937.95,84293.44,2026-08-07
SAL011084,EMP00695,96912.45,9896.67,6699.32,100109.8,2024-09-20
SAL011085,EMP00153,106324.56,3895.13,8755.18,101464.51,2026-07-14
SAL011086,EMP00230,109882.14,12051.08,13862.73,108070.49,2025-03-26
SAL011087,EMP00846,149902.14,17711.4,4489.96,163123.58,2025-07-13
SAL011088,EMP00551,137164.55,17486.8,6479.28,148172.07,2025-06-23
SAL011089,EMP00772,141903.59,13470.74,8770.08,146604.25,2025-08-26
SAL011090,EMP00827,148590.55,13143.38,14320.14,147413.79,2025-11-20
SAL011091,EMP00654,23731.42,1968.43,4128.74,21571.11,2026-03-15
SAL011092,EMP00992,120258.71,17211.6,7086.65,130383.66,2026-03-24
SAL011093,EMP00010,72077.18,5562.68,3306.47,74333.39,2024-11-14
SAL011094,EMP00898,27934.8,4154.11,9172.4,22916.51,2025-09-13
SAL011095,EMP00735,79959.11,18094.98,14541.03,83513.06,2024-10-12
SAL011096,EMP00794,114891.38,9967.69,8013.64,116845.43,2024-08-17
SAL011097,EMP01141,134681.64,15076.24,7799.91,141957.97,2025-03-14
SAL011098,EMP00249,121970.74,7436.87,6750.64,122656.97,2026-05-28
SAL011099,EMP00540,54367.31,12586.12,13561.11,53392.32,2026-03-23
SAL011100,EMP01206,145914.4,11742.27,11163.05,146493.62,2024-12-05
SAL011101,EMP00710,114941.45,11482.35,3490.11,122933.69,2026-08-07
SAL011102,EMP00199,62538.31,5961.38,9872.9,58626.79,2025-03-21
SAL011103,EMP00852,72588.51,14200.11,9569.09,77219.53,2025-04-29
SAL011104,EMP00092,60273.84,1651.79,2641.14,59284.49,2024-12-06
SAL011105,EMP00884,127779.91,14598.29,12579.19,129799.01,2026-07-18
SAL011106,EMP01137,76209.66,17962.3,10594.06,83577.9,2026-02-28
SAL011107,EMP00452,67131.49,15891.76,11780.73,71242.52,2026-05-14
SAL011108,EMP00206,52701.04,9442.89,9801.18,52342.75,2024-10-11
SAL011109,EMP00730,53106.43,6408.19,6038.62,53476,2025-09-13
SAL011110,EMP00949,56014.39,1768.1,8024.8,49757.69,2025-05-03
SAL011111,EMP00391,21277.29,12367.02,13055.73,20588.58,2025-05-15
SAL011112,EMP01021,72622.29,7924.22,5445.19,75101.32,2024-08-20
SAL011113,EMP00579,95283.11,10959.43,14364.01,91878.53,2024-09-10
SAL011114,EMP00474,32424.72,16572.5,12464.96,36532.26,2025-12-30
SAL011115,EMP00250,128893.97,10653.45,4940.8,134606.62,2024-12-04
SAL011116,EMP01210,124150.3,12606.4,3902.49,132854.21,2024-12-19
SAL011117,EMP00492,70828.28,8131.47,12881.24,66078.51,2024-11-04
SAL011118,EMP00088,142331.13,15879.64,11617.15,146593.62,2025-01-08
SAL011119,EMP00566,142391.93,15930.87,3315.49,155007.31,2025-12-09
SAL011120,EMP00066,93412.25,17925.47,9091.05,102246.67,2025-09-05
SAL011121,EMP00499,99419.68,17216.64,13013.92,103622.4,2026-07-03
SAL011122,EMP01011,139516.27,5086.72,3883.26,140719.73,2024-12-24
SAL011123,EMP00330,29317.94,3368.96,7216.03,25470.87,2024-08-22
SAL011124,EMP00229,122585.61,4937.68,5755.3,121767.99,2025-06-13
SAL011125,EMP00239,76285.67,4643.8,10454.26,70475.21,2026-05-05
SAL011126,EMP01016,92321.08,2133.25,6509.35,87944.98,2026-04-04
SAL011127,EMP00859,23731.48,9389.85,7265.31,25856.02,2025-09-09
SAL011128,EMP00152,105783.43,14105.39,7510.53,112378.29,2026-07-21
SAL011129,EMP01210,66959.64,4565.19,2801.6,68723.23,2025-02-06
SAL011130,EMP00175,66004.62,3968.19,4364.36,65608.45,2025-05-25
SAL011131,EMP00995,116072.83,11738.08,7521.82,120289.09,2026-01-12
SAL011132,EMP00744,136526.48,3272.65,1149.63,138649.5,2025-02-27
SAL011133,EMP00145,43182.42,11092.84,10646.86,43628.4,2025-03-18
SAL011134,EMP00498,79465.39,7364.85,14593.4,72236.84,2026-02-05
SAL011135,EMP00685,88332.14,14630.44,6712.67,96249.91,2025-09-26
SAL011136,EMP00719,133296.37,13304.58,13686.85,132914.1,2025-11-11
SAL011137,EMP01196,38150.72,18451.22,7938.17,48663.77,2025-11-19
SAL011138,EMP01222,128468.33,19039.93,4228.03,143280.23,2025-04-01
SAL011139,EMP00607,35430.46,14942.99,9949.82,40423.63,2026-07-29
SAL011140,EMP01165,74692.91,14790.08,6849.13,82633.86,2026-01-15
SAL011141,EMP00888,31898.75,5447.46,12242.01,25104.2,2025-10-10
SAL011142,EMP01065,68317.17,8969.34,4811.32,72475.19,2025-10-15
SAL011143,EMP00676,72345.56,12849.36,9386.58,75808.34,2025-03-12
SAL011144,EMP00531,57958.27,14768.55,8215.75,64511.07,2026-03-28
SAL011145,EMP00020,99363.72,15773.04,2639.59,112497.17,2026-02-15
SAL011146,EMP00114,132885.94,8849.2,9150.64,132584.5,2026-05-08
SAL011147,EMP00397,100871.52,5008.22,12699.54,93180.2,2025-08-21
SAL011148,EMP00037,126820.89,14496.72,12363.11,128954.5,2026-03-28
SAL011149,EMP00007,46629.55,8981.77,1199.73,54411.59,2025-02-05
SAL011150,EMP00466,129546.55,11136.3,5313.63,135369.22,2025-01-26
SAL011151,EMP01061,40423.3,8004.69,14804.27,33623.72,2024-09-16
SAL011152,EMP00778,148565.67,7925.26,13794.91,142696.02,2025-10-11
SAL011153,EMP00316,121009.51,4844.58,2947.98,122906.11,2024-08-17
SAL011154,EMP00674,137657.09,4910.55,9867.16,132700.48,2026-04-14
SAL011155,EMP00339,132846.35,13010.59,4291.5,141565.44,2025-12-23
SAL011156,EMP00691,123979.05,8817.17,9600.53,123195.69,2025-05-14
SAL011157,EMP01020,105260.72,11304.26,4910.29,111654.69,2026-07-13
SAL011158,EMP01052,147488.44,14483.97,11608.7,150363.71,2026-04-27
SAL011159,EMP00775,105982.51,2329.86,13737.44,94574.93,2025-12-25
SAL011160,EMP00433,77785.66,9019.2,2258.74,84546.12,2025-01-01
SAL011161,EMP00978,76305.64,13083.25,8854.34,80534.55,2026-01-06
SAL011162,EMP00757,120968.25,10589.92,4484.83,127073.34,2026-03-06
SAL011163,EMP00846,41734.13,3128.5,1224.16,43638.47,2024-08-25
SAL011164,EMP00305,93620.48,12363.54,14071.62,91912.4,2026-03-27
SAL011165,EMP00139,87673.31,9686.22,4583.29,92776.24,2026-05-23
SAL011166,EMP00383,131312.41,5979.04,4585.95,132705.5,2025-09-27
SAL011167,EMP00606,78837.8,17777.79,2940.89,93674.7,2024-09-06
SAL011168,EMP01008,80374.9,3089.87,1966.98,81497.79,2025-11-25
SAL011169,EMP00690,67313.67,5704.43,5196.19,67821.91,2024-08-26
SAL011170,EMP00653,81795.58,17074.22,4685.97,94183.83,2026-05-09
SAL011171,EMP00020,41299.4,5290.93,12946.58,33643.75,2026-02-05
SAL011172,EMP00595,72113.16,6494.61,7318.96,71288.81,2026-06-04
SAL011173,EMP00682,49389.37,8030.38,13518.51,43901.24,2024-09-13
SAL011174,EMP01025,117066.26,13837.78,7177.13,123726.91,2025-11-26
SAL011175,EMP00408,136057.67,2560.15,2504.11,136113.71,2026-04-09
SAL011176,EMP00516,43789.09,19681.87,9142.01,54328.95,2026-04-27
SAL011177,EMP00762,79924.8,13773.2,9420.28,84277.72,2025-07-25
SAL011178,EMP00028,28751.78,17096.75,1279.31,44569.22,2025-06-07
SAL011179,EMP00326,23880.06,12438.73,1187.69,35131.1,2026-04-28
SAL011180,EMP00393,46844.43,19065.3,5877.29,60032.44,2025-09-28
SAL011181,EMP00262,144540.11,1120.52,8295.14,137365.49,2024-08-26
SAL011182,EMP00660,86559.57,7708.76,6745.83,87522.5,2025-11-14
SAL011183,EMP01146,21576.35,12352,10712.92,23215.43,2025-04-26
SAL011184,EMP00296,70474.58,7461.2,6907.44,71028.34,2025-10-15
SAL011185,EMP00622,115124.2,3369.65,7252.87,111240.98,2024-11-07
SAL011186,EMP00246,113544.16,11845.41,12034.41,113355.16,2025-01-23
SAL011187,EMP00569,125889.64,10595.43,3939.72,132545.35,2025-09-18
SAL011188,EMP00880,68784.28,17441.74,3979.27,82246.75,2024-11-21
SAL011189,EMP00858,81960.86,4426.18,11563.82,74823.22,2024-10-08
SAL011190,EMP00052,127564.38,10397.19,7966.06,129995.51,2026-04-21
SAL011191,EMP00227,87805.94,6128.14,1086.05,92848.03,2026-06-03
SAL011192,EMP00169,134789.91,3463.73,1524.73,136728.91,2026-03-27
SAL011193,EMP00062,91237.81,6100.23,6471.98,90866.06,2025-07-01
SAL011194,EMP00820,32655.81,15081.39,2994.41,44742.79,2025-03-03
SAL011195,EMP00814,51988.03,15709.2,3213.01,64484.22,2024-12-10
SAL011196,EMP01055,122852.83,2604.3,5690.13,119767,2026-07-08
SAL011197,EMP00940,149278.93,12257.54,4003.84,157532.63,2026-07-14
SAL011198,EMP00179,143573.71,10382.23,8456.27,145499.67,2024-12-22
SAL011199,EMP00662,99935.92,19640.68,11606.36,107970.24,2026-07-23
SAL011200,EMP00643,54848.92,1348.09,10015.02,46181.99,2026-08-05
SAL011201,EMP00725,88070.68,3532.75,9120.04,82483.39,2026-04-18
SAL011202,EMP00467,116729.05,19494.54,6531.33,129692.26,2025-07-11
SAL011203,EMP01146,103126.52,11973.74,5521.54,109578.72,2024-12-22
SAL011204,EMP00979,60713.22,15738.13,3126.89,73324.46,2025-10-04
SAL011205,EMP00812,139072.77,4319.3,7743.69,135648.38,2025-02-01
SAL011206,EMP00682,83259.26,8430.41,3620.63,88069.04,2026-04-18
SAL011207,EMP00957,54913.84,2753.12,2451.93,55215.03,2026-02-27
SAL011208,EMP00499,33382.49,12568.48,8239.81,37711.16,2025-01-27
SAL011209,EMP00705,62910.62,6998.81,3739.22,66170.21,2024-12-01
SAL011210,EMP01218,50774.63,9002.01,8672.48,51104.16,2024-11-03
SAL011211,EMP01115,54016.75,13724.84,9504.28,58237.31,2025-12-11
SAL011212,EMP00719,25691.81,2209.1,2671.38,25229.53,2025-05-23
SAL011213,EMP00379,47401.93,2384.46,2806.35,46980.04,2026-05-16
SAL011214,EMP00268,75810.22,9772.76,13035.43,72547.55,2025-03-13
SAL011215,EMP00497,34811.64,7406.9,8519.3,33699.24,2026-01-25
SAL011216,EMP00510,80936.45,8455.88,2089.22,87303.11,2025-11-28
SAL011217,EMP00936,145144.96,11674.82,13049.62,143770.16,2026-06-16
SAL011218,EMP00952,122098.19,3285.6,10781.16,114602.63,2025-10-25
SAL011219,EMP01022,124298.64,2211.5,7112.06,119398.08,2025-11-21
SAL011220,EMP01047,67300.15,12109.6,1828,77581.75,2026-08-02
SAL011221,EMP01145,140611.3,9418.54,7359.69,142670.15,2026-04-24
SAL011222,EMP00103,137735.56,10470.9,3690.84,144515.62,2025-02-10
SAL011223,EMP01099,111304.9,2395.95,14660.55,99040.3,2025-06-19
SAL011224,EMP01096,40926.8,11489.4,9502.99,42913.21,2025-11-29
SAL011225,EMP00191,109221.8,3802.83,4647.66,108376.97,2025-05-21
SAL011226,EMP01155,93214.27,3446.27,2846.54,93814,2025-11-15
SAL011227,EMP00540,133387.8,19559.08,9579.94,143366.94,2024-09-08
SAL011228,EMP00844,47926.34,16611.68,12106.4,52431.62,2026-03-03
SAL011229,EMP00166,129828.1,8056.82,7511.96,130372.96,2025-10-23
SAL011230,EMP01085,112851.97,18481.1,2691.52,128641.55,2026-04-10
SAL011231,EMP00733,46351.93,13995.18,14945.69,45401.42,2025-10-29
SAL011232,EMP01109,89535.09,9598.53,11716.34,87417.28,2025-11-05
SAL011233,EMP00144,112476.74,16255.43,12450.99,116281.18,2024-08-15
SAL011234,EMP00405,77852.81,14101.35,2940.16,89014,2024-08-18
SAL011235,EMP00458,74954.63,16066.42,6711.78,84309.27,2026-04-22
SAL011236,EMP00766,115515.64,12846.56,7509.93,120852.27,2025-03-29
SAL011237,EMP00325,133049.94,12151.39,11404.77,133796.56,2025-01-26
SAL011238,EMP00904,115366.61,8929.48,7634.31,116661.78,2025-08-21
SAL011239,EMP00633,46268.87,18827.1,14871.2,50224.77,2026-04-16
SAL011240,EMP00218,72051.09,14024.79,12104.13,73971.75,2024-11-10
SAL011241,EMP00830,20804.64,10435.46,13835.66,17404.44,2026-06-03
SAL011242,EMP00565,57845.24,19962.05,12099.65,65707.64,2025-05-29
SAL011243,EMP00946,93896.34,17214.87,9403.22,101707.99,2024-12-09
SAL011244,EMP00595,143938.4,5356.98,12713.77,136581.61,2026-02-13
SAL011245,EMP00568,24621.45,10169.42,6150.69,28640.18,2025-05-29
SAL011246,EMP00405,81030.01,17839.31,1002.25,97867.07,2024-12-27
SAL011247,EMP01181,106852.4,7070.79,12927.87,100995.32,2026-04-12
SAL011248,EMP00949,44187.07,6352.84,10720.3,39819.61,2024-08-25
SAL011249,EMP00746,118365.51,12360.91,9596.2,121130.22,2025-07-14
SAL011250,EMP01031,83240.77,3464.12,9089.27,77615.62,2025-02-16
SAL011251,EMP00018,121710.81,14595.2,1651.81,134654.2,2025-03-06
SAL011252,EMP00543,142644.87,12825.25,5323.15,150146.97,2026-03-04
SAL011253,EMP00010,116163.72,13077.57,14105.56,115135.73,2025-02-11
SAL011254,EMP00782,89152.65,8513.03,12617.69,85047.99,2025-11-13
SAL011255,EMP00523,43568.92,5552.99,9550.98,39570.93,2025-06-11
SAL011256,EMP00011,31524.22,12417.94,10113.81,33828.35,2024-10-16
SAL011257,EMP01137,33381.16,18290.77,4035.86,47636.07,2024-10-19
SAL011258,EMP00779,20061.5,1913.04,12833.82,9140.72,2025-12-05
SAL011259,EMP01185,38206.11,8127.86,2124.51,44209.46,2024-09-18
SAL011260,EMP00851,74664.12,13815.65,7342.2,81137.57,2026-02-18
SAL011261,EMP00833,85941.33,13193.36,6783.8,92350.89,2025-12-27
SAL011262,EMP00936,93611.19,18290.83,6469.49,105432.53,2025-11-12
SAL011263,EMP00809,81386.1,10438.72,3275.78,88549.04,2026-06-05
SAL011264,EMP00332,87823.44,12553.59,5664.51,94712.52,2025-05-03
SAL011265,EMP00107,44092.32,16711.22,10286.56,50516.98,2025-06-12
SAL011266,EMP00730,60991.06,9109.72,9742.09,60358.69,2024-10-30
SAL011267,EMP00022,72054.62,4093.77,12383.5,63764.89,2025-03-01
SAL011268,EMP01198,110462.42,9765.01,11836.45,108390.98,2026-03-16
SAL011269,EMP00429,75429.65,12871.07,3414.43,84886.29,2025-06-10
SAL011270,EMP00577,77269.92,18110.46,6995.62,88384.76,2024-08-15
SAL011271,EMP01134,35629.69,10325.92,2898.84,43056.77,2026-04-26
SAL011272,EMP00239,101029.12,18196.69,5182.55,114043.26,2025-04-05
SAL011273,EMP00272,120939.54,14288.73,5500.39,129727.88,2025-11-03
SAL011274,EMP00059,76686.63,17608.2,2064.35,92230.48,2024-12-16
SAL011275,EMP00927,42651.45,16868.4,3120.75,56399.1,2025-10-24
SAL011276,EMP01047,101330.63,9989.32,13476.03,97843.92,2025-03-10
SAL011277,EMP00052,119265.89,15268.57,2626.75,131907.71,2024-10-05
SAL011278,EMP01210,88809.41,7858.98,11290.68,85377.71,2025-05-22
SAL011279,EMP01097,44721.74,12819.99,6947.14,50594.59,2025-04-10
SAL011280,EMP01200,123388.86,10081.86,6670.85,126799.87,2025-03-18
SAL011281,EMP00002,80919.21,1256.53,13836.27,68339.47,2025-10-06
SAL011282,EMP00200,101087.38,14498.04,7265.78,108319.64,2025-01-08
SAL011283,EMP00567,68829.48,9292.42,12074.4,66047.5,2025-04-25
SAL011284,EMP01209,102432.83,12403.42,13555.44,101280.81,2025-12-06
SAL011285,EMP00577,108620.82,17883.46,9345.33,117158.95,2026-04-06
SAL011286,EMP00982,77757.18,10935.6,6158.13,82534.65,2025-02-27
SAL011287,EMP00689,64593.42,12838.81,4037.69,73394.54,2024-12-26
SAL011288,EMP00382,46641.84,9577.43,12118.76,44100.51,2025-12-29
SAL011289,EMP00579,98358.62,4832.09,11830.92,91359.79,2025-08-07
SAL011290,EMP00107,37904.43,9904.34,5608.76,42200.01,2025-03-05
SAL011291,EMP00476,57688.09,8754.61,5843.26,60599.44,2024-11-11
SAL011292,EMP00770,20917.9,18652.7,14054.9,25515.7,2024-11-10
SAL011293,EMP00207,111790.35,12428.33,10752.42,113466.26,2026-03-10
SAL011294,EMP00786,124095.13,1361.85,2110.63,123346.35,2024-12-14
SAL011295,EMP00508,143456.79,5406.52,1516.62,147346.69,2026-08-04
SAL011296,EMP00538,99215.17,6029.12,14209,91035.29,2026-05-02
SAL011297,EMP00116,126623.78,4866.59,7994.61,123495.76,2024-08-16
SAL011298,EMP00523,28741.54,13416.31,11563.53,30594.32,2025-03-16
SAL011299,EMP00336,143282.99,8982.55,7451.61,144813.93,2024-10-30
SAL011300,EMP00376,117412.66,5622.27,3162.17,119872.76,2026-04-14
SAL011301,EMP00293,42491.98,2080.53,4959.58,39612.93,2025-08-02
SAL011302,EMP00257,149695.02,19952.39,5607.96,164039.45,2025-09-17
SAL011303,EMP00632,80071.44,13377.51,13243.74,80205.21,2024-11-23
SAL011304,EMP00283,36554.01,9167.97,8497.04,37224.94,2025-02-28
SAL011305,EMP00573,87603.72,6454.47,12595.01,81463.18,2025-11-28
SAL011306,EMP00542,111692.55,18760.4,12698.67,117754.28,2025-12-28
SAL011307,EMP01032,44007.34,5080.48,8896.47,40191.35,2024-08-17
SAL011308,EMP01189,21515.75,2170.11,3092.45,20593.41,2026-07-28
SAL011309,EMP00798,98039.18,9978.99,8572.45,99445.72,2026-05-19
SAL011310,EMP00791,96166.41,6467.88,4364.7,98269.59,2026-07-23
SAL011311,EMP00976,143460.48,12681.85,9940.91,146201.42,2026-06-03
SAL011312,EMP00707,149454.9,16909.34,6956.99,159407.25,2025-04-01
SAL011313,EMP00811,111352.98,19618.77,8613.24,122358.51,2025-06-26
SAL011314,EMP00037,37992.4,9994.85,8387.54,39599.71,2024-09-11
SAL011315,EMP00042,89193.23,8614.03,14999.53,82807.73,2025-10-29
SAL011316,EMP00358,24596.08,4163.62,13150.84,15608.86,2024-12-26
SAL011317,EMP00985,30870.35,1029.23,7147.12,24752.46,2026-02-25
SAL011318,EMP00528,139873.22,15207.92,8343.09,146738.05,2026-06-28
SAL011319,EMP00110,91353.33,7489.44,14699.36,84143.41,2024-08-26
SAL011320,EMP01054,104724.83,1726.25,14123.64,92327.44,2026-04-13
SAL011321,EMP00413,50888.67,2346.5,4965.01,48270.16,2025-08-16
SAL011322,EMP00714,96024.3,1061.56,12660.12,84425.74,2025-08-26
SAL011323,EMP00900,83384.3,12282.68,4689.06,90977.92,2026-01-13
SAL011324,EMP01216,128222.76,3883.96,2407.69,129699.03,2026-01-07
SAL011325,EMP01216,79831.15,19062.81,10516.65,88377.31,2024-10-25
SAL011326,EMP00914,20297.43,5223.27,2984.21,22536.49,2026-06-21
SAL011327,EMP00568,48742.4,10978.98,14486.53,45234.85,2026-08-03
SAL011328,EMP00613,38487.9,15021.14,13711.49,39797.55,2026-07-27
SAL011329,EMP00378,62105.42,5635.32,3051.61,64689.13,2026-02-16
SAL011330,EMP00255,37884.98,5600.68,1618.19,41867.47,2024-12-02
SAL011331,EMP00880,23837.81,3917.58,3724.12,24031.27,2024-11-07
SAL011332,EMP00888,46236.52,3330.15,12932.5,36634.17,2024-12-20
SAL011333,EMP00500,140771.58,8402.36,11336.48,137837.46,2024-11-24
SAL011334,EMP00243,107214.4,12854.42,4507.04,115561.78,2025-11-18
SAL011335,EMP00968,42157.01,1610.81,4383.85,39383.97,2026-07-22
SAL011336,EMP00477,128255.91,18077.05,9140.29,137192.67,2025-05-27
SAL011337,EMP00100,47327.26,11901.88,3476.98,55752.16,2025-11-08
SAL011338,EMP00816,55923.41,9720.79,7183.51,58460.69,2026-04-29
SAL011339,EMP00749,100303.73,6783.63,13422.48,93664.88,2026-07-27
SAL011340,EMP00138,31526.37,3470.49,4482.09,30514.77,2025-03-08
SAL011341,EMP00921,69597.63,9568.88,1701.32,77465.19,2024-08-28
SAL011342,EMP00924,96022.41,2158.53,11528.83,86652.11,2026-04-05
SAL011343,EMP01066,82180.03,3152.64,11601.36,73731.31,2026-03-19
SAL011344,EMP00893,111811.34,13836.54,3180.77,122467.11,2024-12-11
SAL011345,EMP01090,46990.2,14451.57,9505.45,51936.32,2025-07-01
SAL011346,EMP00677,73284.28,13545.61,13868.66,72961.23,2025-09-28
SAL011347,EMP00810,133173.88,7152.58,8793.33,131533.13,2025-12-28
SAL011348,EMP01212,74807.05,14370.76,3835.01,85342.8,2025-08-01
SAL011349,EMP00752,142035.26,17837.31,1980.35,157892.22,2026-02-17
SAL011350,EMP00085,37177.19,3390.28,3916.05,36651.42,2025-05-03
SAL011351,EMP00180,122006.98,10712.29,1553.65,131165.62,2026-02-07
SAL011352,EMP00504,22092.86,9038.59,1215.51,29915.94,2025-05-12
SAL011353,EMP00379,142095.25,12916.52,7689.02,147322.75,2025-06-20
SAL011354,EMP00478,119346.43,17665.88,3884.31,133128,2025-06-05
SAL011355,EMP01172,29294.27,15702.83,8318.38,36678.72,2025-02-28
SAL011356,EMP00393,39607.38,14514.88,2190.75,51931.51,2025-04-29
SAL011357,EMP00126,118084.17,12287.93,7108.65,123263.45,2026-04-18
SAL011358,EMP00420,149697.38,12761.68,6700.67,155758.39,2026-05-01
SAL011359,EMP01089,88973.07,5588.32,14628.24,79933.15,2025-11-05
SAL011360,EMP01210,36837.53,7810.98,8651.53,35996.98,2025-12-19
SAL011361,EMP01096,41113.39,2636.05,5704.51,38044.93,2025-11-26
SAL011362,EMP01012,104086.56,16246.27,5238.2,115094.63,2026-03-08
SAL011363,EMP00093,45509.16,19717.31,10793.15,54433.32,2025-12-21
SAL011364,EMP00231,106022.32,15098.46,14338.11,106782.67,2025-09-22
SAL011365,EMP01090,63563.82,6968.08,1357.31,69174.59,2025-11-01
SAL011366,EMP00734,123637.91,1887.22,4160.74,121364.39,2025-07-06
SAL011367,EMP00158,54643.04,16802.84,2236.8,69209.08,2025-06-28
SAL011368,EMP01161,52021.61,16157.73,12851.17,55328.17,2026-04-02
SAL011369,EMP01006,30699.53,10741.77,4051.89,37389.41,2025-03-17
SAL011370,EMP00487,104919.48,17633.27,1730.48,120822.27,2025-07-05
SAL011371,EMP00944,21657.04,10401.49,1907.17,30151.36,2026-04-11
SAL011372,EMP00437,34870.64,10703.32,7481.63,38092.33,2024-10-10
SAL011373,EMP01042,42750.7,15520.83,8610.31,49661.22,2026-06-07
SAL011374,EMP01153,114088.79,5250.22,13490.45,105848.56,2025-08-20
SAL011375,EMP00217,21230.29,12677.49,5222.56,28685.22,2025-03-20
SAL011376,EMP00215,50004.23,17019.59,1304.14,65719.68,2025-12-14
SAL011377,EMP00766,84838.34,19662.7,4245.87,100255.17,2024-09-15
SAL011378,EMP01164,35865.46,12470.02,2673.06,45662.42,2026-04-13
SAL011379,EMP00459,109743.67,6007.98,2017.08,113734.57,2025-10-05
SAL011380,EMP00533,36096.54,13330.49,2867.12,46559.91,2024-11-28
SAL011381,EMP00534,100786.64,13207.2,13715.76,100278.08,2025-12-22
SAL011382,EMP00289,139323.38,7960.76,6776.26,140507.88,2025-05-30
SAL011383,EMP00854,101876.41,11622.93,3256.21,110243.13,2025-10-06
SAL011384,EMP01054,147617.1,5907.22,4190.44,149333.88,2025-02-16
SAL011385,EMP00423,109460.9,12784.39,6386.15,115859.14,2025-10-23
SAL011386,EMP00686,20310.28,11202.67,3451.45,28061.5,2024-08-28
SAL011387,EMP00369,35229.08,7154.24,10819.08,31564.24,2026-02-03
SAL011388,EMP00504,127802.38,9424.24,5515.93,131710.69,2025-06-22
SAL011389,EMP00612,23908.55,16866.28,3847.39,36927.44,2026-05-27
SAL011390,EMP01041,21175.66,13006.94,11339.65,22842.95,2025-04-28
SAL011391,EMP00667,119595.92,2394.95,7095.59,114895.28,2025-06-18
SAL011392,EMP00809,67916.37,16765.68,9722.69,74959.36,2025-08-23
SAL011393,EMP00069,101641.04,7669.6,3164.52,106146.12,2024-11-09
SAL011394,EMP00964,51005.9,3810.5,14784.94,40031.46,2025-05-12
SAL011395,EMP00738,95061.51,18368.54,7698.95,105731.1,2024-11-01
SAL011396,EMP00490,148962.83,13648.16,2569.97,160041.02,2024-12-20
SAL011397,EMP00624,59584.38,17363.02,4984.05,71963.35,2025-04-13
SAL011398,EMP01147,63689.85,2271.23,5683.87,60277.21,2025-12-06
SAL011399,EMP01135,62092.98,14252.78,3886.65,72459.11,2026-07-21
SAL011400,EMP00826,89035.31,8650.91,11032.81,86653.41,2024-10-29
SAL011401,EMP00146,102832.68,12603.96,11266.89,104169.75,2026-07-01
SAL011402,EMP00229,139076.83,4671.38,2952.49,140795.72,2026-01-08
SAL011403,EMP00510,133523.42,16133.18,11680.48,137976.12,2025-02-11
SAL011404,EMP00242,33298,19696.24,1062.1,51932.14,2024-09-11
SAL011405,EMP00587,147016.45,9373.84,2620.83,153769.46,2026-04-12
SAL011406,EMP00416,60061.56,1180.92,10565.67,50676.81,2025-05-17
SAL011407,EMP00213,44217.75,18428.75,8605.45,54041.05,2025-08-04
SAL011408,EMP00451,50436.72,2347.88,5656.26,47128.34,2025-06-03
SAL011409,EMP01092,124288.74,15880.2,12876.36,127292.58,2025-03-05
SAL011410,EMP01070,141375.19,3537.83,11884.19,133028.83,2025-11-27
SAL011411,EMP00229,38699.98,10531.07,5584.09,43646.96,2025-01-14
SAL011412,EMP00644,56286.94,19188.13,4895.91,70579.16,2026-02-08
SAL011413,EMP01031,89570.32,16276.86,5394.41,100452.77,2024-10-01
SAL011414,EMP00528,22323.9,11653.71,10283.89,23693.72,2024-10-28
SAL011415,EMP00387,123112.86,5691.06,14013.44,114790.48,2024-12-19
SAL011416,EMP01155,58260.23,4537.05,10267.3,52529.98,2024-12-03
SAL011417,EMP00227,30986,14948.05,6605.71,39328.34,2025-09-12
SAL011418,EMP00559,102868.32,8299.98,6449.21,104719.09,2025-07-11
SAL011419,EMP00926,62930.65,10803.33,5619.01,68114.97,2025-10-21
SAL011420,EMP00408,46311.63,4426.27,8369.94,42367.96,2026-02-12
SAL011421,EMP00061,81401.64,11174.05,14595,77980.69,2025-05-17
SAL011422,EMP00848,86263.58,19523.6,2104.05,103683.13,2025-12-22
SAL011423,EMP01219,51158.94,16760.58,1684.71,66234.81,2025-09-23
SAL011424,EMP00570,40476.33,10219.73,13737.12,36958.94,2025-10-12
SAL011425,EMP00945,61428.91,2991.61,13782.35,50638.17,2025-01-27
SAL011426,EMP01205,138022.44,3688.1,1336.86,140373.68,2024-11-01
SAL011427,EMP00856,129549.97,7378.77,9920.77,127007.97,2025-12-09
SAL011428,EMP01210,59746.05,2131.52,1952.75,59924.82,2026-02-09
SAL011429,EMP01144,29529.54,11411.86,7471.75,33469.65,2026-07-23
SAL011430,EMP01156,92318.27,16906.3,9930.22,99294.35,2024-11-08
SAL011431,EMP00233,74178.66,10833.03,14384.77,70626.92,2026-02-09
SAL011432,EMP00158,107883.99,5625.59,6972.52,106537.06,2025-12-19
SAL011433,EMP00908,35157.32,3911.86,1691.48,37377.7,2024-09-04
SAL011434,EMP00995,127517.02,13337.9,9850.74,131004.18,2025-07-17
SAL011435,EMP00976,75266.44,4030.04,2015.8,77280.68,2026-04-02
SAL011436,EMP00116,68939.56,13585.13,6292.65,76232.04,2026-07-09
SAL011437,EMP00559,143842.72,8225.49,14221.81,137846.4,2026-03-05
SAL011438,EMP00392,64103.15,1146.23,12451.92,52797.46,2024-10-26
SAL011439,EMP00218,44186.75,4721.13,7235.47,41672.41,2025-01-29
SAL011440,EMP00233,52018.62,10572.02,2968.38,59622.26,2025-02-22
SAL011441,EMP01023,121348.78,4202.08,11874.39,113676.47,2025-04-19
SAL011442,EMP01138,98354.42,9735.22,12857.53,95232.11,2026-05-28
SAL011443,EMP01192,142977.9,8256.55,11980.81,139253.64,2025-05-14
SAL011444,EMP00653,25951.1,8822.68,13298.34,21475.44,2025-06-25
SAL011445,EMP00189,86530.33,3231.85,7984.07,81778.11,2025-12-15
SAL011446,EMP00227,80250.81,10276.94,9793.1,80734.65,2025-04-19
SAL011447,EMP00676,116431.11,5437.39,5305.66,116562.84,2025-09-21
SAL011448,EMP00534,109263.05,13722.61,9902.35,113083.31,2025-06-11
SAL011449,EMP00571,97835.53,11391.93,13671.75,95555.71,2026-06-08
SAL011450,EMP01109,130341.37,17217.14,11925.99,135632.52,2025-09-02
SAL011451,EMP00133,55500.28,13067.22,3960.59,64606.91,2025-05-23
SAL011452,EMP00417,143666.61,18330.28,8804.23,153192.66,2026-06-13
SAL011453,EMP01039,125411.36,10212.6,5236.36,130387.6,2026-04-20
SAL011454,EMP01175,75709.14,17007.23,10028.47,82687.9,2025-08-21
SAL011455,EMP00727,59812,11083.56,2514.34,68381.22,2024-09-24
SAL011456,EMP00185,144004.43,1374.44,5901.97,139476.9,2025-04-10
SAL011457,EMP01026,118953.98,12610.29,13268.26,118296.01,2025-12-24
SAL011458,EMP01055,99841.04,9206.79,4268.21,104779.62,2024-11-25
SAL011459,EMP01053,103737.2,7852.84,2164.54,109425.5,2025-12-08
SAL011460,EMP00638,43913.65,7339.51,11982.28,39270.88,2026-05-11
SAL011461,EMP00489,147537.12,13043.42,2936.66,157643.88,2026-07-30
SAL011462,EMP00465,30614.98,14738.46,7290.51,38062.93,2025-08-28
SAL011463,EMP00111,50632.37,6601.02,10249.63,46983.76,2026-07-02
SAL011464,EMP01186,125114.6,18099.78,8972.74,134241.64,2026-01-10
SAL011465,EMP00003,109354.24,12159.55,8551.43,112962.36,2026-05-09
SAL011466,EMP00143,90943.48,1179.8,13941.05,78182.23,2025-04-20
SAL011467,EMP00283,86395.45,7000.84,14684.43,78711.86,2024-12-05
SAL011468,EMP00777,96686.35,16635.4,14256.66,99065.09,2025-04-18
SAL011469,EMP00670,75888.44,8959.88,2565.78,82282.54,2026-01-07
SAL011470,EMP00367,72443.76,15136.27,5217.81,82362.22,2025-10-17
SAL011471,EMP00583,27616.38,11992.7,8943.19,30665.89,2026-02-18
SAL011472,EMP00306,72297.95,7671.78,6584.36,73385.37,2025-11-25
SAL011473,EMP00303,107492.18,1835.97,9237.57,100090.58,2025-04-17
SAL011474,EMP00702,78634.82,13159.93,4313.92,87480.83,2025-05-16
SAL011475,EMP00497,59523.8,10110.72,10597.05,59037.47,2025-04-01
SAL011476,EMP00010,139347.34,17618.46,7711.28,149254.52,2025-12-26
SAL011477,EMP00442,135846.4,4520.83,11827.95,128539.28,2024-10-01
SAL011478,EMP01029,71172.52,11053.69,5927.38,76298.83,2026-05-05
SAL011479,EMP01117,112415.36,2520.6,8601.96,106334,2025-06-27
SAL011480,EMP00728,34168.67,8835.78,3380.33,39624.12,2025-09-30
SAL011481,EMP00021,137496.67,15014.88,1169.55,151342,2025-02-13
SAL011482,EMP00031,72208.58,2878.62,13420.05,61667.15,2025-10-06
SAL011483,EMP00068,26606.11,16341.22,10422.26,32525.07,2025-12-06
SAL011484,EMP00174,143503.15,15345.49,6382.44,152466.2,2026-01-24
SAL011485,EMP00814,117860.12,2579.78,11976.66,108463.24,2024-11-05
SAL011486,EMP00680,118105.56,8994.93,8631.56,118468.93,2025-02-27
SAL011487,EMP00107,56612.82,15884.67,9455.5,63041.99,2025-07-23
SAL011488,EMP00075,90948.17,17886.12,13856.72,94977.57,2024-11-29
SAL011489,EMP01018,85888.67,5473.3,10234.89,81127.08,2024-09-23
SAL011490,EMP00872,140419.38,10146.81,4725.32,145840.87,2025-07-24
SAL011491,EMP00796,130332.9,14976.01,1678.61,143630.3,2026-05-19
SAL011492,EMP01051,116890.53,15380.87,6066.56,126204.84,2024-08-12
SAL011493,EMP00573,135276.7,13028.55,5837.06,142468.19,2024-09-18
SAL011494,EMP00329,134327.98,8671.52,3822.55,139176.95,2025-03-18
SAL011495,EMP00591,100280.61,11015.55,2698.74,108597.42,2025-09-24
SAL011496,EMP00906,69648.6,3775.49,14025.78,59398.31,2026-05-02
SAL011497,EMP00377,87019.56,13941.74,10479.49,90481.81,2024-10-27
SAL011498,EMP01092,138414.8,10861.36,14997.93,134278.23,2025-03-16
SAL011499,EMP00742,34242.54,8659.56,9945.03,32957.07,2025-01-14
SAL011500,EMP00228,71403.38,11112.67,14540.36,67975.69,2025-11-26
SAL011501,EMP00859,74075.93,5345.46,4688.48,74732.91,2025-07-09
SAL011502,EMP00621,138769.15,2511.89,12621.69,128659.35,2024-09-03
SAL011503,EMP00065,110703.05,6893.84,8986.58,108610.31,2025-07-28
SAL011504,EMP00118,121182.72,2030.24,3954.96,119258,2026-02-03
SAL011505,EMP00807,118213.83,15191.73,5539.85,127865.71,2024-09-21
SAL011506,EMP01059,51364.51,11970.13,14094.46,49240.18,2026-05-30
SAL011507,EMP00678,86496.68,8891.16,10901.04,84486.8,2024-10-02
SAL011508,EMP01100,29988.57,2743.29,4910.39,27821.47,2026-04-11
SAL011509,EMP00850,147823.69,8516.38,2931.75,153408.32,2025-08-07
SAL011510,EMP00706,132717.72,7893.27,1663.28,138947.71,2026-05-20
SAL011511,EMP01100,74037.44,8818.01,6002.57,76852.88,2026-02-09
SAL011512,EMP01058,88360.37,16428.85,12922.88,91866.34,2025-06-16
SAL011513,EMP00658,119685.29,13739.11,6774.48,126649.92,2025-11-23
SAL011514,EMP00010,95808.95,12285.7,9602.44,98492.21,2025-02-26
SAL011515,EMP00392,92081.94,19845.28,2199.37,109727.85,2026-05-12
SAL011516,EMP00261,86657.28,17576.5,4284.17,99949.61,2025-01-21
SAL011517,EMP00293,79581.39,15093.46,6374.99,88299.86,2026-07-04
SAL011518,EMP00039,20013.32,19674.48,12498.27,27189.53,2024-09-24
SAL011519,EMP00064,133797.99,14467.16,8816.23,139448.92,2025-11-06
SAL011520,EMP00115,115933.94,6566.11,11954.68,110545.37,2025-07-30
SAL011521,EMP00397,145331.12,8029.41,6640.26,146720.27,2026-04-28
SAL011522,EMP00969,55966.85,13051.88,14416.34,54602.39,2025-06-16
SAL011523,EMP01152,102209.97,7674.24,11564.21,98320,2024-10-09
SAL011524,EMP00554,127051.24,19003.09,1526.95,144527.38,2024-09-22
SAL011525,EMP00568,95699.14,17337.58,13664.14,99372.58,2024-08-20
SAL011526,EMP00323,145112.13,4677.42,2104.63,147684.92,2025-02-13
SAL011527,EMP00208,132486.64,1316.18,6942.02,126860.8,2025-02-20
SAL011528,EMP00228,62287.48,8212.57,14608.04,55892.01,2025-03-14
SAL011529,EMP00515,131240.29,16323.84,8351.78,139212.35,2025-10-13
SAL011530,EMP00393,130923.68,5091.17,14713.44,121301.41,2026-06-23
SAL011531,EMP00250,122917.51,12467.92,7791.47,127593.96,2025-06-12
SAL011532,EMP00791,126649.32,3707.77,9235.11,121121.98,2025-09-02
SAL011533,EMP00806,40216,10383.09,6290.63,44308.46,2025-10-16
SAL011534,EMP00916,139675.32,9431.61,4815.77,144291.16,2025-05-28
SAL011535,EMP00696,113966.45,18083.43,12355.43,119694.45,2026-03-10
SAL011536,EMP00229,139475.72,1824.09,4901.68,136398.13,2025-04-14
SAL011537,EMP00592,72705.51,10506.82,12662.62,70549.71,2025-11-10
SAL011538,EMP00551,138283.08,10976.38,10295.77,138963.69,2025-01-02
SAL011539,EMP00216,59174.47,2019.71,9619.29,51574.89,2025-12-25
SAL011540,EMP01043,28864.12,19791.54,2440.97,46214.69,2025-07-16
SAL011541,EMP00125,61356.49,3910.27,5391.9,59874.86,2026-03-31
SAL011542,EMP00513,124631.17,4835.25,3797.4,125669.02,2026-07-19
SAL011543,EMP00194,87939.79,4417.07,2717,89639.86,2025-06-06
SAL011544,EMP00141,88181.99,2177.35,11340.68,79018.66,2025-04-27
SAL011545,EMP00210,21991.95,1492.59,6625.5,16859.04,2025-12-02
SAL011546,EMP00444,129196.41,8067.77,10130.9,127133.28,2024-10-24
SAL011547,EMP00857,22279.74,13538.68,5112.16,30706.26,2025-08-26
SAL011548,EMP00877,119673.33,14365.32,4723.08,129315.57,2025-07-11
SAL011549,EMP01166,56429.25,6928.65,5611.81,57746.09,2024-10-11
SAL011550,EMP00470,147868.7,4339.77,8844.07,143364.4,2024-11-27
SAL011551,EMP00700,132735.72,8730.47,1652.38,139813.81,2025-06-05
SAL011552,EMP00957,116992.26,16589.58,3998.96,129582.88,2025-02-27
SAL011553,EMP00534,78740.52,6544.89,7774.33,77511.08,2025-06-29
SAL011554,EMP00545,67553.32,2559.97,1734.94,68378.35,2025-01-10
SAL011555,EMP00569,63102.35,6240.38,12145.76,57196.97,2024-12-29
SAL011556,EMP01003,52828.76,8719.01,1292.66,60255.11,2025-10-04
SAL011557,EMP00306,104395.57,18779.2,8344.57,114830.2,2024-09-12
SAL011558,EMP00890,124588.8,13810.87,1950.41,136449.26,2025-12-06
SAL011559,EMP00772,23937.1,10196.65,10139.56,23994.19,2025-06-05
SAL011560,EMP00911,111573.85,11095.85,1361.43,121308.27,2025-10-22
SAL011561,EMP01066,106201.83,7043.61,8160.58,105084.86,2024-11-22
SAL011562,EMP00855,70552.94,7094.07,11643.22,66003.79,2025-05-10
SAL011563,EMP00694,28061.88,5268.06,1515.07,31814.87,2025-11-06
SAL011564,EMP00971,108202.53,4137.58,11903.3,100436.81,2026-02-06
SAL011565,EMP00366,78677.94,5096.55,4701.89,79072.6,2026-05-13
SAL011566,EMP00708,101764.38,14636.59,2126.81,114274.16,2026-03-13
SAL011567,EMP00147,97064.44,1940.67,2258.44,96746.67,2025-11-18
SAL011568,EMP00779,79346.63,14672.71,8122.33,85897.01,2026-01-09
SAL011569,EMP00138,118741.72,2962.86,2221.72,119482.86,2025-10-29
SAL011570,EMP00817,79565.44,1312.28,10110.45,70767.27,2025-04-05
SAL011571,EMP00322,21902.93,13587.11,2758.32,32731.72,2025-11-12
SAL011572,EMP01048,146821.13,13501.61,9327.8,150994.94,2024-12-24
SAL011573,EMP01164,117225.49,12591.18,13391.02,116425.65,2025-01-01
SAL011574,EMP00963,124774.05,3613.01,12782.1,115604.96,2025-01-20
SAL011575,EMP01224,27764.54,6861.49,14760.56,19865.47,2025-01-04
SAL011576,EMP00732,22041.92,19222.46,12182.57,29081.81,2024-11-10
SAL011577,EMP00066,108354.92,15371.66,13346.66,110379.92,2024-11-02
SAL011578,EMP01037,25285.27,17908.04,1276.47,41916.84,2026-04-13
SAL011579,EMP01060,32552.61,11636.61,10075.87,34113.35,2025-12-21
SAL011580,EMP00917,117436.87,5329.84,6292.87,116473.84,2025-11-20
SAL011581,EMP00206,66111.95,16578.9,6764.28,75926.57,2026-03-13
SAL011582,EMP00469,50629.12,11880.39,4101.78,58407.73,2025-01-15
SAL011583,EMP00582,37598.29,10171.24,11041.44,36728.09,2025-09-26
SAL011584,EMP00066,140469.31,4796.85,9282.33,135983.83,2025-07-14
SAL011585,EMP00700,119717.47,16935.82,11886.49,124766.8,2024-10-28
SAL011586,EMP00204,83651.92,15454.58,2020.18,97086.32,2025-04-11
SAL011587,EMP00014,58630.05,8952.87,4837.24,62745.68,2026-05-08
SAL011588,EMP00600,59003.06,14432.49,3067.96,70367.59,2025-04-26
SAL011589,EMP00275,131738.94,15273.83,10776.07,136236.7,2025-08-02
SAL011590,EMP00272,85907.49,12229.48,6858.77,91278.2,2026-05-14
SAL011591,EMP00158,147195.48,13134.48,12399.86,147930.1,2025-02-25
SAL011592,EMP00354,143538.88,8787.5,3023.7,149302.68,2025-03-27
SAL011593,EMP00906,141305.27,3828.88,1274.17,143859.98,2025-01-29
SAL011594,EMP00978,103981.13,12022.8,8373.81,107630.12,2024-11-19
SAL011595,EMP00809,52193.93,19722.58,1819.29,70097.22,2025-09-17
SAL011596,EMP00622,93924.37,7259.8,11236.44,89947.73,2025-04-05
SAL011597,EMP00799,135673.12,15403.45,9886.84,141189.73,2026-01-25
SAL011598,EMP01011,86086.07,17233.39,4404.7,98914.76,2026-01-24
SAL011599,EMP00522,71609.05,17128.06,9471.26,79265.85,2025-11-29
SAL011600,EMP01099,67840.68,19781.96,7840.19,79782.45,2026-01-25
SAL011601,EMP00139,135745.86,6171.65,12620.11,129297.4,2026-06-13
SAL011602,EMP00062,74205.26,18842.15,1092.53,91954.88,2026-06-05
SAL011603,EMP01058,68018.41,15818.83,6990.19,76847.05,2025-11-12
SAL011604,EMP00207,102987.12,13693.87,11048.4,105632.59,2025-12-24
SAL011605,EMP00233,40807.64,15890.11,12544.43,44153.32,2025-10-21
SAL011606,EMP00465,139556.52,2760.52,13444.46,128872.58,2025-04-30
SAL011607,EMP00061,112695.62,17115.79,1255.3,128556.11,2026-07-12
SAL011608,EMP01104,24458.79,5816.45,1702.31,28572.93,2025-12-04
SAL011609,EMP00905,92877.77,10472.83,13803.41,89547.19,2024-09-28
SAL011610,EMP00513,149394.04,13533.34,3855.88,159071.5,2025-08-24
SAL011611,EMP00832,148700.66,7871.65,7586.06,148986.25,2025-04-07
SAL011612,EMP00403,58775.55,10410.86,7094.44,62091.97,2025-01-13
SAL011613,EMP00132,147106.46,9860.4,7865.91,149100.95,2025-09-13
SAL011614,EMP00758,128230.87,3824.17,14232.91,117822.13,2025-01-29
SAL011615,EMP00299,21797.99,15867.64,5676.97,31988.66,2025-02-16
SAL011616,EMP01100,92718.75,15542.51,4289.87,103971.39,2026-07-29
SAL011617,EMP01161,39274.85,18059.8,3824.91,53509.74,2025-12-12
SAL011618,EMP00361,25524.02,3807.77,12508.24,16823.55,2025-06-21
SAL011619,EMP01174,59086.69,9577.05,2671,65992.74,2026-07-13
SAL011620,EMP00478,101496.49,10420.92,13447.35,98470.06,2026-04-15
SAL011621,EMP00478,75286.37,1314.76,3570.86,73030.27,2025-11-05
SAL011622,EMP00906,75190.23,15238.34,12853.89,77574.68,2026-01-10
SAL011623,EMP00309,46211.66,10732.83,3421.84,53522.65,2025-01-07
SAL011624,EMP00702,68911.46,10968.59,6412.99,73467.06,2025-08-26
SAL011625,EMP00399,25204.3,17846.79,5374.43,37676.66,2025-02-12
SAL011626,EMP01144,25359.08,1812.73,9280.27,17891.54,2025-04-27
SAL011627,EMP00312,89715.45,1652.62,10716.06,80652.01,2025-01-12
SAL011628,EMP00722,86224.76,13846.99,14227.85,85843.9,2025-09-02
SAL011629,EMP00845,62221.29,5568.07,8575.27,59214.09,2026-05-05
SAL011630,EMP00799,94191.67,14119.71,4649.12,103662.26,2026-06-17
SAL011631,EMP00853,20784.61,6882.57,10767.28,16899.9,2026-08-11
SAL011632,EMP01017,147429.43,1800.72,5861.12,143369.03,2025-09-23
SAL011633,EMP00330,120353.41,15242.18,3205.05,132390.54,2025-09-19
SAL011634,EMP00215,83969.02,7938.98,13097.84,78810.16,2026-06-30
SAL011635,EMP00239,117492.64,19784.22,11184.5,126092.36,2025-05-20
SAL011636,EMP00642,92590.12,7305.65,8629.85,91265.92,2026-06-28
SAL011637,EMP00575,47601.75,11895.5,1924.89,57572.36,2024-10-19
SAL011638,EMP00524,33658.75,1332.79,2693.19,32298.35,2025-06-19
SAL011639,EMP00938,22274.81,7242.38,14689.74,14827.45,2024-09-03
SAL011640,EMP00294,114234.59,16887.3,4372.5,126749.39,2025-02-04
SAL011641,EMP00393,111299.57,18378.01,11740.96,117936.62,2026-07-30
SAL011642,EMP00754,50925.1,4249.26,5285.74,49888.62,2026-07-01
SAL011643,EMP01064,49243.73,1262.38,1810.43,48695.68,2026-01-18
SAL011644,EMP00074,123688.7,10728.91,14630.38,119787.23,2026-04-24
SAL011645,EMP01199,48702.8,14368.04,3331.03,59739.81,2026-02-01
SAL011646,EMP00021,44678.86,7294.77,10092.99,41880.64,2026-04-17
SAL011647,EMP00164,87571.45,5375.47,13532.22,79414.7,2025-12-29
SAL011648,EMP01074,126378.74,17995.25,3091,141282.99,2025-08-14
SAL011649,EMP01205,120465.02,6111.34,14456.04,112120.32,2025-08-07
SAL011650,EMP00633,86591.3,8268.22,1413.42,93446.1,2025-07-19
SAL011651,EMP00347,60105.07,15403.93,6810.45,68698.55,2026-07-30
SAL011652,EMP00540,85361.66,18044.25,1481.27,101924.64,2025-04-24
SAL011653,EMP00715,132063.25,10111.57,7422.64,134752.18,2025-11-04
SAL011654,EMP00368,93517.31,2144.09,7848.41,87812.99,2026-02-27
SAL011655,EMP01195,121924.21,15866.33,3128.11,134662.43,2026-07-20
SAL011656,EMP00422,48185.04,10873,9236.1,49821.94,2026-03-31
SAL011657,EMP01118,106416.16,15301.55,3405.49,118312.22,2025-01-04
SAL011658,EMP00101,107028.25,18857.32,8383.19,117502.38,2025-03-08
SAL011659,EMP00220,120695.7,3159.47,6926.27,116928.9,2024-09-26
SAL011660,EMP01156,137243.35,10274.65,11113.62,136404.38,2026-01-01
SAL011661,EMP00770,92518.47,5925.93,2995.73,95448.67,2026-04-05
SAL011662,EMP01075,115078.14,8021.27,13637.84,109461.57,2025-08-24
SAL011663,EMP00937,85745.93,9417.53,5933.26,89230.2,2025-06-13
SAL011664,EMP00160,63213.1,5284,5333.67,63163.43,2024-09-14
SAL011665,EMP00500,34273.1,18525.97,6041.29,46757.78,2026-06-17
SAL011666,EMP00173,95347.03,17453.71,5319.95,107480.79,2026-03-03
SAL011667,EMP00330,121039.1,19973.21,9090.95,131921.36,2025-10-17
SAL011668,EMP00428,33668.18,19836.79,10897.58,42607.39,2026-02-28
SAL011669,EMP00793,54639.62,8636.51,11285.56,51990.57,2025-05-20
SAL011670,EMP00743,123500.05,10487.63,1494.19,132493.49,2026-04-06
SAL011671,EMP00760,117792.6,5578.31,8740.35,114630.56,2025-05-25
SAL011672,EMP00584,122909.63,3993.33,1604.12,125298.84,2026-06-14
SAL011673,EMP00803,113540.78,13054.54,6089.84,120505.48,2025-03-29
SAL011674,EMP00248,89603.17,19986.16,5779.92,103809.41,2026-04-13
SAL011675,EMP00772,56995.03,17717.77,6522.53,68190.27,2026-02-28
SAL011676,EMP01060,127074.45,16443.84,3941.83,139576.46,2025-11-09
SAL011677,EMP00348,103221.13,12224.7,9343.57,106102.26,2026-07-12
SAL011678,EMP00396,41306.26,14118.09,10693.23,44731.12,2026-05-09
SAL011679,EMP00330,43760.14,17076.48,13388.54,47448.08,2025-10-18
SAL011680,EMP00830,103247.44,19780.75,11029.73,111998.46,2025-01-16
SAL011681,EMP00161,42176.18,13787.13,9459.24,46504.07,2026-02-03
SAL011682,EMP01024,26314.51,14862.94,7800.94,33376.51,2025-10-05
SAL011683,EMP00435,64775.21,18293.73,3742.1,79326.84,2025-08-06
SAL011684,EMP00905,73550.96,4034.86,2514.43,75071.39,2025-10-06
SAL011685,EMP00022,107478.2,10255.29,7710.3,110023.19,2026-05-04
SAL011686,EMP00569,63394.74,12725.96,3349.35,72771.35,2025-06-18
SAL011687,EMP01037,24279.13,13242.31,5109.77,32411.67,2025-05-11
SAL011688,EMP00807,90718.44,18400.89,9058.73,100060.6,2026-08-02
SAL011689,EMP00664,126396.72,16257.84,5920.05,136734.51,2026-03-24
SAL011690,EMP00255,106057.1,8150.61,10110.05,104097.66,2025-06-01
SAL011691,EMP00736,92316.34,2177.3,7453.76,87039.88,2025-11-22
SAL011692,EMP01169,120991.55,4236.88,2643.26,122585.17,2025-04-21
SAL011693,EMP01095,51230.63,10084.6,1592.32,59722.91,2024-11-28
SAL011694,EMP00615,58853.11,9181.37,1564.5,66469.98,2025-05-19
SAL011695,EMP00390,44354.53,13721.5,4219.7,53856.33,2025-04-14
SAL011696,EMP00195,55152.03,9953.71,8207.81,56897.93,2024-12-03
SAL011697,EMP01182,65458.45,15700.74,8131.04,73028.15,2026-02-04
SAL011698,EMP00074,104912.31,3091,6779.75,101223.56,2025-07-03
SAL011699,EMP00322,96035.08,17997.89,7651.42,106381.55,2025-08-11
SAL011700,EMP00132,145029.48,2171.4,10167.79,137033.09,2025-08-10
SAL011701,EMP01211,63830.11,14468.35,5585.18,72713.28,2026-04-26
SAL011702,EMP00401,79825.21,2575.29,12335.15,70065.35,2025-01-10
SAL011703,EMP00089,122661.56,14698.59,10964.22,126395.93,2026-05-11
SAL011704,EMP01058,64162.84,7590.17,7888.24,63864.77,2024-10-18
SAL011705,EMP00551,124381,10657.5,2767.11,132271.39,2025-08-06
SAL011706,EMP00728,43744.51,19449.94,11754.51,51439.94,2025-10-16
SAL011707,EMP00038,117138.44,17965.07,7228.16,127875.35,2024-11-13
SAL011708,EMP00305,105648.37,6771.56,6268.35,106151.58,2026-04-27
SAL011709,EMP00910,89887.8,18104.64,13567.13,94425.31,2026-03-22
SAL011710,EMP00874,37400.8,7869.46,2197.84,43072.42,2025-04-20
SAL011711,EMP01077,38686.2,1712.11,11710.65,28687.66,2025-02-27
SAL011712,EMP00686,89369.57,7652.78,10506.58,86515.77,2025-01-06
SAL011713,EMP00838,140857.61,7184.58,6145.4,141896.79,2024-09-22
SAL011714,EMP00333,147641.87,11979.78,14432.5,145189.15,2026-04-25
SAL011715,EMP00729,23300.82,11032.63,12924.54,21408.91,2025-11-26
SAL011716,EMP00547,66814.99,15363.51,13356.86,68821.64,2024-12-23
SAL011717,EMP00628,121902.05,15216.54,9606.71,127511.88,2025-08-14
SAL011718,EMP00741,31427.46,17736.58,2997.59,46166.45,2025-10-25
SAL011719,EMP00777,35587.66,15747.31,7011.87,44323.1,2025-06-15
SAL011720,EMP01198,55158.4,14699.74,12388.52,57469.62,2025-06-15
SAL011721,EMP01225,37347.04,19911.84,11274,45984.88,2025-02-21
SAL011722,EMP00042,55564.63,10870.12,12750.54,53684.21,2026-07-26
SAL011723,EMP00696,136224.44,7808.57,7434.65,136598.36,2026-07-27
SAL011724,EMP00741,48732.03,10023.82,12552.47,46203.38,2026-04-19
SAL011725,EMP00848,149690.72,13003.77,8760.14,153934.35,2026-07-11
SAL011726,EMP00805,70809.97,11733.97,2614.15,79929.79,2026-03-14
SAL011727,EMP01112,105317.93,18712.35,10477.56,113552.72,2025-10-16
SAL011728,EMP00250,83853.83,14877.2,4973.63,93757.4,2025-03-17
SAL011729,EMP00530,27287.49,10892.99,3965.78,34214.7,2026-03-25
SAL011730,EMP01071,67684.85,13666.59,4856.95,76494.49,2025-01-22
SAL011731,EMP00186,32426.29,10844.96,7341.88,35929.37,2025-12-01
SAL011732,EMP00954,129202.86,18307.88,5432.83,142077.91,2025-02-08
SAL011733,EMP01171,76258.88,14920.97,10193.64,80986.21,2026-01-08
SAL011734,EMP00804,22972.1,15726.02,10492.98,28205.14,2026-03-21
SAL011735,EMP00024,142436.38,5802.19,6272.79,141965.78,2026-04-04
SAL011736,EMP00612,119499.42,16035.51,1572.6,133962.33,2025-05-30
SAL011737,EMP00245,90948.44,3990.09,3684.04,91254.49,2026-06-22
SAL011738,EMP00401,82739.46,14270.97,1661.42,95349.01,2025-05-22
SAL011739,EMP00394,111972.52,17949.22,3046.7,126875.04,2026-07-18
SAL011740,EMP00762,149502.13,17727.07,7931.17,159298.03,2025-06-23
SAL011741,EMP00774,69293.06,2369,4061.6,67600.46,2024-11-14
SAL011742,EMP00845,30134.82,17021.37,14554.78,32601.41,2025-02-23
SAL011743,EMP00909,141795.27,14636.68,11026.29,145405.66,2025-04-10
SAL011744,EMP00958,86186.7,16636.98,3156.18,99667.5,2025-11-09
SAL011745,EMP00960,67192.01,3182.31,1914.48,68459.84,2024-09-29
SAL011746,EMP00837,80603.86,12215.67,2185.82,90633.71,2026-02-07
SAL011747,EMP01054,117856.91,1442.02,4949.53,114349.4,2025-05-08
SAL011748,EMP00753,100938.95,8642.45,13936.54,95644.86,2024-09-01
SAL011749,EMP00931,130724.38,16164.61,2536.35,144352.64,2024-12-14
SAL011750,EMP00853,96750.53,6096.19,13866.83,88979.89,2025-11-21
SAL011751,EMP00494,82171.9,2873.79,12664.65,72381.04,2025-08-14
SAL011752,EMP00661,139429.47,7937.2,14305.9,133060.77,2026-05-18
SAL011753,EMP00825,119949.94,5464.49,14964.29,110450.14,2025-10-12
SAL011754,EMP00787,42012.04,19497.93,2611.64,58898.33,2025-07-08
SAL011755,EMP00925,85947.79,7526.45,6565.9,86908.34,2025-11-23
SAL011756,EMP00859,100466.71,19635.32,1122.68,118979.35,2026-08-04
SAL011757,EMP00625,45593.92,7334.19,14208.51,38719.6,2026-07-27
SAL011758,EMP00972,117937.35,17802.67,8791.44,126948.58,2025-08-29
SAL011759,EMP00527,97144.76,10754.42,5500.44,102398.74,2025-11-29
SAL011760,EMP00601,80221.09,8950.42,4266.42,84905.09,2024-11-08
SAL011761,EMP00763,74683.92,17578.02,2737.08,89524.86,2024-09-17
SAL011762,EMP00157,33091.41,7492.23,13381.89,27201.75,2024-11-29
SAL011763,EMP00402,62281.12,14163.14,5871.99,70572.27,2025-03-08
SAL011764,EMP00929,70798.17,12024.83,11837.31,70985.69,2024-12-03
SAL011765,EMP00240,104471.16,3911.57,14743.87,93638.86,2026-07-28
SAL011766,EMP01010,43467.43,13194.39,1296.59,55365.23,2024-10-13
SAL011767,EMP00357,32192.4,8486.05,7460.37,33218.08,2025-06-01
SAL011768,EMP00397,143570.8,1147.23,3168.19,141549.84,2025-02-06
SAL011769,EMP01189,107283.73,1553.22,12459.05,96377.9,2024-11-16
SAL011770,EMP00217,30883.16,13688.18,12797.05,31774.29,2026-02-18
SAL011771,EMP00379,52282.42,3042.84,7296.67,48028.59,2024-12-17
SAL011772,EMP01051,20120.63,17986.64,10807.44,27299.83,2026-02-21
SAL011773,EMP00023,81606.42,15849.57,10909.75,86546.24,2024-11-14
SAL011774,EMP00622,37106.4,18474.78,3292.42,52288.76,2025-03-15
SAL011775,EMP00020,81765.1,4710.81,13463.36,73012.55,2026-07-08
SAL011776,EMP01072,99680.35,12295.45,1838.99,110136.81,2024-10-21
SAL011777,EMP00057,42464.47,11114.99,8865.06,44714.4,2025-04-03
SAL011778,EMP00059,120469.45,6649.42,4476.42,122642.45,2024-10-14
SAL011779,EMP00618,74667.03,17632.77,11309.43,80990.37,2024-10-12
SAL011780,EMP00856,117403.66,2298.93,13112.96,106589.63,2026-05-31
SAL011781,EMP00710,127486.11,16733.54,6456.97,137762.68,2026-05-28
SAL011782,EMP00851,92617.99,14571.68,2267.64,104922.03,2025-01-03
SAL011783,EMP00227,39675.59,18484.84,7354.64,50805.79,2026-05-24
SAL011784,EMP00266,54475.31,11932.18,11514.46,54893.03,2024-09-20
SAL011785,EMP00173,138426.75,10500.95,11862.06,137065.64,2025-10-22
SAL011786,EMP00660,87340.91,16411.91,5434.33,98318.49,2025-06-21
SAL011787,EMP00041,59179.85,3091.07,12492.18,49778.74,2026-02-26
SAL011788,EMP00208,77361.99,14470.49,5340.44,86492.04,2025-04-27
SAL011789,EMP00528,104620.78,12747.71,5971.4,111397.09,2025-07-16
SAL011790,EMP00937,82823.94,8004.38,6586.91,84241.41,2025-12-29
SAL011791,EMP00854,147037.25,15470.84,14554.6,147953.49,2026-04-04
SAL011792,EMP00813,22183.53,13163.41,12294.9,23052.04,2025-08-20
SAL011793,EMP00512,119588.21,10114.95,14842.83,114860.33,2025-02-23
SAL011794,EMP00815,88105.48,18863.01,1007.96,105960.53,2026-07-27
SAL011795,EMP00988,82955.36,10256.89,13654.31,79557.94,2026-01-27
SAL011796,EMP00876,118986.36,2927.03,2274.31,119639.08,2025-11-03
SAL011797,EMP00823,73978.57,9125.45,6469.07,76634.95,2025-11-02
SAL011798,EMP00946,66314.79,13194.91,10207.24,69302.46,2025-07-21
SAL011799,EMP00540,97102.78,2483.52,2044.61,97541.69,2025-06-24
SAL011800,EMP00096,118951.74,1748.47,13846.75,106853.46,2025-01-13
SAL011801,EMP00121,85328.18,5050.16,5226.76,85151.58,2025-11-05
SAL011802,EMP01008,141055.08,6269.55,13475.82,133848.81,2026-03-25
SAL011803,EMP00972,100308.08,14925.44,4502.1,110731.42,2025-02-27
SAL011804,EMP00950,48827.52,19986.3,14380.51,54433.31,2025-09-20
SAL011805,EMP00287,98028.75,4258.94,2452.08,99835.61,2024-11-24
SAL011806,EMP00675,128758.79,14674.28,2102.49,141330.58,2025-10-21
SAL011807,EMP00637,39941.22,2264.62,9788.44,32417.4,2026-07-08
SAL011808,EMP00757,34843.16,14711.42,13747.2,35807.38,2026-05-27
SAL011809,EMP00536,143581.67,16806.69,12662.42,147725.94,2025-06-15
SAL011810,EMP00530,95940.29,11699.74,11516.81,96123.22,2024-10-29
SAL011811,EMP00340,76455.3,6316.55,13353.36,69418.49,2025-03-27
SAL011812,EMP01038,84682.02,5322.77,9586.39,80418.4,2026-06-05
SAL011813,EMP00665,139457.9,15169,14646.55,139980.35,2025-08-08
SAL011814,EMP00097,36170.14,5153.72,12023.21,29300.65,2025-04-23
SAL011815,EMP00446,49883.14,16205.13,7058.6,59029.67,2024-11-12
SAL011816,EMP00330,27175.69,8584.69,13239.41,22520.97,2025-05-07
SAL011817,EMP00084,98762.31,9136.97,10921.95,96977.33,2025-05-12
SAL011818,EMP00375,125207.97,8362.91,7501.09,126069.79,2026-02-27
SAL011819,EMP00973,76156.35,6229.09,9135.19,73250.25,2025-10-21
SAL011820,EMP00778,55628.53,14637.46,9296.43,60969.56,2025-11-02
SAL011821,EMP00933,22027.74,1515.26,5159.21,18383.79,2026-03-25
SAL011822,EMP00629,55537.68,15491.98,2569.49,68460.17,2024-10-22
SAL011823,EMP00636,94318.92,18084.28,7467.05,104936.15,2025-08-19
SAL011824,EMP00960,68229.01,4363.46,9433.2,63159.27,2025-03-18
SAL011825,EMP01218,33800.15,17651.92,11687,39765.07,2025-02-23
SAL011826,EMP00679,149448.74,8839.73,7569.65,150718.82,2024-10-28
SAL011827,EMP01177,100482.62,6412.74,5564.89,101330.47,2026-03-14
SAL011828,EMP01169,42300.62,14027.61,7228.31,49099.92,2024-08-17
SAL011829,EMP00646,132374.32,7971.26,14907.98,125437.6,2026-03-09
SAL011830,EMP00972,70819.98,11582.6,7954.68,74447.9,2026-08-06
SAL011831,EMP00555,66907.34,17063.09,3720.46,80249.97,2025-02-12
SAL011832,EMP00743,116858.77,18164.09,10268.21,124754.65,2025-04-28
SAL011833,EMP00410,98827.94,9254.88,11537.04,96545.78,2024-11-15
SAL011834,EMP00732,74836.48,14763.45,10301.49,79298.44,2024-10-08
SAL011835,EMP00486,89056.52,16783.83,9217.41,96622.94,2026-02-02
SAL011836,EMP01124,135481.09,1743.08,11985.61,125238.56,2026-07-05
SAL011837,EMP00900,59091.91,11964.22,4215,66841.13,2025-02-16
SAL011838,EMP00476,55299.36,7548,7966.77,54880.59,2024-12-27
SAL011839,EMP00058,139302.81,7963.11,7620.62,139645.3,2025-11-18
SAL011840,EMP01196,40753.69,5001.29,14149.06,31605.92,2026-06-02
SAL011841,EMP00163,48331.58,8637.32,6194.12,50774.78,2024-10-15
SAL011842,EMP00330,140911.49,18200.86,7492.51,151619.84,2024-12-08
SAL011843,EMP01085,149426,9616.19,13011.73,146030.46,2026-05-18
SAL011844,EMP00050,93521.16,17402.15,8800.58,102122.73,2025-06-06
SAL011845,EMP00693,39257.21,16294.34,4800.2,50751.35,2025-09-14
SAL011846,EMP00772,22070.19,14907.01,8124.05,28853.15,2024-12-03
SAL011847,EMP00404,30414.18,4396.77,11311.36,23499.59,2026-04-11
SAL011848,EMP00841,35010.26,1058.74,2376.93,33692.07,2026-05-21
SAL011849,EMP00059,21568,2856.73,14434.04,9990.69,2026-07-11
SAL011850,EMP00547,72098.27,9549.93,11113.42,70534.78,2026-08-05
SAL011851,EMP01105,127792.7,14226.14,9641.46,132377.38,2024-12-11
SAL011852,EMP00710,144124.52,13430.73,3243.06,154312.19,2025-11-14
SAL011853,EMP00381,21783.38,8384.61,12430.91,17737.08,2025-09-03
SAL011854,EMP00563,37966.66,9950.08,6716.37,41200.37,2026-03-03
SAL011855,EMP00692,95754.75,9683.37,6953.13,98484.99,2025-04-09
SAL011856,EMP00218,59639.28,12672.84,3719.62,68592.5,2026-06-25
SAL011857,EMP00854,71676.23,14551.1,1490.76,84736.57,2024-09-08
SAL011858,EMP01132,145421.48,18693.89,3474.53,160640.84,2024-12-08
SAL011859,EMP00465,92184.22,7174.51,2331.18,97027.55,2025-10-26
SAL011860,EMP00311,98990.51,11357.79,7023.46,103324.84,2024-12-09
SAL011861,EMP00141,69181.39,11311.68,3706.3,76786.77,2026-03-20
SAL011862,EMP00018,119060.49,5584.32,11938.53,112706.28,2024-12-08
SAL011863,EMP00308,81535.36,5244.59,12631.97,74147.98,2025-12-01
SAL011864,EMP00473,21565.83,1594.35,1815.91,21344.27,2025-09-15
SAL011865,EMP00536,46572.48,6853.66,4402.06,49024.08,2026-06-18
SAL011866,EMP00432,120214.16,15589.99,9923.99,125880.16,2025-03-07
SAL011867,EMP00240,114138.92,17211.79,9568.62,121782.09,2025-08-23
SAL011868,EMP00064,24101.55,4965.57,11073.76,17993.36,2026-05-29
SAL011869,EMP00328,131447.69,16359.2,4740.22,143066.67,2026-01-04
SAL011870,EMP01104,87215.36,1587.14,11722.08,77080.42,2024-11-13
SAL011871,EMP00443,63624.55,17689.32,5932,75381.87,2025-07-17
SAL011872,EMP01015,149006.81,2132.85,7917.48,143222.18,2025-02-08
SAL011873,EMP00306,121975.17,7546.48,12202.36,117319.29,2025-07-12
SAL011874,EMP00587,77880.95,16076.64,7275.48,86682.11,2025-05-11
SAL011875,EMP00922,140322.8,17983.88,6440.88,151865.8,2025-05-28
SAL011876,EMP01082,143858.42,8083.29,6011.74,145929.97,2026-03-04
SAL011877,EMP00834,81626.86,3173.82,11171.39,73629.29,2026-03-09
SAL011878,EMP00189,90671.15,4961.46,14549.56,81083.05,2025-02-13
SAL011879,EMP00766,130218.98,6414.55,1878.03,134755.5,2025-12-16
SAL011880,EMP00463,35253.21,6031.34,9185.87,32098.68,2025-04-24
SAL011881,EMP00177,114934.77,12545.47,4334.52,123145.72,2026-02-09
SAL011882,EMP01032,89061.11,18682.57,14510.33,93233.35,2026-05-31
SAL011883,EMP00734,63850.83,7749.07,13496.51,58103.39,2026-06-08
SAL011884,EMP00170,48949.19,2449.34,7044.79,44353.74,2024-11-07
SAL011885,EMP00806,111065.93,12154.82,1842.99,121377.76,2024-08-17
SAL011886,EMP00840,81965.35,5767.59,12618.6,75114.34,2026-08-06
SAL011887,EMP00084,112446.19,16495.65,1318.49,127623.35,2025-12-17
SAL011888,EMP00505,71046.17,14047.64,14419.43,70674.38,2026-07-13
SAL011889,EMP00933,99826.2,12139.6,14259.98,97705.82,2026-04-24
SAL011890,EMP00111,125214.79,16544.54,5934.35,135824.98,2026-01-11
SAL011891,EMP00380,116778.04,14799.76,1682.46,129895.34,2025-06-04
SAL011892,EMP01051,135716.42,17601.73,5269.27,148048.88,2024-08-21
SAL011893,EMP01026,105156.69,14982.88,14514.36,105625.21,2024-08-18
SAL011894,EMP00074,106840.16,17721.22,7876.77,116684.61,2025-08-20
SAL011895,EMP00229,103885.65,8407.27,4777.93,107514.99,2025-02-17
SAL011896,EMP00582,133590.28,10000.76,11108.83,132482.21,2025-08-17
SAL011897,EMP00026,82209.46,17484.07,8956.51,90737.02,2024-11-21
SAL011898,EMP00867,96435.93,4129.61,7292.29,93273.25,2026-07-17
SAL011899,EMP01186,125632.8,2527.78,1411.42,126749.16,2026-04-16
SAL011900,EMP00188,77139.66,1390.2,1612.3,76917.56,2024-08-27
SAL011901,EMP00992,76594.16,9823.83,5483.15,80934.84,2025-05-11
SAL011902,EMP00765,103826.49,9383.55,10941.5,102268.54,2025-03-10
SAL011903,EMP01201,85160.32,2533.31,3957.66,83735.97,2026-06-02
SAL011904,EMP00615,109536.19,13473.12,3455.13,119554.18,2025-07-11
SAL011905,EMP00234,140653.23,14315.5,7412.38,147556.35,2026-06-01
SAL011906,EMP00715,149092.78,15404.95,6706.15,157791.58,2025-01-08
SAL011907,EMP00047,120416.86,13280.33,7490.78,126206.41,2026-03-03
SAL011908,EMP00602,146224.71,10007.86,3400.74,152831.83,2026-06-25
SAL011909,EMP00288,134586.27,14035.62,5310.87,143311.02,2025-08-26
SAL011910,EMP00496,68707.04,11991.49,3326.11,77372.42,2026-08-03
SAL011911,EMP01212,51300.76,6897.78,12324.5,45874.04,2024-10-11
SAL011912,EMP00593,122412.69,6184.83,2516.84,126080.68,2025-11-10
SAL011913,EMP00095,68045.55,5953.99,2461.72,71537.82,2025-08-04
SAL011914,EMP00969,92059.85,19597.85,2381.9,109275.8,2025-08-05
SAL011915,EMP00068,41471.13,9456.64,4094.4,46833.37,2025-12-16
SAL011916,EMP00705,117741.85,3787.83,10984.69,110544.99,2026-04-11
SAL011917,EMP00075,132535.99,9420.09,10498.48,131457.6,2025-10-17
SAL011918,EMP00907,105424.14,2563.54,7062.77,100924.91,2026-03-02
SAL011919,EMP00302,27655.43,1898.94,4320.62,25233.75,2024-11-04
SAL011920,EMP01080,87762.74,19866.17,7967.22,99661.69,2026-04-23
SAL011921,EMP00217,131674.7,17911.32,9685.74,139900.28,2026-02-15
SAL011922,EMP00808,138515.14,9161.48,7438.8,140237.82,2025-10-03
SAL011923,EMP00239,64872.98,11434.48,11370.12,64937.34,2026-07-30
SAL011924,EMP01113,103499.21,7473.64,2916.63,108056.22,2025-12-28
SAL011925,EMP00866,149782.54,10322.22,7519.44,152585.32,2024-11-04
SAL011926,EMP00833,122946.26,5876.99,9525.51,119297.74,2025-04-23
SAL011927,EMP00981,30869.99,5874.57,2048.57,34695.99,2026-05-10
SAL011928,EMP00714,38542.04,12710.06,10443.58,40808.52,2026-04-27
SAL011929,EMP00616,91612.38,6985.77,8714.07,89884.08,2025-07-05
SAL011930,EMP00055,60535.3,17210.63,6391.35,71354.58,2024-09-26
SAL011931,EMP01074,36628.97,7542.47,2435.6,41735.84,2026-02-08
SAL011932,EMP00764,89455.81,17969.41,5730.4,101694.82,2024-11-02
SAL011933,EMP00740,112850.89,19498.71,1693.24,130656.36,2026-04-25
SAL011934,EMP00158,89729.88,19217.24,12496.47,96450.65,2025-01-15
SAL011935,EMP00089,108460.69,3323.61,12730.99,99053.31,2025-03-01
SAL011936,EMP00924,104689.22,14410.16,12532.64,106566.74,2026-03-01
SAL011937,EMP00246,72494.98,2975.19,7664.24,67805.93,2024-08-28
SAL011938,EMP00119,50950.51,7942.58,2597.38,56295.71,2026-07-30
SAL011939,EMP00621,129013.53,8782.96,2274.21,135522.28,2025-04-18
SAL011940,EMP00006,147619.95,18077.17,2941.41,162755.71,2025-08-05
SAL011941,EMP00896,104329.21,10825.16,10848.48,104305.89,2024-08-19
SAL011942,EMP00430,65686.68,17615.52,5918.59,77383.61,2025-11-29
SAL011943,EMP00995,87979.14,15745.48,1496.92,102227.7,2025-06-21
SAL011944,EMP00641,73863.31,14487.83,10898.34,77452.8,2024-09-17
SAL011945,EMP00286,28958.99,3471.77,5463.91,26966.85,2025-06-19
SAL011946,EMP00435,132119.75,8794.71,11263.36,129651.1,2026-03-24
SAL011947,EMP01034,34288.88,14145.62,12054.39,36380.11,2025-03-18
SAL011948,EMP00939,82613.42,1327.69,5474.13,78466.98,2024-12-22
SAL011949,EMP01138,35088.79,9378.42,9617.12,34850.09,2025-08-09
SAL011950,EMP01027,102919.96,15680.86,13785.33,104815.49,2026-03-13
SAL011951,EMP00154,42233.43,5602.04,13403.69,34431.78,2025-08-14
SAL011952,EMP00116,22273.16,14978.84,11828.33,25423.67,2025-09-23
SAL011953,EMP01047,100454.63,12223.61,14254.75,98423.49,2025-01-09
SAL011954,EMP00196,62690.84,5092.54,10784.31,56999.07,2025-04-07
SAL011955,EMP00110,104675.83,16006.93,7485.99,113196.77,2026-04-17
SAL011956,EMP00022,143505.15,7811.39,11442.94,139873.6,2024-11-06
SAL011957,EMP00896,27222.29,7483.14,2285.32,32420.11,2025-08-01
SAL011958,EMP00554,69254.58,12181.27,12678.58,68757.27,2025-05-24
SAL011959,EMP00630,28266.01,16218.53,13600.16,30884.38,2026-02-26
SAL011960,EMP00110,23891.38,6608.22,2775.03,27724.57,2026-01-13
SAL011961,EMP00714,143899.01,4782.84,12151.58,136530.27,2025-02-13
SAL011962,EMP00352,123293.98,9884.72,6685.35,126493.35,2025-07-29
SAL011963,EMP00799,53209.93,9735.56,11459.47,51486.02,2025-01-04
SAL011964,EMP00311,128838.49,15836.56,4447.78,140227.27,2025-07-09
SAL011965,EMP00604,88170.13,17102.29,14684.41,90588.01,2024-08-23
SAL011966,EMP00743,132464.57,6855.09,5765.67,133553.99,2025-11-23
SAL011967,EMP01195,50760.29,3444.96,7370.72,46834.53,2025-04-17
SAL011968,EMP01053,93970.28,4290.14,1698.2,96562.22,2025-02-09
SAL011969,EMP00127,32690.07,16864.62,2678.37,46876.32,2025-08-20
SAL011970,EMP00446,43722.55,5155.07,14808.69,34068.93,2026-01-16
SAL011971,EMP00276,55818.62,13494,6758.79,62553.83,2026-02-23
SAL011972,EMP00126,102163.17,19138.64,3229.92,118071.89,2026-04-11
SAL011973,EMP00825,29354.37,12548.68,3713.28,38189.77,2025-06-12
SAL011974,EMP00922,108502.69,15607.79,3826.44,120284.04,2024-09-26
SAL011975,EMP00818,117752.7,11414.66,3990.79,125176.57,2024-09-28
SAL011976,EMP00763,132652.96,7894.67,7169.96,133377.67,2024-08-14
SAL011977,EMP01102,22887.68,19229.19,14969.83,27147.04,2025-04-15
SAL011978,EMP01211,96842.7,1355.46,8213.87,89984.29,2026-01-16
SAL011979,EMP00846,41560.48,19651.04,13497.38,47714.14,2025-09-14
SAL011980,EMP01038,45695.99,2298.81,8690.67,39304.13,2026-07-26
SAL011981,EMP00838,47213.17,7833.66,9361.5,45685.33,2025-02-14
SAL011982,EMP01076,100365.73,3835.21,5693.34,98507.6,2025-03-19
SAL011983,EMP01136,143902.21,4058.22,6516.28,141444.15,2026-04-13
SAL011984,EMP01156,126497.62,19247.14,2204.64,143540.12,2026-03-25
SAL011985,EMP01100,88110.9,18176.95,2364.17,103923.68,2026-03-29
SAL011986,EMP00242,110111.5,9497.4,11493.17,108115.73,2025-01-05
SAL011987,EMP00894,86271.03,1680.17,7599.88,80351.32,2026-06-26
SAL011988,EMP00185,124816.11,1768.14,12342.85,114241.4,2024-09-21
SAL011989,EMP00036,113118.25,16675.82,6508.16,123285.91,2025-11-07
SAL011990,EMP00198,100738.33,5207.21,7568.23,98377.31,2024-11-05
SAL011991,EMP00828,30657.08,10780.32,8404.9,33032.5,2025-10-03
SAL011992,EMP00888,88928.54,3145.15,1734.05,90339.64,2025-03-07
SAL011993,EMP00116,75292.73,3399.11,12333.26,66358.58,2026-05-07
SAL011994,EMP00081,130456.25,11968.48,14494.34,127930.39,2025-04-05
SAL011995,EMP00658,109542.16,16052.11,13723.28,111870.99,2026-02-12
SAL011996,EMP00617,86284.79,16040.42,7433.29,94891.92,2024-08-28
SAL011997,EMP01080,149198.26,9561.73,4348.37,154411.62,2025-12-13
SAL011998,EMP00474,141149.88,15974.96,11610.49,145514.35,2024-10-07
SAL011999,EMP00733,38435.9,12831.69,1100.43,50167.16,2025-06-21
SAL012000,EMP01084,77570,10324.55,9107.62,78786.93,2025-11-19
